销售日期,分类编码,分类名称,净销量,售出量,销售额,打折销量,正常销量,售出记录数,退货记录数,在售单品数,均价,平均损耗率
2020-07-01,1011010101,花叶类,205.402,205.402,1503.7896,13.685,191.717,445,0,16,7.321202325196444,12.83
2020-07-01,1011010201,花菜类,47.512,47.076,598.634,0.0,47.076,103,0,2,12.716331039170703,15.51
2020-07-01,1011010402,水生根茎类,4.85,4.85,70.2838,0.0,4.85,15,0,2,14.491505154639176,13.65
2020-07-01,1011010501,茄类,35.374,35.374,176.818,0.0,35.374,60,0,2,4.998529993780743,6.68
2020-07-01,1011010504,辣椒类,76.715,76.715,759.9902,0.0,76.715,259,0,9,9.9066701427361,9.24
2020-07-01,1011010801,食用菌,35.365,35.365,368.602,0.195,35.17,120,0,5,10.422790894952636,9.45
2020-07-02,1011010101,花叶类,198.362,198.362,1409.6647,19.362000000000002,179.0,423,0,16,7.106525947510108,12.83
2020-07-02,1011010201,花菜类,43.943,43.943,546.032,0.0,43.943,95,0,2,12.4259153903921,15.51
2020-07-02,1011010402,水生根茎类,4.6,4.6,53.1208,0.0,4.6,14,0,2,11.548000000000002,13.65
2020-07-02,1011010501,茄类,32.199,32.199,172.092,0.0,32.199,56,0,2,5.344638032237027,6.68
2020-07-02,1011010504,辣椒类,66.064,66.064,669.7044,0.0,66.064,226,0,10,10.137206345362074,9.24
2020-07-02,1011010801,食用菌,48.51,48.51,605.929,0.0,48.51,160,0,5,12.490806019377448,9.45
2020-07-03,1011010101,花叶类,192.779,191.779,1406.4065,6.832,184.947,406,0,16,7.333474989440972,12.83
2020-07-03,1011010201,花菜类,42.076,42.076,495.368,0.0,42.076,96,0,2,11.773172354786576,15.51
2020-07-03,1011010402,水生根茎类,9.572000000000001,9.572000000000001,76.693,5.162,4.41,30,0,1,8.012223150856665,13.65
2020-07-03,1011010501,茄类,35.896,35.896,196.243,0.0,35.896,57,0,2,5.466987965232895,6.68
2020-07-03,1011010504,辣椒类,64.253,64.253,670.6646,0.0,64.253,227,0,10,10.43787216161113,9.24
2020-07-03,1011010801,食用菌,42.442,42.442,546.295,0.0,42.442,149,0,5,12.871565901701144,9.45
2020-07-04,1011010101,花叶类,236.587,236.587,1841.4,2.0140000000000002,234.573,526,0,13,7.783183353269623,12.83
2020-07-04,1011010201,花菜类,55.662,55.662,702.186,0.0,55.662,126,0,2,12.615177320254393,15.51
2020-07-04,1011010402,水生根茎类,5.439,5.439,118.7532,0.0,5.439,16,0,2,21.83364589078875,13.65
2020-07-04,1011010501,茄类,57.067,57.067,327.403,0.0,57.067,99,0,2,5.7371685913049575,6.68
2020-07-04,1011010504,辣椒类,81.282,81.282,826.4166,0.444,80.838,293,0,10,10.167276887871854,9.24
2020-07-04,1011010801,食用菌,47.262,47.262,578.7036,0.438,46.824,171,0,5,12.244585502094708,9.45
2020-07-05,1011010101,花叶类,223.899,223.899,1573.1793,4.253,219.64600000000002,508,0,13,7.026289978963729,12.83
2020-07-05,1011010201,花菜类,55.474,55.474,697.982,0.0,55.474,106,0,2,12.582146591195876,15.51
2020-07-05,1011010402,水生根茎类,4.019,4.019,40.19,0.0,4.019,12,0,1,10.0,13.65
2020-07-05,1011010501,茄类,61.816,61.816,411.3631,0.874,60.942,111,0,3,6.654637957810275,6.68
2020-07-05,1011010504,辣椒类,98.496,98.496,1016.2366,0.465,98.031,352,0,10,10.317541829109812,9.24
2020-07-05,1011010801,食用菌,73.213,73.213,732.6238,0.0,73.213,207,0,5,10.006744703809433,9.45
2020-07-06,1011010101,花叶类,195.74,195.74,1511.5968,12.301,183.439,419,0,14,7.722472667824666,12.83
2020-07-06,1011010201,花菜类,42.721000000000004,42.721000000000004,506.3038,0.444,42.277,86,0,2,11.851403291121462,15.51
2020-07-06,1011010402,水生根茎类,3.089,3.089,30.7757,0.381,2.708,11,0,1,9.962997733894465,13.65
2020-07-06,1011010501,茄类,30.727,30.727,201.412,0.0,30.727,57,0,3,6.554886581833567,6.68
2020-07-06,1011010504,辣椒类,58.682,58.682,645.2908,0.0,58.682,223,0,10,10.996400940663236,9.24
2020-07-06,1011010801,食用菌,40.578,40.578,487.603,1.0,39.578,137,0,6,12.01643747843659,9.45
2020-07-07,1011010101,花叶类,178.052,175.052,1348.709,15.177,159.875,382,0,15,7.704619198866623,12.83
2020-07-07,1011010201,花菜类,45.749,45.749,526.991,0.0,45.749,97,0,2,11.519180747120155,15.51
2020-07-07,1011010402,水生根茎类,3.117,3.117,31.17,0.0,3.117,11,0,1,10.0,13.65
2020-07-07,1011010501,茄类,32.112,32.112,186.848,0.0,32.112,56,0,2,5.818634778276034,6.68
2020-07-07,1011010504,辣椒类,42.213,42.213,531.0704,0.0,42.213,191,0,10,12.580731054414516,9.24
2020-07-07,1011010801,食用菌,52.56,52.56,622.3339,1.441,51.119,175,0,7,11.84044710806697,9.45
2020-07-08,1011010101,花叶类,164.57,158.57,1251.845,15.216,143.354,336,0,16,7.894589140442707,12.83
2020-07-08,1011010201,花菜类,45.433,45.433,532.102,0.0,45.433,95,0,2,11.711795391015341,15.51
2020-07-08,1011010402,水生根茎类,10.605,10.605,155.484,0.0,10.605,26,0,2,14.661386138613862,13.65
2020-07-08,1011010501,茄类,39.67,39.67,232.2832,0.576,39.094,64,0,2,5.855386942273758,6.68
2020-07-08,1011010504,辣椒类,65.88,65.88,768.061,2.6470000000000002,63.233,242,0,10,11.658485124468733,9.24
2020-07-08,1011010801,食用菌,43.968,43.968,565.4192,0.0,43.968,153,0,5,12.859788937409025,9.45
2020-07-09,1011010101,花叶类,187.439,187.439,1395.7574,0.288,187.151,391,0,15,7.446462048986604,12.83
2020-07-09,1011010201,花菜类,41.131,41.131,496.204,0.0,41.131,89,0,2,12.063990663976076,15.51
2020-07-09,1011010402,水生根茎类,2.106,2.106,21.060000000000002,0.0,2.106,7,0,1,10.000000000000002,13.65
2020-07-09,1011010501,茄类,25.921,25.921,205.51999999999998,0.0,25.921,48,0,3,7.928706454226303,6.68
2020-07-09,1011010504,辣椒类,58.86,58.86,615.355,0.0,58.86,219,0,10,10.454553177030242,9.24
2020-07-09,1011010801,食用菌,37.837,37.837,464.1238,0.0,37.837,133,0,5,12.266400613156433,9.45
2020-07-10,1011010101,花叶类,179.833,179.833,1305.5266,24.869,154.964,383,0,16,7.259660907619847,12.83
2020-07-10,1011010201,花菜类,62.344,62.344,659.9568,5.177,57.167,136,0,2,10.585730784036956,15.51
2020-07-10,1011010402,水生根茎类,9.025,9.025,128.7304,0.244,8.781,28,0,2,14.26375623268698,13.65
2020-07-10,1011010501,茄类,37.86,37.86,268.3507,3.698,34.162,62,0,3,7.087974115161121,6.68
2020-07-10,1011010504,辣椒类,58.936,58.936,714.7903,2.27,56.666,243,0,8,12.128245893850957,9.24
2020-07-10,1011010801,食用菌,41.429,41.429,470.81010000000003,4.399,37.03,135,0,6,11.364264162784524,9.45
2020-07-11,1011010101,花叶类,271.897,271.12,2106.3287,32.209,238.911,572,0,15,7.76899048391856,12.83
2020-07-11,1011010201,花菜类,76.564,76.564,784.2707,7.188,69.376,139,0,2,10.24333498772269,15.51
2020-07-11,1011010402,水生根茎类,8.928,8.928,132.1233,1.522,7.406,23,0,2,14.798756720430106,13.65
2020-07-11,1011010501,茄类,68.277,68.277,405.2064,7.954,60.323,116,0,2,5.93474229974955,6.68
2020-07-11,1011010504,辣椒类,85.936,85.936,1060.3598,8.483,77.453,306,0,9,12.338947588903368,9.24
2020-07-11,1011010801,食用菌,52.238,52.238,700.3148,3.681,48.557,184,0,5,13.406233010452162,9.45
2020-07-12,1011010101,花叶类,300.189,300.189,2195.9922,28.834,271.355,653,0,15,7.315365319848495,12.83
2020-07-12,1011010201,花菜类,71.615,71.615,777.0745000000001,7.611,64.004,148,0,2,10.85072261397752,15.51
2020-07-12,1011010402,水生根茎类,13.994,13.994,247.9604,1.369,12.625,36,0,3,17.719051021866512,13.65
2020-07-12,1011010501,茄类,81.706,81.706,582.6195,8.576,73.13,135,0,3,7.130681957261401,6.68
2020-07-12,1011010504,辣椒类,72.75,72.459,855.2597,6.286,66.173,298,0,10,11.803360521122288,9.24
2020-07-12,1011010801,食用菌,55.96,55.96,678.7291,5.186,50.774,185,0,6,12.128825947105074,9.45
2020-07-13,1011010101,花叶类,190.832,190.832,1422.2044,19.911,170.921,396,0,13,7.4526515469103725,12.83
2020-07-13,1011010201,花菜类,32.028,32.028,315.3762,2.807,29.221,73,0,2,9.846890221056576,15.51
2020-07-13,1011010402,水生根茎类,11.605,11.605,164.1054,1.263,10.342,31,0,2,14.140922016372253,13.65
2020-07-13,1011010501,茄类,44.379,44.379,306.6984,1.117,43.262,79,0,3,6.9108902859460555,6.68
2020-07-13,1011010504,辣椒类,61.24,61.24,662.7452,3.297,57.943,220,0,10,10.822096668843892,9.24
2020-07-13,1011010801,食用菌,42.113,42.113,544.001,2.3129999999999997,39.8,145,0,5,12.917650131788283,9.45
2020-07-14,1011010101,花叶类,190.599,190.599,1375.1632,7.468,183.131,413,0,13,7.214954957790964,12.83
2020-07-14,1011010201,花菜类,57.575,57.575,558.9169,4.54,53.035000000000004,115,0,2,9.707631784628745,15.51
2020-07-14,1011010402,水生根茎类,9.007,9.007,135.8165,0.325,8.682,22,0,2,15.078994115687799,13.65
2020-07-14,1011010501,茄类,34.747,34.747,225.4722,2.987,31.76,64,0,3,6.488968831841597,6.68
2020-07-14,1011010504,辣椒类,66.745,66.745,710.1373,3.4720000000000004,63.273,225,0,10,10.63955801932729,9.24
2020-07-14,1011010801,食用菌,44.836,44.836,537.0122,3.988,40.848,148,0,7,11.97725488446784,9.45
2020-07-15,1011010101,花叶类,218.746,218.094,1481.9327,8.45,209.644,457,0,12,6.79492649958275,12.83
2020-07-15,1011010201,花菜类,37.962,37.962,375.1279,3.068,34.894,77,0,2,9.881668510615878,15.51
2020-07-15,1011010402,水生根茎类,10.238,10.238,151.4427,0.623,9.615,24,0,2,14.792215276421176,13.65
2020-07-15,1011010501,茄类,38.17,38.17,274.55,0.414,37.756,70,0,3,7.192821587634268,6.68
2020-07-15,1011010504,辣椒类,73.354,73.354,749.7708,4.27,69.084,242,0,10,10.22126673392044,9.24
2020-07-15,1011010801,食用菌,42.196,42.196,494.03610000000003,4.417,37.779,139,0,7,11.708126362688407,9.45
2020-07-16,1011010101,花叶类,218.526,215.526,1535.9922,19.977,195.549,466,0,13,7.126714178335791,12.83
2020-07-16,1011010201,花菜类,39.45,39.45,417.228,4.15,35.3,83,0,2,10.576121673003803,15.51
2020-07-16,1011010402,水生根茎类,11.354,11.354,162.7251,1.171,10.183,30,0,2,14.331962304033821,13.65
2020-07-16,1011010501,茄类,26.586,26.586,192.9674,2.5549999999999997,24.031,54,0,3,7.258233656811856,6.68
2020-07-16,1011010504,辣椒类,72.656,72.656,764.0534,8.331,64.325,237,0,10,10.516039969169785,9.24
2020-07-16,1011010801,食用菌,54.111,53.685,641.0918,3.595,50.09,170,0,7,11.941730464748067,9.45
2020-07-17,1011010101,花叶类,207.67,201.67,1377.6054,28.238,173.432,436,0,14,6.83098824812813,12.83
2020-07-17,1011010201,花菜类,44.198,44.198,455.7297,4.343,39.855,92,0,2,10.311093262138558,15.51
2020-07-17,1011010402,水生根茎类,10.727,10.727,154.124,0.0,10.727,29,0,2,14.367856809918896,13.65
2020-07-17,1011010501,茄类,37.251,37.251,294.065,4.752,32.499,69,0,3,7.894150492604226,6.68
2020-07-17,1011010504,辣椒类,61.025,61.025,690.4716,5.205,55.82,218,0,10,11.314569438754608,9.24
2020-07-17,1011010801,食用菌,51.908,51.908,656.7742000000001,5.922,45.986,169,0,7,12.652658549741853,9.45
2020-07-18,1011010101,花叶类,276.265,275.265,2023.5223,43.975,231.29,604,0,13,7.351179045646923,12.83
2020-07-18,1011010201,花菜类,61.088,61.088,634.3341,9.717,51.371,128,0,2,10.383939562598218,15.51
2020-07-18,1011010402,水生根茎类,10.418,10.418,151.2599,3.176,7.242,24,0,2,14.519091956229602,13.65
2020-07-18,1011010501,茄类,56.585,56.585,393.6409,8.432,48.153,95,0,3,6.956629848899885,6.68
2020-07-18,1011010504,辣椒类,85.051,85.051,987.4653,13.839,71.212,318,0,10,11.61027265993345,9.24
2020-07-18,1011010801,食用菌,72.07600000000001,71.884,884.559,15.003,56.881,228,0,7,12.30536698013466,9.45
2020-07-19,1011010101,花叶类,322.537,321.164,2307.3773,51.965,269.199,680,0,12,7.184420732087034,12.83
2020-07-19,1011010201,花菜类,76.351,76.351,809.2379,8.423,67.928,165,0,2,10.59891684457309,15.51
2020-07-19,1011010402,水生根茎类,11.124,11.124,159.4384,2.92,8.204,25,0,2,14.332829917295935,13.65
2020-07-19,1011010501,茄类,71.772,71.772,556.3028,11.955,59.817,125,0,3,7.750972524104108,6.68
2020-07-19,1011010504,辣椒类,104.841,103.776,1116.3662,10.843,92.933,347,0,10,10.757460299105766,9.24
2020-07-19,1011010801,食用菌,80.82300000000001,80.322,1123.2615,9.954,70.368,287,0,7,13.984481213117204,9.45
2020-07-20,1011010101,花叶类,204.997,204.997,1412.958,22.66,182.337,432,0,12,6.892578915789011,12.83
2020-07-20,1011010201,花菜类,47.431,47.431,411.3892,4.921,42.51,99,0,2,8.673424553562016,15.51
2020-07-20,1011010402,水生根茎类,9.548,9.548,134.2522,0.5449999999999999,9.003,23,0,2,14.060766652702135,13.65
2020-07-20,1011010501,茄类,33.947,33.947,280.5997,3.8689999999999998,30.078,63,0,3,8.265817303443603,6.68
2020-07-20,1011010504,辣椒类,67.35,67.35,677.3549,8.162,59.188,246,0,9,10.057236822568672,9.24
2020-07-20,1011010801,食用菌,52.617,52.617,627.6752,3.75,48.867,181,0,7,11.92913316988806,9.45
2020-07-21,1011010101,花叶类,214.99,214.99,1592.4823,14.48,200.51,428,0,13,7.407238941346108,12.83
2020-07-21,1011010201,花菜类,49.005,49.005,461.43580000000003,4.108,44.897,114,0,2,9.416096316702378,15.51
2020-07-21,1011010402,水生根茎类,12.744,12.744,213.18280000000001,1.299,11.445,29,0,3,16.72809165097301,13.65
2020-07-21,1011010501,茄类,27.094,27.094,206.34199999999998,1.504,25.59,51,0,3,7.615782091976082,6.68
2020-07-21,1011010504,辣椒类,56.993,56.993,571.6611,3.207,53.786,203,0,10,10.03037390556735,9.24
2020-07-21,1011010801,食用菌,45.905,45.905,570.2716,3.878,42.027,158,0,7,12.422864611698072,9.45
2020-07-22,1011010101,花叶类,233.156,232.78300000000002,1648.3367,27.328,205.455,500,0,13,7.081001189949438,12.83
2020-07-22,1011010201,花菜类,53.675,53.675,531.4384,4.836,48.839,116,0,2,9.9010414531905,15.51
2020-07-22,1011010402,水生根茎类,11.25,11.05,180.9364,1.051,9.999,30,0,3,16.374334841628958,13.65
2020-07-22,1011010501,茄类,48.247,48.247,372.4259,1.749,46.498,90,0,3,7.719151449831078,6.68
2020-07-22,1011010504,辣椒类,81.411,81.36,801.0997,7.174,74.186,289,0,9,9.846358161258603,9.24
2020-07-22,1011010801,食用菌,66.91,66.794,745.5677000000001,3.964,62.83,206,0,7,11.162195706201157,9.45
2020-07-23,1011010101,花叶类,200.898,200.441,1426.5588,28.065,172.376,434,0,13,7.117100792751982,12.83
2020-07-23,1011010201,花菜类,39.425,39.425,420.2273,3.081,36.344,88,0,2,10.658904248573242,15.51
2020-07-23,1011010402,水生根茎类,30.417,30.417,207.4809,4.444,25.973,39,0,3,6.821215109971397,13.65
2020-07-23,1011010501,茄类,44.142,44.142,338.846,3.428,40.714,72,0,3,7.676272031172126,6.68
2020-07-23,1011010504,辣椒类,57.639,57.639,640.9893,3.778,53.861,212,0,10,11.120756779264038,9.24
2020-07-23,1011010801,食用菌,56.759,56.759,623.9236,4.032,52.727,169,0,7,10.992505153367746,9.45
2020-07-24,1011010101,花叶类,176.325,176.325,1340.1699,16.396,159.929,371,0,11,7.600566567418121,12.83
2020-07-24,1011010201,花菜类,38.873,38.284,409.2171,3.8600000000000003,34.424,80,0,2,10.688984954550204,15.51
2020-07-24,1011010402,水生根茎类,11.74,11.74,197.4297,0.757,10.983,29,0,3,16.8168398637138,13.65
2020-07-24,1011010501,茄类,34.97,34.97,289.3317,2.554,32.416,56,0,3,8.273711752931085,6.68
2020-07-24,1011010504,辣椒类,59.896,58.738,600.5783,5.346,53.392,198,0,9,10.224697810616638,9.24
2020-07-24,1011010801,食用菌,49.201,49.201,573.4826,4.937,44.264,147,0,7,11.655913497693136,9.45
2020-07-25,1011010101,花叶类,227.137,227.137,1805.9512,22.624,204.513,514,0,13,7.950933577532502,12.83
2020-07-25,1011010201,花菜类,57.421,57.421,620.8881,7.785,49.636,120,0,2,10.812909911008168,15.51
2020-07-25,1011010402,水生根茎类,10.424,10.424,150.716,2.908,7.516,23,0,2,14.458557175748275,13.65
2020-07-25,1011010501,茄类,61.874,61.874,435.2305,12.455,49.419,108,0,3,7.034141965930762,6.68
2020-07-25,1011010504,辣椒类,94.206,94.206,951.9405,12.509,81.697,313,0,10,10.10488185465894,9.24
2020-07-25,1011010801,食用菌,67.013,67.013,809.1515,8.316,58.697,208,0,7,12.074545237491233,9.45
2020-07-26,1011010101,花叶类,250.825,250.825,2045.4513,35.095,215.73,548,0,13,8.154894049636201,12.83
2020-07-26,1011010201,花菜类,64.119,64.119,711.6964,9.189,54.93,139,0,2,11.09961789797096,15.51
2020-07-26,1011010402,水生根茎类,12.988,12.988,234.4727,1.957,11.031,36,0,3,18.053025870033878,13.65
2020-07-26,1011010501,茄类,69.521,69.521,515.1741,7.6370000000000005,61.884,112,0,3,7.41033788351721,6.68
2020-07-26,1011010504,辣椒类,102.06099999999999,102.06099999999999,1058.5517,13.593,88.468,348,0,9,10.371755126835913,9.24
2020-07-26,1011010801,食用菌,71.295,71.295,882.8239,9.619,61.676,209,0,7,12.382690230731468,9.45
2020-07-27,1011010101,花叶类,198.00900000000001,198.00900000000001,1568.9211,18.404,179.605,408,0,12,7.923483781040256,12.83
2020-07-27,1011010201,花菜类,42.876,42.876,463.1993,5.213,37.663,88,0,2,10.803230245358709,15.51
2020-07-27,1011010402,水生根茎类,17.265,17.265,246.9673,0.829,16.436,39,0,3,14.304506226469735,13.65
2020-07-27,1011010501,茄类,36.121,36.121,265.8719,5.545,30.576,59,0,3,7.3605907920600195,6.68
2020-07-27,1011010504,辣椒类,71.402,71.402,776.7884,3.0989999999999998,68.303,255,0,10,10.879084619478446,9.24
2020-07-27,1011010801,食用菌,52.777,52.777,654.2723,11.798,40.979,172,0,8,12.396921007256948,9.45
2020-07-28,1011010101,花叶类,165.443,165.443,1326.3971,22.838,142.605,360,0,13,8.017245214363859,12.83
2020-07-28,1011010201,花菜类,34.937,34.937,379.2339,2.202,32.735,71,0,2,10.85479291295761,15.51
2020-07-28,1011010402,水生根茎类,13.959,13.959,166.78640000000001,0.451,13.508,34,0,2,11.948305752561073,13.65
2020-07-28,1011010501,茄类,40.34,40.34,313.6707,6.663,33.677,60,0,3,7.775674268715914,6.68
2020-07-28,1011010504,辣椒类,66.001,66.001,667.8376,8.601,57.4,225,0,10,10.118598203057529,9.24
2020-07-28,1011010801,食用菌,47.728,47.728,550.9985,5.336,42.392,138,0,8,11.544554559168622,9.45
2020-07-29,1011010101,花叶类,193.729,193.729,1516.066,18.623,175.106,413,0,12,7.825704979636503,12.83
2020-07-29,1011010201,花菜类,42.22,42.22,486.9335,4.189,38.031,94,0,2,11.533242539081003,15.51
2020-07-29,1011010402,水生根茎类,18.597,18.597,226.9722,0.543,18.054000000000002,34,0,2,12.204774963703821,13.65
2020-07-29,1011010501,茄类,40.777,40.777,324.2181,5.242,35.535,69,0,3,7.951004242587733,6.68
2020-07-29,1011010504,辣椒类,82.494,82.494,815.1328,7.979,74.515,282,0,10,9.881116202390476,9.24
2020-07-29,1011010801,食用菌,54.315,54.315,660.9125,4.373,49.942,174,0,7,12.168139556292001,9.45
2020-07-30,1011010101,花叶类,201.743,201.743,1575.9332,25.931,175.812,413,0,11,7.811588010488592,12.83
2020-07-30,1011010201,花菜类,38.198,38.198,392.4168,5.804,32.394,82,0,2,10.273228964867272,15.51
2020-07-30,1011010402,水生根茎类,10.645,10.645,126.7949,2.3289999999999997,8.316,26,0,2,11.911216533583843,13.65
2020-07-30,1011010501,茄类,46.311,46.311,355.9828,5.802,40.509,81,0,3,7.686787156399127,6.68
2020-07-30,1011010504,辣椒类,68.795,68.219,647.6431,5.854,62.365,236,0,10,9.493588296515634,9.24
2020-07-30,1011010801,食用菌,50.774,50.774,578.2916,3.063,47.711,155,0,7,11.389522196399732,9.45
2020-07-31,1011010101,花叶类,197.166,197.166,1534.2384,2.0,195.166,437,0,13,7.781455220474118,12.83
2020-07-31,1011010201,花菜类,37.549,37.549,393.0233,0.627,36.922,74,0,2,10.466944525819596,15.51
2020-07-31,1011010402,水生根茎类,19.062,19.062,213.33,0.0,19.062,37,0,2,11.191375511488825,13.65
2020-07-31,1011010501,茄类,34.092,34.092,265.107,0.0,34.092,53,0,3,7.776223160858853,6.68
2020-07-31,1011010504,辣椒类,41.104,41.104,440.091,0.0,41.104,152,0,10,10.706768197742313,9.24
2020-07-31,1011010801,食用菌,45.587,45.587,522.947,0.0,45.587,127,0,7,11.471406321977756,9.45
2020-08-01,1011010101,花叶类,229.89000000000001,229.89000000000001,1835.8272,27.403,202.487,527,0,14,7.985676627952499,12.83
2020-08-01,1011010201,花菜类,54.362,54.362,607.9993,3.759,50.603,121,0,2,11.184270262315588,15.51
2020-08-01,1011010402,水生根茎类,21.432,21.432,237.8084,2.332,19.1,44,0,2,11.09594998133632,13.65
2020-08-01,1011010501,茄类,48.805,48.805,353.9742,3.151,45.654,90,0,3,7.252826554656285,6.68
2020-08-01,1011010504,辣椒类,66.156,66.156,693.1243000000001,3.624,62.532,265,0,11,10.477119233327286,9.24
2020-08-01,1011010801,食用菌,53.797,53.797,669.5794,1.582,52.214999999999996,175,0,7,12.446407792256073,9.45
2020-08-02,1011010101,花叶类,243.138,243.138,2089.567,9.036,234.102,547,0,17,8.594160517895187,12.83
2020-08-02,1011010201,花菜类,49.219,49.219,556.502,0.0,49.219,99,0,2,11.306649870984781,15.51
2020-08-02,1011010402,水生根茎类,56.154,56.154,627.7452,5.88,50.274,107,0,3,11.178993482209636,13.65
2020-08-02,1011010501,茄类,50.893,50.893,352.942,0.0,50.893,93,0,3,6.934981235140393,6.68
2020-08-02,1011010504,辣椒类,67.963,67.963,661.0504,0.0,67.963,252,0,11,9.726621838353221,9.24
2020-08-02,1011010801,食用菌,54.961,54.961,617.6406000000001,0.0,54.961,163,0,8,11.237797711104239,9.45
2020-08-03,1011010101,花叶类,207.843,207.843,1680.6198,1.338,206.505,470,0,16,8.08600626434376,12.83
2020-08-03,1011010201,花菜类,44.426,44.426,492.028,0.0,44.426,89,0,2,11.075226218880836,15.51
2020-08-03,1011010402,水生根茎类,15.555,15.555,195.6176,0.0,15.555,41,0,3,12.575866280938605,13.65
2020-08-03,1011010501,茄类,45.191,45.191,302.953,0.0,45.191,82,0,3,6.703834834369674,6.68
2020-08-03,1011010504,辣椒类,86.474,86.474,854.4544,0.0,86.474,295,0,11,9.881055577398985,9.24
2020-08-03,1011010801,食用菌,48.575,48.575,600.7602,1.905,46.67,151,0,8,12.367682964487905,9.45
2020-08-04,1011010101,花叶类,180.012,180.012,1328.5652,2.0,178.012,387,0,17,7.380425749394485,12.83
2020-08-04,1011010201,花菜类,44.534,44.534,484.39,0.0,44.534,99,0,2,10.876858130866305,15.51
2020-08-04,1011010402,水生根茎类,26.208,26.208,319.5464,0.0,26.208,51,0,3,12.192704517704518,13.65
2020-08-04,1011010501,茄类,30.591,30.591,228.636,0.0,30.591,56,0,3,7.4739629302736095,6.68
2020-08-04,1011010504,辣椒类,73.365,73.365,706.3548,0.0,73.365,225,0,8,9.627953383766101,9.24
2020-08-04,1011010801,食用菌,45.301,45.301,570.8358000000001,0.0,45.301,140,0,7,12.600953621332863,9.45
2020-08-05,1011010101,花叶类,244.395,244.395,1891.6622,3.589,240.806,544,0,18,7.74018371897952,12.83
2020-08-05,1011010201,花菜类,43.631,43.631,446.41,0.0,43.631,101,0,2,10.231486786917559,15.51
2020-08-05,1011010402,水生根茎类,21.451999999999998,21.451999999999998,258.012,0.0,21.451999999999998,38,0,3,12.027410031698677,13.65
2020-08-05,1011010501,茄类,49.472,49.472,368.65,0.0,49.472,85,0,3,7.451689844760672,6.68
2020-08-05,1011010504,辣椒类,82.229,82.229,808.7544,0.0,82.229,272,0,7,9.835391406924565,9.24
2020-08-05,1011010801,食用菌,62.84,62.84,757.8292,0.0,62.84,179,0,7,12.059662635264162,9.45
2020-08-06,1011010101,花叶类,234.777,234.777,1788.7844,16.74,218.037,495,0,17,7.619078529838954,12.83
2020-08-06,1011010201,花菜类,40.827,40.827,394.476,0.0,40.827,84,0,2,9.662135351605556,15.51
2020-08-06,1011010402,水生根茎类,19.115000000000002,19.115000000000002,220.8958,0.0,19.115000000000002,36,0,3,11.556149620716713,13.65
2020-08-06,1011010501,茄类,31.596,31.596,252.768,0.0,31.596,57,0,2,8.0,6.68
2020-08-06,1011010504,辣椒类,74.047,74.047,731.4874,0.0,74.047,249,0,11,9.878690561400193,9.24
2020-08-06,1011010801,食用菌,48.611,48.611,596.5882,0.0,48.611,155,0,8,12.272699594741932,9.45
2020-08-07,1011010101,花叶类,204.941,204.941,1683.3442,6.229,198.712,426,0,17,8.213799093397611,12.83
2020-08-07,1011010201,花菜类,40.272,40.272,438.672,0.0,40.272,89,0,2,10.892729439809298,15.51
2020-08-07,1011010402,水生根茎类,25.415,25.415,312.622,0.0,25.415,50,0,4,12.30068856974228,13.65
2020-08-07,1011010501,茄类,51.799,51.799,266.16,0.0,51.799,90,0,3,5.138323133651229,6.68
2020-08-07,1011010504,辣椒类,78.611,78.611,789.528,0.0,78.611,262,0,10,10.043479920112961,9.24
2020-08-07,1011010801,食用菌,68.177,68.177,735.9746,0.0,68.177,179,0,11,10.79505698402687,9.45
2020-08-08,1011010101,花叶类,311.161,311.161,2505.7686,1.0,310.161,648,0,16,8.052964863848619,12.83
2020-08-08,1011010201,花菜类,58.156,58.156,619.868,0.0,58.156,132,0,2,10.658711053029783,15.51
2020-08-08,1011010402,水生根茎类,27.461,27.461,335.91,0.0,27.461,55,0,4,12.232256654892394,13.65
2020-08-08,1011010501,茄类,63.764,63.764,323.176,0.0,63.764,111,0,3,5.068314409384605,6.68
2020-08-08,1011010504,辣椒类,100.292,100.292,980.1272,0.0,100.292,340,0,8,9.772735612012923,9.24
2020-08-08,1011010801,食用菌,92.144,92.144,863.66,0.0,92.144,222,0,12,9.372938010071191,9.45
2020-08-09,1011010101,花叶类,250.59,250.59,2007.366,5.538,245.052,504,0,16,8.010559080569855,12.83
2020-08-09,1011010201,花菜类,54.876,54.876,655.23,0.0,54.876,117,0,2,11.940192433850864,15.51
2020-08-09,1011010402,水生根茎类,25.9,25.9,289.348,0.0,25.9,57,0,3,11.171737451737453,13.65
2020-08-09,1011010501,茄类,51.835,51.835,259.75,0.0,51.835,95,0,3,5.0110928909038295,6.68
2020-08-09,1011010504,辣椒类,73.684,73.684,729.5186,0.0,73.684,255,0,10,9.900637858965311,9.24
2020-08-09,1011010801,食用菌,73.073,73.073,930.362,0.0,73.073,232,0,10,12.731952978528321,9.45
2020-08-10,1011010101,花叶类,210.292,210.292,1730.7,5.341,204.951,464,0,15,8.229984973275256,12.83
2020-08-10,1011010201,花菜类,50.7,50.7,589.83,0.0,50.7,116,0,2,11.633727810650887,15.51
2020-08-10,1011010402,水生根茎类,30.683,30.683,342.8468,0.0,30.683,64,0,4,11.173835674477724,13.65
2020-08-10,1011010501,茄类,47.664,47.664,237.186,0.0,47.664,85,0,3,4.976208459214502,6.68
2020-08-10,1011010504,辣椒类,79.075,78.905,783.0778,0.0,78.905,263,0,9,9.924311513845764,9.24
2020-08-10,1011010801,食用菌,36.094,36.094,497.3138,0.0,36.094,123,0,5,13.778295561589184,9.45
2020-08-11,1011010101,花叶类,216.713,216.713,1614.1096,16.645,200.068,455,0,15,7.44814385846719,12.83
2020-08-11,1011010201,花菜类,56.279,56.279,643.296,0.0,56.279,133,0,2,11.430480285719362,15.51
2020-08-11,1011010402,水生根茎类,20.458,20.458,248.3272,0.777,19.681,47,0,4,12.138390849545411,13.65
2020-08-11,1011010501,茄类,33.572,33.572,167.394,0.0,33.572,60,0,3,4.986119385201953,6.68
2020-08-11,1011010504,辣椒类,73.292,73.292,747.7902,0.0,73.292,256,0,10,10.202889810620531,9.24
2020-08-11,1011010801,食用菌,40.017,40.017,529.7576,0.0,40.017,131,0,5,13.238313716670415,9.45
2020-08-12,1011010101,花叶类,206.877,206.877,1561.0814,12.354000000000001,194.523,438,0,14,7.545939857983246,12.83
2020-08-12,1011010201,花菜类,50.065,50.065,581.3,0.0,50.065,111,0,2,11.610905822430839,15.51
2020-08-12,1011010402,水生根茎类,27.355,27.355,311.9464,0.0,27.355,57,0,4,11.403633704989947,13.65
2020-08-12,1011010501,茄类,36.009,36.009,244.553,0.0,36.009,66,0,3,6.791441028631731,6.68
2020-08-12,1011010504,辣椒类,85.166,85.166,860.6532,0.0,85.166,276,0,10,10.105596129910998,9.24
2020-08-12,1011010801,食用菌,34.195,34.195,459.8046,0.0,34.195,123,0,6,13.446544816493638,9.45
2020-08-13,1011010101,花叶类,188.208,188.208,1360.5064,8.253,179.955,386,0,15,7.228738417070475,12.83
2020-08-13,1011010201,花菜类,47.468,47.468,494.769,0.0,47.468,113,0,2,10.423211426645318,15.51
2020-08-13,1011010402,水生根茎类,19.324,19.324,234.16140000000001,0.0,19.324,44,0,3,12.11764645001035,13.65
2020-08-13,1011010501,茄类,31.109,31.109,212.74200000000002,0.0,31.109,58,0,3,6.838599762126716,6.68
2020-08-13,1011010504,辣椒类,61.768,61.768,613.2288,0.0,61.768,222,0,9,9.927936795751846,9.24
2020-08-13,1011010801,食用菌,35.65,35.65,480.52570000000003,0.263,35.387,129,0,5,13.478981767180928,9.45
2020-08-14,1011010101,花叶类,217.758,217.758,1606.1535999999999,6.702,211.056,483,0,15,7.3758649510006515,12.83
2020-08-14,1011010201,花菜类,58.582,58.582,598.5409999999999,0.0,58.582,137,0,2,10.217148612201699,15.51
2020-08-14,1011010402,水生根茎类,29.991,29.991,253.2994,0.0,29.991,50,0,4,8.44584708745957,13.65
2020-08-14,1011010501,茄类,37.826,37.826,276.063,0.0,37.826,67,0,3,7.298234018928778,6.68
2020-08-14,1011010504,辣椒类,76.489,76.489,776.5718,0.0,76.489,261,0,10,10.152725228464224,9.24
2020-08-14,1011010801,食用菌,53.795,53.795,583.87,0.0,53.795,158,0,10,10.853610930383864,9.45
2020-08-15,1011010101,花叶类,245.136,245.136,1933.717,0.0,245.136,507,0,14,7.888343613341166,12.83
2020-08-15,1011010201,花菜类,79.38,79.38,680.84,0.0,79.38,169,0,2,8.576971529352482,15.51
2020-08-15,1011010402,水生根茎类,25.642,25.642,272.6662,0.0,25.642,47,0,3,10.633577724046486,13.65
2020-08-15,1011010501,茄类,43.278999999999996,43.278999999999996,318.823,0.0,43.278999999999996,82,0,3,7.366690542757458,6.68
2020-08-15,1011010504,辣椒类,94.285,94.285,956.6032,0.0,94.285,327,0,10,10.145868377790741,9.24
2020-08-15,1011010801,食用菌,58.015,58.015,658.7176000000001,0.0,58.015,166,0,10,11.354263552529519,9.45
2020-08-16,1011010101,花叶类,241.48,241.48,1826.1872,0.0,241.48,483,0,13,7.562478052012589,12.83
2020-08-16,1011010201,花菜类,60.231,60.231,634.4398,0.0,60.231,137,0,2,10.533442911457554,15.51
2020-08-16,1011010402,水生根茎类,24.454,24.454,244.59820000000002,0.0,24.454,52,0,3,10.002379978735586,13.65
2020-08-16,1011010501,茄类,48.366,48.366,341.816,0.0,48.366,84,0,3,7.067278666832071,6.68
2020-08-16,1011010504,辣椒类,95.285,95.285,943.0664,0.0,95.285,329,0,9,9.897322768536496,9.24
2020-08-16,1011010801,食用菌,55.093,55.093,685.6208,0.0,55.093,176,0,9,12.444789719202076,9.45
2020-08-17,1011010101,花叶类,215.633,215.633,1440.412,2.287,213.346,465,0,13,6.679923759350378,12.83
2020-08-17,1011010201,花菜类,51.749,51.749,535.147,0.0,51.749,121,0,2,10.341204660959633,15.51
2020-08-17,1011010402,水生根茎类,15.916,15.916,172.62300000000002,0.0,15.916,32,0,3,10.845878361397338,13.65
2020-08-17,1011010501,茄类,35.014,35.014,259.046,0.0,35.014,64,0,3,7.39835494373679,6.68
2020-08-17,1011010504,辣椒类,72.953,72.953,690.9762,0.0,72.953,251,0,9,9.47152550272093,9.24
2020-08-17,1011010801,食用菌,47.418,47.418,538.4362,0.0,47.418,140,0,9,11.355101438272387,9.45
2020-08-18,1011010101,花叶类,225.113,225.113,1601.7918,0.0,225.113,470,0,13,7.115501103890046,12.83
2020-08-18,1011010201,花菜类,55.92,55.92,551.62,0.0,55.92,129,0,2,9.86444921316166,15.51
2020-08-18,1011010402,水生根茎类,21.753,21.753,208.0406,0.0,21.753,38,0,3,9.563765917344735,13.65
2020-08-18,1011010501,茄类,34.019,34.019,259.425,0.0,34.019,66,0,3,7.625885534554221,6.68
2020-08-18,1011010504,辣椒类,76.92,76.92,725.141,0.0,76.92,258,0,10,9.427210088403536,9.24
2020-08-18,1011010801,食用菌,45.716,45.716,523.6236,0.0,45.716,135,0,8,11.453836731122584,9.45
2020-08-19,1011010101,花叶类,214.173,214.173,1519.7384,0.0,214.173,437,0,13,7.095844947775864,12.83
2020-08-19,1011010201,花菜类,64.061,64.061,591.306,0.0,64.061,140,0,2,9.230358564493217,15.51
2020-08-19,1011010402,水生根茎类,17.95,17.95,188.24040000000002,0.0,17.95,35,0,3,10.486930362116993,13.65
2020-08-19,1011010501,茄类,30.347,30.347,232.61599999999999,0.0,30.347,57,0,3,7.665205786403927,6.68
2020-08-19,1011010504,辣椒类,80.919,80.919,658.47,0.0,80.919,277,0,9,8.137396655915175,9.24
2020-08-19,1011010801,食用菌,50.126,50.126,621.4786,0.0,50.126,154,0,10,12.398328212903484,9.45
2020-08-20,1011010101,花叶类,233.532,233.532,1683.267,0.0,233.532,470,0,13,7.207864446842403,12.83
2020-08-20,1011010201,花菜类,69.587,69.587,630.3,0.0,69.587,150,0,2,9.057726299452483,15.51
2020-08-20,1011010402,水生根茎类,22.966,22.966,223.0876,0.0,22.966,48,0,3,9.713820430201167,13.65
2020-08-20,1011010501,茄类,37.957,37.957,329.806,0.0,37.957,67,0,3,8.688937481887399,6.68
2020-08-20,1011010504,辣椒类,75.953,75.953,633.024,0.0,75.953,270,0,10,8.334417337037378,9.24
2020-08-20,1011010801,食用菌,54.411,54.411,608.8122,0.0,54.411,150,0,11,11.189138225726415,9.45
2020-08-21,1011010101,花叶类,207.076,207.076,1551.367,5.381,201.695,422,0,13,7.491775966311885,12.83
2020-08-21,1011010201,花菜类,50.062,50.062,507.66,0.0,50.062,108,0,2,10.140625624225962,15.51
2020-08-21,1011010402,水生根茎类,34.598,34.598,251.5688,0.0,34.598,54,0,4,7.271194866755304,13.65
2020-08-21,1011010501,茄类,29.694,29.694,247.648,0.0,29.694,54,0,3,8.340001347073484,6.68
2020-08-21,1011010504,辣椒类,85.19800000000001,85.19800000000001,694.994,0.0,85.19800000000001,282,0,10,8.157398060987347,9.24
2020-08-21,1011010801,食用菌,50.0,50.0,608.3198,0.0,50.0,157,0,9,12.166395999999999,9.45
2020-08-22,1011010101,花叶类,273.081,273.081,2003.071,8.571,264.51,557,0,14,7.335080067818705,12.83
2020-08-22,1011010201,花菜类,55.886,55.886,563.756,0.0,55.886,132,0,2,10.08760691407508,15.51
2020-08-22,1011010402,水生根茎类,42.772,42.772,282.6736,0.0,42.772,54,0,3,6.6088469091929305,13.65
2020-08-22,1011010501,茄类,30.422,30.422,295.327,0.0,30.422,58,0,3,9.707678653605942,6.68
2020-08-22,1011010504,辣椒类,116.801,116.801,959.536,0.0,116.801,374,0,9,8.215135144390887,9.24
2020-08-22,1011010801,食用菌,49.895,49.895,627.016,0.0,49.895,165,0,9,12.566710091191501,9.45
2020-08-23,1011010101,花叶类,261.552,261.552,1988.1942,5.666,255.886,524,0,13,7.601525509267755,12.83
2020-08-23,1011010201,花菜类,71.556,71.556,775.273,0.0,71.556,158,0,2,10.834493264016995,15.51
2020-08-23,1011010402,水生根茎类,46.057,46.057,309.38300000000004,0.0,46.057,58,0,4,6.717393664372409,13.65
2020-08-23,1011010501,茄类,47.316,47.316,454.528,0.0,47.316,90,0,3,9.606221996787555,6.68
2020-08-23,1011010504,辣椒类,93.714,93.714,770.576,0.0,93.714,336,0,9,8.222634825106175,9.24
2020-08-23,1011010801,食用菌,55.226,55.226,665.1796,0.0,55.226,179,0,8,12.044681852750518,9.45
2020-08-24,1011010101,花叶类,260.694,260.694,1777.826,0.0,260.694,485,0,15,6.819589250232072,12.83
2020-08-24,1011010201,花菜类,41.784,41.784,439.187,0.0,41.784,89,0,2,10.510889335630864,15.51
2020-08-24,1011010402,水生根茎类,20.305,20.305,201.1994,0.0,20.305,37,0,3,9.908859886727408,13.65
2020-08-24,1011010501,茄类,26.874,26.874,233.149,0.0,26.874,55,0,3,8.675634442211804,6.68
2020-08-24,1011010504,辣椒类,97.079,97.079,760.6727999999999,0.0,97.079,281,0,10,7.835606052802357,9.24
2020-08-24,1011010801,食用菌,39.576,39.576,472.2158,0.0,39.576,111,0,9,11.931872852233678,9.45
2020-08-25,1011010101,花叶类,343.427,343.427,1911.802,1.106,342.321,568,0,14,5.566836620300674,12.83
2020-08-25,1011010201,花菜类,47.761,47.761,527.521,0.0,47.761,106,0,2,11.045015807876718,15.51
2020-08-25,1011010402,水生根茎类,20.062,20.062,213.29840000000002,0.0,20.062,42,0,3,10.631960921144453,13.65
2020-08-25,1011010501,茄类,23.272,23.272,230.431,0.0,23.272,52,0,3,9.90164145754555,6.68
2020-08-25,1011010504,辣椒类,107.213,107.213,839.8614,0.464,106.749,341,0,9,7.833578017591151,9.24
2020-08-25,1011010801,食用菌,54.488,54.488,627.6222,0.0,54.488,157,0,9,11.51853986198796,9.45
2020-08-26,1011010101,花叶类,241.686,241.686,1632.57,4.7589999999999995,236.927,498,0,14,6.754921675231499,12.83
2020-08-26,1011010201,花菜类,82.544,82.544,915.261,19.438,63.106,179,0,2,11.088159042450087,15.51
2020-08-26,1011010402,水生根茎类,18.95,18.95,196.0036,0.0,18.95,39,0,3,10.34319788918206,13.65
2020-08-26,1011010501,茄类,30.722,30.722,304.665,0.0,30.722,55,0,3,9.916834841481675,6.68
2020-08-26,1011010504,辣椒类,82.32000000000001,82.32000000000001,644.126,0.0,82.32000000000001,281,0,10,7.824659863945577,9.24
2020-08-26,1011010801,食用菌,42.811,42.811,605.6674,0.0,42.811,143,0,9,14.147471444254982,9.45
2020-08-27,1011010101,花叶类,199.007,199.007,1573.879,0.0,199.007,406,0,14,7.908661504369192,12.83
2020-08-27,1011010201,花菜类,92.506,92.506,935.528,26.574,65.932,193,0,2,10.113160227444707,15.51
2020-08-27,1011010402,水生根茎类,19.487000000000002,19.487000000000002,240.0828,0.0,19.487000000000002,42,0,4,12.320151896135885,13.65
2020-08-27,1011010501,茄类,19.129,19.129,191.572,0.0,19.129,32,0,4,10.014742014742014,6.68
2020-08-27,1011010504,辣椒类,89.92,89.92,709.0151999999999,0.0,89.92,285,0,10,7.884955516014234,9.24
2020-08-27,1011010801,食用菌,50.458,50.458,600.5288,1.0,49.458,139,0,9,11.90155773118237,9.45
2020-08-28,1011010101,花叶类,195.032,195.032,1479.211,0.0,195.032,417,0,13,7.58445280774437,12.83
2020-08-28,1011010201,花菜类,39.93,39.93,387.056,0.0,39.93,84,0,2,9.69336338592537,15.51
2020-08-28,1011010402,水生根茎类,20.997,20.997,258.9204,0.0,20.997,47,0,4,12.331304472067437,13.65
2020-08-28,1011010501,茄类,24.597,24.597,259.176,0.0,24.597,43,0,3,10.536894743261373,6.68
2020-08-28,1011010504,辣椒类,156.11,156.11,993.381,0.0,156.11,374,0,9,6.363339952597527,9.24
2020-08-28,1011010801,食用菌,55.659,55.659,652.1884,0.0,55.659,150,0,11,11.717573078927039,9.45
2020-08-29,1011010101,花叶类,267.031,267.031,2101.76,0.0,267.031,543,0,13,7.87084645602945,12.83
2020-08-29,1011010201,花菜类,56.803,56.803,583.74,0.0,56.803,116,0,2,10.27656989947714,15.51
2020-08-29,1011010402,水生根茎类,65.814,65.814,544.4688,0.0,65.814,110,0,2,8.27284164463488,13.65
2020-08-29,1011010501,茄类,30.675,30.675,324.78,0.0,30.675,52,0,3,10.587775061124693,6.68
2020-08-29,1011010504,辣椒类,145.627,145.627,945.657,0.0,145.627,396,0,10,6.493692790485281,9.24
2020-08-29,1011010801,食用菌,62.431,62.431,728.2266,0.0,62.431,172,0,11,11.664503211545545,9.45
2020-08-30,1011010101,花叶类,266.387,266.387,2080.0218,5.263,261.124,539,0,12,7.80827067386922,12.83
2020-08-30,1011010201,花菜类,80.779,80.779,815.7,0.0,80.779,170,0,2,10.097921489496033,15.51
2020-08-30,1011010402,水生根茎类,30.005,30.005,286.332,0.0,30.005,62,0,3,9.542809531744709,13.65
2020-08-30,1011010501,茄类,21.641000000000002,21.641000000000002,219.287,0.0,21.641000000000002,39,0,3,10.132942100642298,6.68
2020-08-30,1011010504,辣椒类,155.811,155.811,1023.816,0.0,155.811,440,0,10,6.570883955561546,9.24
2020-08-30,1011010801,食用菌,73.19500000000001,73.19500000000001,761.0296000000001,0.0,73.19500000000001,186,0,11,10.397289432338274,9.45
2020-08-31,1011010101,花叶类,224.882,224.882,1721.1058,0.0,224.882,464,0,14,7.653372879999289,12.83
2020-08-31,1011010201,花菜类,54.722,54.722,546.932,0.0,54.722,113,0,2,9.994737034465114,15.51
2020-08-31,1011010402,水生根茎类,52.949,52.949,449.968,0.0,52.949,88,0,3,8.498139719352585,13.65
2020-08-31,1011010501,茄类,15.943,15.943,157.332,0.0,15.943,30,0,3,9.868406197077087,6.68
2020-08-31,1011010504,辣椒类,117.965,117.965,790.7804,0.0,117.965,330,0,9,6.703517144915865,9.24
2020-08-31,1011010801,食用菌,44.776,44.776,605.2586,0.0,44.776,148,0,9,13.517478113274969,9.45
2020-09-01,1011010101,花叶类,192.683,191.655,1444.873,7.336,184.319,398,0,12,7.538926717278443,12.83
2020-09-01,1011010201,花菜类,55.858,55.858,566.672,0.0,55.858,118,0,2,10.144867342189123,15.51
2020-09-01,1011010402,水生根茎类,47.658,47.658,411.3492,0.0,47.658,77,0,3,8.631272818834193,13.65
2020-09-01,1011010501,茄类,26.329,26.329,263.517,0.0,26.329,43,0,3,10.008621671920695,6.68
2020-09-01,1011010504,辣椒类,102.504,102.504,684.0116,0.0,102.504,291,0,10,6.673023491766175,9.24
2020-09-01,1011010801,食用菌,47.282000000000004,47.282000000000004,585.404,0.0,47.282000000000004,133,0,9,12.381117550019034,9.45
2020-09-02,1011010101,花叶类,179.819,179.819,1354.1118,0.0,179.819,365,0,14,7.530415584560029,12.83
2020-09-02,1011010201,花菜类,38.716,38.716,393.956,0.0,38.716,90,0,2,10.175534662671764,15.51
2020-09-02,1011010402,水生根茎类,17.941,17.941,154.654,0.0,17.941,34,0,3,8.62014380469316,13.65
2020-09-02,1011010501,茄类,13.873000000000001,13.873000000000001,138.294,0.0,13.873000000000001,25,0,3,9.968572046421105,6.68
2020-09-02,1011010504,辣椒类,83.969,83.969,559.7978,0.0,83.969,232,0,10,6.666719860901048,9.24
2020-09-02,1011010801,食用菌,51.011,51.011,550.8762,0.0,51.011,135,0,10,10.799164886004979,9.45
2020-09-03,1011010101,花叶类,193.463,193.463,1344.2868,8.573,184.89000000000001,386,0,13,6.948547267436151,12.83
2020-09-03,1011010201,花菜类,38.893,38.893,386.36,0.0,38.893,86,0,2,9.933921271179903,15.51
2020-09-03,1011010402,水生根茎类,15.996,15.996,133.144,0.0,15.996,31,0,2,8.323580895223806,13.65
2020-09-03,1011010501,茄类,14.172,14.172,141.414,0.0,14.172,28,0,3,9.978408128704487,6.68
2020-09-03,1011010504,辣椒类,87.119,87.119,591.0916,0.0,87.119,263,0,9,6.784875859456605,9.24
2020-09-03,1011010801,食用菌,48.163,48.163,514.7058,0.0,48.163,129,0,9,10.68674708801362,9.45
2020-09-04,1011010101,花叶类,176.316,176.316,1276.8378,0.0,176.316,347,0,14,7.241757979990472,12.83
2020-09-04,1011010201,花菜类,46.612,46.612,460.088,0.0,46.612,101,0,2,9.870591264052175,15.51
2020-09-04,1011010402,水生根茎类,16.635,16.635,146.936,0.0,16.635,37,0,2,8.832942590922753,13.65
2020-09-04,1011010501,茄类,20.233,20.233,186.4,0.0,20.233,39,0,3,9.21267236692532,6.68
2020-09-04,1011010504,辣椒类,91.579,91.579,616.0522,0.0,91.579,273,0,10,6.727002915515566,9.24
2020-09-04,1011010801,食用菌,54.43,54.43,638.4452,0.0,54.43,143,0,10,11.72965643946353,9.45
2020-09-05,1011010101,花叶类,249.559,249.559,1875.2993999999999,9.718,239.841,499,0,15,7.514453095260039,12.83
2020-09-05,1011010201,花菜类,57.828,57.828,582.46,0.0,57.828,125,0,2,10.072283322957738,15.51
2020-09-05,1011010402,水生根茎类,42.554,42.554,331.0884,0.0,42.554,79,0,2,7.780429571838134,13.65
2020-09-05,1011010501,茄类,33.731,33.731,325.696,0.0,33.731,62,0,4,9.655687646378702,6.68
2020-09-05,1011010504,辣椒类,110.43900000000001,110.43900000000001,789.6522,0.0,110.43900000000001,344,0,9,7.150120881210442,9.24
2020-09-05,1011010801,食用菌,62.594,62.594,733.1446,0.0,62.594,176,0,11,11.712697702655205,9.45
2020-09-06,1011010101,花叶类,276.429,276.111,2156.9974,3.9610000000000003,272.15,566,0,15,7.812066161797249,12.83
2020-09-06,1011010201,花菜类,53.202,53.202,592.318,0.0,53.202,131,0,2,11.133378444419384,15.51
2020-09-06,1011010402,水生根茎类,46.963,46.963,357.95799999999997,4.384,42.579,81,0,2,7.622128058258628,13.65
2020-09-06,1011010501,茄类,33.397,33.397,331.628,0.0,33.397,62,0,4,9.929873940773124,6.68
2020-09-06,1011010504,辣椒类,126.5,126.5,1095.6204,0.0,126.5,388,0,9,8.661030830039525,9.24
2020-09-06,1011010801,食用菌,78.472,78.472,845.633,0.0,78.472,200,0,11,10.776238658374963,9.45
2020-09-07,1011010101,花叶类,148.221,148.221,1164.2198,5.68,142.541,315,0,15,7.854621140054379,12.83
2020-09-07,1011010201,花菜类,26.257,26.257,293.354,0.0,26.257,64,0,2,11.172411166546063,15.51
2020-09-07,1011010402,水生根茎类,38.926,38.926,299.6072,1.237,37.689,64,0,2,7.6968401582489845,13.65
2020-09-07,1011010501,茄类,17.365000000000002,17.365000000000002,166.346,0.0,17.365000000000002,32,0,4,9.57938381802476,6.68
2020-09-07,1011010504,辣椒类,56.473,56.473,496.2668,0.0,56.473,177,0,10,8.787682609388558,9.24
2020-09-07,1011010801,食用菌,41.804,41.804,490.5716,0.0,41.804,125,0,10,11.735039709118745,9.45
2020-09-08,1011010101,花叶类,158.329,158.329,1168.783,14.475999999999999,143.853,299,0,16,7.381989401815207,12.83
2020-09-08,1011010201,花菜类,33.239,33.239,371.65,0.0,33.239,83,0,2,11.18114263365324,15.51
2020-09-08,1011010402,水生根茎类,19.127,19.127,153.016,0.0,19.127,38,0,1,8.0,13.65
2020-09-08,1011010501,茄类,20.623,20.623,199.11599999999999,0.0,20.623,37,0,4,9.655045337729717,6.68
2020-09-08,1011010504,辣椒类,50.259,50.259,444.6856,0.0,50.259,165,0,10,8.84787998169482,9.24
2020-09-08,1011010801,食用菌,32.389,32.389,446.3426,0.0,32.389,114,0,7,13.780684800395195,9.45
2020-09-09,1011010101,花叶类,131.492,131.492,980.7452,0.869,130.623,288,0,15,7.458592157697807,12.83
2020-09-09,1011010201,花菜类,32.73,32.73,363.64,0.0,32.73,75,0,2,11.110296364191873,15.51
2020-09-09,1011010402,水生根茎类,12.161,12.161,102.436,0.0,12.161,24,0,2,8.423320450620839,13.65
2020-09-09,1011010501,茄类,12.041,12.041,105.454,0.0,12.041,25,0,4,8.757910472552112,6.68
2020-09-09,1011010504,辣椒类,39.795,39.795,359.266,0.0,39.795,133,0,9,9.027918080160825,9.24
2020-09-09,1011010801,食用菌,33.45,33.45,416.389,0.0,33.45,98,0,9,12.448101644245142,9.45
2020-09-10,1011010101,花叶类,119.919,119.919,852.5874,0.0,119.919,244,0,13,7.109694043479349,12.83
2020-09-10,1011010201,花菜类,57.319,57.319,660.568,5.252,52.067,132,0,2,11.524415987717859,15.51
2020-09-10,1011010402,水生根茎类,14.492,14.492,120.616,0.0,14.492,28,0,2,8.32293679271322,13.65
2020-09-10,1011010501,茄类,16.916,16.916,154.97,0.0,16.916,32,0,4,9.161149207850555,6.68
2020-09-10,1011010504,辣椒类,49.321,49.321,504.621,0.0,49.321,174,0,10,10.231361894527685,9.24
2020-09-10,1011010801,食用菌,35.789,35.789,442.8454,0.0,35.789,107,0,10,12.373785241275252,9.45
2020-09-11,1011010101,花叶类,151.957,151.957,1064.8528000000001,0.0,151.957,309,0,14,7.007592937475734,12.83
2020-09-11,1011010201,花菜类,31.538,31.538,290.536,1.132,30.406,66,0,2,9.212251886612975,15.51
2020-09-11,1011010402,水生根茎类,13.364,13.364,110.776,0.0,13.364,26,0,2,8.289134989524094,13.65
2020-09-11,1011010501,茄类,22.019,22.019,166.367,1.603,20.416,33,0,3,7.555611063172715,6.68
2020-09-11,1011010504,辣椒类,50.22,50.22,518.5636,0.0,50.22,176,0,9,10.325838311429708,9.24
2020-09-11,1011010801,食用菌,48.467,48.467,584.8806,0.0,48.467,147,0,11,12.067604762003011,9.45
2020-09-12,1011010101,花叶类,232.243,231.88400000000001,1696.1298,1.04,230.844,453,0,15,7.314561591140397,12.83
2020-09-12,1011010201,花菜类,43.337,43.337,451.515,0.0,43.337,89,0,2,10.418695341163438,15.51
2020-09-12,1011010402,水生根茎类,16.957,16.957,135.656,0.0,16.957,29,0,1,8.0,13.65
2020-09-12,1011010501,茄类,21.411,21.411,191.94,0.0,21.411,41,0,4,8.964550931764046,6.68
2020-09-12,1011010504,辣椒类,74.51,74.51,801.8314,0.0,74.51,268,0,11,10.7613931015971,9.24
2020-09-12,1011010801,食用菌,73.173,73.173,794.115,0.0,73.173,205,0,11,10.852568570374318,9.45
2020-09-13,1011010101,花叶类,263.345,263.345,1810.301,0.868,262.477,483,0,14,6.874256203839069,12.83
2020-09-13,1011010201,花菜类,41.704,41.704,419.798,0.0,41.704,95,0,2,10.066132745060425,15.51
2020-09-13,1011010402,水生根茎类,18.739,18.739,159.268,0.0,18.739,42,0,3,8.499279577352047,13.65
2020-09-13,1011010501,茄类,28.737,28.737,281.08,0.0,28.737,57,0,3,9.781118418763267,6.68
2020-09-13,1011010504,辣椒类,83.723,83.723,890.1392,0.0,83.723,283,0,11,10.631955376658743,9.24
2020-09-13,1011010801,食用菌,74.834,74.834,936.6564000000001,0.0,74.834,228,0,10,12.516455087259802,9.45
2020-09-14,1011010101,花叶类,175.844,175.844,1181.2894,0.72,175.124,350,0,16,6.717826027615386,12.83
2020-09-14,1011010201,花菜类,64.257,64.257,677.225,0.0,64.257,148,0,2,10.53931867345192,15.51
2020-09-14,1011010402,水生根茎类,17.361,17.361,145.752,0.0,17.361,26,0,2,8.395368930361155,13.65
2020-09-14,1011010501,茄类,16.134,16.134,135.657,0.0,16.134,31,0,3,8.4081442915582,6.68
2020-09-14,1011010504,辣椒类,48.55,48.55,512.871,0.0,48.55,163,0,9,10.563769309989702,9.24
2020-09-14,1011010801,食用菌,31.147,31.147,444.7546,0.0,31.147,117,0,7,14.279211481041512,9.45
2020-09-15,1011010101,花叶类,156.048,156.048,1083.0754,1.58,154.468,333,0,16,6.9406554393519935,12.83
2020-09-15,1011010201,花菜类,29.878,29.878,305.848,0.0,29.878,67,0,2,10.236562018876766,15.51
2020-09-15,1011010402,水生根茎类,19.219,19.219,182.978,0.0,19.219,45,0,2,9.520682657786566,13.65
2020-09-15,1011010501,茄类,13.243,13.243,102.405,0.0,13.243,27,0,3,7.73276447934758,6.68
2020-09-15,1011010504,辣椒类,49.991,49.991,518.87,0.0,49.991,172,0,8,10.379268268288293,9.24
2020-09-15,1011010801,食用菌,41.578,41.578,525.619,0.0,41.578,135,0,10,12.64175766030112,9.45
2020-09-16,1011010101,花叶类,176.949,176.949,1141.97,0.0,176.949,354,0,17,6.45366744090105,12.83
2020-09-16,1011010201,花菜类,59.448,59.448,614.392,6.281,53.167,131,0,2,10.334948190014803,15.51
2020-09-16,1011010402,水生根茎类,18.818,18.818,138.923,3.317,15.501,36,0,2,7.382452970560101,13.65
2020-09-16,1011010501,茄类,15.194,15.194,129.216,0.0,15.194,30,0,3,8.504409635382387,6.68
2020-09-16,1011010504,辣椒类,46.895,46.895,542.3644,0.0,46.895,162,0,10,11.56550591747521,9.24
2020-09-16,1011010801,食用菌,35.413,35.413,448.1618,0.0,35.413,118,0,9,12.655290430068057,9.45
2020-09-17,1011010101,花叶类,143.534,143.534,1054.4646,0.738,142.796,296,0,17,7.346444744799142,12.83
2020-09-17,1011010201,花菜类,32.648,32.648,331.394,0.0,32.648,70,0,2,10.150514579759863,15.51
2020-09-17,1011010402,水生根茎类,17.437,17.437,122.059,0.0,17.437,31,0,1,6.999999999999999,13.65
2020-09-17,1011010501,茄类,22.924,22.924,176.784,0.0,22.924,39,0,3,7.711743151282499,6.68
2020-09-17,1011010504,辣椒类,46.145,46.145,546.804,0.0,46.145,177,0,9,11.849691190811571,9.24
2020-09-17,1011010801,食用菌,39.259,39.259,387.14820000000003,0.0,39.259,108,0,9,9.861387197839987,9.45
2020-09-18,1011010101,花叶类,154.388,154.388,1117.1474,0.0,154.388,313,0,17,7.235973003083141,12.83
2020-09-18,1011010201,花菜类,27.705,27.705,279.765,0.0,27.705,60,0,2,10.097996751488902,15.51
2020-09-18,1011010402,水生根茎类,11.389,11.389,88.536,0.0,11.389,24,0,2,7.7738168408113095,13.65
2020-09-18,1011010501,茄类,13.805,13.805,108.193,0.0,13.805,27,0,3,7.837232886635277,6.68
2020-09-18,1011010504,辣椒类,48.075,48.075,513.4474,0.0,48.075,152,0,10,10.680133125325012,9.24
2020-09-18,1011010801,食用菌,38.541,38.541,494.7814,0.575,37.966,120,0,13,12.837793518590594,9.45
2020-09-19,1011010101,花叶类,235.874,235.874,1639.4566,0.772,235.102,464,0,15,6.950560892679991,12.83
2020-09-19,1011010201,花菜类,82.75999999999999,82.75999999999999,769.5468,10.014,72.746,159,0,2,9.298535524407928,15.51
2020-09-19,1011010402,水生根茎类,39.431,39.431,322.018,0.0,39.431,68,0,2,8.166620171945931,13.65
2020-09-19,1011010501,茄类,30.406,30.406,241.87,0.0,30.406,57,0,3,7.954679997368941,6.68
2020-09-19,1011010504,辣椒类,84.269,84.269,863.851,10.014,74.255,261,0,9,10.251112508751735,9.24
2020-09-19,1011010801,食用菌,60.52,60.52,587.0486,2.107,58.413,159,0,9,9.700076007931262,9.45
2020-09-20,1011010101,花叶类,317.998,317.998,2192.5508,0.0,317.998,639,0,16,6.894857200359751,12.83
2020-09-20,1011010201,花菜类,53.497,53.497,480.424,0.0,53.497,97,0,2,8.980391423818158,15.51
2020-09-20,1011010402,水生根茎类,39.551,39.551,323.614,0.0,39.551,64,0,2,8.182195140451569,13.65
2020-09-20,1011010501,茄类,41.474,41.474,305.707,0.0,41.474,79,0,3,7.371051743260838,6.68
2020-09-20,1011010504,辣椒类,99.148,99.148,1115.9916,0.0,99.148,344,0,10,11.255815548472992,9.24
2020-09-20,1011010801,食用菌,50.42,50.42,661.0378000000001,0.0,50.42,170,0,9,13.110626735422452,9.45
2020-09-21,1011010101,花叶类,212.997,212.997,1403.691,0.0,212.997,408,0,15,6.590191411146636,12.83
2020-09-21,1011010201,花菜类,39.191,39.191,366.707,0.0,39.191,82,0,2,9.356918680309255,15.51
2020-09-21,1011010402,水生根茎类,16.289,16.289,130.312,0.0,16.289,34,0,1,8.0,13.65
2020-09-21,1011010501,茄类,20.868,20.868,154.166,0.0,20.868,42,0,3,7.387674908951505,6.68
2020-09-21,1011010504,辣椒类,56.561,56.561,640.6618,0.0,56.561,224,0,9,11.326917840915117,9.24
2020-09-21,1011010801,食用菌,63.529,63.529,625.1466,0.0,63.529,167,0,10,9.840334335500323,9.45
2020-09-22,1011010101,花叶类,232.243,232.243,1687.4828,0.0,232.243,428,0,16,7.266022226719428,12.83
2020-09-22,1011010201,花菜类,40.905,40.905,433.26,0.0,40.905,78,0,2,10.591859185918592,15.51
2020-09-22,1011010402,水生根茎类,37.808,37.808,310.666,0.0,37.808,66,0,2,8.216938214134574,13.65
2020-09-22,1011010501,茄类,25.819,25.819,177.746,0.0,25.819,48,0,3,6.884310004260429,6.68
2020-09-22,1011010504,辣椒类,77.009,77.009,866.3646,0.0,77.009,229,0,10,11.250173356360945,9.24
2020-09-22,1011010801,食用菌,49.058,49.058,743.7362,1.4220000000000002,47.636,157,0,12,15.160344897875985,9.45
2020-09-23,1011010101,花叶类,179.262,179.262,1292.233,0.0,179.262,357,0,15,7.208627595363211,12.83
2020-09-23,1011010201,花菜类,31.972,31.972,356.026,0.0,31.972,68,0,2,11.135556111597648,15.51
2020-09-23,1011010402,水生根茎类,18.629,18.629,157.108,0.0,18.629,36,0,2,8.433517633796768,13.65
2020-09-23,1011010501,茄类,22.515,22.515,153.852,0.0,22.515,43,0,3,6.833311125916056,6.68
2020-09-23,1011010504,辣椒类,54.327,54.327,656.8228,0.0,54.327,192,0,9,12.090172474092073,9.24
2020-09-23,1011010801,食用菌,56.265,56.265,629.0034,1.7750000000000001,54.49,166,0,13,11.179301519594775,9.45
2020-09-24,1011010101,花叶类,162.861,162.861,1263.2616,0.0,162.861,324,0,17,7.7566857627056205,12.83
2020-09-24,1011010201,花菜类,38.952,38.952,480.076,0.0,38.952,88,0,2,12.32481002259191,15.51
2020-09-24,1011010402,水生根茎类,51.886,51.886,409.3,5.234,46.652,95,0,2,7.888447750838377,13.65
2020-09-24,1011010501,茄类,18.9,18.9,130.59,0.0,18.9,36,0,3,6.90952380952381,6.68
2020-09-24,1011010504,辣椒类,50.486,50.486,608.2412,0.0,50.486,183,0,10,12.04772016004437,9.24
2020-09-24,1011010801,食用菌,61.661,61.336,770.85,0.0,61.336,181,0,13,12.567660101734708,9.45
2020-09-25,1011010101,花叶类,173.781,173.781,1331.6094,0.0,173.781,368,0,20,7.662571857682946,12.83
2020-09-25,1011010201,花菜类,41.561,41.561,545.658,0.0,41.561,92,0,2,13.129087365559059,15.51
2020-09-25,1011010402,水生根茎类,22.732,22.732,196.19,0.0,22.732,42,0,2,8.630564842512758,13.65
2020-09-25,1011010501,茄类,26.529,26.529,168.448,0.0,26.529,45,0,3,6.3495797052282414,6.68
2020-09-25,1011010504,辣椒类,53.938,53.938,663.8968,0.0,53.938,195,0,10,12.308517186399198,9.24
2020-09-25,1011010801,食用菌,64.509,64.509,768.5568000000001,1.071,63.438,172,0,15,11.913946891131472,9.45
2020-09-26,1011010101,花叶类,228.616,227.771,1782.8668,0.0,227.771,455,0,18,7.827453012016456,12.83
2020-09-26,1011010201,花菜类,86.643,86.643,1074.982,0.0,86.643,178,0,2,12.407026534168946,15.51
2020-09-26,1011010402,水生根茎类,65.744,65.744,543.382,0.0,65.744,113,0,2,8.265119250425894,13.65
2020-09-26,1011010501,茄类,33.517,33.517,223.189,0.0,33.517,58,0,3,6.6589790255691135,6.68
2020-09-26,1011010504,辣椒类,68.094,68.094,770.6292,0.0,68.094,241,0,9,11.317138073839105,9.24
2020-09-26,1011010801,食用菌,94.495,94.495,1114.7232,0.519,93.976,247,0,15,11.796636859093072,9.45
2020-09-27,1011010101,花叶类,199.813,199.813,1507.6782,0.0,199.813,371,0,17,7.545445992002523,12.83
2020-09-27,1011010201,花菜类,35.964,35.964,420.324,0.0,35.964,82,0,2,11.687354020687355,15.51
2020-09-27,1011010402,水生根茎类,28.289,28.289,233.35,0.0,28.289,49,0,2,8.248789282053094,13.65
2020-09-27,1011010501,茄类,20.532,20.532,146.238,0.0,20.532,36,0,3,7.122443015780245,6.68
2020-09-27,1011010504,辣椒类,54.459,54.459,626.7256,0.0,54.459,193,0,10,11.508209845939145,9.24
2020-09-27,1011010801,食用菌,72.522,72.522,827.3038,0.319,72.203,188,0,15,11.407625272331154,9.45
2020-09-28,1011010101,花叶类,114.933,114.933,942.4538,0.508,114.425,239,0,15,8.200027842308128,12.83
2020-09-28,1011010201,花菜类,24.576,24.576,296.928,0.0,24.576,53,0,2,12.08203125,15.51
2020-09-28,1011010402,水生根茎类,11.860999999999999,11.860999999999999,100.258,0.0,11.860999999999999,24,0,2,8.452744288002698,13.65
2020-09-28,1011010501,茄类,18.401,18.401,112.097,0.0,18.401,30,0,3,6.091897179501114,6.68
2020-09-28,1011010504,辣椒类,37.410000000000004,37.410000000000004,404.08820000000003,0.0,37.410000000000004,133,0,10,10.801609195402298,9.24
2020-09-28,1011010801,食用菌,46.913,46.913,559.5806,0.0,46.913,138,0,13,11.928049794300088,9.45
2020-09-29,1011010101,花叶类,157.957,157.957,1291.7204,1.22,156.737,316,0,16,8.177671138347778,12.83
2020-09-29,1011010201,花菜类,28.105,28.105,341.57,0.0,28.105,58,0,2,12.153353495819248,15.51
2020-09-29,1011010402,水生根茎类,24.135,24.135,197.886,0.0,24.135,36,0,2,8.199129894344313,13.65
2020-09-29,1011010501,茄类,24.719,24.719,147.12800000000001,0.0,24.719,47,0,3,5.952020712812007,6.68
2020-09-29,1011010504,辣椒类,57.017,57.017,570.487,0.0,57.017,213,0,9,10.005559745339108,9.24
2020-09-29,1011010801,食用菌,45.485,45.485,561.5908000000001,0.0,45.485,135,0,13,12.346725294052986,9.45
2020-09-30,1011010101,花叶类,177.129,177.129,1375.818,7.1819999999999995,169.947,354,0,16,7.76732212116593,12.83
2020-09-30,1011010201,花菜类,60.771,60.771,742.159,2.47,58.301,113,0,2,12.212387487452897,15.51
2020-09-30,1011010402,水生根茎类,36.839,36.839,301.972,0.0,36.839,53,0,2,8.197073753359211,13.65
2020-09-30,1011010501,茄类,25.865,25.865,154.139,0.0,25.865,44,0,3,5.959365938526967,6.68
2020-09-30,1011010504,辣椒类,53.628,53.628,542.9572,0.0,53.628,213,0,10,10.124509584545386,9.24
2020-09-30,1011010801,食用菌,110.358,110.358,1347.0066000000002,0.0,110.358,254,0,13,12.20579024628935,9.45
2020-10-01,1011010101,花叶类,248.415,248.415,2004.5306,22.725,225.69,447,0,15,8.069281645633316,12.83
2020-10-01,1011010201,花菜类,93.928,93.928,1137.434,5.1690000000000005,88.759,182,0,2,12.109637168895324,15.51
2020-10-01,1011010402,水生根茎类,55.356,55.356,450.028,0.0,55.356,88,0,2,8.129705903605752,13.65
2020-10-01,1011010501,茄类,32.482,32.482,187.865,0.0,32.482,53,0,3,5.783664798965582,6.68
2020-10-01,1011010504,辣椒类,64.092,64.092,678.0898,0.0,64.092,257,0,10,10.579944454846158,9.24
2020-10-01,1011010801,食用菌,103.929,103.929,1363.191,0.0,103.929,284,0,12,13.116560344081055,9.45
2020-10-02,1011010101,花叶类,244.124,244.124,1975.4444,0.0,244.124,486,0,16,8.091971293277188,12.83
2020-10-02,1011010201,花菜类,67.145,67.145,807.854,3.94,63.205,131,0,2,12.031484101571229,15.51
2020-10-02,1011010402,水生根茎类,21.931,21.931,189.632,0.0,21.931,37,0,2,8.646755733892663,13.65
2020-10-02,1011010501,茄类,38.762,38.762,206.5024,0.0,38.762,66,0,3,5.3274444043135025,6.68
2020-10-02,1011010504,辣椒类,69.054,69.054,736.9588,0.0,69.054,284,0,10,10.67221015437194,9.24
2020-10-02,1011010801,食用菌,89.316,89.316,957.4802000000001,0.0,89.316,206,0,13,10.720141967844508,9.45
2020-10-03,1011010101,花叶类,298.341,298.341,2252.0622,0.0,298.341,497,0,14,7.548617856747815,12.83
2020-10-03,1011010201,花菜类,44.493,44.493,531.162,0.0,44.493,92,0,2,11.938102622884498,15.51
2020-10-03,1011010402,水生根茎类,18.497,18.497,153.088,0.0,18.497,27,0,2,8.276369140941775,13.65
2020-10-03,1011010501,茄类,63.535,63.535,340.6044,0.0,63.535,109,0,4,5.360893995435587,6.68
2020-10-03,1011010504,辣椒类,84.728,84.728,895.931,0.0,84.728,298,0,9,10.574202152771223,9.24
2020-10-03,1011010801,食用菌,60.052,60.052,777.5976,0.0,60.052,171,0,12,12.948737760607475,9.45
2020-10-04,1011010101,花叶类,232.776,232.776,1732.616,0.0,232.776,416,0,13,7.443275939100251,12.83
2020-10-04,1011010201,花菜类,34.491,34.491,397.086,0.0,34.491,69,0,2,11.512742454553361,15.51
2020-10-04,1011010402,水生根茎类,19.253999999999998,19.253999999999998,157.408,0.0,19.253999999999998,29,0,2,8.175340189051626,13.65
2020-10-04,1011010501,茄类,43.849,43.849,228.37279999999998,0.0,43.849,83,0,3,5.208164382312026,6.68
2020-10-04,1011010504,辣椒类,75.21,75.21,804.531,0.0,75.21,273,0,9,10.697128041483845,9.24
2020-10-04,1011010801,食用菌,122.501,122.501,1049.7052,0.0,122.501,295,0,14,8.56895209018702,9.45
2020-10-05,1011010101,花叶类,294.623,294.623,1926.411,0.0,294.623,470,0,14,6.538562841326034,12.83
2020-10-05,1011010201,花菜类,92.279,92.279,852.924,9.631,82.648,172,0,2,9.242882996131298,15.51
2020-10-05,1011010402,水生根茎类,79.752,79.752,650.336,0.0,79.752,118,0,2,8.154478884542081,13.65
2020-10-05,1011010501,茄类,31.128,31.128,184.84,0.0,31.128,54,0,3,5.938062194808532,6.68
2020-10-05,1011010504,辣椒类,87.933,87.933,969.3614,0.0,87.933,279,0,9,11.023863623440572,9.24
2020-10-05,1011010801,食用菌,126.518,126.518,1250.1502,0.0,126.518,319,0,14,9.881204255520954,9.45
2020-10-06,1011010101,花叶类,287.635,287.297,2227.083,0.0,287.297,517,0,15,7.751849131734755,12.83
2020-10-06,1011010201,花菜类,108.157,108.157,806.134,0.0,108.157,189,0,2,7.453368713999095,15.51
2020-10-06,1011010402,水生根茎类,25.784,25.784,208.444,0.0,25.784,41,0,2,8.08423828730996,13.65
2020-10-06,1011010501,茄类,42.318,42.318,262.756,0.0,42.318,82,0,4,6.209083605085306,6.68
2020-10-06,1011010504,辣椒类,81.727,81.727,920.1356,0.0,81.727,266,0,9,11.258648916514737,9.24
2020-10-06,1011010801,食用菌,124.059,124.059,1159.6624,0.0,124.059,320,0,14,9.347668448077124,9.45
2020-10-07,1011010101,花叶类,255.378,255.378,1871.256,1.3820000000000001,253.996,451,0,14,7.327397034983437,12.83
2020-10-07,1011010201,花菜类,56.266,56.266,555.216,5.334,50.932,114,0,2,9.867699854263677,15.51
2020-10-07,1011010402,水生根茎类,52.907,52.907,424.588,0.836,52.071,85,0,2,8.02517625266978,13.65
2020-10-07,1011010501,茄类,29.085,29.085,192.1696,0.0,29.085,55,0,4,6.6071720818291215,6.68
2020-10-07,1011010504,辣椒类,63.151,63.151,757.9944,0.0,63.151,226,0,9,12.002888315307754,9.24
2020-10-07,1011010801,食用菌,80.421,80.421,1044.4744,0.0,80.421,231,0,13,12.98758284527673,9.45
2020-10-08,1011010101,花叶类,252.73,252.73,1907.876,0.0,252.73,449,0,14,7.549068175523286,12.83
2020-10-08,1011010201,花菜类,49.58,49.58,455.944,0.0,49.58,91,0,2,9.196127470754337,15.51
2020-10-08,1011010402,水生根茎类,31.952,31.952,261.16,0.0,31.952,53,0,2,8.173510265398097,13.65
2020-10-08,1011010501,茄类,33.49,33.49,208.265,0.0,33.49,61,0,4,6.218722006569124,6.68
2020-10-08,1011010504,辣椒类,72.023,72.023,851.7548,0.0,72.023,236,0,9,11.826149979867544,9.24
2020-10-08,1011010801,食用菌,328.488,328.488,1355.1604,0.0,328.488,296,0,13,4.125448722632181,9.45
2020-10-09,1011010101,花叶类,162.518,162.518,1305.61,0.0,162.518,328,0,14,8.0336331975535,12.83
2020-10-09,1011010201,花菜类,55.845,55.845,650.552,0.0,55.845,112,0,2,11.649243441668906,15.51
2020-10-09,1011010402,水生根茎类,51.476,51.476,395.632,6.26,45.216,78,0,2,7.685756469034113,13.65
2020-10-09,1011010501,茄类,24.289,24.289,171.199,0.0,24.289,40,0,4,7.048416978879328,6.68
2020-10-09,1011010504,辣椒类,51.243,51.243,570.2036,0.0,51.243,194,0,9,11.127443748414418,9.24
2020-10-09,1011010801,食用菌,57.258,57.258,567.0858,0.0,57.258,142,0,13,9.904044849627999,9.45
2020-10-10,1011010101,花叶类,175.163,175.163,1443.301,0.0,175.163,351,0,15,8.23975953825865,12.83
2020-10-10,1011010201,花菜类,37.393,37.393,380.184,0.0,37.393,63,0,2,10.167250554916697,15.51
2020-10-10,1011010402,水生根茎类,22.07,22.07,177.628,0.0,22.07,37,0,2,8.048391481649297,13.65
2020-10-10,1011010501,茄类,26.814,26.814,178.062,0.0,26.814,48,0,4,6.640635488923697,6.68
2020-10-10,1011010504,辣椒类,52.511,52.511,557.3166,0.0,52.511,178,0,9,10.613330540267754,9.24
2020-10-10,1011010801,食用菌,75.63,75.63,805.1394,0.0,75.63,185,0,13,10.64576755255851,9.45
2020-10-11,1011010101,花叶类,238.081,238.081,1864.7259999999999,2.348,235.733,495,0,14,7.832317572590841,12.83
2020-10-11,1011010201,花菜类,60.47,60.47,676.9,0.0,60.47,127,0,2,11.1939804861915,15.51
2020-10-11,1011010402,水生根茎类,57.223,57.223,460.388,0.0,57.223,95,0,2,8.045506177585935,13.65
2020-10-11,1011010501,茄类,34.726,34.726,246.407,0.0,34.726,60,0,4,7.09574958244543,6.68
2020-10-11,1011010504,辣椒类,70.214,70.214,790.5902,0.0,70.214,234,0,9,11.25972313213889,9.24
2020-10-11,1011010801,食用菌,163.664,163.664,1149.3134,0.0,163.664,261,0,11,7.022395884250661,9.45
2020-10-12,1011010101,花叶类,170.212,170.212,1234.194,0.0,170.212,365,0,13,7.2509223791507065,12.83
2020-10-12,1011010201,花菜类,34.815,34.815,336.77,0.0,34.815,69,0,2,9.673129398247882,15.51
2020-10-12,1011010402,水生根茎类,38.333,38.333,297.284,8.364,29.969,60,0,2,7.7553022200193045,13.65
2020-10-12,1011010501,茄类,17.876,17.876,132.674,0.0,17.876,32,0,4,7.421906466771089,6.68
2020-10-12,1011010504,辣椒类,48.979,48.979,535.7464,0.0,48.979,160,0,9,10.938287837644705,9.24
2020-10-12,1011010801,食用菌,102.385,102.385,712.306,0.0,102.385,169,0,11,6.957132392440299,9.45
2020-10-13,1011010101,花叶类,178.547,178.246,1191.9366,3.058,175.188,373,0,15,6.6870314060343565,12.83
2020-10-13,1011010201,花菜类,47.321,47.321,423.00600000000003,0.0,47.321,99,0,2,8.93907567464762,15.51
2020-10-13,1011010402,水生根茎类,50.519,50.519,400.032,3.6959999999999997,46.823,88,0,2,7.9184465250697755,13.65
2020-10-13,1011010501,茄类,23.119,23.119,169.698,0.0,23.119,47,0,4,7.340196375275748,6.68
2020-10-13,1011010504,辣椒类,49.116,49.116,546.9048,0.0,49.116,182,0,8,11.13496213046665,9.24
2020-10-13,1011010801,食用菌,48.021,48.021,532.1818000000001,0.0,48.021,138,0,12,11.082272339184941,9.45
2020-10-14,1011010101,花叶类,182.96,182.96,1332.636,0.0,182.96,353,0,13,7.283756012243113,12.83
2020-10-14,1011010201,花菜类,48.259,48.259,434.52,0.0,48.259,94,0,2,9.00391636793137,15.51
2020-10-14,1011010402,水生根茎类,46.207,46.207,369.656,0.0,46.207,65,0,1,8.0,13.65
2020-10-14,1011010501,茄类,13.741999999999999,13.741999999999999,100.99499999999999,0.0,13.741999999999999,29,0,4,7.34936690438073,6.68
2020-10-14,1011010504,辣椒类,46.36,46.36,524.5342,0.0,46.36,165,0,9,11.314370146678172,9.24
2020-10-14,1011010801,食用菌,73.831,73.831,723.5074000000001,1.0,72.831,169,0,13,9.799506982161965,9.45
2020-10-15,1011010101,花叶类,190.238,190.238,1356.509,0.0,190.238,359,0,14,7.1305890516090376,12.83
2020-10-15,1011010201,花菜类,59.624,59.624,473.1296,0.0,59.624,142,0,2,7.9352207164900035,15.51
2020-10-15,1011010402,水生根茎类,42.162,42.162,323.682,6.8069999999999995,35.355,65,0,1,7.677102604240786,13.65
2020-10-15,1011010501,茄类,19.447,19.447,133.0996,0.0,19.447,40,0,4,6.844222759294493,6.68
2020-10-15,1011010504,辣椒类,45.236,45.236,501.1804,0.0,45.236,170,0,8,11.079237775223275,9.24
2020-10-15,1011010801,食用菌,72.91,72.91,692.3814,0.0,72.91,167,0,12,9.49638458373337,9.45
2020-10-16,1011010101,花叶类,170.77,170.77,1224.072,0.0,170.77,353,0,15,7.167956901095039,12.83
2020-10-16,1011010201,花菜类,88.361,88.361,701.106,8.332,80.029,180,0,2,7.934563891309514,15.51
2020-10-16,1011010402,水生根茎类,58.973,58.973,459.408,6.188000000000001,52.785,81,0,1,7.790141251081003,13.65
2020-10-16,1011010501,茄类,20.139,20.139,132.2908,0.0,20.139,40,0,4,6.568886240627638,6.68
2020-10-16,1011010504,辣椒类,44.67,44.67,467.9844,0.0,44.67,164,0,9,10.47648085963734,9.24
2020-10-16,1011010801,食用菌,69.80499999999999,69.80499999999999,804.4312,0.0,69.80499999999999,187,0,12,11.523976792493375,9.45
2020-10-17,1011010101,花叶类,250.224,249.493,1758.571,0.0,249.493,505,0,17,7.048578517232948,12.83
2020-10-17,1011010201,花菜类,109.311,109.311,988.018,0.0,109.311,207,0,2,9.038596298634172,15.51
2020-10-17,1011010402,水生根茎类,87.12,87.12,692.176,2.3920000000000003,84.728,134,0,1,7.945087235996327,13.65
2020-10-17,1011010501,茄类,30.556,30.556,198.0428,0.0,30.556,61,0,4,6.48130645372431,6.68
2020-10-17,1011010504,辣椒类,98.033,97.155,899.0152,0.0,97.155,299,0,8,9.253411558849262,9.24
2020-10-17,1011010801,食用菌,116.235,115.896,1257.7274,0.0,115.896,310,0,13,10.852207151239043,9.45
2020-10-18,1011010101,花叶类,226.735,226.735,1616.49,0.0,226.735,468,0,17,7.129424217699076,12.83
2020-10-18,1011010201,花菜类,91.59700000000001,91.59700000000001,818.306,0.0,91.59700000000001,173,0,2,8.933764206251295,15.51
2020-10-18,1011010402,水生根茎类,79.338,79.338,626.04,4.332,75.006,122,0,1,7.89079633971111,13.65
2020-10-18,1011010501,茄类,36.361,36.361,233.739,0.0,36.361,72,0,4,6.428288550919942,6.68
2020-10-18,1011010504,辣椒类,88.247,88.247,829.5528,0.0,88.247,280,0,9,9.400351286729295,9.24
2020-10-18,1011010801,食用菌,113.125,113.125,1339.16,0.0,113.125,298,0,13,11.837878453038675,9.45
2020-10-19,1011010101,花叶类,152.709,152.709,980.456,0.0,152.709,293,0,16,6.420420538409655,12.83
2020-10-19,1011010201,花菜类,57.412,57.412,490.304,0.0,57.412,114,0,2,8.540096147146938,15.51
2020-10-19,1011010402,水生根茎类,40.6,40.6,322.36,1.22,39.38,62,0,1,7.939901477832512,13.65
2020-10-19,1011010501,茄类,20.03,20.03,128.309,0.0,20.03,35,0,4,6.405841238142785,6.68
2020-10-19,1011010504,辣椒类,56.69,56.69,546.0218,0.0,56.69,190,0,10,9.63171282413124,9.24
2020-10-19,1011010801,食用菌,58.338,58.338,562.8824,0.0,58.338,140,0,11,9.648640680174157,9.45
2020-10-20,1011010101,花叶类,186.078,186.078,1231.602,0.0,186.078,314,0,16,6.618740528165608,12.83
2020-10-20,1011010201,花菜类,30.899,30.899,259.082,0.0,30.899,63,0,2,8.384802097155248,15.51
2020-10-20,1011010402,水生根茎类,49.434,49.434,389.45,3.011,46.423,75,0,1,7.87818100902213,13.65
2020-10-20,1011010501,茄类,13.777,13.777,87.99080000000001,0.0,13.777,30,0,4,6.386789576830951,6.68
2020-10-20,1011010504,辣椒类,49.296,49.296,484.3752,0.0,49.296,165,0,9,9.825851996105161,9.24
2020-10-20,1011010801,食用菌,45.419,45.419,508.957,0.613,44.806,113,0,12,11.205816948854004,9.45
2020-10-21,1011010101,花叶类,168.765,168.765,1078.5602000000001,0.0,168.765,303,0,15,6.390899771872131,12.83
2020-10-21,1011010201,花菜类,40.555,40.555,356.971,0.0,40.555,80,0,2,8.80214523486623,15.51
2020-10-21,1011010402,水生根茎类,21.201,21.201,162.752,3.428,17.773,30,0,1,7.676619027404368,13.65
2020-10-21,1011010501,茄类,15.327,15.327,104.6112,0.0,15.327,31,0,4,6.825288706204737,6.68
2020-10-21,1011010504,辣椒类,48.047,48.047,489.3048,0.0,48.047,157,0,9,10.183878285845111,9.24
2020-10-21,1011010801,食用菌,56.114,56.114,545.6308,0.0,56.114,127,0,10,9.72361264568557,9.45
2020-10-22,1011010101,花叶类,117.235,117.235,794.8454,0.0,117.235,235,0,16,6.779932613980467,12.83
2020-10-22,1011010201,花菜类,26.166,26.166,223.062,0.0,26.166,48,0,2,8.524879614767256,15.51
2020-10-22,1011010402,水生根茎类,35.917,35.917,272.92,7.208,28.709,54,0,1,7.598630175125985,13.65
2020-10-22,1011010501,茄类,14.725,14.725,104.8152,0.0,14.725,28,0,4,7.118179966044143,6.68
2020-10-22,1011010504,辣椒类,50.037,50.037,491.2958,0.0,50.037,166,0,9,9.818650198852849,9.24
2020-10-22,1011010801,食用菌,94.688,94.688,906.6724,0.0,94.688,222,0,10,9.57536752281176,9.45
2020-10-23,1011010101,花叶类,211.914,211.914,1155.419,21.66,190.254,357,0,15,5.452301405287051,12.83
2020-10-23,1011010201,花菜类,23.854,23.854,221.518,0.0,23.854,50,0,2,9.286408988010397,15.51
2020-10-23,1011010402,水生根茎类,30.801,30.801,245.638,0.853,29.948,43,0,2,7.9750008116619595,13.65
2020-10-23,1011010501,茄类,14.427,14.427,96.299,0.0,14.427,30,0,4,6.674915089762252,6.68
2020-10-23,1011010504,辣椒类,43.758,43.758,464.33,0.0,43.758,160,0,10,10.611316787787375,9.24
2020-10-23,1011010801,食用菌,116.306,115.306,1058.9732,0.0,115.306,265,0,10,9.184025115778883,9.45
2020-10-24,1011010101,花叶类,282.107,282.107,1656.383,0.0,282.107,510,0,15,5.871470754004686,12.83
2020-10-24,1011010201,花菜类,31.113,31.113,278.339,0.0,31.113,64,0,2,8.946067560183845,15.51
2020-10-24,1011010402,水生根茎类,67.932,67.932,529.104,7.176,60.756,98,0,1,7.7887299063769655,13.65
2020-10-24,1011010501,茄类,22.221,22.221,146.6556,0.0,22.221,39,0,4,6.599864992574592,6.68
2020-10-24,1011010504,辣椒类,77.097,77.097,755.7422,0.0,77.097,263,0,9,9.802485181005746,9.24
2020-10-24,1011010801,食用菌,115.39,115.39,963.07,0.0,115.39,247,0,11,8.346217176531763,9.45
2020-10-25,1011010101,花叶类,223.397,223.397,1410.5256,0.0,223.397,457,0,17,6.313986311364969,12.83
2020-10-25,1011010201,花菜类,43.114,43.114,383.49,0.0,43.114,79,0,2,8.89479055527207,15.51
2020-10-25,1011010402,水生根茎类,71.16,71.16,553.124,8.078,63.082,108,0,1,7.772962338392356,13.65
2020-10-25,1011010501,茄类,30.136,30.136,200.056,0.0,30.136,53,0,4,6.638439076187948,6.68
2020-10-25,1011010504,辣椒类,72.537,72.537,756.301,0.0,72.537,243,0,10,10.426416863118133,9.24
2020-10-25,1011010801,食用菌,104.16,104.16,914.669,0.0,104.16,227,0,11,8.78138440860215,9.45
2020-10-26,1011010101,花叶类,158.291,157.832,940.033,0.0,157.832,316,0,17,5.9559088144356025,12.83
2020-10-26,1011010201,花菜类,22.371,22.371,213.357,0.0,22.371,44,0,2,9.537213356577713,15.51
2020-10-26,1011010402,水生根茎类,20.666,20.666,165.328,0.0,20.666,33,0,1,8.0,13.65
2020-10-26,1011010501,茄类,10.797,10.797,70.918,0.0,10.797,21,0,3,6.568306010928962,6.68
2020-10-26,1011010504,辣椒类,45.439,45.439,461.7382,0.0,45.439,139,0,10,10.161715706771716,9.24
2020-10-26,1011010801,食用菌,62.363,62.363,545.738,0.0,62.363,133,0,11,8.750990170453635,9.45
2020-10-27,1011010101,花叶类,154.566,154.566,842.1276,0.0,154.566,282,0,17,5.448336632894686,12.83
2020-10-27,1011010201,花菜类,23.305,23.305,228.922,0.0,23.305,49,0,2,9.822870628620468,15.51
2020-10-27,1011010402,水生根茎类,21.273,21.273,169.148,0.518,20.755,34,0,1,7.951299769661072,13.65
2020-10-27,1011010501,茄类,13.444,13.444,85.262,0.0,13.444,24,0,4,6.342011306158881,6.68
2020-10-27,1011010504,辣椒类,45.479,45.479,462.3914,0.0,45.479,157,0,9,10.167140878207524,9.24
2020-10-27,1011010801,食用菌,56.508,56.508,501.14,0.0,56.508,122,0,10,8.868478799462022,9.45
2020-10-28,1011010101,花叶类,167.542,167.542,954.701,0.0,167.542,318,0,17,5.698278640579676,12.83
2020-10-28,1011010201,花菜类,30.297,30.297,274.372,0.0,30.297,58,0,2,9.056078159553751,15.51
2020-10-28,1011010402,水生根茎类,32.418,32.418,223.758,17.793,14.625,53,0,1,6.902276513048307,13.65
2020-10-28,1011010501,茄类,12.238,12.238,75.568,0.0,12.238,25,0,4,6.174865174048047,6.68
2020-10-28,1011010504,辣椒类,49.395,49.395,502.58480000000003,0.0,49.395,162,0,8,10.174811215710092,9.24
2020-10-28,1011010801,食用菌,75.211,75.211,607.948,0.0,75.211,155,0,11,8.083232505883448,9.45
2020-10-29,1011010101,花叶类,120.551,120.551,702.4834,0.0,120.551,241,0,18,5.82727144528042,12.83
2020-10-29,1011010201,花菜类,24.902,24.902,215.896,0.0,24.902,44,0,2,8.669825716809894,15.51
2020-10-29,1011010402,水生根茎类,15.828,15.828,126.624,0.0,15.828,25,0,1,8.0,13.65
2020-10-29,1011010501,茄类,14.436,14.436,93.9092,0.0,14.436,27,0,4,6.505209199224161,6.68
2020-10-29,1011010504,辣椒类,52.653999999999996,52.653999999999996,532.7496,0.0,52.653999999999996,166,0,10,10.117932160899457,9.24
2020-10-29,1011010801,食用菌,81.051,81.051,661.98,0.0,81.051,160,0,11,8.167450123996003,9.45
2020-10-30,1011010101,花叶类,148.243,148.243,823.897,0.0,148.243,284,0,19,5.557746402865566,12.83
2020-10-30,1011010201,花菜类,28.939,28.939,243.1674,0.0,28.939,58,0,2,8.402757524447976,15.51
2020-10-30,1011010402,水生根茎类,18.769000000000002,18.769000000000002,146.672,1.7400000000000002,17.029,34,0,1,7.814587884277265,13.65
2020-10-30,1011010501,茄类,12.192,12.192,83.9566,0.0,12.192,31,0,4,6.88620406824147,6.68
2020-10-30,1011010504,辣椒类,46.452,46.452,504.0126,0.0,46.452,158,0,10,10.850180831826401,9.24
2020-10-30,1011010801,食用菌,74.23,74.23,657.792,0.0,74.23,167,0,12,8.861538461538462,9.45
2020-10-31,1011010101,花叶类,248.102,248.102,1393.8188,0.0,248.102,494,0,17,5.617926497972608,12.83
2020-10-31,1011010201,花菜类,82.701,82.701,712.524,0.0,82.701,166,0,2,8.615663655820365,15.51
2020-10-31,1011010402,水生根茎类,79.265,79.265,622.716,5.702,73.563,111,0,1,7.856128177631994,13.65
2020-10-31,1011010501,茄类,16.499,16.499,102.11919999999999,0.0,16.499,32,0,4,6.189417540456997,6.68
2020-10-31,1011010504,辣椒类,81.292,81.292,885.327,0.0,81.292,257,0,10,10.890702652167494,9.24
2020-10-31,1011010801,食用菌,135.284,135.284,1339.896,0.0,135.284,319,0,12,9.904319801306881,9.45
2020-11-01,1011010101,花叶类,206.956,206.956,1063.2486,0.0,206.956,400,0,18,5.137558708131197,12.83
2020-11-01,1011010201,花菜类,69.062,69.062,608.448,0.0,69.062,122,0,2,8.810170571370653,15.51
2020-11-01,1011010402,水生根茎类,71.332,71.332,537.742,16.457,54.875,105,0,1,7.53858016037683,13.65
2020-11-01,1011010501,茄类,15.407,15.407,100.832,0.0,15.407,28,0,4,6.544557668592198,6.68
2020-11-01,1011010504,辣椒类,73.722,73.722,731.8592,0.0,73.722,233,0,10,9.927283578850275,9.24
2020-11-01,1011010801,食用菌,127.967,127.967,1165.722,0.0,127.967,263,0,10,9.109551681292833,9.45
2020-11-02,1011010101,花叶类,144.442,144.442,674.3918,0.786,143.656,267,0,16,4.668945320613118,12.83
2020-11-02,1011010201,花菜类,32.726,32.726,271.2468,0.0,32.726,62,0,2,8.288418994071993,15.51
2020-11-02,1011010402,水生根茎类,15.053,15.053,120.424,0.0,15.053,25,0,1,8.0,13.65
2020-11-02,1011010501,茄类,11.378,11.378,72.4372,0.0,11.378,22,0,4,6.366426436983653,6.68
2020-11-02,1011010504,辣椒类,54.351,54.351,590.4854,0.0,54.351,176,0,8,10.864296885061913,9.24
2020-11-02,1011010801,食用菌,78.321,78.321,676.3304,0.0,78.321,151,0,11,8.635364716997996,9.45
2020-11-03,1011010101,花叶类,135.067,135.067,642.322,3.388,131.679,265,0,16,4.755580563720227,12.83
2020-11-03,1011010201,花菜类,52.795,52.37,444.17839999999995,0.0,52.37,106,0,2,8.481542868054229,15.51
2020-11-03,1011010402,水生根茎类,15.727,15.727,122.83800000000001,1.4889999999999999,14.238,29,0,1,7.810644115215871,13.65
2020-11-03,1011010501,茄类,10.846,10.846,70.61959999999999,0.0,10.846,23,0,4,6.511119306656831,6.68
2020-11-03,1011010504,辣椒类,66.834,66.834,551.5728,0.0,66.834,187,0,9,8.25287727803214,9.24
2020-11-03,1011010801,食用菌,66.341,65.341,539.933,0.0,65.341,144,0,11,8.263310938002174,9.45
2020-11-04,1011010101,花叶类,122.114,122.114,571.8402,0.0,122.114,223,0,15,4.682838986520792,12.83
2020-11-04,1011010201,花菜类,67.527,67.527,474.668,0.0,67.527,130,0,2,7.029306795800198,15.51
2020-11-04,1011010402,水生根茎类,18.183,18.183,145.464,0.0,18.183,32,0,1,8.0,13.65
2020-11-04,1011010501,茄类,10.702,10.702,70.6324,0.0,10.702,22,0,4,6.599925247617268,6.68
2020-11-04,1011010504,辣椒类,59.731,59.731,500.4148,0.0,59.731,172,0,8,8.377807168806818,9.24
2020-11-04,1011010801,食用菌,195.34,195.34,789.968,0.0,195.34,257,0,10,4.04406675540084,9.45
2020-11-05,1011010101,花叶类,146.327,146.327,698.3254,0.0,146.327,287,0,16,4.772361901767958,12.83
2020-11-05,1011010201,花菜类,57.354,57.354,400.5954,0.0,57.354,105,0,2,6.984611361021027,15.51
2020-11-05,1011010402,水生根茎类,8.347,8.347,66.776,0.0,8.347,14,0,1,8.0,13.65
2020-11-05,1011010501,茄类,9.067,9.067,59.2802,0.0,9.067,21,0,3,6.538016984669682,6.68
2020-11-05,1011010504,辣椒类,45.282,45.282,482.5766,0.0,45.282,138,0,10,10.65713970230997,9.24
2020-11-05,1011010801,食用菌,129.089,129.089,664.178,0.0,129.089,206,0,10,5.145116934827909,9.45
2020-11-06,1011010101,花叶类,142.586,142.586,689.5884,0.0,142.586,271,0,16,4.8362980937819975,12.83
2020-11-06,1011010201,花菜类,95.136,95.136,458.1672,0.0,95.136,169,0,2,4.815918264379415,15.51
2020-11-06,1011010402,水生根茎类,13.443,13.443,103.798,1.8730000000000002,11.57,26,0,1,7.721341962359593,13.65
2020-11-06,1011010501,茄类,7.22,7.22,45.1492,0.0,7.22,17,0,4,6.253351800554017,6.68
2020-11-06,1011010504,辣椒类,49.287,49.287,485.6466,0.0,49.287,162,0,10,9.853442084119544,9.24
2020-11-06,1011010801,食用菌,81.023,80.588,554.748,0.0,80.588,159,0,9,6.883754405122352,9.45
2020-11-07,1011010101,花叶类,225.007,224.3,1053.7168,0.0,224.3,380,0,16,4.697801159161836,12.83
2020-11-07,1011010201,花菜类,121.453,121.453,703.7704,0.0,121.453,238,0,2,5.794590500028818,15.51
2020-11-07,1011010402,水生根茎类,71.413,71.413,549.494,10.905,60.508,98,0,1,7.694593421365859,13.65
2020-11-07,1011010501,茄类,10.878,10.878,68.2188,0.0,10.878,26,0,4,6.2712630998345285,6.68
2020-11-07,1011010504,辣椒类,69.738,69.738,743.7168,0.0,69.738,238,0,10,10.664441194183945,9.24
2020-11-07,1011010801,食用菌,122.896,122.896,1174.584,0.0,122.896,259,0,10,9.557544590548106,9.45
2020-11-08,1011010101,花叶类,209.808,209.808,1000.6624,0.0,209.808,378,0,16,4.769419659879509,12.83
2020-11-08,1011010201,花菜类,125.591,125.591,705.308,0.0,125.591,233,0,2,5.6159119682142835,15.51
2020-11-08,1011010402,水生根茎类,58.207,58.207,460.406,2.625,55.582,90,0,1,7.909804662669439,13.65
2020-11-08,1011010501,茄类,16.906,16.906,104.15,0.0,16.906,31,0,4,6.160534721400687,6.68
2020-11-08,1011010504,辣椒类,78.907,78.907,720.006,0.0,78.907,254,0,10,9.124741784632542,9.24
2020-11-08,1011010801,食用菌,124.492,124.492,1146.977,0.0,124.492,281,0,11,9.213258683288887,9.45
2020-11-09,1011010101,花叶类,144.911,144.911,691.2118,0.0,144.911,269,0,17,4.769905666236518,12.83
2020-11-09,1011010201,花菜类,57.592,57.592,349.243,0.0,57.592,114,0,2,6.064088762328101,15.51
2020-11-09,1011010402,水生根茎类,14.579,14.579,114.28999999999999,1.171,13.408,22,0,1,7.839357980657109,13.65
2020-11-09,1011010501,茄类,10.063,10.063,61.8228,0.0,10.063,21,0,4,6.143575474510583,6.68
2020-11-09,1011010504,辣椒类,64.616,64.616,538.0968,0.0,64.616,186,0,10,8.327609260864183,9.24
2020-11-09,1011010801,食用菌,63.22,63.22,469.443,0.0,63.22,137,0,11,7.425545713381841,9.45
2020-11-10,1011010101,花叶类,157.962,157.962,656.1002,0.0,157.962,294,0,16,4.153531862093415,12.83
2020-11-10,1011010201,花菜类,25.698,25.698,160.224,0.0,25.698,50,0,2,6.234882091991595,15.51
2020-11-10,1011010402,水生根茎类,12.103,12.103,92.444,2.19,9.913,20,0,1,7.638106254647608,13.65
2020-11-10,1011010501,茄类,9.574,9.574,60.8912,0.0,9.574,20,0,4,6.360058491748485,6.68
2020-11-10,1011010504,辣椒类,54.663,54.663,456.89,0.0,54.663,160,0,10,8.35830452042515,9.24
2020-11-10,1011010801,食用菌,64.18,64.18,450.616,0.0,64.18,124,0,11,7.021128077282642,9.45
2020-11-11,1011010101,花叶类,150.867,150.867,587.6944,1.001,149.866,266,0,18,3.895446983104324,12.83
2020-11-11,1011010201,花菜类,63.25,63.25,364.272,0.0,63.25,127,0,2,5.759241106719368,15.51
2020-11-11,1011010402,水生根茎类,17.155,17.155,153.452,1.606,15.549,30,0,2,8.945030603322646,13.65
2020-11-11,1011010501,茄类,15.584999999999999,15.584999999999999,94.9084,0.0,15.584999999999999,30,0,4,6.089727301892846,6.68
2020-11-11,1011010504,辣椒类,65.834,65.834,590.5646,0.0,65.834,196,0,10,8.970510678372877,9.24
2020-11-11,1011010801,食用菌,64.522,64.522,395.88100000000003,1.9100000000000001,62.612,120,0,10,6.13559716065838,9.45
2020-11-12,1011010101,花叶类,151.144,151.144,583.2938,0.0,151.144,253,0,18,3.859192558090298,12.83
2020-11-12,1011010201,花菜类,13.406,13.406,77.774,0.0,13.406,35,0,2,5.801432194539758,15.51
2020-11-12,1011010402,水生根茎类,16.665,15.951,138.518,1.505,14.446,23,0,2,8.683969657074792,13.65
2020-11-12,1011010501,茄类,15.508000000000001,15.508000000000001,99.9248,0.0,15.508000000000001,32,0,4,6.443435646118132,6.68
2020-11-12,1011010504,辣椒类,58.851,58.851,515.6316,0.0,58.851,179,0,10,8.761645511546108,9.24
2020-11-12,1011010801,食用菌,68.656,68.656,397.194,0.0,68.656,113,0,13,5.785277324632952,9.45
2020-11-13,1011010101,花叶类,141.977,141.977,523.3356,0.9770000000000001,141.0,219,0,16,3.6860590095578862,12.83
2020-11-13,1011010201,花菜类,60.306,60.306,332.536,0.0,60.306,104,0,2,5.514144529565881,15.51
2020-11-13,1011010402,水生根茎类,13.766,13.766,114.394,0.7190000000000001,13.047,25,0,2,8.309893941595234,13.65
2020-11-13,1011010501,茄类,8.044,8.044,48.0704,0.0,8.044,18,0,3,5.975932371954251,6.68
2020-11-13,1011010504,辣椒类,70.246,70.246,566.3542,0.0,70.246,200,0,9,8.062440566010876,9.24
2020-11-13,1011010801,食用菌,67.676,67.676,405.834,0.0,67.676,119,0,11,5.996719664282759,9.45
2020-11-14,1011010101,花叶类,207.145,207.145,933.8278,0.0,207.145,373,0,19,4.508087571507881,12.83
2020-11-14,1011010201,花菜类,84.001,84.001,457.3816,0.0,84.001,160,0,2,5.444954226735396,15.51
2020-11-14,1011010402,水生根茎类,58.127,58.127,400.467,6.422,51.705,90,0,1,6.8895177800333744,13.65
2020-11-14,1011010501,茄类,18.146,18.146,93.6662,0.0,18.146,36,0,4,5.161809765237518,6.68
2020-11-14,1011010504,辣椒类,71.84,71.84,738.8982,0.0,71.84,247,0,10,10.285331291759464,9.24
2020-11-14,1011010801,食用菌,92.793,92.793,677.133,0.0,92.793,195,0,11,7.297242248876532,9.45
2020-11-15,1011010101,花叶类,227.231,227.231,1019.4928,0.0,227.231,364,0,17,4.4865920583019046,12.83
2020-11-15,1011010201,花菜类,77.798,77.798,423.28639999999996,0.0,77.798,154,0,2,5.4408390961207225,15.51
2020-11-15,1011010402,水生根茎类,45.353,45.353,311.349,6.122,39.231,64,0,1,6.865014442264017,13.65
2020-11-15,1011010501,茄类,18.9,18.318,100.4406,0.0,18.318,36,0,4,5.483164100884376,6.68
2020-11-15,1011010504,辣椒类,74.078,74.078,710.5856,0.0,74.078,236,0,10,9.592397202948243,9.24
2020-11-15,1011010801,食用菌,73.108,73.108,433.123,0.0,73.108,133,0,11,5.924426875307764,9.45
2020-11-16,1011010101,花叶类,140.087,140.087,646.0148,0.0,140.087,256,0,16,4.611525694746836,12.83
2020-11-16,1011010201,花菜类,48.64,48.64,260.72159999999997,0.0,48.64,96,0,2,5.360230263157894,15.51
2020-11-16,1011010402,水生根茎类,14.450000000000001,14.450000000000001,114.696,0.452,13.998000000000001,23,0,1,7.937439446366781,13.65
2020-11-16,1011010501,茄类,15.672,15.672,86.9058,0.0,15.672,34,0,4,5.545290964777948,6.68
2020-11-16,1011010504,辣椒类,45.345,45.345,430.45259999999996,0.0,45.345,149,0,10,9.492834932186568,9.24
2020-11-16,1011010801,食用菌,54.363,54.363,327.347,0.0,54.363,99,0,11,6.0215035961959416,9.45
2020-11-17,1011010101,花叶类,222.517,222.517,850.9528,0.0,222.517,349,0,16,3.82421477909553,12.83
2020-11-17,1011010201,花菜类,43.621,43.621,238.6088,0.0,43.621,85,0,2,5.4700442447445035,15.51
2020-11-17,1011010402,水生根茎类,24.762,24.762,189.802,4.147,20.615,40,0,1,7.665051288264276,13.65
2020-11-17,1011010501,茄类,12.224,12.224,68.9412,0.0,12.224,28,0,4,5.639823298429319,6.68
2020-11-17,1011010504,辣椒类,43.486,43.486,383.019,0.0,43.486,125,0,8,8.807869199282528,9.24
2020-11-17,1011010801,食用菌,131.979,131.979,495.592,0.0,131.979,151,0,11,3.755082247933383,9.45
2020-11-18,1011010101,花叶类,203.322,203.322,827.3134,0.0,203.322,372,0,18,4.068981221904171,12.83
2020-11-18,1011010201,花菜类,50.438,50.438,240.732,0.0,50.438,98,0,2,4.772830009120107,15.51
2020-11-18,1011010402,水生根茎类,19.171,19.171,148.318,2.525,16.646,36,0,1,7.736581294663816,13.65
2020-11-18,1011010501,茄类,15.946,15.946,96.8378,0.0,15.946,37,0,4,6.0728583970901795,6.68
2020-11-18,1011010504,辣椒类,45.407000000000004,45.407000000000004,462.781,0.0,45.407000000000004,158,0,9,10.191842667430132,9.24
2020-11-18,1011010801,食用菌,99.089,99.089,461.105,0.0,99.089,151,0,11,4.653442864495554,9.45
2020-11-19,1011010101,花叶类,207.8,207.8,681.16,1.45,206.35,305,0,17,3.2779595765158804,12.83
2020-11-19,1011010201,花菜类,77.165,77.165,362.2798,0.0,77.165,135,0,2,4.694872027473595,15.51
2020-11-19,1011010402,水生根茎类,22.977,22.977,199.492,4.5840000000000005,18.393,36,0,2,8.68224746485616,13.65
2020-11-19,1011010501,茄类,12.808,12.808,86.4716,0.0,12.808,28,0,4,6.751374141161774,6.68
2020-11-19,1011010504,辣椒类,59.111,59.111,543.5856,0.0,59.111,178,0,10,9.196014278222329,9.24
2020-11-19,1011010801,食用菌,90.297,90.297,524.004,0.0,90.297,133,0,10,5.803116382604074,9.45
2020-11-20,1011010101,花叶类,244.555,244.555,756.6246,0.0,244.555,346,0,16,3.093883175563779,12.83
2020-11-20,1011010201,花菜类,52.701,52.701,256.383,0.0,52.701,101,0,2,4.864860249331132,15.51
2020-11-20,1011010402,水生根茎类,22.48,22.48,183.078,1.839,20.641,41,0,2,8.144039145907474,13.65
2020-11-20,1011010501,茄类,9.804,9.804,65.911,0.0,9.804,19,0,4,6.7228682170542635,6.68
2020-11-20,1011010504,辣椒类,53.492,53.492,545.285,0.0,53.492,174,0,10,10.193767292305392,9.24
2020-11-20,1011010801,食用菌,70.888,70.888,358.984,0.0,70.888,112,0,11,5.0641011172553885,9.45
2020-11-21,1011010101,花叶类,461.189,460.646,1463.7466,0.0,460.646,708,0,18,3.1775953769271847,12.83
2020-11-21,1011010201,花菜类,114.066,114.066,487.836,0.0,114.066,208,0,2,4.276787123244437,15.51
2020-11-21,1011010402,水生根茎类,96.203,95.789,783.184,4.098,91.691,148,0,2,8.176137134744073,13.65
2020-11-21,1011010501,茄类,25.752,25.451,169.4252,0.0,25.451,54,0,4,6.656917213469018,6.68
2020-11-21,1011010504,辣椒类,80.204,79.774,773.5536,0.0,79.774,277,0,9,9.696813498132222,9.24
2020-11-21,1011010801,食用菌,169.382,169.382,869.03,0.0,169.382,278,0,11,5.130592388801643,9.45
2020-11-22,1011010101,花叶类,371.968,371.968,1141.9126,0.0,371.968,534,0,17,3.06992160615967,12.83
2020-11-22,1011010201,花菜类,119.596,119.596,508.1144,0.0,119.596,216,0,2,4.248590253854644,15.51
2020-11-22,1011010402,水生根茎类,67.538,67.538,540.304,0.0,67.538,98,0,1,8.0,13.65
2020-11-22,1011010501,茄类,26.933,26.933,183.6438,0.0,26.933,58,0,4,6.8185423086919394,6.68
2020-11-22,1011010504,辣椒类,99.221,99.221,834.0508,0.0,99.221,286,0,10,8.405990667298253,9.24
2020-11-22,1011010801,食用菌,160.154,160.154,1537.6912,0.0,160.154,332,0,10,9.601328721105936,9.45
2020-11-23,1011010101,花叶类,294.311,294.311,1016.226,0.0,294.311,420,0,17,3.4528984645494054,12.83
2020-11-23,1011010201,花菜类,74.623,74.623,304.9214,0.0,74.623,124,0,2,4.086158423006312,15.51
2020-11-23,1011010402,水生根茎类,34.987,34.987,279.896,0.0,34.987,52,0,1,8.0,13.65
2020-11-23,1011010501,茄类,15.902,15.902,103.206,0.0,15.902,30,0,3,6.490127028046787,6.68
2020-11-23,1011010504,辣椒类,59.056,59.056,499.0114,0.0,59.056,181,0,9,8.449800189650501,9.24
2020-11-23,1011010801,食用菌,195.788,195.788,1147.439,0.0,195.788,319,0,12,5.860619649825321,9.45
2020-11-24,1011010101,花叶类,220.189,220.189,871.6004,0.0,220.189,377,0,14,3.958419357915246,12.83
2020-11-24,1011010201,花菜类,60.927,60.927,268.04519999999997,0.0,60.927,94,0,2,4.399448520360431,15.51
2020-11-24,1011010402,水生根茎类,44.692,44.692,349.208,4.164,40.528,76,0,1,7.813657925355769,13.65
2020-11-24,1011010501,茄类,13.897,13.897,85.793,0.0,13.897,30,0,4,6.173490681442038,6.68
2020-11-24,1011010504,辣椒类,52.157,52.157,479.5806,0.0,52.157,168,0,9,9.194942193761145,9.24
2020-11-24,1011010801,食用菌,117.661,117.661,827.3984,0.0,117.661,233,0,12,7.032053101707448,9.45
2020-11-25,1011010101,花叶类,237.713,237.713,822.822,0.0,237.713,381,0,16,3.4614093465649756,12.83
2020-11-25,1011010201,花菜类,37.137,37.137,152.5724,0.0,37.137,71,0,2,4.1083663193041975,15.51
2020-11-25,1011010402,水生根茎类,38.697,38.697,295.796,6.89,31.807,57,0,1,7.643900043931053,13.65
2020-11-25,1011010501,茄类,13.199,13.199,85.3798,0.0,13.199,23,0,4,6.468656716417911,6.68
2020-11-25,1011010504,辣椒类,39.054,39.054,386.1988,0.0,39.054,133,0,9,9.88884109182158,9.24
2020-11-25,1011010801,食用菌,95.581,95.581,803.3278,0.0,95.581,222,0,13,8.404680846611774,9.45
2020-11-26,1011010101,花叶类,282.923,282.923,696.0344,14.290000000000001,268.633,328,0,16,2.460154883130746,12.83
2020-11-26,1011010201,花菜类,34.766,34.766,162.3144,0.0,34.766,66,0,2,4.668768336880861,15.51
2020-11-26,1011010402,水生根茎类,24.099,24.099,192.792,0.0,24.099,35,0,1,8.0,13.65
2020-11-26,1011010501,茄类,12.868,12.868,91.0904,0.0,12.868,27,0,4,7.078831209201119,6.68
2020-11-26,1011010504,辣椒类,48.086,48.086,447.85499999999996,0.0,48.086,151,0,9,9.313625587489081,9.24
2020-11-26,1011010801,食用菌,110.276,110.276,839.589,0.0,110.276,200,0,12,7.613524248249846,9.45
2020-11-27,1011010101,花叶类,225.596,225.596,670.474,0.0,225.596,305,0,17,2.972011915104878,12.83
2020-11-27,1011010201,花菜类,28.934,28.934,135.982,0.0,28.934,52,0,2,4.699730420958042,15.51
2020-11-27,1011010402,水生根茎类,23.178,23.178,179.268,3.0780000000000003,20.1,34,0,1,7.7344033134869274,13.65
2020-11-27,1011010501,茄类,13.175,13.175,103.37440000000001,0.0,13.175,26,0,4,7.846254269449716,6.68
2020-11-27,1011010504,辣椒类,53.116,53.116,470.1752,0.0,53.116,146,0,9,8.851856314481513,9.24
2020-11-27,1011010801,食用菌,112.979,112.979,901.7318,0.0,112.979,218,0,14,7.981410704644226,9.45
2020-11-28,1011010101,花叶类,400.295,400.295,1043.2144,0.0,400.295,493,0,18,2.606113990931688,12.83
2020-11-28,1011010201,花菜类,79.441,79.441,429.056,0.0,79.441,143,0,2,5.400939061693584,15.51
2020-11-28,1011010402,水生根茎类,30.289,30.289,242.312,0.0,30.289,45,0,1,8.0,13.65
2020-11-28,1011010501,茄类,18.759,18.759,138.701,0.0,18.759,39,0,4,7.393837624606855,6.68
2020-11-28,1011010504,辣椒类,82.485,82.485,668.034,0.0,82.485,232,0,10,8.09885433715221,9.24
2020-11-28,1011010801,食用菌,187.133,187.133,1306.8872000000001,0.0,187.133,339,0,13,6.98373456311821,9.45
2020-11-29,1011010101,花叶类,287.707,287.707,814.801,0.0,287.707,424,0,17,2.8320513578049895,12.83
2020-11-29,1011010201,花菜类,77.335,77.335,423.094,0.0,77.335,150,0,2,5.470925195577682,15.51
2020-11-29,1011010402,水生根茎类,31.494,31.494,251.952,0.0,31.494,46,0,1,8.0,13.65
2020-11-29,1011010501,茄类,20.702,20.702,156.622,0.0,20.702,43,0,4,7.565549222297363,6.68
2020-11-29,1011010504,辣椒类,66.151,66.151,612.9717999999999,0.0,66.151,204,0,9,9.26625145500446,9.24
2020-11-29,1011010801,食用菌,168.218,168.218,1362.4976000000001,0.0,168.218,324,0,13,8.099594573707927,9.45
2020-11-30,1011010101,花叶类,207.353,207.353,629.2276,0.0,207.353,310,0,17,3.034571961823557,12.83
2020-11-30,1011010201,花菜类,41.156,41.156,217.5304,0.0,41.156,79,0,2,5.285508795801341,15.51
2020-11-30,1011010402,水生根茎类,18.480999999999998,18.480999999999998,143.096,2.376,16.105,33,0,1,7.742871056760999,13.65
2020-11-30,1011010501,茄类,18.29,18.29,137.4694,0.0,18.29,34,0,5,7.516096227446693,6.68
2020-11-30,1011010504,辣椒类,54.214,54.214,498.77599999999995,0.0,54.214,165,0,10,9.200132807024016,9.24
2020-11-30,1011010801,食用菌,100.486,100.486,609.4374,0.0,100.486,152,0,13,6.064898592838803,9.45
2020-12-01,1011010101,花叶类,287.797,287.797,738.5806,0.0,287.797,368,0,16,2.5663248748249634,12.83
2020-12-01,1011010201,花菜类,25.82,25.82,140.336,0.0,25.82,51,0,2,5.435166537567778,15.51
2020-12-01,1011010402,水生根茎类,25.029,25.029,200.232,0.0,25.029,45,0,1,8.0,13.65
2020-12-01,1011010501,茄类,9.271,9.271,77.7902,0.0,9.271,23,0,5,8.390702189623557,6.68
2020-12-01,1011010504,辣椒类,47.882,47.882,421.15639999999996,0.0,47.882,145,0,9,8.795714464725783,9.24
2020-12-01,1011010801,食用菌,99.477,99.477,641.612,2.0,97.477,185,0,12,6.449852729776731,9.45
2020-12-02,1011010101,花叶类,213.665,213.665,617.9328,0.0,213.665,297,0,16,2.8920637446469946,12.83
2020-12-02,1011010201,花菜类,24.46,24.46,134.512,0.0,24.46,51,0,2,5.4992641046606705,15.51
2020-12-02,1011010402,水生根茎类,22.979,22.979,182.662,0.585,22.394,40,0,2,7.9490839462117595,13.65
2020-12-02,1011010501,茄类,9.603,9.603,78.403,0.0,9.603,24,0,5,8.164427782984484,6.68
2020-12-02,1011010504,辣椒类,48.74,48.74,461.395,0.0,48.74,152,0,10,9.466454657365613,9.24
2020-12-02,1011010801,食用菌,185.141,185.141,1065.265,50.0,135.141,279,0,12,5.753803857600424,9.45
2020-12-03,1011010101,花叶类,274.097,274.097,688.7304,0.8,273.297,309,0,18,2.5127250571877844,12.83
2020-12-03,1011010201,花菜类,27.342,27.342,162.46439999999998,0.0,27.342,52,0,2,5.941935483870967,15.51
2020-12-03,1011010402,水生根茎类,35.348,35.348,273.116,4.834,30.514,55,0,2,7.726490890573724,13.65
2020-12-03,1011010501,茄类,12.913,12.913,115.8798,0.0,12.913,29,0,5,8.973886780763571,6.68
2020-12-03,1011010504,辣椒类,48.795,48.795,516.5613999999999,0.0,48.795,144,0,8,10.586359258120707,9.24
2020-12-03,1011010801,食用菌,97.395,97.395,786.579,0.0,97.395,199,0,11,8.076174341598644,9.45
2020-12-04,1011010101,花叶类,242.529,242.529,719.1002,0.739,241.79,355,0,18,2.965007071319306,12.83
2020-12-04,1011010201,花菜类,27.457,27.457,169.067,0.0,27.457,53,0,2,6.157519029755618,15.51
2020-12-04,1011010402,水生根茎类,87.25,87.25,551.384,19.964,67.286,135,0,2,6.319587392550144,13.65
2020-12-04,1011010501,茄类,11.517,11.517,92.636,0.0,11.517,24,0,5,8.043414083528697,6.68
2020-12-04,1011010504,辣椒类,42.929,42.929,438.33979999999997,0.0,42.929,153,0,9,10.210808544340654,9.24
2020-12-04,1011010801,食用菌,110.875,110.875,910.5812,0.0,110.875,221,0,13,8.212682750845547,9.45
2020-12-05,1011010101,花叶类,306.959,306.959,842.0552,0.0,306.959,398,0,18,2.743217172325946,12.83
2020-12-05,1011010201,花菜类,72.116,72.116,422.4912,0.0,72.116,141,0,2,5.858494647512341,15.51
2020-12-05,1011010402,水生根茎类,43.518,43.518,314.501,3.7460000000000004,39.772,72,0,2,7.226917597316053,13.65
2020-12-05,1011010501,茄类,18.692999999999998,18.692999999999998,149.888,0.0,18.692999999999998,37,0,5,8.0184026106029,6.68
2020-12-05,1011010504,辣椒类,50.32,50.32,590.9724,0.0,50.32,171,0,10,11.744284578696343,9.24
2020-12-05,1011010801,食用菌,155.115,155.115,1375.4552,0.622,154.493,314,0,14,8.86732553266931,9.45
2020-12-06,1011010101,花叶类,367.129,367.129,941.8606,0.0,367.129,423,0,18,2.565475895393717,12.83
2020-12-06,1011010201,花菜类,67.968,67.968,486.784,0.0,67.968,135,0,2,7.161958568738229,15.51
2020-12-06,1011010402,水生根茎类,93.761,93.761,653.519,4.4830000000000005,89.278,150,0,2,6.970051513955696,13.65
2020-12-06,1011010501,茄类,18.881,18.881,146.9104,0.0,18.881,39,0,4,7.780859064668185,6.68
2020-12-06,1011010504,辣椒类,61.77,61.77,769.1412,0.0,61.77,217,0,10,12.451694997571636,9.24
2020-12-06,1011010801,食用菌,234.205,234.205,1740.892,3.402,230.803,421,0,13,7.433197412523216,9.45
2020-12-07,1011010101,花叶类,197.718,197.718,576.0326,0.0,197.718,266,0,19,2.9134049504850346,12.83
2020-12-07,1011010201,花菜类,29.017,29.017,196.98000000000002,0.0,29.017,56,0,2,6.788434366061275,15.51
2020-12-07,1011010402,水生根茎类,60.127,60.127,419.313,8.713,51.414,96,0,2,6.973788813677715,13.65
2020-12-07,1011010501,茄类,10.536999999999999,10.536999999999999,86.114,0.0,10.536999999999999,25,0,4,8.172534877099745,6.68
2020-12-07,1011010504,辣椒类,39.566,39.566,559.2496,0.0,39.566,142,0,9,14.134600414497294,9.24
2020-12-07,1011010801,食用菌,91.333,91.333,737.082,7.159,84.174,186,0,15,8.070270329453757,9.45
2020-12-08,1011010101,花叶类,183.98,183.98,523.691,0.0,183.98,243,0,17,2.8464561365365806,12.83
2020-12-08,1011010201,花菜类,29.686,29.686,211.4,0.0,29.686,57,0,2,7.121201913359833,15.51
2020-12-08,1011010402,水生根茎类,78.345,78.345,537.735,8.514,69.831,131,0,3,6.863679877465058,13.65
2020-12-08,1011010501,茄类,10.904,10.904,92.342,0.0,10.904,25,0,4,8.46863536316948,6.68
2020-12-08,1011010504,辣椒类,38.373,38.132,516.9646,0.0,38.132,131,0,10,13.557238015315223,9.24
2020-12-08,1011010801,食用菌,89.028,89.028,783.5738,0.0,89.028,198,0,16,8.801431010468615,9.45
2020-12-09,1011010101,花叶类,180.673,180.673,540.6844,1.1669999999999998,179.506,253,0,15,2.9926131740769235,12.83
2020-12-09,1011010201,花菜类,20.825,20.825,146.632,0.0,20.825,45,0,2,7.041152460984394,15.51
2020-12-09,1011010402,水生根茎类,39.897,39.897,289.118,19.385,20.512,60,0,3,7.246610020803569,13.65
2020-12-09,1011010501,茄类,9.89,9.89,81.304,0.0,9.89,19,0,3,8.22082912032356,6.68
2020-12-09,1011010504,辣椒类,36.059,36.059,477.8674,0.0,36.059,116,0,10,13.252375273856735,9.24
2020-12-09,1011010801,食用菌,80.164,80.164,815.8226,0.0,80.164,193,0,17,10.17691981438052,9.45
2020-12-10,1011010101,花叶类,188.539,188.539,540.4644,0.0,188.539,283,0,16,2.8665920578766197,12.83
2020-12-10,1011010201,花菜类,20.405,20.405,137.45000000000002,0.0,20.405,44,0,2,6.7360940945846615,15.51
2020-12-10,1011010402,水生根茎类,48.448,48.448,324.027,13.827,34.621,65,0,3,6.688139861294584,13.65
2020-12-10,1011010501,茄类,11.411,11.411,93.746,0.0,11.411,25,0,4,8.215406187012531,6.68
2020-12-10,1011010504,辣椒类,45.747,45.747,609.4304,0.0,45.747,145,0,9,13.3217566179203,9.24
2020-12-10,1011010801,食用菌,89.363,89.363,815.37,0.863,88.5,205,0,18,9.124246052616854,9.45
2020-12-11,1011010101,花叶类,212.51,212.51,555.6912,0.0,212.51,274,0,17,2.614894357912569,12.83
2020-12-11,1011010201,花菜类,30.644,30.644,220.466,0.0,30.644,63,0,2,7.194426315102468,15.51
2020-12-11,1011010402,水生根茎类,56.094,55.726,374.68,0.0,55.726,82,0,3,6.723611958511287,13.65
2020-12-11,1011010501,茄类,14.918,14.918,128.516,0.0,14.918,31,0,4,8.614827724896099,6.68
2020-12-11,1011010504,辣椒类,44.514,44.514,579.8594,0.0,44.514,145,0,10,13.026450105584761,9.24
2020-12-11,1011010801,食用菌,94.153,94.153,784.8758,4.0,90.153,186,0,18,8.336174099603836,9.45
2020-12-12,1011010101,花叶类,269.619,269.619,761.357,0.0,269.619,377,0,17,2.823825472240457,12.83
2020-12-12,1011010201,花菜类,66.118,65.792,467.162,0.0,65.792,142,0,2,7.100589737354085,15.51
2020-12-12,1011010402,水生根茎类,71.47,71.47,580.764,1.9569999999999999,69.513,101,0,3,8.125982929900658,13.65
2020-12-12,1011010501,茄类,11.965,11.965,108.842,0.0,11.965,23,0,4,9.096698704554951,6.68
2020-12-12,1011010504,辣椒类,55.633,55.182,783.6884,0.0,55.182,193,0,9,14.201884672538146,9.24
2020-12-12,1011010801,食用菌,174.743,174.431,1585.5354,1.802,172.629,361,0,21,9.089756981270531,9.45
2020-12-13,1011010101,花叶类,375.781,375.781,1015.5982,0.0,375.781,484,0,17,2.7026331826249863,12.83
2020-12-13,1011010201,花菜类,78.67,78.67,560.82,0.0,78.67,157,0,2,7.128765730265667,15.51
2020-12-13,1011010402,水生根茎类,73.578,73.578,625.446,0.0,73.578,117,0,3,8.500448503628801,13.65
2020-12-13,1011010501,茄类,20.845,20.845,178.528,0.0,20.845,48,0,4,8.564547853202207,6.68
2020-12-13,1011010504,辣椒类,76.784,76.784,996.6764,0.0,76.784,238,0,9,12.980261512815169,9.24
2020-12-13,1011010801,食用菌,197.615,197.615,1692.8208,0.813,196.802,386,0,19,8.566256610075145,9.45
2020-12-14,1011010101,花叶类,197.654,197.654,618.0596,0.879,196.775,253,0,16,3.126977445434952,12.83
2020-12-14,1011010201,花菜类,33.376,33.376,228.478,0.0,33.376,61,0,2,6.84557766059444,15.51
2020-12-14,1011010402,水生根茎类,65.517,65.517,424.73,42.886,22.631,107,0,2,6.4827449364287135,13.65
2020-12-14,1011010501,茄类,12.715,12.715,108.766,0.0,12.715,32,0,3,8.554148643334644,6.68
2020-12-14,1011010504,辣椒类,48.394,48.394,673.5412,0.0,48.394,160,0,6,13.917865851138572,9.24
2020-12-14,1011010801,食用菌,83.089,83.089,834.34,1.876,81.213,196,0,15,10.041521741746802,9.45
2020-12-15,1011010101,花叶类,203.808,203.808,628.2684,0.0,203.808,282,0,15,3.0826483749411215,12.83
2020-12-15,1011010201,花菜类,33.43,33.43,223.388,0.0,33.43,71,0,2,6.682261441818726,15.51
2020-12-15,1011010402,水生根茎类,52.358,51.769,420.14,3.545,48.224,85,0,4,8.115667677567656,13.65
2020-12-15,1011010501,茄类,10.295,10.295,86.829,0.0,10.295,24,0,4,8.434094220495385,6.68
2020-12-15,1011010504,辣椒类,41.066,41.066,572.815,0.0,41.066,133,0,10,13.94864364681245,9.24
2020-12-15,1011010801,食用菌,100.086,99.925,979.3106,11.248,88.677,217,0,17,9.800456342256693,9.45
2020-12-16,1011010101,花叶类,152.029,152.029,504.5324,8.555,143.474,222,0,16,3.3186589400706445,12.83
2020-12-16,1011010201,花菜类,26.065,26.065,190.154,0.0,26.065,56,0,2,7.295376942259735,15.51
2020-12-16,1011010402,水生根茎类,47.282,47.282,379.878,8.999,38.283,69,0,3,8.034304809441226,13.65
2020-12-16,1011010501,茄类,9.313,9.313,74.504,0.0,9.313,20,0,2,8.0,6.68
2020-12-16,1011010504,辣椒类,34.84,34.84,563.5352,0.0,34.84,118,0,9,16.174948335246842,9.24
2020-12-16,1011010801,食用菌,74.212,74.212,706.6528000000001,0.0,74.212,166,0,17,9.522082682046031,9.45
2020-12-17,1011010101,花叶类,167.799,167.799,497.9648,0.0,167.799,232,0,16,2.9676267439019304,12.83
2020-12-17,1011010201,花菜类,31.098,31.098,209.044,0.0,31.098,59,0,2,6.722104315390058,15.51
2020-12-17,1011010402,水生根茎类,47.929,47.929,371.222,6.105,41.824,78,0,2,7.745248179598989,13.65
2020-12-17,1011010501,茄类,12.154,12.154,101.346,0.0,12.154,27,0,4,8.338489386210302,6.68
2020-12-17,1011010504,辣椒类,33.18,33.18,518.3186,0.0,33.18,104,0,9,15.621416515973477,9.24
2020-12-17,1011010801,食用菌,94.652,94.652,868.6616,16.729,77.923,204,0,18,9.177424671427968,9.45
2020-12-18,1011010101,花叶类,151.535,151.08,565.685,5.305,145.775,245,0,17,3.744274556526343,12.83
2020-12-18,1011010201,花菜类,26.454,26.454,186.446,0.0,26.454,48,0,2,7.047932259771679,15.51
2020-12-18,1011010402,水生根茎类,63.362,63.362,523.142,8.027000000000001,55.335,86,0,3,8.256399734856855,13.65
2020-12-18,1011010501,茄类,19.541,19.541,157.787,0.0,19.541,39,0,4,8.07466352796684,6.68
2020-12-18,1011010504,辣椒类,41.801,41.801,646.997,0.0,41.801,127,0,10,15.478026841463121,9.24
2020-12-18,1011010801,食用菌,86.26,86.26,831.6574,2.189,84.071,212,0,17,9.641286807326686,9.45
2020-12-19,1011010101,花叶类,266.55,266.55,905.8064,2.01,264.54,398,0,18,3.398260739073345,12.83
2020-12-19,1011010201,花菜类,60.29,60.29,432.552,0.0,60.29,128,0,2,7.174523138165534,15.51
2020-12-19,1011010402,水生根茎类,87.825,86.825,800.041,0.0,86.825,126,0,3,9.21440829254247,13.65
2020-12-19,1011010501,茄类,14.524000000000001,14.524000000000001,116.19200000000001,0.0,14.524000000000001,28,0,3,8.0,6.68
2020-12-19,1011010504,辣椒类,68.24,68.24,1035.8708,0.0,68.24,203,0,10,15.179818288393903,9.24
2020-12-19,1011010801,食用菌,154.681,154.681,1478.816,1.739,152.942,331,0,15,9.560424357225516,9.45
2020-12-20,1011010101,花叶类,276.911,276.911,912.46,0.0,276.911,417,0,18,3.2951381490803904,12.83
2020-12-20,1011010201,花菜类,89.851,89.851,648.932,0.0,89.851,196,0,2,7.222312495130828,15.51
2020-12-20,1011010402,水生根茎类,77.313,77.313,687.192,1.205,76.108,105,0,3,8.888440495130185,13.65
2020-12-20,1011010501,茄类,14.386,14.386,115.088,0.0,14.386,34,0,3,8.0,6.68
2020-12-20,1011010504,辣椒类,64.273,64.273,992.5268,0.0,64.273,206,0,10,15.442359933409053,9.24
2020-12-20,1011010801,食用菌,143.972,142.972,1316.8008,0.776,142.196,330,0,16,9.210200598718629,9.45
2020-12-21,1011010101,花叶类,136.041,136.041,493.6224,0.667,135.374,202,0,16,3.6284825898074846,12.83
2020-12-21,1011010201,花菜类,37.057,37.057,256.254,4.649,32.408,73,0,2,6.9151307445287,15.51
2020-12-21,1011010402,水生根茎类,48.468,48.468,403.65000000000003,1.622,46.846000000000004,69,0,3,8.328175290913592,13.65
2020-12-21,1011010501,茄类,12.997,12.997,102.584,0.0,12.997,28,0,3,7.892898361160268,6.68
2020-12-21,1011010504,辣椒类,30.846,30.846,494.1502,0.0,30.846,107,0,9,16.019911820009078,9.24
2020-12-21,1011010801,食用菌,84.045,84.045,802.8054,1.19,82.855,185,0,13,9.55208995181153,9.45
2020-12-22,1011010101,花叶类,152.185,152.185,483.6388,9.752,142.433,218,0,15,3.177966291027368,12.83
2020-12-22,1011010201,花菜类,27.346,27.346,199.3,0.0,27.346,55,0,2,7.288086008922694,15.51
2020-12-22,1011010402,水生根茎类,38.698,38.698,320.184,0.87,37.828,51,0,2,8.273915964649337,13.65
2020-12-22,1011010501,茄类,11.078999999999999,11.078999999999999,91.134,0.0,11.078999999999999,25,0,4,8.22583265637693,6.68
2020-12-22,1011010504,辣椒类,38.615,38.615,584.1572,0.0,38.615,122,0,10,15.12772756700764,9.24
2020-12-22,1011010801,食用菌,76.512,76.199,694.75,1.74,74.459,176,0,15,9.117573721439914,9.45
2020-12-23,1011010101,花叶类,144.2,143.966,578.4742,0.9299999999999999,143.036,238,0,16,4.018130669741466,12.83
2020-12-23,1011010201,花菜类,39.823,39.823,310.532,0.0,39.823,85,0,2,7.797805288401174,15.51
2020-12-23,1011010402,水生根茎类,43.83,43.83,340.329,7.726,36.104,61,0,2,7.764750171115675,13.65
2020-12-23,1011010501,茄类,9.4,9.4,78.989,0.0,9.4,20,0,4,8.40308510638298,6.68
2020-12-23,1011010504,辣椒类,41.738,41.738,645.0766,0.0,41.738,135,0,10,15.455378791508936,9.24
2020-12-23,1011010801,食用菌,67.604,67.604,626.556,0.55,67.054,171,0,15,9.268031477427371,9.45
2020-12-24,1011010101,花叶类,218.53300000000002,218.53300000000002,631.995,0.323,218.21,287,0,16,2.8919888529421183,12.83
2020-12-24,1011010201,花菜类,39.293,39.293,288.801,0.0,39.293,87,0,2,7.349935102944545,15.51
2020-12-24,1011010402,水生根茎类,62.358,61.823,485.967,9.264999999999999,52.558,90,0,2,7.860618216521359,13.65
2020-12-24,1011010501,茄类,9.801,9.801,79.594,0.0,9.801,22,0,3,8.121008060402,6.68
2020-12-24,1011010504,辣椒类,37.463,37.463,624.1382,0.0,37.463,125,0,10,16.66012332167739,9.24
2020-12-24,1011010801,食用菌,76.554,76.09,666.898,1.612,74.478,179,0,15,8.76459455907478,9.45
2020-12-25,1011010101,花叶类,159.654,159.654,619.9966,0.0,159.654,254,0,15,3.8833765517932526,12.83
2020-12-25,1011010201,花菜类,33.711,33.711,253.322,0.0,33.711,79,0,2,7.514520482928422,15.51
2020-12-25,1011010402,水生根茎类,65.984,65.984,547.548,5.569,60.415,86,0,3,8.298193501454898,13.65
2020-12-25,1011010501,茄类,10.328,10.328,78.2,0.0,10.328,25,0,2,7.571649883811,6.68
2020-12-25,1011010504,辣椒类,53.083,53.083,883.9124,0.0,53.083,173,0,10,16.651515551118063,9.24
2020-12-25,1011010801,食用菌,148.943,148.943,1323.4408,0.0,148.943,317,0,16,8.885552191106665,9.45
2020-12-26,1011010101,花叶类,285.224,285.224,871.8724,0.0,285.224,358,0,15,3.056798866855524,12.83
2020-12-26,1011010201,花菜类,62.717,62.717,539.789,0.0,62.717,129,0,2,8.606741393880448,15.51
2020-12-26,1011010402,水生根茎类,103.905,103.905,876.732,0.0,103.905,144,0,4,8.437823011404648,13.65
2020-12-26,1011010501,茄类,16.19,16.19,127.232,0.0,16.19,33,0,3,7.858678196417541,6.68
2020-12-26,1011010504,辣椒类,52.907000000000004,52.907000000000004,1056.713,0.0,52.907000000000004,191,0,9,19.97302814372389,9.24
2020-12-26,1011010801,食用菌,136.66,136.159,1102.3458,0.42200000000000004,135.737,292,0,16,8.096018625283676,9.45
2020-12-27,1011010101,花叶类,288.755,288.755,850.3522,0.0,288.755,379,0,14,2.944891690187183,12.83
2020-12-27,1011010201,花菜类,51.016,51.016,403.328,0.0,51.016,95,0,2,7.905911870785635,15.51
2020-12-27,1011010402,水生根茎类,93.232,93.232,761.976,0.0,93.232,129,0,3,8.172902007894285,13.65
2020-12-27,1011010501,茄类,11.874,11.874,99.642,0.0,11.874,24,0,2,8.391611925214754,6.68
2020-12-27,1011010504,辣椒类,52.745,52.745,1010.3044,0.0,52.745,169,0,10,19.154505640345057,9.24
2020-12-27,1011010801,食用菌,118.129,118.129,1153.7684,0.9450000000000001,117.184,290,0,15,9.767020799295684,9.45
2020-12-28,1011010101,花叶类,251.455,251.455,724.4486,0.0,251.455,323,0,14,2.8810268238849894,12.83
2020-12-28,1011010201,花菜类,33.949,33.949,257.134,0.0,33.949,70,0,2,7.574125894724441,15.51
2020-12-28,1011010402,水生根茎类,63.262,63.262,515.289,7.776,55.486000000000004,80,0,3,8.145316303626188,13.65
2020-12-28,1011010501,茄类,13.266,13.266,116.472,0.0,13.266,26,0,3,8.779737675260062,6.68
2020-12-28,1011010504,辣椒类,45.863,45.863,892.2476,0.0,45.863,131,0,10,19.45462791356867,9.24
2020-12-28,1011010801,食用菌,69.819,69.819,681.142,0.6890000000000001,69.13,171,0,13,9.75582577808333,9.45
2020-12-29,1011010101,花叶类,223.512,223.512,647.989,0.0,223.512,256,0,15,2.899123984394574,12.83
2020-12-29,1011010201,花菜类,33.714,33.714,273.704,0.0,33.714,71,0,2,8.118407783116806,15.51
2020-12-29,1011010402,水生根茎类,54.924,54.924,435.606,3.011,51.913,72,0,4,7.931068385405287,13.65
2020-12-29,1011010501,茄类,12.741,12.741,109.291,0.0,12.741,27,0,3,8.577898124166078,6.68
2020-12-29,1011010504,辣椒类,28.906,28.906,598.5574,0.0,28.906,97,0,7,20.707029682418877,9.24
2020-12-29,1011010801,食用菌,79.647,79.647,759.3048,0.0,79.647,176,0,16,9.533376021695732,9.45
2020-12-30,1011010101,花叶类,146.39000000000001,146.39000000000001,554.7568,0.0,146.39000000000001,210,0,15,3.789581255550242,12.83
2020-12-30,1011010201,花菜类,33.438,33.438,283.356,0.0,33.438,65,0,2,8.47407141575453,15.51
2020-12-30,1011010402,水生根茎类,75.742,75.742,624.302,0.97,74.772,101,0,4,8.242481054104724,13.65
2020-12-30,1011010501,茄类,16.318,16.318,146.629,0.0,16.318,32,0,3,8.985721289373696,6.68
2020-12-30,1011010504,辣椒类,32.167,32.167,666.8054,0.0,32.167,112,0,9,20.729486741070037,9.24
2020-12-30,1011010801,食用菌,66.631,66.631,618.0835,1.289,65.342,158,0,16,9.276215275172216,9.45
2020-12-31,1011010101,花叶类,179.177,179.177,830.7594,0.301,178.876,287,0,15,4.636529242034413,12.83
2020-12-31,1011010201,花菜类,23.092,23.092,208.71,0.0,23.092,48,0,2,9.038195045903343,15.51
2020-12-31,1011010402,水生根茎类,73.305,73.305,533.657,0.585,72.72,92,0,4,7.279953618443489,13.65
2020-12-31,1011010501,茄类,20.725,20.725,187.641,0.0,20.725,43,0,3,9.05384800965018,6.68
2020-12-31,1011010504,辣椒类,45.584,45.584,1013.3386,0.252,45.332,150,0,9,22.230137767637768,9.24
2020-12-31,1011010801,食用菌,120.945,120.945,1031.806,1.1440000000000001,119.801,241,0,15,8.531200132291538,9.45
2021-01-01,1011010101,花叶类,224.797,224.797,976.433,0.0,224.797,354,0,15,4.343621133733991,12.83
2021-01-01,1011010201,花菜类,55.985,55.985,503.32800000000003,0.0,55.985,107,0,2,8.99040814503885,15.51
2021-01-01,1011010402,水生根茎类,91.569,91.569,628.009,0.0,91.569,123,0,3,6.858314495080212,13.65
2021-01-01,1011010501,茄类,18.037,18.037,159.249,0.0,18.037,37,0,2,8.829018129400676,6.68
2021-01-01,1011010504,辣椒类,67.733,67.733,1412.1458,0.0,67.733,200,0,10,20.84871185389692,9.24
2021-01-01,1011010801,食用菌,136.338,136.338,1247.1206,0.278,136.06,303,0,14,9.147270753568337,9.45
2021-01-02,1011010101,花叶类,212.911,212.911,942.0994,0.0,212.911,336,0,15,4.424850759237428,12.83
2021-01-02,1011010201,花菜类,31.833,31.833,275.116,0.0,31.833,64,0,2,8.642477931706091,15.51
2021-01-02,1011010402,水生根茎类,102.214,102.214,760.113,7.024,95.19,132,0,3,7.436486195628779,13.65
2021-01-02,1011010501,茄类,18.302,18.302,161.774,0.0,18.302,38,0,2,8.839143263031364,6.68
2021-01-02,1011010504,辣椒类,63.342,62.422,1168.5486,0.0,62.422,186,0,9,18.720140335138254,9.24
2021-01-02,1011010801,食用菌,115.296,115.296,1000.7444,1.189,114.107,239,0,14,8.679784207604774,9.45
2021-01-03,1011010101,花叶类,224.88,224.88,934.1736,13.244,211.636,338,0,15,4.1540981856990395,12.83
2021-01-03,1011010201,花菜类,50.09,50.09,464.002,0.0,50.09,101,0,2,9.263365941305649,15.51
2021-01-03,1011010402,水生根茎类,76.505,76.505,537.532,4.651,71.854,117,0,3,7.026102869093524,13.65
2021-01-03,1011010501,茄类,13.385,13.385,119.074,0.0,13.385,31,0,2,8.896077698916697,6.68
2021-01-03,1011010504,辣椒类,73.797,73.797,1266.7624,0.0,73.797,213,0,9,17.1654999525726,9.24
2021-01-03,1011010801,食用菌,103.871,103.871,978.1916,1.167,102.704,234,0,16,9.4173696219349,9.45
2021-01-04,1011010101,花叶类,177.80100000000002,177.80100000000002,707.2598,0.0,177.80100000000002,277,0,15,3.977816772684068,12.83
2021-01-04,1011010201,花菜类,24.728,24.728,223.924,0.0,24.728,52,0,2,9.055483662245228,15.51
2021-01-04,1011010402,水生根茎类,68.248,68.248,617.937,0.0,68.248,102,0,4,9.054287305122495,13.65
2021-01-04,1011010501,茄类,9.867,9.867,87.901,0.0,9.867,23,0,2,8.908584169453734,6.68
2021-01-04,1011010504,辣椒类,58.505,58.505,989.1726,0.0,58.505,172,0,8,16.90748824886762,9.24
2021-01-04,1011010801,食用菌,95.499,95.499,838.3734000000001,0.8109999999999999,94.688,203,0,15,8.77887098294223,9.45
2021-01-05,1011010101,花叶类,154.654,154.654,709.0252,0.0,154.654,250,0,14,4.5845901172940895,12.83
2021-01-05,1011010201,花菜类,49.049,49.049,429.084,3.997,45.052,107,0,2,8.74806825827234,15.51
2021-01-05,1011010402,水生根茎类,89.144,89.144,777.987,0.0,89.144,112,0,4,8.727306380687427,13.65
2021-01-05,1011010501,茄类,14.439,14.439,128.986,0.0,14.439,34,0,2,8.933167116836346,6.68
2021-01-05,1011010504,辣椒类,37.556,37.556,728.413,0.0,37.556,119,0,10,19.395382894876985,9.24
2021-01-05,1011010801,食用菌,83.705,83.705,757.7944,0.644,83.06099999999999,203,0,15,9.053155725464428,9.45
2021-01-06,1011010101,花叶类,176.824,176.824,721.8798,0.0,176.824,268,0,15,4.082476360675021,12.83
2021-01-06,1011010201,花菜类,51.711,51.711,439.13,10.428,41.283,110,0,2,8.492003635590107,15.51
2021-01-06,1011010402,水生根茎类,49.852,49.852,436.277,0.0,49.852,64,0,4,8.75144427505416,13.65
2021-01-06,1011010501,茄类,13.689,13.689,133.282,0.0,13.689,29,0,2,9.736430710789685,6.68
2021-01-06,1011010504,辣椒类,44.528,44.528,832.8802,0.0,44.528,150,0,10,18.704639777218826,9.24
2021-01-06,1011010801,食用菌,81.462,81.462,760.2542,0.985,80.477,217,0,15,9.332623800054012,9.45
2021-01-07,1011010101,花叶类,161.62800000000001,161.62800000000001,756.4826,0.0,161.62800000000001,251,0,15,4.680393248694533,12.83
2021-01-07,1011010201,花菜类,42.427,42.427,379.626,0.0,42.427,85,0,2,8.947745539397081,15.51
2021-01-07,1011010402,水生根茎类,54.723,54.723,502.225,0.0,54.723,71,0,3,9.177585293203956,13.65
2021-01-07,1011010501,茄类,12.56,12.56,123.068,0.0,12.56,25,0,2,9.798407643312101,6.68
2021-01-07,1011010504,辣椒类,50.183,50.183,889.2626,17.566,32.617,150,0,10,17.72039535300799,9.24
2021-01-07,1011010801,食用菌,96.002,96.002,935.4934000000001,1.878,94.124,230,0,14,9.744519905835297,9.45
2021-01-08,1011010101,花叶类,234.462,234.462,1025.355,0.0,234.462,330,0,15,4.373224659006577,12.83
2021-01-08,1011010201,花菜类,29.703,29.703,287.149,0.0,29.703,67,0,2,9.667339999326668,15.51
2021-01-08,1011010402,水生根茎类,53.903999999999996,53.903999999999996,455.226,0.0,53.903999999999996,70,0,3,8.445124666073019,13.65
2021-01-08,1011010501,茄类,12.049,12.049,119.387,0.0,12.049,30,0,2,9.908457133372064,6.68
2021-01-08,1011010504,辣椒类,37.342,37.342,725.6312,10.824,26.518,127,0,10,19.43203899094853,9.24
2021-01-08,1011010801,食用菌,90.415,90.415,808.26,0.0,90.415,194,0,15,8.939445888403473,9.45
2021-01-09,1011010101,花叶类,233.427,233.427,1205.1096,0.0,233.427,387,0,14,5.162682980117982,12.83
2021-01-09,1011010201,花菜类,47.188,47.188,525.928,0.0,47.188,108,0,2,11.145375943036365,15.51
2021-01-09,1011010402,水生根茎类,90.49,90.49,810.582,0.0,90.49,111,0,3,8.957696983092054,13.65
2021-01-09,1011010501,茄类,17.965,17.965,179.004,0.0,17.965,43,0,2,9.964041191205121,6.68
2021-01-09,1011010504,辣椒类,78.498,78.498,1389.4342,25.24,53.258,235,0,9,17.700249687890135,9.24
2021-01-09,1011010801,食用菌,129.833,129.833,1199.151,0.0,129.833,283,0,15,9.236103301934024,9.45
2021-01-10,1011010101,花叶类,250.645,250.645,1093.6132,0.0,250.645,368,0,14,4.363195754952223,12.83
2021-01-10,1011010201,花菜类,57.696,57.696,649.778,0.0,57.696,117,0,2,11.262097892401554,15.51
2021-01-10,1011010402,水生根茎类,79.563,79.563,727.418,0.0,79.563,98,0,3,9.142666817490541,13.65
2021-01-10,1011010501,茄类,23.755,23.755,235.033,0.0,23.755,52,0,2,9.89404335929278,6.68
2021-01-10,1011010504,辣椒类,68.365,68.365,1300.1862,0.0,68.365,214,0,10,19.018301762597822,9.24
2021-01-10,1011010801,食用菌,137.986,137.986,1401.8242,0.0,137.986,299,0,16,10.159177017958344,9.45
2021-01-11,1011010101,花叶类,182.204,182.204,778.0854,0.0,182.204,261,0,14,4.270407894447981,12.83
2021-01-11,1011010201,花菜类,28.862,28.862,339.026,0.0,28.862,63,0,2,11.746448617559421,15.51
2021-01-11,1011010402,水生根茎类,47.911,47.911,407.988,0.0,47.911,57,0,3,8.51553922898708,13.65
2021-01-11,1011010501,茄类,15.841,15.841,156.628,0.0,15.841,32,0,2,9.88750710182438,6.68
2021-01-11,1011010504,辣椒类,46.768,46.768,922.2998,0.0,46.768,149,0,10,19.720744953814574,9.24
2021-01-11,1011010801,食用菌,81.67,81.67,782.5884,0.0,81.67,172,0,14,9.58232398677605,9.45
2021-01-12,1011010101,花叶类,173.449,173.449,741.7302,0.853,172.596,229,0,12,4.276359045021879,12.83
2021-01-12,1011010201,花菜类,18.847,18.847,235.887,0.0,18.847,45,0,2,12.51589112325569,15.51
2021-01-12,1011010402,水生根茎类,55.595,55.595,526.502,0.0,55.595,68,0,3,9.470312078424318,13.65
2021-01-12,1011010501,茄类,6.304,6.304,63.04,0.0,6.304,17,0,1,10.0,6.68
2021-01-12,1011010504,辣椒类,35.595,35.595,746.7238,0.0,35.595,116,0,8,20.97833403567917,9.24
2021-01-12,1011010801,食用菌,73.283,73.283,755.002,0.0,73.283,167,0,15,10.302553116002347,9.45
2021-01-13,1011010101,花叶类,172.101,172.101,816.0732,0.0,172.101,261,0,14,4.741827182875173,12.83
2021-01-13,1011010201,花菜类,25.301,25.301,305.3544,1.453,23.848,64,0,2,12.068866843207779,15.51
2021-01-13,1011010402,水生根茎类,40.616,40.616,395.36,0.0,40.616,56,0,3,9.734094937955486,13.65
2021-01-13,1011010504,辣椒类,37.065,37.065,749.026,0.0,37.065,106,0,10,20.208444624308648,9.24
2021-01-13,1011010801,食用菌,76.684,76.684,779.543,0.0,76.684,178,0,13,10.165653852172552,9.45
2021-01-14,1011010101,花叶类,148.947,148.947,761.967,0.0,148.947,218,0,13,5.11569215895587,12.83
2021-01-14,1011010201,花菜类,34.119,34.119,408.191,3.033,31.086,68,0,2,11.963744541164747,15.51
2021-01-14,1011010402,水生根茎类,43.51,43.51,400.165,0.0,43.51,55,0,3,9.197081130774535,13.65
2021-01-14,1011010501,茄类,18.643,18.643,171.174,0.0,18.643,35,0,2,9.181676768760394,6.68
2021-01-14,1011010504,辣椒类,39.296,39.296,828.259,0.0,39.296,121,0,10,21.077437907166125,9.24
2021-01-14,1011010801,食用菌,75.963,75.963,812.038,0.0,75.963,167,0,14,10.68991482695523,9.45
2021-01-15,1011010101,花叶类,171.213,171.213,899.3304,0.0,171.213,254,0,13,5.252699269331185,12.83
2021-01-15,1011010201,花菜类,30.979,30.979,385.207,0.652,30.326999999999998,70,0,2,12.43445559895413,15.51
2021-01-15,1011010402,水生根茎类,51.428,51.428,466.595,0.0,51.428,60,0,3,9.07278136423738,13.65
2021-01-15,1011010501,茄类,14.644,14.644,135.712,0.0,14.644,33,0,2,9.267413275061458,6.68
2021-01-15,1011010504,辣椒类,39.211,39.211,755.986,0.0,39.211,126,0,9,19.279946953660964,9.24
2021-01-15,1011010801,食用菌,101.383,101.383,1069.234,0.0,101.383,219,0,15,10.546482151840053,9.45
2021-01-16,1011010101,花叶类,252.825,252.825,1387.805,0.0,252.825,392,0,13,5.489192128942945,12.83
2021-01-16,1011010201,花菜类,45.807,45.807,570.161,0.0,45.807,101,0,2,12.447027746850916,15.51
2021-01-16,1011010402,水生根茎类,82.624,82.624,755.797,0.0,82.624,98,0,3,9.14742689775368,13.65
2021-01-16,1011010501,茄类,20.109,20.109,183.423,0.0,20.109,47,0,2,9.121438162017007,6.68
2021-01-16,1011010504,辣椒类,76.17399999999999,76.17399999999999,1452.2698,0.0,76.17399999999999,228,0,10,19.065163966707804,9.24
2021-01-16,1011010801,食用菌,150.015,150.015,1398.2766000000001,0.0,150.015,323,0,15,9.320911908809121,9.45
2021-01-17,1011010101,花叶类,228.99099999999999,228.99099999999999,1196.0910000000001,0.0,228.99099999999999,354,0,14,5.223310086422611,12.83
2021-01-17,1011010201,花菜类,45.21,45.21,601.6602,0.0,45.21,93,0,3,13.308122096881222,15.51
2021-01-17,1011010402,水生根茎类,67.482,67.482,660.164,0.0,67.482,74,0,3,9.782816158382976,13.65
2021-01-17,1011010501,茄类,24.613,24.613,227.127,0.0,24.613,52,0,2,9.227928330557024,6.68
2021-01-17,1011010504,辣椒类,74.534,74.534,1643.2842,0.0,74.534,235,0,10,22.04744411946226,9.24
2021-01-17,1011010801,食用菌,141.492,141.492,1245.6994,0.0,141.492,295,0,16,8.804027082803268,9.45
2021-01-18,1011010101,花叶类,167.119,167.119,1106.7738,0.0,167.119,302,0,16,6.622668876668721,12.83
2021-01-18,1011010201,花菜类,33.17,33.17,424.442,6.766,26.404,72,0,2,12.795960205004521,15.51
2021-01-18,1011010402,水生根茎类,48.095,48.095,458.298,0.0,48.095,58,0,3,9.529015490175695,13.65
2021-01-18,1011010501,茄类,10.266,10.266,103.836,0.0,10.266,25,0,2,10.114552893045003,6.68
2021-01-18,1011010504,辣椒类,48.166,48.166,1024.5664,0.0,48.166,149,0,10,21.27156915666653,9.24
2021-01-18,1011010801,食用菌,72.532,72.532,711.6726,0.0,72.532,167,0,15,9.811843048585452,9.45
2021-01-19,1011010101,花叶类,216.055,216.055,1039.964,0.0,216.055,278,0,15,4.813422508157645,12.83
2021-01-19,1011010201,花菜类,33.818,33.818,419.34,4.941,28.877,71,0,3,12.399905375835354,15.51
2021-01-19,1011010402,水生根茎类,42.265,42.265,403.182,0.0,42.265,60,0,3,9.539382467762925,13.65
2021-01-19,1011010501,茄类,9.304,9.304,94.225,0.0,9.304,22,0,2,10.127364574376612,6.68
2021-01-19,1011010504,辣椒类,50.827,50.827,1120.584,0.0,50.827,155,0,9,22.047022251952704,9.24
2021-01-19,1011010801,食用菌,74.431,74.431,633.9358,0.0,74.431,165,0,16,8.517093684083244,9.45
2021-01-20,1011010101,花叶类,197.824,197.824,1148.1551,0.471,197.353,329,0,15,5.803922173244904,12.83
2021-01-20,1011010201,花菜类,33.627,33.627,436.85,0.0,33.627,75,0,3,12.991048859547387,15.51
2021-01-20,1011010402,水生根茎类,44.546,44.546,431.904,0.0,44.546,62,0,3,9.695685358954789,13.65
2021-01-20,1011010501,茄类,19.321,19.321,196.406,0.0,19.321,38,0,2,10.165415868743853,6.68
2021-01-20,1011010504,辣椒类,51.058,51.058,1132.4638,0.0,51.058,150,0,9,22.17994829409691,9.24
2021-01-20,1011010801,食用菌,90.131,90.131,844.8264,0.0,90.131,216,0,16,9.373316616924255,9.45
2021-01-21,1011010101,花叶类,219.93,219.93,1127.933,0.0,219.93,320,0,15,5.128600009093803,12.83
2021-01-21,1011010201,花菜类,27.553,27.553,358.742,0.0,27.553,66,0,3,13.020070409755744,15.51
2021-01-21,1011010402,水生根茎类,48.089,48.089,463.746,0.0,48.089,63,0,3,9.64349435421822,13.65
2021-01-21,1011010501,茄类,23.411,23.411,240.785,0.0,23.411,44,0,2,10.285122378369142,6.68
2021-01-21,1011010504,辣椒类,57.724,57.724,1358.3964,0.0,57.724,175,0,10,23.53261035271291,9.24
2021-01-21,1011010801,食用菌,63.013,63.013,584.0122,0.0,63.013,142,0,16,9.268122450922826,9.45
2021-01-22,1011010101,花叶类,218.136,218.136,1295.8024,0.0,218.136,345,0,16,5.940341805112407,12.83
2021-01-22,1011010201,花菜类,32.636,32.636,421.646,0.0,32.636,68,0,2,12.919659271969604,15.51
2021-01-22,1011010402,水生根茎类,48.728,48.728,466.808,0.0,48.728,64,0,3,9.579871942209817,13.65
2021-01-22,1011010501,茄类,12.333,12.333,112.763,0.0,12.333,28,0,2,9.143193059271873,6.68
2021-01-22,1011010504,辣椒类,54.45,54.45,1152.1048,11.228,43.222,161,0,8,21.158949494949496,9.24
2021-01-22,1011010801,食用菌,88.796,88.796,883.9342,0.0,88.796,187,0,15,9.954662372178927,9.45
2021-01-23,1011010101,花叶类,214.815,214.815,1125.9848,0.0,214.815,354,0,15,5.241648860647533,12.83
2021-01-23,1011010201,花菜类,48.218,48.218,604.244,0.0,48.218,110,0,3,12.531502758306026,15.51
2021-01-23,1011010402,水生根茎类,66.893,66.893,659.236,0.0,66.893,90,0,3,9.85508199662147,13.65
2021-01-23,1011010501,茄类,20.333,20.333,189.317,0.0,20.333,43,0,2,9.310824767619142,6.68
2021-01-23,1011010504,辣椒类,87.038,87.038,1737.4954,40.652,46.386,222,0,8,19.962492244766654,9.24
2021-01-23,1011010801,食用菌,117.521,117.521,1200.526,0.0,117.521,251,0,16,10.215416819121689,9.45
2021-01-24,1011010101,花叶类,350.342,350.342,1945.479,0.0,350.342,535,0,16,5.553085270963802,12.83
2021-01-24,1011010201,花菜类,56.086,56.086,727.484,0.0,56.086,124,0,3,12.970866169810648,15.51
2021-01-24,1011010402,水生根茎类,88.664,88.664,864.742,0.0,88.664,116,0,3,9.753022647297662,13.65
2021-01-24,1011010501,茄类,23.807,23.807,219.601,0.0,23.807,53,0,2,9.224219767295335,6.68
2021-01-24,1011010504,辣椒类,99.115,99.115,1912.9852,21.533,77.582,277,0,8,19.300662866367354,9.24
2021-01-24,1011010801,食用菌,127.934,127.934,1285.3666,0.0,127.934,272,0,16,10.04710710209952,9.45
2021-01-25,1011010101,花叶类,224.149,224.149,1167.54,0.0,224.149,354,0,16,5.208767382410807,12.83
2021-01-25,1011010201,花菜类,34.554,34.554,408.4852,0.0,34.554,78,0,2,11.821647276726283,15.51
2021-01-25,1011010402,水生根茎类,86.892,86.892,853.792,0.0,86.892,103,0,3,9.825898816922157,13.65
2021-01-25,1011010501,茄类,20.041,20.041,189.411,0.0,20.041,43,0,2,9.45117509106332,6.68
2021-01-25,1011010504,辣椒类,68.681,68.681,1389.4488000000001,0.0,68.681,200,0,8,20.230468397373365,9.24
2021-01-25,1011010801,食用菌,79.116,79.116,888.5816,0.0,79.116,197,0,15,11.23137671267506,9.45
2021-01-26,1011010101,花叶类,215.643,215.643,1146.6654,0.0,215.643,340,0,17,5.317424632378515,12.83
2021-01-26,1011010201,花菜类,36.857,36.857,436.5836,0.0,36.857,78,0,3,11.845337385028625,15.51
2021-01-26,1011010402,水生根茎类,59.222,59.222,567.5600000000001,0.0,59.222,79,0,3,9.583600688933167,13.65
2021-01-26,1011010501,茄类,16.078,16.078,152.34,0.0,16.078,36,0,2,9.475059086951115,6.68
2021-01-26,1011010504,辣椒类,57.954,57.954,1212.6492,0.0,57.954,167,0,8,20.924339993788177,9.24
2021-01-26,1011010801,食用菌,101.362,101.362,944.9025,0.253,101.109,216,0,15,9.32205856238038,9.45
2021-01-27,1011010101,花叶类,208.029,208.029,1220.949,0.0,208.029,347,0,15,5.869128823385202,12.83
2021-01-27,1011010201,花菜类,50.986000000000004,50.986000000000004,539.164,0.0,50.986000000000004,113,0,3,10.574746008708273,15.51
2021-01-27,1011010402,水生根茎类,50.075,50.075,491.68,0.0,50.075,65,0,3,9.818871692461308,13.65
2021-01-27,1011010501,茄类,11.937,11.937,114.045,0.0,11.937,27,0,2,9.553908017089721,6.68
2021-01-27,1011010504,辣椒类,105.094,105.094,1750.9002,0.0,105.094,268,0,8,16.660325042343047,9.24
2021-01-27,1011010801,食用菌,108.756,108.756,1086.4284,0.0,108.756,241,0,14,9.98959505682445,9.45
2021-01-28,1011010101,花叶类,160.38400000000001,160.38400000000001,989.4408,0.0,160.38400000000001,266,0,14,6.169198922585793,12.83
2021-01-28,1011010201,花菜类,47.788,47.788,527.25,0.0,47.788,104,0,2,11.033104545074078,15.51
2021-01-28,1011010402,水生根茎类,58.18,58.18,578.496,0.0,58.18,74,0,3,9.943210725335167,13.65
2021-01-28,1011010501,茄类,17.792,17.792,185.162,0.0,17.792,36,0,2,10.407036870503596,6.68
2021-01-28,1011010504,辣椒类,70.075,70.075,1345.6932,0.0,70.075,191,0,8,19.203613271494824,9.24
2021-01-28,1011010801,食用菌,80.927,80.927,838.7324,0.0,80.927,180,0,17,10.364061438086175,9.45
2021-01-29,1011010101,花叶类,151.962,151.962,838.3594,0.0,151.962,240,0,16,5.516901593819508,12.83
2021-01-29,1011010201,花菜类,56.588,56.588,567.098,0.0,56.588,121,0,3,10.02152399802078,15.51
2021-01-29,1011010402,水生根茎类,48.372,48.372,465.074,0.0,48.372,61,0,3,9.614529066402051,13.65
2021-01-29,1011010501,茄类,15.072,15.072,154.728,0.0,15.072,26,0,2,10.265923566878982,6.68
2021-01-29,1011010504,辣椒类,66.029,66.029,1214.8758,0.0,66.029,185,0,8,18.39912462705781,9.24
2021-01-29,1011010801,食用菌,69.324,69.324,811.3958,0.0,69.324,165,0,15,11.70439963071952,9.45
2021-01-30,1011010101,花叶类,236.77700000000002,236.77700000000002,1240.2452,40.884,195.893,389,0,15,5.238030720889276,12.83
2021-01-30,1011010201,花菜类,63.124,63.124,631.24,0.0,63.124,126,0,2,10.0,15.51
2021-01-30,1011010402,水生根茎类,39.938,39.938,390.786,0.0,39.938,55,0,3,9.784816465521558,13.65
2021-01-30,1011010501,茄类,23.084,23.084,279.616,0.0,23.084,50,0,3,12.11297868653613,6.68
2021-01-30,1011010504,辣椒类,91.796,91.796,1691.7538,0.0,91.796,260,0,11,18.429493659854458,9.24
2021-01-30,1011010801,食用菌,94.904,94.904,1033.2052,0.0,94.904,225,0,17,10.886845654556184,9.45
2021-01-31,1011010101,花叶类,249.269,249.269,1405.8184,0.0,249.269,421,0,15,5.639764270727608,12.83
2021-01-31,1011010201,花菜类,37.907,37.907,379.07,0.0,37.907,84,0,2,10.0,15.51
2021-01-31,1011010402,水生根茎类,47.573,47.573,455.304,0.0,47.573,60,0,3,9.570638807727072,13.65
2021-01-31,1011010501,茄类,24.61,24.61,276.77,0.0,24.61,53,0,3,11.246241365298658,6.68
2021-01-31,1011010504,辣椒类,84.451,84.451,1562.9996,0.0,84.451,239,0,9,18.507769002143256,9.24
2021-01-31,1011010801,食用菌,104.054,104.054,1160.3586,0.417,103.637,232,0,16,11.151504026755338,9.45
2021-02-01,1011010101,花叶类,181.621,181.621,914.8342,0.0,181.621,295,0,15,5.037050781572615,12.83
2021-02-01,1011010201,花菜类,25.144,25.144,251.44,0.0,25.144,51,0,2,10.0,15.51
2021-02-01,1011010402,水生根茎类,50.34,50.34,467.50100000000003,0.0,50.34,62,0,3,9.286869288835916,13.65
2021-02-01,1011010501,茄类,13.664,13.664,174.774,0.0,13.664,30,0,4,12.790837236533958,6.68
2021-02-01,1011010504,辣椒类,71.64,71.64,1241.2154,0.0,71.64,193,0,9,17.32573143495254,9.24
2021-02-01,1011010801,食用菌,69.56400000000001,69.56400000000001,798.2628,1.9,67.664,170,0,15,11.475228566499911,9.45
2021-02-02,1011010101,花叶类,193.791,193.791,923.6398,0.0,193.791,305,0,17,4.766164579366431,12.83
2021-02-02,1011010201,花菜类,41.328,41.328,413.28,0.0,41.328,93,0,2,9.999999999999998,15.51
2021-02-02,1011010402,水生根茎类,47.323,47.323,427.89,0.0,47.323,55,0,3,9.041903514147455,13.65
2021-02-02,1011010501,茄类,24.133,24.133,323.99,0.0,24.133,51,0,4,13.425185430737994,6.68
2021-02-02,1011010504,辣椒类,92.145,92.145,1498.7264,0.0,92.145,239,0,9,16.264869499158934,9.24
2021-02-02,1011010801,食用菌,88.048,88.048,866.5928,0.0,88.048,197,0,14,9.84227693985099,9.45
2021-02-03,1011010101,花叶类,223.102,223.102,980.756,2.566,220.536,323,0,15,4.395998242956137,12.83
2021-02-03,1011010201,花菜类,84.615,84.615,697.917,0.0,84.615,171,0,2,8.248147491579507,15.51
2021-02-03,1011010402,水生根茎类,36.091,36.091,326.482,0.0,36.091,49,0,3,9.046077969576903,13.65
2021-02-03,1011010501,茄类,14.938,14.938,194.198,0.0,14.938,33,0,4,13.00026777346365,6.68
2021-02-03,1011010504,辣椒类,79.053,79.053,1370.2106,0.0,79.053,233,0,10,17.332809634042984,9.24
2021-02-03,1011010801,食用菌,91.564,91.564,973.4816000000001,1.6099999999999999,89.954,202,0,14,10.631706784325718,9.45
2021-02-04,1011010101,花叶类,197.832,197.832,1015.608,0.0,197.832,299,0,15,5.133689190828582,12.83
2021-02-04,1011010201,花菜类,69.983,69.983,580.868,0.0,69.983,142,0,2,8.300130031579098,15.51
2021-02-04,1011010402,水生根茎类,61.4,61.4,550.876,0.0,61.4,74,0,3,8.971921824104234,13.65
2021-02-04,1011010501,茄类,27.716,27.716,342.54,0.0,27.716,51,0,4,12.358926251984414,6.68
2021-02-04,1011010504,辣椒类,96.194,96.194,1677.4798,0.0,96.194,252,0,9,17.438507599226565,9.24
2021-02-04,1011010801,食用菌,111.069,111.069,1187.9912,0.0,111.069,232,0,16,10.695974574363683,9.45
2021-02-05,1011010101,花叶类,194.292,194.292,1055.124,0.0,194.292,324,0,19,5.430609597924773,12.83
2021-02-05,1011010201,花菜类,58.169,58.169,482.492,0.0,58.169,113,0,2,8.294658666987571,15.51
2021-02-05,1011010402,水生根茎类,56.39,56.39,545.336,0.0,56.39,69,0,3,9.670792693740024,13.65
2021-02-05,1011010501,茄类,25.906,25.906,336.963,0.0,25.906,47,0,5,13.00714120281016,6.68
2021-02-05,1011010504,辣椒类,124.448,124.448,2152.8444,0.0,124.448,310,0,8,17.299148238621754,9.24
2021-02-05,1011010801,食用菌,95.222,95.222,1139.6712,0.0,95.222,217,0,12,11.968570288378737,9.45
2021-02-06,1011010101,花叶类,212.817,212.817,1042.609,0.0,212.817,332,0,19,4.899087009026534,12.83
2021-02-06,1011010201,花菜类,75.497,75.497,631.751,0.0,75.497,151,0,2,8.36789541306277,15.51
2021-02-06,1011010402,水生根茎类,55.472,55.472,552.268,0.0,55.472,67,0,3,9.955797519469282,13.65
2021-02-06,1011010501,茄类,39.051,39.051,474.408,0.0,39.051,78,0,5,12.148421295229316,6.68
2021-02-06,1011010504,辣椒类,194.842,194.842,2739.1974,0.0,194.842,431,0,8,14.05855718992825,9.24
2021-02-06,1011010801,食用菌,119.696,119.696,1280.115,0.0,119.696,249,0,14,10.694718286325358,9.45
2021-02-07,1011010101,花叶类,193.778,193.778,893.12,0.0,193.778,279,0,18,4.6089855401541975,12.83
2021-02-07,1011010201,花菜类,53.682,53.682,463.148,0.0,53.682,112,0,2,8.627621921686972,15.51
2021-02-07,1011010402,水生根茎类,101.527,101.527,1108.601,0.0,101.527,99,0,3,10.9192727057827,13.65
2021-02-07,1011010501,茄类,43.635,43.635,579.03,0.0,43.635,73,0,5,13.269852182880715,6.68
2021-02-07,1011010504,辣椒类,159.904,159.904,2691.2368,0.0,159.904,365,0,8,16.830328196918153,9.24
2021-02-07,1011010801,食用菌,147.812,147.812,1539.4088000000002,0.0,147.812,299,0,15,10.414640218656132,9.45
2021-02-08,1011010101,花叶类,234.405,234.405,1232.6736,0.0,234.405,344,0,20,5.258734242017022,12.83
2021-02-08,1011010201,花菜类,122.215,122.215,961.794,0.0,122.215,213,0,2,7.86968866342102,15.51
2021-02-08,1011010402,水生根茎类,124.55,124.55,1386.664,0.0,124.55,118,0,3,11.133392211963066,13.65
2021-02-08,1011010501,茄类,58.326,58.326,775.564,0.0,58.326,93,0,5,13.297054486849774,6.68
2021-02-08,1011010504,辣椒类,289.227,289.227,4716.9014,0.0,289.227,559,0,8,16.30864822440505,9.24
2021-02-08,1011010801,食用菌,240.205,240.205,2369.981,0.0,240.205,420,0,13,9.866493203721822,9.45
2021-02-09,1011010101,花叶类,282.558,282.558,1807.8899999999999,0.0,282.558,419,0,18,6.398296986813326,12.83
2021-02-09,1011010201,花菜类,139.056,139.056,1149.585,0.0,139.056,235,0,3,8.26706506731101,15.51
2021-02-09,1011010402,水生根茎类,211.431,211.431,2786.782,0.0,211.431,203,0,3,13.180574277187356,13.65
2021-02-09,1011010501,茄类,87.912,87.912,1080.738,0.0,87.912,135,0,2,12.293407043407043,6.68
2021-02-09,1011010504,辣椒类,423.696,423.696,8576.8816,0.0,423.696,912,0,9,20.243008194554587,9.24
2021-02-09,1011010801,食用菌,326.993,326.993,3373.5314000000003,0.0,326.993,597,0,14,10.316830635518192,9.45
2021-02-10,1011010101,花叶类,508.104,503.976,3640.722,0.0,503.976,769,0,17,7.223998761845802,12.83
2021-02-10,1011010201,花菜类,167.055,167.055,1508.258,0.0,167.055,259,0,2,9.028511568046452,15.51
2021-02-10,1011010402,水生根茎类,296.79200000000003,296.79200000000003,4272.252,0.0,296.79200000000003,296,0,4,14.394768053047251,13.65
2021-02-10,1011010501,茄类,118.931,118.931,1433.7474,0.0,118.931,188,0,3,12.055287519654254,6.68
2021-02-10,1011010504,辣椒类,505.888,505.888,12406.8506,0.0,505.888,1322,0,13,24.52489602441647,9.24
2021-02-10,1011010801,食用菌,511.136,511.136,5487.0608,0.0,511.136,913,0,15,10.735030989795279,9.45
2021-02-13,1011010101,花叶类,243.485,243.485,1814.1526,0.0,243.485,382,0,13,7.450777665975316,12.83
2021-02-13,1011010201,花菜类,22.759,22.759,182.072,0.0,22.759,39,0,1,8.0,15.51
2021-02-13,1011010402,水生根茎类,50.0,50.0,645.0,0.0,50.0,50,0,1,12.9,13.65
2021-02-13,1011010501,茄类,28.967,28.967,347.604,0.0,28.967,51,0,1,12.0,6.68
2021-02-13,1011010504,辣椒类,104.485,104.485,2624.4228,0.0,104.485,335,0,11,25.117699191271473,9.24
2021-02-13,1011010801,食用菌,74.519,74.519,923.1536,13.927,60.592,182,0,8,12.388164092379125,9.45
2021-02-14,1011010101,花叶类,195.74,195.74,1281.958,75.722,120.018,323,0,15,6.549289874323081,12.83
2021-02-14,1011010201,花菜类,16.607,16.607,138.567,4.915,11.692,31,0,2,8.343891130246282,15.51
2021-02-14,1011010402,水生根茎类,65.073,65.073,927.064,30.182000000000002,34.891,80,0,3,14.246523135555455,13.65
2021-02-14,1011010501,茄类,25.06,25.06,300.72,0.0,25.06,49,0,1,12.000000000000002,6.68
2021-02-14,1011010504,辣椒类,116.812,116.812,2878.0942,48.111,68.701,399,0,11,24.638686093894464,9.24
2021-02-14,1011010801,食用菌,164.586,164.586,1306.5456,0.0,164.586,292,0,14,7.938376289599358,9.45
2021-02-15,1011010101,花叶类,300.13,300.13,1664.2622,9.0,291.13,483,0,13,5.545137773631426,12.83
2021-02-15,1011010201,花菜类,41.123,41.123,327.813,0.0,41.123,73,0,2,7.971524451037133,15.51
2021-02-15,1011010402,水生根茎类,68.394,68.394,948.224,0.0,68.394,88,0,4,13.864140129251103,13.65
2021-02-15,1011010501,茄类,39.655,39.655,475.86,0.0,39.655,72,0,1,12.0,6.68
2021-02-15,1011010504,辣椒类,168.272,168.272,3213.7122,0.0,168.272,496,0,9,19.09831819910621,9.24
2021-02-15,1011010801,食用菌,213.983,212.364,1832.8408,0.0,212.364,383,0,16,8.630656796820553,9.45
2021-02-16,1011010101,花叶类,253.696,253.696,1518.1286,0.0,253.696,414,0,13,5.9840462600908175,12.83
2021-02-16,1011010201,花菜类,40.493,40.493,337.344,0.0,40.493,82,0,2,8.330921393821153,15.51
2021-02-16,1011010402,水生根茎类,67.819,67.819,949.466,0.0,67.819,84,0,1,14.0,13.65
2021-02-16,1011010501,茄类,31.647,31.647,379.764,0.0,31.647,64,0,1,12.000000000000002,6.68
2021-02-16,1011010504,辣椒类,151.649,151.649,2974.4028,0.0,151.649,501,0,8,19.613731709407908,9.24
2021-02-16,1011010801,食用菌,174.61,174.61,1462.5614,0.0,174.61,300,0,15,8.376160586449801,9.45
2021-02-17,1011010101,花叶类,180.052,180.052,943.6824,0.0,180.052,303,0,16,5.241165885410882,12.83
2021-02-17,1011010201,花菜类,33.589,33.589,255.793,0.0,33.589,70,0,2,7.615380035130549,15.51
2021-02-17,1011010402,水生根茎类,53.632,53.632,643.5840000000001,0.0,53.632,70,0,1,12.000000000000002,13.65
2021-02-17,1011010501,茄类,30.358,30.358,364.296,0.0,30.358,67,0,1,12.0,6.68
2021-02-17,1011010504,辣椒类,133.646,133.646,2373.1406,0.0,133.646,431,0,9,17.756914535414456,9.24
2021-02-17,1011010801,食用菌,144.793,144.793,1420.0274,0.0,144.793,282,0,15,9.807293170249942,9.45
2021-02-18,1011010101,花叶类,227.336,227.336,1299.145,0.0,227.336,410,0,16,5.714647042263434,12.83
2021-02-18,1011010201,花菜类,56.001,56.001,366.756,0.0,56.001,106,0,2,6.549097337547543,15.51
2021-02-18,1011010402,水生根茎类,62.327,62.327,747.924,0.0,62.327,83,0,1,12.0,13.65
2021-02-18,1011010501,茄类,18.169999999999998,18.169999999999998,218.04,0.0,18.169999999999998,44,0,1,12.0,6.68
2021-02-18,1011010504,辣椒类,105.697,105.697,1851.734,0.0,105.697,365,0,9,17.519267339659592,9.24
2021-02-18,1011010801,食用菌,130.174,130.174,1222.3284,0.0,130.174,259,0,16,9.389958056140243,9.45
2021-02-19,1011010101,花叶类,184.169,184.169,994.0222,0.0,184.169,312,0,16,5.3973372283066094,12.83
2021-02-19,1011010201,花菜类,47.197,47.197,285.229,0.0,47.197,103,0,2,6.043371400724622,15.51
2021-02-19,1011010402,水生根茎类,73.044,73.044,693.03,19.413,53.631,90,0,2,9.487842943978972,13.65
2021-02-19,1011010501,茄类,13.769,13.769,160.8572,0.0,13.769,31,0,2,11.682562277580072,6.68
2021-02-19,1011010504,辣椒类,116.07000000000001,116.07000000000001,1255.0168,0.0,116.07000000000001,323,0,7,10.812585508744723,9.24
2021-02-19,1011010801,食用菌,92.327,92.327,785.2096,0.0,92.327,165,0,13,8.504658442275824,9.45
2021-02-20,1011010101,花叶类,175.262,175.262,1075.3956,0.0,175.262,332,0,17,6.1359313484953955,12.83
2021-02-20,1011010201,花菜类,39.445,39.445,255.507,0.0,39.445,81,0,2,6.477551020408163,15.51
2021-02-20,1011010402,水生根茎类,60.612,60.612,726.5,0.0,60.612,80,0,3,11.986075364614267,13.65
2021-02-20,1011010501,茄类,21.798000000000002,21.798000000000002,238.3638,0.0,21.798000000000002,52,0,4,10.935122488301678,6.68
2021-02-20,1011010504,辣椒类,119.306,119.306,1420.9138,0.0,119.306,344,0,9,11.909826831844166,9.24
2021-02-20,1011010801,食用菌,88.794,88.794,827.3514,0.0,88.794,185,0,14,9.317649841205487,9.45
2021-02-21,1011010101,花叶类,144.855,144.855,896.6858,0.0,144.855,294,0,15,6.19023023023023,12.83
2021-02-21,1011010201,花菜类,35.248,35.248,246.917,0.0,35.248,84,0,2,7.005135043123015,15.51
2021-02-21,1011010402,水生根茎类,38.554,38.554,465.296,0.0,38.554,57,0,3,12.068682886341234,13.65
2021-02-21,1011010501,茄类,33.803,33.803,346.29,0.0,33.803,67,0,4,10.244357009732866,6.68
2021-02-21,1011010504,辣椒类,80.423,80.423,1066.6534,0.0,80.423,255,0,8,13.263039180333983,9.24
2021-02-21,1011010801,食用菌,79.403,79.403,718.7456,0.0,79.403,153,0,13,9.051869576716244,9.45
2021-02-22,1011010101,花叶类,139.491,139.491,753.278,0.0,139.491,266,0,15,5.400190693306378,12.83
2021-02-22,1011010201,花菜类,30.813,30.813,193.84,0.0,30.813,66,0,2,6.290851264076851,15.51
2021-02-22,1011010402,水生根茎类,40.444,40.444,418.94,0.0,40.444,53,0,3,10.358520423301353,13.65
2021-02-22,1011010501,茄类,15.47,15.47,151.63840000000002,0.0,15.47,35,0,4,9.802094376212024,6.68
2021-02-22,1011010504,辣椒类,72.834,72.834,973.7256,0.0,72.834,212,0,7,13.369107834253233,9.24
2021-02-22,1011010801,食用菌,66.554,66.554,584.538,0.0,66.554,119,0,12,8.78291312317817,9.45
2021-02-23,1011010101,花叶类,136.05,136.05,814.9998,0.0,136.05,283,0,15,5.99044321940463,12.83
2021-02-23,1011010201,花菜类,24.456,24.456,153.632,0.0,24.456,59,0,2,6.281975793261368,15.51
2021-02-23,1011010402,水生根茎类,44.084,44.084,507.54,0.0,44.084,59,0,3,11.51302059704201,13.65
2021-02-23,1011010501,茄类,25.429,25.429,252.323,0.0,25.429,54,0,4,9.922647371111724,6.68
2021-02-23,1011010504,辣椒类,85.425,85.425,865.8902,0.0,85.425,246,0,8,10.136262218320164,9.24
2021-02-23,1011010801,食用菌,77.586,77.586,619.4122,0.0,77.586,141,0,12,7.98355631170572,9.45
2021-02-24,1011010101,花叶类,190.158,190.158,959.482,0.0,190.158,314,0,16,5.045709357481673,12.83
2021-02-24,1011010201,花菜类,37.410000000000004,37.410000000000004,224.46,0.0,37.410000000000004,78,0,2,6.0,15.51
2021-02-24,1011010402,水生根茎类,54.382,54.382,587.32,0.0,54.382,80,0,3,10.799897024750837,13.65
2021-02-24,1011010501,茄类,22.668,22.668,207.287,0.0,22.668,47,0,4,9.14447679548262,6.68
2021-02-24,1011010504,辣椒类,60.043,60.043,684.9318,0.0,60.043,222,0,10,11.407354729110804,9.24
2021-02-24,1011010801,食用菌,88.233,88.233,771.2396,0.0,88.233,170,0,11,8.740942731177677,9.45
2021-02-25,1011010101,花叶类,156.613,156.613,867.957,0.0,156.613,300,0,17,5.542049510577027,12.83
2021-02-25,1011010201,花菜类,39.885,39.885,239.31,0.0,39.885,83,0,2,6.0,15.51
2021-02-25,1011010402,水生根茎类,74.027,74.027,856.6824,0.0,74.027,94,0,4,11.572566766179907,13.65
2021-02-25,1011010501,茄类,34.618,34.618,293.604,0.0,34.618,71,0,4,8.481252527586804,6.68
2021-02-25,1011010504,辣椒类,100.118,100.118,926.398,0.0,100.118,291,0,8,9.253061387562676,9.24
2021-02-25,1011010801,食用菌,110.557,110.557,849.2956,0.0,110.557,192,0,13,7.681970386316561,9.45
2021-02-26,1011010101,花叶类,276.322,276.322,1512.9768,0.0,276.322,459,0,14,5.475412019310804,12.83
2021-02-26,1011010201,花菜类,70.064,70.064,490.668,0.0,70.064,151,0,2,7.003139986298242,15.51
2021-02-26,1011010402,水生根茎类,72.508,72.508,829.48,0.0,72.508,89,0,3,11.439841120979755,13.65
2021-02-26,1011010501,茄类,31.286,31.286,280.036,0.0,31.286,67,0,4,8.950840631592405,6.68
2021-02-26,1011010504,辣椒类,135.777,135.777,1269.97,0.0,135.777,376,0,9,9.353351451276726,9.24
2021-02-26,1011010801,食用菌,159.095,159.095,1245.3274000000001,1.0,158.095,254,0,11,7.8275709481756195,9.45
2021-02-27,1011010101,花叶类,218.04,218.04,1185.838,0.0,218.04,361,0,11,5.43862594019446,12.83
2021-02-27,1011010201,花菜类,74.704,74.704,577.005,0.0,74.704,153,0,2,7.723883593917328,15.51
2021-02-27,1011010402,水生根茎类,45.651,45.651,494.21,0.0,45.651,66,0,3,10.825830759457624,13.65
2021-02-27,1011010501,茄类,22.579,22.579,186.376,0.0,22.579,49,0,4,8.254395677399353,6.68
2021-02-27,1011010504,辣椒类,122.322,122.322,1106.2048,0.0,122.322,323,0,7,9.043383855725054,9.24
2021-02-27,1011010801,食用菌,116.814,116.814,921.104,0.0,116.814,224,0,13,7.8852192374201735,9.45
2021-02-28,1011010101,花叶类,313.729,309.688,1454.2618,0.0,309.688,462,0,16,4.695893286146057,12.83
2021-02-28,1011010201,花菜类,54.964,54.673,410.4034,0.0,54.673,109,0,2,7.506509611691328,15.51
2021-02-28,1011010402,水生根茎类,49.705,49.705,495.15,0.0,49.705,71,0,3,9.961774469369278,13.65
2021-02-28,1011010501,茄类,27.705,27.705,252.252,0.0,27.705,59,0,4,9.104926908500271,6.68
2021-02-28,1011010504,辣椒类,114.677,114.677,1061.4208,0.0,114.677,322,0,8,9.255742651098302,9.24
2021-02-28,1011010801,食用菌,111.764,111.764,851.8354,0.0,111.764,215,0,12,7.621733295157655,9.45
2021-03-01,1011010101,花叶类,241.709,241.709,1334.866,0.0,241.709,432,0,19,5.5226160382939815,12.83
2021-03-01,1011010201,花菜类,28.579,28.579,230.27,0.0,28.579,59,0,2,8.057314811574933,15.51
2021-03-01,1011010402,水生根茎类,29.048,29.048,289.98,0.0,29.048,36,0,2,9.98278711098871,13.65
2021-03-01,1011010501,茄类,27.232,27.232,226.776,0.0,27.232,58,0,4,8.327555816686251,6.68
2021-03-01,1011010504,辣椒类,97.068,97.068,809.952,0.0,97.068,293,0,11,8.344171096550872,9.24
2021-03-01,1011010801,食用菌,79.404,79.404,653.6788,0.0,79.404,169,0,12,8.232315752355046,9.45
2021-03-02,1011010101,花叶类,182.984,182.984,1158.5064,0.0,182.984,333,0,20,6.331189612206531,12.83
2021-03-02,1011010201,花菜类,40.61,40.61,330.168,0.0,40.61,85,0,2,8.13021423294755,15.51
2021-03-02,1011010402,水生根茎类,46.406,46.406,461.56,0.0,46.406,59,0,2,9.946127655906563,13.65
2021-03-02,1011010501,茄类,16.541,16.541,132.84,0.0,16.541,34,0,3,8.030953388549664,6.68
2021-03-02,1011010504,辣椒类,83.363,83.363,729.2652,0.0,83.363,238,0,8,8.748068087760759,9.24
2021-03-02,1011010801,食用菌,62.044,62.044,549.2722,0.0,62.044,144,0,14,8.852946296176906,9.45
2021-03-03,1011010101,花叶类,186.008,186.008,1202.33,0.0,186.008,328,0,18,6.463861769386262,12.83
2021-03-03,1011010201,花菜类,22.01,22.01,186.7806,0.0,22.01,47,0,2,8.48616992276238,15.51
2021-03-03,1011010402,水生根茎类,20.757,20.757,206.27,0.0,20.757,28,0,2,9.93737052560582,13.65
2021-03-03,1011010501,茄类,23.654,23.654,220.226,0.0,23.654,47,0,4,9.310306924833009,6.68
2021-03-03,1011010504,辣椒类,80.749,80.749,733.8636,0.0,80.749,238,0,7,9.08820666509802,9.24
2021-03-03,1011010801,食用菌,71.027,71.027,526.704,0.0,71.027,138,0,13,7.415546200740563,9.45
2021-03-04,1011010101,花叶类,145.281,145.281,826.6526,0.0,145.281,269,0,17,5.690025536718497,12.83
2021-03-04,1011010201,花菜类,18.952,18.952,157.2054,0.0,18.952,39,0,2,8.294924018573237,15.51
2021-03-04,1011010402,水生根茎类,28.177,28.177,280.77,0.0,28.177,37,0,2,9.964510061397593,13.65
2021-03-04,1011010501,茄类,20.344,20.344,175.227,0.0,20.344,44,0,4,8.613202909948878,6.68
2021-03-04,1011010504,辣椒类,93.07600000000001,93.07600000000001,586.6376,0.0,93.07600000000001,246,0,9,6.302780523443207,9.24
2021-03-04,1011010801,食用菌,72.465,72.465,518.853,0.0,72.465,146,0,12,7.1600496791554535,9.45
2021-03-05,1011010101,花叶类,211.185,211.185,1031.8946,0.0,211.185,331,0,19,4.886211615408292,12.83
2021-03-05,1011010201,花菜类,41.955,41.955,344.39799999999997,0.0,41.955,89,0,2,8.208747467524729,15.51
2021-03-05,1011010402,水生根茎类,35.138,35.138,349.68,0.0,35.138,47,0,2,9.951619329500826,13.65
2021-03-05,1011010501,茄类,22.986,22.986,183.888,0.0,22.986,47,0,2,8.0,6.68
2021-03-05,1011010504,辣椒类,101.498,101.498,751.2760000000001,0.0,101.498,274,0,8,7.401879839996847,9.24
2021-03-05,1011010801,食用菌,82.585,82.585,663.894,0.0,82.585,161,0,12,8.038917478961071,9.45
2021-03-06,1011010101,花叶类,288.817,288.817,1462.1032,0.0,288.817,483,0,22,5.062386216877815,12.83
2021-03-06,1011010201,花菜类,64.332,64.332,527.4452,0.0,64.332,126,0,2,8.198799975129019,15.51
2021-03-06,1011010402,水生根茎类,61.735,61.735,613.85,0.0,61.735,75,0,2,9.943306066250912,13.65
2021-03-06,1011010501,茄类,38.176,38.176,305.408,0.0,38.176,80,0,2,8.0,6.68
2021-03-06,1011010504,辣椒类,167.583,167.583,1248.37,0.0,167.583,459,0,9,7.449263946820381,9.24
2021-03-06,1011010801,食用菌,151.214,151.214,1130.8700000000001,0.0,151.214,313,0,12,7.478606478236143,9.45
2021-03-07,1011010101,花叶类,270.819,264.314,1197.7832,2.0,262.314,456,0,22,4.531667637733907,12.83
2021-03-07,1011010201,花菜类,84.586,84.586,561.3356,0.0,84.586,163,0,2,6.636270777670064,15.51
2021-03-07,1011010402,水生根茎类,36.889,36.889,367.89,0.0,36.889,49,0,2,9.972891647916722,13.65
2021-03-07,1011010501,茄类,26.748,26.748,236.948,0.0,26.748,60,0,3,8.858531478989082,6.68
2021-03-07,1011010504,辣椒类,122.568,122.568,956.1306,0.0,122.568,343,0,10,7.8008175053847655,9.24
2021-03-07,1011010801,食用菌,125.428,125.428,891.062,0.0,125.428,246,0,12,7.104171317409191,9.45
2021-03-08,1011010101,花叶类,211.746,211.746,1129.3342,0.0,211.746,353,0,21,5.333438175927762,12.83
2021-03-08,1011010201,花菜类,45.65,45.65,323.4144,0.0,45.65,103,0,2,7.084652792990143,15.51
2021-03-08,1011010402,水生根茎类,26.921,26.921,268.91,0.0,26.921,42,0,2,9.988856283198992,13.65
2021-03-08,1011010501,茄类,19.815,19.815,177.40699999999998,0.0,19.815,42,0,3,8.953166792833711,6.68
2021-03-08,1011010504,辣椒类,80.399,80.399,582.7694,0.0,80.399,234,0,8,7.2484657769375245,9.24
2021-03-08,1011010801,食用菌,78.721,78.721,646.064,0.0,78.721,181,0,12,8.207009565427267,9.45
2021-03-09,1011010101,花叶类,170.907,170.907,914.3914,0.0,170.907,314,0,24,5.350227901724329,12.83
2021-03-09,1011010201,花菜类,34.073,34.073,241.632,0.0,34.073,62,0,2,7.091597452528395,15.51
2021-03-09,1011010402,水生根茎类,42.608,42.608,389.86400000000003,0.0,42.608,59,0,2,9.150018775816749,13.65
2021-03-09,1011010501,茄类,20.838,20.838,182.706,0.0,20.838,46,0,2,8.767923985027354,6.68
2021-03-09,1011010504,辣椒类,66.895,66.895,590.8882,0.0,66.895,213,0,8,8.833069736153673,9.24
2021-03-09,1011010801,食用菌,143.511,143.511,655.206,0.0,143.511,217,0,10,4.565545498254489,9.45
2021-03-10,1011010101,花叶类,119.599,119.599,674.7836,0.0,119.599,231,0,20,5.6420505188170464,12.83
2021-03-10,1011010201,花菜类,25.101,25.101,197.311,0.0,25.101,56,0,2,7.860682841321063,15.51
2021-03-10,1011010402,水生根茎类,24.891000000000002,24.891000000000002,199.12800000000001,0.0,24.891000000000002,35,0,1,8.0,13.65
2021-03-10,1011010501,茄类,14.35,14.35,114.8,0.0,14.35,32,0,2,8.0,6.68
2021-03-10,1011010504,辣椒类,59.548,59.548,483.2532,0.0,59.548,173,0,8,8.11535567945187,9.24
2021-03-10,1011010801,食用菌,91.994,91.994,518.711,0.0,91.994,161,0,12,5.638530773746114,9.45
2021-03-11,1011010101,花叶类,158.357,158.357,963.002,0.0,158.357,295,0,20,6.081208914036007,12.83
2021-03-11,1011010201,花菜类,30.749,30.749,257.843,0.0,30.749,66,0,2,8.385410907671796,15.51
2021-03-11,1011010402,水生根茎类,31.801,31.801,288.3406,0.0,31.801,53,0,3,9.067029338700042,13.65
2021-03-11,1011010501,茄类,16.37,16.37,147.043,0.0,16.37,31,0,3,8.982467929138668,6.68
2021-03-11,1011010504,辣椒类,57.357,57.357,495.2164,0.0,57.357,165,0,8,8.633931342294751,9.24
2021-03-11,1011010801,食用菌,75.477,75.477,551.5098,0.0,75.477,137,0,13,7.306991533844748,9.45
2021-03-12,1011010101,花叶类,152.44,152.44,975.3532,0.0,152.44,261,0,20,6.3982760430333245,12.83
2021-03-12,1011010201,花菜类,31.282,31.282,267.604,0.0,31.282,67,0,2,8.554568122242824,15.51
2021-03-12,1011010402,水生根茎类,21.764,21.764,183.912,0.0,21.764,30,0,2,8.450284874104026,13.65
2021-03-12,1011010501,茄类,23.836000000000002,23.836000000000002,214.491,0.0,23.836000000000002,40,0,3,8.998615539520053,6.68
2021-03-12,1011010504,辣椒类,102.131,102.131,695.681,0.0,102.131,280,0,8,6.811653660494855,9.24
2021-03-12,1011010801,食用菌,84.232,84.232,665.9982,0.0,84.232,154,0,14,7.9067124133346,9.45
2021-03-13,1011010101,花叶类,169.055,169.055,1138.2034,0.0,169.055,350,0,24,6.732740232468723,12.83
2021-03-13,1011010201,花菜类,43.017,43.017,381.088,0.0,43.017,92,0,2,8.859009228909501,15.51
2021-03-13,1011010402,水生根茎类,47.086,47.086,517.26,0.0,47.086,60,0,2,10.985430913647368,13.65
2021-03-13,1011010501,茄类,26.434,26.434,235.261,0.0,26.434,53,0,3,8.89993947189226,6.68
2021-03-13,1011010504,辣椒类,104.089,104.089,817.1816,0.0,104.089,287,0,9,7.850796914179212,9.24
2021-03-13,1011010801,食用菌,101.865,101.865,707.574,0.0,101.865,199,0,13,6.946193491385658,9.45
2021-03-14,1011010101,花叶类,176.032,176.032,1191.3326,0.0,176.032,380,0,21,6.767704735502635,12.83
2021-03-14,1011010201,花菜类,41.13,41.13,376.356,0.0,41.13,84,0,2,9.150401167031363,15.51
2021-03-14,1011010402,水生根茎类,30.295,30.295,329.05,0.0,30.295,41,0,2,10.861528305000824,13.65
2021-03-14,1011010501,茄类,17.721,17.721,164.07,0.0,17.721,37,0,3,9.258506856272218,6.68
2021-03-14,1011010504,辣椒类,117.089,117.089,711.196,0.0,117.089,321,0,8,6.073977914236179,9.24
2021-03-14,1011010801,食用菌,75.95,75.95,535.0,0.0,75.95,158,0,11,7.044107965766952,9.45
2021-03-15,1011010101,花叶类,90.812,90.812,628.476,0.0,90.812,179,0,18,6.9206272298815135,12.83
2021-03-15,1011010201,花菜类,28.603,28.603,249.53799999999998,0.0,28.603,58,0,2,8.724189770303813,15.51
2021-03-15,1011010402,水生根茎类,22.597,22.597,240.47,0.0,22.597,29,0,2,10.64167809886268,13.65
2021-03-15,1011010501,茄类,13.658,13.658,109.264,0.0,13.658,28,0,2,8.0,6.68
2021-03-15,1011010504,辣椒类,85.656,85.656,492.0996,0.0,85.656,211,0,8,5.745068646679742,9.24
2021-03-15,1011010801,食用菌,40.423,40.423,263.0578,0.0,40.423,73,0,12,6.507626846102466,9.45
2021-03-16,1011010101,花叶类,100.121,100.121,629.4896,0.0,100.121,203,0,20,6.287288381058919,12.83
2021-03-16,1011010201,花菜类,19.792,19.792,171.139,0.0,19.792,40,0,2,8.646877526273242,15.51
2021-03-16,1011010402,水生根茎类,19.772,19.772,209.32,0.0,19.772,26,0,2,10.586688246004451,13.65
2021-03-16,1011010501,茄类,13.577,13.577,110.688,0.0,13.577,27,0,3,8.15261103336525,6.68
2021-03-16,1011010504,辣椒类,72.126,72.126,409.8922,0.0,72.126,201,0,7,5.683001968776862,9.24
2021-03-16,1011010801,食用菌,44.844,44.844,318.8598,0.0,44.844,96,0,11,7.110422799036661,9.45
2021-03-17,1011010101,花叶类,107.653,107.653,699.0722,0.0,107.653,236,0,21,6.493754934836929,12.83
2021-03-17,1011010201,花菜类,29.326,29.326,267.166,0.0,29.326,59,0,2,9.11020937052445,15.51
2021-03-17,1011010402,水生根茎类,19.493,19.493,214.234,0.0,19.493,29,0,3,10.99030421176833,13.65
2021-03-17,1011010501,茄类,19.313,19.313,154.504,0.0,19.313,42,0,2,8.0,6.68
2021-03-17,1011010504,辣椒类,83.755,83.755,635.9838,0.0,83.755,249,0,8,7.593383081607068,9.24
2021-03-17,1011010801,食用菌,44.028999999999996,44.028999999999996,400.6696,0.0,44.028999999999996,103,0,12,9.100129460128553,9.45
2021-03-18,1011010101,花叶类,128.058,128.058,852.0296,0.0,128.058,272,0,20,6.653466398038389,12.83
2021-03-18,1011010201,花菜类,29.081,29.081,239.657,0.0,29.081,58,0,2,8.241016471235515,15.51
2021-03-18,1011010402,水生根茎类,20.852,20.852,223.02,0.0,20.852,30,0,2,10.695376942259736,13.65
2021-03-18,1011010501,茄类,11.866,11.866,97.86,0.0,11.866,29,0,3,8.247092533288388,6.68
2021-03-18,1011010504,辣椒类,73.733,73.733,507.1216,0.0,73.733,198,0,8,6.877810478347551,9.24
2021-03-18,1011010801,食用菌,65.501,65.501,462.69,0.0,65.501,128,0,11,7.063861620433276,9.45
2021-03-19,1011010101,花叶类,140.893,140.893,813.718,0.0,140.893,287,0,21,5.7754324203473555,12.83
2021-03-19,1011010201,花菜类,42.902,42.902,315.692,0.0,42.902,87,0,2,7.3584448277469585,15.51
2021-03-19,1011010402,水生根茎类,39.292,39.292,439.32,0.0,39.292,46,0,2,11.180901964776544,13.65
2021-03-19,1011010501,茄类,16.235,16.235,133.534,0.0,16.235,37,0,3,8.2250692947336,6.68
2021-03-19,1011010504,辣椒类,67.509,67.509,526.0151999999999,0.0,67.509,203,0,8,7.79177887392792,9.24
2021-03-19,1011010801,食用菌,69.141,69.141,624.0002,0.0,69.141,160,0,11,9.025038689055696,9.45
2021-03-20,1011010101,花叶类,267.979,267.979,1811.3624,0.0,267.979,530,0,20,6.759344575507782,12.83
2021-03-20,1011010201,花菜类,34.377,34.377,289.518,0.0,34.377,72,0,2,8.421851819530499,15.51
2021-03-20,1011010402,水生根茎类,39.984,39.984,458.16,0.0,39.984,56,0,3,11.458583433373349,13.65
2021-03-20,1011010501,茄类,21.477,21.477,190.952,0.0,21.477,43,0,3,8.890999674069935,6.68
2021-03-20,1011010504,辣椒类,117.89,117.89,812.0966,0.0,117.89,343,0,8,6.888596148952413,9.24
2021-03-20,1011010801,食用菌,77.235,77.235,668.4632,0.0,77.235,186,0,12,8.654925875574545,9.45
2021-03-21,1011010101,花叶类,199.712,199.712,1261.989,0.0,199.712,385,0,21,6.319044423970518,12.83
2021-03-21,1011010201,花菜类,51.413000000000004,51.413000000000004,394.756,0.0,51.413000000000004,103,0,2,7.678135880030341,15.51
2021-03-21,1011010402,水生根茎类,41.705,41.705,455.178,0.0,41.705,64,0,3,10.91423090756504,13.65
2021-03-21,1011010501,茄类,17.948999999999998,17.948999999999998,151.954,0.0,17.948999999999998,40,0,3,8.465875536241574,6.68
2021-03-21,1011010504,辣椒类,112.176,112.176,725.9603999999999,0.0,112.176,310,0,9,6.471619597774924,9.24
2021-03-21,1011010801,食用菌,94.838,94.838,716.3892,0.0,94.838,182,0,12,7.553820198654548,9.45
2021-03-22,1011010101,花叶类,115.022,115.022,789.3078,0.0,115.022,240,0,21,6.86223331188816,12.83
2021-03-22,1011010201,花菜类,30.625,30.625,266.1004,0.0,30.625,66,0,2,8.688992653061224,15.51
2021-03-22,1011010402,水生根茎类,10.113,10.113,113.974,0.0,10.113,17,0,3,11.270048452486899,13.65
2021-03-22,1011010501,茄类,11.561,11.561,96.358,0.0,11.561,26,0,2,8.334746129227575,6.68
2021-03-22,1011010504,辣椒类,70.68900000000001,70.68900000000001,416.6514,0.021,70.668,179,0,7,5.894147604294869,9.24
2021-03-22,1011010801,食用菌,50.802,50.802,437.5874,0.139,50.663000000000004,115,0,11,8.613586079288217,9.45
2021-03-23,1011010101,花叶类,134.706,134.706,801.274,0.0,134.706,254,0,19,5.948317075705611,12.83
2021-03-23,1011010201,花菜类,28.634,28.634,258.62,0.0,28.634,62,0,2,9.031920094991968,15.51
2021-03-23,1011010402,水生根茎类,13.349,13.349,144.41,0.0,13.349,23,0,3,10.818038804404823,13.65
2021-03-23,1011010501,茄类,19.312,19.312,162.106,0.0,19.312,35,0,3,8.394055509527753,6.68
2021-03-23,1011010504,辣椒类,66.931,66.931,442.88599999999997,0.0,66.931,172,0,7,6.617053383335076,9.24
2021-03-23,1011010801,食用菌,48.174,48.174,385.9092,0.0,48.174,102,0,13,8.010736081703824,9.45
2021-03-24,1011010101,花叶类,103.505,103.505,704.0186,0.0,103.505,211,0,19,6.801783488720352,12.83
2021-03-24,1011010201,花菜类,27.331,27.331,239.982,0.0,27.331,59,0,2,8.780578829900113,15.51
2021-03-24,1011010402,水生根茎类,14.013,14.013,151.254,0.0,14.013,21,0,3,10.79383429672447,13.65
2021-03-24,1011010501,茄类,15.113,15.113,125.694,0.0,15.113,29,0,2,8.316945675908158,6.68
2021-03-24,1011010504,辣椒类,42.484,42.484,330.2934,0.0,42.484,121,0,7,7.774536296017324,9.24
2021-03-24,1011010801,食用菌,35.583,35.583,342.99760000000003,0.0,35.583,83,0,12,9.63936711350926,9.45
2021-03-25,1011010101,花叶类,86.632,86.632,650.141,0.0,86.632,206,0,18,7.504628774586757,12.83
2021-03-25,1011010201,花菜类,25.174,25.174,222.566,0.0,25.174,59,0,2,8.841105902915707,15.51
2021-03-25,1011010402,水生根茎类,15.827,15.827,172.666,0.0,15.827,24,0,3,10.909584886586213,13.65
2021-03-25,1011010501,茄类,14.621,14.621,129.514,0.0,14.621,32,0,3,8.858080842623623,6.68
2021-03-25,1011010504,辣椒类,50.798,50.798,408.7842,0.0,50.798,146,0,7,8.04724989172802,9.24
2021-03-25,1011010801,食用菌,46.89,46.89,416.565,0.0,46.89,106,0,14,8.883877159309021,9.45
2021-03-26,1011010101,花叶类,167.327,167.327,1299.9608,2.7279999999999998,164.599,343,0,16,7.7689840850550125,12.83
2021-03-26,1011010201,花菜类,48.956,48.956,453.628,0.0,48.956,103,0,2,9.266034806765258,15.51
2021-03-26,1011010402,水生根茎类,40.178,40.178,442.704,0.0,40.178,52,0,3,11.018567375180448,13.65
2021-03-26,1011010501,茄类,21.313,21.313,182.15800000000002,0.0,21.313,46,0,3,8.546802421057572,6.68
2021-03-26,1011010504,辣椒类,60.937,60.937,479.4946,0.0,60.937,169,0,8,7.868693896975565,9.24
2021-03-26,1011010801,食用菌,83.562,83.562,618.2998,9.533,74.029,159,0,14,7.399293937435677,9.45
2021-03-27,1011010101,花叶类,199.727,199.727,1471.48,0.489,199.238,401,0,19,7.367456578229283,12.83
2021-03-27,1011010201,花菜类,51.805,51.805,508.622,0.0,51.805,97,0,2,9.818009844609595,15.51
2021-03-27,1011010402,水生根茎类,43.191,43.191,489.498,0.0,43.191,52,0,3,11.333333333333332,13.65
2021-03-27,1011010501,茄类,26.111,26.111,216.366,0.0,26.111,52,0,3,8.286392708054077,6.68
2021-03-27,1011010504,辣椒类,78.794,78.794,698.8318,0.0,78.794,236,0,9,8.869099169987564,9.24
2021-03-27,1011010801,食用菌,69.658,69.658,523.5428,15.314,54.344,158,0,11,7.515903413821816,9.45
2021-03-28,1011010101,花叶类,161.164,161.164,1238.1616,0.0,161.164,327,0,19,7.6826189471594155,12.83
2021-03-28,1011010201,花菜类,50.119,50.119,482.324,0.0,50.119,97,0,2,9.623575889383268,15.51
2021-03-28,1011010402,水生根茎类,30.71,30.71,326.12,0.0,30.71,46,0,3,10.619342233800065,13.65
2021-03-28,1011010501,茄类,19.628,19.628,163.62,0.0,19.628,48,0,3,8.336050540044834,6.68
2021-03-28,1011010504,辣椒类,78.41,78.41,601.6106,0.0,78.41,224,0,9,7.672625940568805,9.24
2021-03-28,1011010801,食用菌,55.673,55.673,429.55060000000003,0.0,55.673,127,0,13,7.715600021554434,9.45
2021-03-29,1011010101,花叶类,111.308,111.308,853.9466,0.0,111.308,230,0,19,7.671924749344162,12.83
2021-03-29,1011010201,花菜类,60.434,60.434,535.972,0.0,60.434,113,0,2,8.868716285534633,15.51
2021-03-29,1011010402,水生根茎类,15.5,15.5,174.404,0.0,15.5,25,0,3,11.251870967741935,13.65
2021-03-29,1011010501,茄类,16.139,16.139,135.84799999999998,0.0,16.139,34,0,3,8.417374062829172,6.68
2021-03-29,1011010504,辣椒类,62.154,62.154,471.0982,0.0,62.154,162,0,8,7.579531486308202,9.24
2021-03-29,1011010801,食用菌,47.327,47.327,370.217,0.0,47.327,107,0,11,7.8225325923891225,9.45
2021-03-30,1011010101,花叶类,130.803,130.803,925.849,0.0,130.803,259,0,17,7.078193925215783,12.83
2021-03-30,1011010201,花菜类,26.924,26.924,278.008,0.0,26.924,52,0,2,10.325657406031793,15.51
2021-03-30,1011010402,水生根茎类,14.905,14.905,167.594,0.0,14.905,23,0,3,11.244146259644415,13.65
2021-03-30,1011010501,茄类,21.407,21.407,178.872,0.0,21.407,48,0,3,8.355771476619799,6.68
2021-03-30,1011010504,辣椒类,61.295,59.573,505.7324,0.0,59.573,177,0,10,8.489288771759018,9.24
2021-03-30,1011010801,食用菌,32.145,32.145,305.688,0.0,32.145,84,0,10,9.50965935604293,9.45
2021-03-31,1011010101,花叶类,143.294,143.294,1024.061,0.0,143.294,243,0,16,7.146572780437421,12.83
2021-03-31,1011010201,花菜类,28.74,28.74,301.82,0.0,28.74,56,0,2,10.501739735560195,15.51
2021-03-31,1011010402,水生根茎类,19.503,19.503,233.866,0.0,19.503,26,0,3,11.991283392298621,13.65
2021-03-31,1011010501,茄类,21.649,21.649,192.79,0.0,21.649,46,0,4,8.905261212989052,6.68
2021-03-31,1011010504,辣椒类,59.255,59.255,482.5164,0.0,59.255,173,0,9,8.143049531685088,9.24
2021-03-31,1011010801,食用菌,45.089,45.089,338.807,0.0,45.089,103,0,10,7.514183060169887,9.45
2021-04-01,1011010101,花叶类,162.291,162.291,1153.2736,2.376,159.915,314,0,20,7.106207984423043,12.83
2021-04-01,1011010201,花菜类,39.109,39.109,350.454,0.0,39.109,76,0,2,8.960955278836073,15.51
2021-04-01,1011010402,水生根茎类,20.743,20.743,263.764,0.0,20.743,25,0,4,12.715807742370922,13.65
2021-04-01,1011010501,茄类,20.604,20.604,191.844,0.0,20.604,43,0,3,9.31100757134537,6.68
2021-04-01,1011010504,辣椒类,52.994,52.994,428.9616,0.0,52.994,163,0,8,8.09453145639129,9.24
2021-04-01,1011010801,食用菌,48.978,48.978,447.0582,0.0,48.978,122,0,12,9.127734901384295,9.45
2021-04-02,1011010101,花叶类,180.056,179.383,1240.7554,4.199,175.184,365,0,23,6.91679479103371,12.83
2021-04-02,1011010201,花菜类,69.53,69.53,494.456,0.0,69.53,136,0,2,7.111405148856608,15.51
2021-04-02,1011010402,水生根茎类,37.764,37.764,452.092,0.0,37.764,49,0,4,11.97150725558733,13.65
2021-04-02,1011010501,茄类,20.665,20.665,174.358,0.0,20.665,45,0,4,8.437357851439632,6.68
2021-04-02,1011010504,辣椒类,70.727,70.727,605.186,0.0,70.727,223,0,8,8.556647390671172,9.24
2021-04-02,1011010801,食用菌,72.574,72.574,626.0194,1.0899999999999999,71.484,162,0,13,8.625945931049687,9.45
2021-04-03,1011010101,花叶类,212.267,212.267,1581.0556,0.0,212.267,427,0,23,7.4484286299801665,12.83
2021-04-03,1011010201,花菜类,68.593,68.593,566.114,0.0,68.593,132,0,2,8.253232837169973,15.51
2021-04-03,1011010402,水生根茎类,38.786,38.786,387.236,0.0,38.786,50,0,3,9.983911720723972,13.65
2021-04-03,1011010501,茄类,32.71,32.71,282.784,0.0,32.71,67,0,3,8.645184958728217,6.68
2021-04-03,1011010504,辣椒类,100.32300000000001,100.32300000000001,881.2146,0.0,100.32300000000001,336,0,8,8.783774408660028,9.24
2021-04-03,1011010801,食用菌,75.739,75.739,755.2234,1.74,73.999,182,0,11,9.971393865775887,9.45
2021-04-04,1011010101,花叶类,192.021,192.021,1269.6168,0.0,192.021,371,0,20,6.611864327339198,12.83
2021-04-04,1011010201,花菜类,71.456,71.456,565.492,0.0,71.456,148,0,2,7.913849081952529,15.51
2021-04-04,1011010402,水生根茎类,33.95,33.95,339.334,0.0,33.95,47,0,3,9.995110456553755,13.65
2021-04-04,1011010501,茄类,22.976,22.976,196.462,0.0,22.976,49,0,4,8.55074860724234,6.68
2021-04-04,1011010504,辣椒类,88.244,88.244,685.071,0.0,88.244,281,0,7,7.763372013961289,9.24
2021-04-04,1011010801,食用菌,61.709,61.709,571.141,0.17,61.539,156,0,12,9.25539224424314,9.45
2021-04-05,1011010101,花叶类,178.469,178.469,1196.6456,0.0,178.469,347,0,21,6.70506138320941,12.83
2021-04-05,1011010201,花菜类,76.701,76.701,679.942,16.942,59.759,159,0,2,8.864838789585534,15.51
2021-04-05,1011010402,水生根茎类,24.241,24.241,207.204,0.0,24.241,32,0,3,8.547667175446557,13.65
2021-04-05,1011010501,茄类,16.492,16.492,141.056,0.0,16.492,35,0,3,8.55299539170507,6.68
2021-04-05,1011010504,辣椒类,112.577,112.577,679.9222,0.0,112.577,321,0,7,6.039619105145811,9.24
2021-04-05,1011010801,食用菌,68.049,68.049,567.784,0.0,68.049,165,0,11,8.343752296139545,9.45
2021-04-06,1011010101,花叶类,55.611,55.611,324.1472,4.248,51.363,102,0,19,5.828832425239611,12.83
2021-04-06,1011010201,花菜类,13.129999999999999,13.129999999999999,103.404,0.0,13.129999999999999,31,0,2,7.875399847677076,15.51
2021-04-06,1011010402,水生根茎类,3.622,3.622,36.88,0.0,3.622,7,0,2,10.182219768083932,13.65
2021-04-06,1011010501,茄类,3.138,3.138,26.272,0.0,3.138,6,0,3,8.37221159974506,6.68
2021-04-06,1011010504,辣椒类,35.075,35.075,215.84640000000002,0.0,35.075,96,0,7,6.153853171774768,9.24
2021-04-06,1011010801,食用菌,11.671,11.671,124.30000000000001,0.0,11.671,35,0,8,10.650329877474082,9.45
2021-04-07,1011010101,花叶类,198.107,198.107,1341.5794,0.0,198.107,354,0,19,6.771993922476238,12.83
2021-04-07,1011010201,花菜类,26.939,26.939,212.655,0.0,26.939,58,0,2,7.893945580756524,15.51
2021-04-07,1011010402,水生根茎类,17.735,17.735,179.988,0.0,17.735,31,0,2,10.14874541866366,13.65
2021-04-07,1011010501,茄类,16.213,16.213,118.714,0.0,16.213,38,0,3,7.32214889286375,6.68
2021-04-07,1011010504,辣椒类,62.9,62.9,532.0066,0.0,62.9,197,0,8,8.457974562798093,9.24
2021-04-07,1011010801,食用菌,47.805,47.805,399.742,1.26,46.545,118,0,13,8.361928668549316,9.45
2021-04-08,1011010101,花叶类,136.899,136.899,843.4982,0.753,136.146,262,0,24,6.161463560727252,12.83
2021-04-08,1011010201,花菜类,22.294,22.294,190.028,0.0,22.294,51,0,2,8.523728357405579,15.51
2021-04-08,1011010402,水生根茎类,9.582,9.582,104.72800000000001,0.0,9.582,22,0,2,10.929659778751827,13.65
2021-04-08,1011010501,茄类,20.319,20.319,123.742,0.0,20.319,48,0,2,6.089965057335499,6.68
2021-04-08,1011010504,辣椒类,52.596000000000004,52.596000000000004,436.3612,0.0,52.596000000000004,157,0,8,8.296471214541029,9.24
2021-04-08,1011010801,食用菌,35.491,35.491,314.012,0.0,35.491,76,0,10,8.847651517286073,9.45
2021-04-09,1011010101,花叶类,145.026,145.026,1004.9686,4.413,140.613,282,0,22,6.929575386482424,12.83
2021-04-09,1011010201,花菜类,51.978,51.978,399.163,0.0,51.978,108,0,2,7.6794605409981145,15.51
2021-04-09,1011010402,水生根茎类,29.704,29.704,316.45,5.077,24.627,38,0,3,10.65344734715863,13.65
2021-04-09,1011010501,茄类,17.451,17.451,165.081,0.0,17.451,38,0,3,9.45968712394705,6.68
2021-04-09,1011010504,辣椒类,54.274,54.274,450.1898,0.0,54.274,161,0,8,8.294759921877878,9.24
2021-04-09,1011010801,食用菌,31.401,31.401,323.211,0.0,31.401,81,0,8,10.293016145982612,9.45
2021-04-10,1011010101,花叶类,204.382,204.156,1306.3310000000001,0.0,204.156,368,0,19,6.3986902172848215,12.83
2021-04-10,1011010201,花菜类,50.186,50.186,379.74,0.0,50.186,104,0,2,7.566652054357789,15.51
2021-04-10,1011010402,水生根茎类,22.753,22.753,261.897,0.0,22.753,36,0,3,11.510438183975738,13.65
2021-04-10,1011010501,茄类,25.525,25.525,259.878,0.0,25.525,53,0,4,10.181312438785504,6.68
2021-04-10,1011010504,辣椒类,84.84,84.84,627.9862,0.0,84.84,255,0,7,7.402006129184348,9.24
2021-04-10,1011010801,食用菌,60.287,60.287,546.991,0.0,60.287,147,0,9,9.073116924046644,9.45
2021-04-11,1011010101,花叶类,211.619,211.619,1424.2648,0.0,211.619,420,0,18,6.730325726895978,12.83
2021-04-11,1011010201,花菜类,47.112,47.112,325.418,0.0,47.112,94,0,2,6.907327220241127,15.51
2021-04-11,1011010402,水生根茎类,22.196,22.196,258.365,0.0,22.196,38,0,3,11.640160389259325,13.65
2021-04-11,1011010501,茄类,24.902,24.902,253.232,0.0,24.902,54,0,3,10.16914304071962,6.68
2021-04-11,1011010504,辣椒类,94.326,94.326,686.7606,0.0,94.326,292,0,8,7.280713695057567,9.24
2021-04-11,1011010801,食用菌,52.29,52.29,461.49,0.0,52.29,127,0,9,8.825588066551923,9.45
2021-04-12,1011010101,花叶类,148.371,148.371,944.04,0.0,148.371,270,0,17,6.362698910164385,12.83
2021-04-12,1011010201,花菜类,32.027,32.027,226.352,0.0,32.027,66,0,2,7.067536765853811,15.51
2021-04-12,1011010402,水生根茎类,4.178,4.178,46.268,0.0,4.178,10,0,2,11.074198180947823,13.65
2021-04-12,1011010501,茄类,10.203,10.203,86.994,0.0,10.203,21,0,2,8.526315789473685,6.68
2021-04-12,1011010504,辣椒类,38.756,38.756,324.682,0.0,38.756,134,0,8,8.377593146867582,9.24
2021-04-12,1011010801,食用菌,43.328,43.328,334.1364,0.0,43.328,90,0,12,7.711789143279172,9.45
2021-04-13,1011010101,花叶类,127.207,127.207,778.0074,0.0,127.207,253,0,17,6.116073800970073,12.83
2021-04-13,1011010201,花菜类,28.593,28.593,195.392,0.0,28.593,62,0,2,6.833560661700416,15.51
2021-04-13,1011010402,水生根茎类,5.553,5.553,57.598,0.0,5.553,12,0,2,10.372411309202233,13.65
2021-04-13,1011010501,茄类,13.4,13.4,111.888,0.0,13.4,28,0,4,8.349850746268658,6.68
2021-04-13,1011010504,辣椒类,51.48,51.48,343.67740000000003,0.0,51.48,141,0,9,6.675940170940172,9.24
2021-04-13,1011010801,食用菌,40.041,40.041,273.639,0.0,40.041,84,0,10,6.833970180564922,9.45
2021-04-14,1011010101,花叶类,151.83,151.83,836.6424,0.0,151.83,265,0,21,5.5103892511361385,12.83
2021-04-14,1011010201,花菜类,30.12,30.12,205.605,0.0,30.12,66,0,2,6.826195219123505,15.51
2021-04-14,1011010402,水生根茎类,19.197,19.197,214.15800000000002,0.0,19.197,30,0,3,11.15580559462416,13.65
2021-04-14,1011010501,茄类,18.975,18.975,161.502,0.0,18.975,44,0,3,8.511304347826087,6.68
2021-04-14,1011010504,辣椒类,47.052,47.052,365.0338,0.0,47.052,145,0,8,7.758093173510159,9.24
2021-04-14,1011010801,食用菌,41.387,41.387,330.4028,0.0,41.387,94,0,11,7.983250779230193,9.45
2021-04-15,1011010101,花叶类,130.081,130.081,742.2238,0.0,130.081,225,0,20,5.705858657298146,12.83
2021-04-15,1011010201,花菜类,27.05,27.05,171.954,0.0,27.05,58,0,2,6.356894639556377,15.51
2021-04-15,1011010402,水生根茎类,17.098,17.098,187.468,0.0,17.098,25,0,3,10.964323312668148,13.65
2021-04-15,1011010501,茄类,12.151,12.151,109.578,0.0,12.151,29,0,4,9.018023207966422,6.68
2021-04-15,1011010504,辣椒类,44.413,44.413,355.7934,0.0,44.413,138,0,7,8.011019296152028,9.24
2021-04-15,1011010801,食用菌,40.15,40.15,395.7782,0.9830000000000001,39.167,101,0,11,9.857489414694895,9.45
2021-04-16,1011010101,花叶类,130.808,130.808,701.8084,0.0,130.808,240,0,20,5.365179499724788,12.83
2021-04-16,1011010201,花菜类,40.232,40.232,217.8486,0.0,40.232,79,0,2,5.414809107178366,15.51
2021-04-16,1011010402,水生根茎类,19.018,19.018,213.454,0.0,19.018,28,0,3,11.223787990324956,13.65
2021-04-16,1011010501,茄类,15.371,15.371,137.131,0.0,15.371,34,0,4,8.921410448246698,6.68
2021-04-16,1011010504,辣椒类,62.197,62.197,482.3854,0.0,62.197,180,0,9,7.755766355290448,9.24
2021-04-16,1011010801,食用菌,47.162,47.162,387.6686,2.971,44.191,102,0,11,8.219935541325643,9.45
2021-04-17,1011010101,花叶类,194.951,194.951,1138.454,0.0,194.951,371,0,20,5.839693051074373,12.83
2021-04-17,1011010201,花菜类,77.636,77.636,455.0196,0.0,77.636,153,0,2,5.860935648410532,15.51
2021-04-17,1011010402,水生根茎类,35.302,35.302,410.044,0.0,35.302,45,0,3,11.615319245368534,13.65
2021-04-17,1011010501,茄类,20.407,20.407,172.24,0.0,20.407,41,0,4,8.440241093742344,6.68
2021-04-17,1011010504,辣椒类,72.266,72.266,481.7624,44.795,27.471,232,0,8,6.6665153737580605,9.24
2021-04-17,1011010801,食用菌,70.81700000000001,70.81700000000001,565.912,0.0,70.81700000000001,157,0,13,7.991188556420068,9.45
2021-04-18,1011010101,花叶类,194.451,194.451,1123.6348,0.0,194.451,368,0,20,5.778498439195479,12.83
2021-04-18,1011010201,花菜类,48.315,48.315,285.003,0.0,48.315,98,0,2,5.8988512884197455,15.51
2021-04-18,1011010402,水生根茎类,22.237,22.237,253.65800000000002,0.0,22.237,29,0,3,11.407024328821336,13.65
2021-04-18,1011010501,茄类,28.972,28.972,233.424,0.0,28.972,67,0,4,8.056882507248378,6.68
2021-04-18,1011010504,辣椒类,118.063,118.063,789.4888,0.0,118.063,306,0,8,6.687012866012213,9.24
2021-04-18,1011010801,食用菌,56.607,56.607,425.227,0.0,56.607,148,0,13,7.51191548748388,9.45
2021-04-19,1011010101,花叶类,134.781,134.781,762.6614,0.0,134.781,257,0,20,5.658523085598118,12.83
2021-04-19,1011010201,花菜类,25.092,25.092,129.3288,0.0,25.092,45,0,2,5.154184600669536,15.51
2021-04-19,1011010402,水生根茎类,12.658,12.658,143.086,0.0,12.658,20,0,3,11.303997471954496,13.65
2021-04-19,1011010501,茄类,17.311,17.311,139.056,0.0,17.311,39,0,4,8.032811507134193,6.68
2021-04-19,1011010504,辣椒类,59.015,59.015,405.3296,12.088,46.927,165,0,8,6.868247055833264,9.24
2021-04-19,1011010801,食用菌,36.293,36.293,352.4806,0.0,36.293,103,0,11,9.71208221971179,9.45
2021-04-20,1011010101,花叶类,150.715,150.715,848.2014,4.711,146.004,312,0,19,5.627849915403244,12.83
2021-04-20,1011010201,花菜类,30.338,30.338,168.8158,0.0,30.338,60,0,2,5.564499967038038,15.51
2021-04-20,1011010402,水生根茎类,12.167,12.167,126.24,0.0,12.167,20,0,3,10.375606147776773,13.65
2021-04-20,1011010501,茄类,16.233999999999998,16.233999999999998,125.125,0.0,16.233999999999998,30,0,4,7.707589010718246,6.68
2021-04-20,1011010504,辣椒类,64.062,64.062,463.9896,0.0,64.062,203,0,8,7.242821017139646,9.24
2021-04-20,1011010801,食用菌,37.651,37.651,339.8522,0.0,37.651,102,0,10,9.02637911343656,9.45
2021-04-21,1011010101,花叶类,182.939,182.939,849.032,0.0,182.939,323,0,18,4.641066147732305,12.83
2021-04-21,1011010201,花菜类,49.748,49.748,234.094,0.0,49.748,95,0,2,4.705596204872558,15.51
2021-04-21,1011010402,水生根茎类,13.078,13.078,132.784,0.0,13.078,24,0,2,10.153234439516746,13.65
2021-04-21,1011010501,茄类,26.622,26.622,181.548,0.0,26.622,55,0,3,6.8194726166328605,6.68
2021-04-21,1011010504,辣椒类,50.684,50.684,372.6184,0.0,50.684,157,0,7,7.351795438402652,9.24
2021-04-21,1011010801,食用菌,31.173000000000002,31.173000000000002,274.7782,1.975,29.198,78,0,11,8.81462162769063,9.45
2021-04-22,1011010101,花叶类,150.806,150.806,786.2776,0.0,150.806,289,0,18,5.213834993302654,12.83
2021-04-22,1011010201,花菜类,34.615,34.615,155.3174,0.0,34.615,72,0,2,4.4869969666329625,15.51
2021-04-22,1011010402,水生根茎类,11.64,11.64,119.05799999999999,0.0,11.64,19,0,2,10.228350515463916,13.65
2021-04-22,1011010501,茄类,15.227,15.227,110.6084,0.0,15.227,36,0,4,7.2639653247520855,6.68
2021-04-22,1011010504,辣椒类,47.905,47.905,375.7154,0.0,47.905,147,0,8,7.842926625613193,9.24
2021-04-22,1011010801,食用菌,40.04,40.04,246.313,0.0,40.04,81,0,12,6.151673326673326,9.45
2021-04-23,1011010101,花叶类,171.226,171.226,843.8276,14.834,156.392,337,0,17,4.928151098548118,12.83
2021-04-23,1011010201,花菜类,47.035000000000004,47.035000000000004,216.0528,0.0,47.035000000000004,94,0,2,4.593447432762836,15.51
2021-04-23,1011010402,水生根茎类,10.413,10.413,104.13,0.0,10.413,19,0,2,10.0,13.65
2021-04-23,1011010501,茄类,27.427,27.427,187.599,0.0,27.427,56,0,4,6.8399387464906845,6.68
2021-04-23,1011010504,辣椒类,53.397,53.397,440.9288,0.0,53.397,145,0,9,8.257557540685807,9.24
2021-04-23,1011010801,食用菌,49.109,49.109,431.2328,1.1,48.009,113,0,14,8.781135840680934,9.45
2021-04-24,1011010101,花叶类,264.803,264.803,1347.0164,0.0,264.803,519,0,21,5.086862308961757,12.83
2021-04-24,1011010201,花菜类,107.309,107.309,365.8678,0.0,107.309,164,0,2,3.4094791676373837,15.51
2021-04-24,1011010402,水生根茎类,17.178,17.178,171.78,0.0,17.178,22,0,2,10.0,13.65
2021-04-24,1011010501,茄类,37.796,37.796,255.6886,0.0,37.796,83,0,4,6.764964546512859,6.68
2021-04-24,1011010504,辣椒类,102.501,102.501,796.399,0.0,102.501,314,0,8,7.769670539799612,9.24
2021-04-24,1011010801,食用菌,78.6,78.6,692.8226,0.0,78.6,181,0,12,8.814536895674301,9.45
2021-04-25,1011010101,花叶类,221.785,221.785,1119.8696,0.0,221.785,387,0,20,5.0493477917803276,12.83
2021-04-25,1011010201,花菜类,94.264,94.264,323.828,0.0,94.264,169,0,2,3.4353305609776794,15.51
2021-04-25,1011010402,水生根茎类,11.454,11.454,114.53999999999999,0.0,11.454,17,0,2,9.999999999999998,13.65
2021-04-25,1011010501,茄类,24.708000000000002,24.708000000000002,190.9974,0.0,24.708000000000002,49,0,4,7.730184555609519,6.68
2021-04-25,1011010504,辣椒类,71.047,71.047,588.547,0.0,71.047,222,0,8,8.283910650696019,9.24
2021-04-25,1011010801,食用菌,37.692,37.692,283.6522,0.0,37.692,89,0,9,7.525527963493579,9.45
2021-04-26,1011010101,花叶类,151.258,151.258,744.8266,0.0,151.258,284,0,20,4.92421293419191,12.83
2021-04-26,1011010201,花菜类,43.118,43.118,151.9592,0.0,43.118,70,0,2,3.5242636485922354,15.51
2021-04-26,1011010402,水生根茎类,11.871,11.871,122.95,0.0,11.871,24,0,2,10.35717294246483,13.65
2021-04-26,1011010501,茄类,12.618,12.618,101.5602,0.0,12.618,28,0,4,8.048834997622443,6.68
2021-04-26,1011010504,辣椒类,60.716,60.716,485.172,0.0,60.716,197,0,8,7.9908426115027344,9.24
2021-04-26,1011010801,食用菌,37.392,37.392,290.8746,0.0,37.392,84,0,11,7.779059691912708,9.45
2021-04-27,1011010101,花叶类,135.216,135.216,640.3558,0.0,135.216,235,0,19,4.735799017867708,12.83
2021-04-27,1011010201,花菜类,26.49,26.49,96.8418,0.0,26.49,55,0,2,3.655787089467724,15.51
2021-04-27,1011010402,水生根茎类,9.127,9.127,91.904,0.0,9.127,16,0,2,10.069464227018734,13.65
2021-04-27,1011010501,茄类,31.041999999999998,31.041999999999998,219.5694,6.7219999999999995,24.32,63,0,4,7.073300689388571,6.68
2021-04-27,1011010504,辣椒类,50.15,50.15,391.897,0.0,50.15,163,0,8,7.814496510468595,9.24
2021-04-27,1011010801,食用菌,26.08,26.08,237.571,0.0,26.08,77,0,9,9.109317484662578,9.45
2021-04-28,1011010101,花叶类,126.17,125.785,609.4352,0.0,125.785,243,0,20,4.8450546567555755,12.83
2021-04-28,1011010201,花菜类,29.405,29.405,132.7064,0.0,29.405,59,0,2,4.513055602788642,15.51
2021-04-28,1011010402,水生根茎类,7.359,7.359,76.344,0.0,7.359,16,0,2,10.37423562984101,13.65
2021-04-28,1011010501,茄类,27.487000000000002,27.487000000000002,207.48760000000001,0.0,27.487000000000002,52,0,4,7.5485720522428785,6.68
2021-04-28,1011010504,辣椒类,47.189,47.189,382.688,0.0,47.189,159,0,7,8.10968657949946,9.24
2021-04-28,1011010801,食用菌,33.609,33.609,324.088,0.8200000000000001,32.789,85,0,12,9.642893272635305,9.45
2021-04-29,1011010101,花叶类,134.898,134.898,635.1394,6.441,128.457,274,0,20,4.708293673738677,12.83
2021-04-29,1011010201,花菜类,33.858,33.858,136.6938,0.0,33.858,65,0,2,4.037267410951622,15.51
2021-04-29,1011010402,水生根茎类,8.818,8.818,92.688,0.0,8.818,19,0,2,10.511227035608982,13.65
2021-04-29,1011010501,茄类,15.705,15.705,123.4332,0.0,15.705,32,0,4,7.859484240687679,6.68
2021-04-29,1011010504,辣椒类,54.543,54.543,425.583,0.0,54.543,152,0,8,7.80270612177548,9.24
2021-04-29,1011010801,食用菌,32.548,32.548,279.0086,1.8,30.748,87,0,11,8.572219491212977,9.45
2021-04-30,1011010101,花叶类,138.585,138.585,691.2256,2.474,136.111,271,0,19,4.987737489627304,12.83
2021-04-30,1011010201,花菜类,38.125,38.125,150.3458,0.0,38.125,75,0,2,3.943496393442623,15.51
2021-04-30,1011010402,水生根茎类,14.856,14.856,152.616,0.0,14.856,22,0,2,10.27302100161551,13.65
2021-04-30,1011010501,茄类,26.786,26.786,229.9156,0.0,26.786,49,0,4,8.58342417680878,6.68
2021-04-30,1011010504,辣椒类,52.865,52.865,484.578,0.0,52.865,154,0,8,9.166329329424004,9.24
2021-04-30,1011010801,食用菌,34.271,34.271,281.8946,0.25,34.021,68,0,12,8.225455924834408,9.45
2021-05-01,1011010101,花叶类,171.826,171.826,890.2396,0.0,171.826,321,0,20,5.181052925634072,12.83
2021-05-01,1011010201,花菜类,57.443,57.443,269.28000000000003,0.0,57.443,106,0,2,4.687777448949394,15.51
2021-05-01,1011010402,水生根茎类,18.075,18.075,183.172,0.0,18.075,29,0,2,10.133997233748271,13.65
2021-05-01,1011010501,茄类,19.976,19.976,168.807,0.0,19.976,39,0,4,8.450490588706447,6.68
2021-05-01,1011010504,辣椒类,77.396,77.396,698.937,0.0,77.396,238,0,8,9.030660499250608,9.24
2021-05-01,1011010801,食用菌,50.81,50.81,471.3142,0.0,50.81,120,0,10,9.27601259594568,9.45
2021-05-02,1011010101,花叶类,198.544,198.544,1065.5776,0.0,198.544,378,0,19,5.366959464904505,12.83
2021-05-02,1011010201,花菜类,36.466,36.466,180.8418,0.0,36.466,70,0,2,4.9591893818899795,15.51
2021-05-02,1011010402,水生根茎类,17.439,17.439,178.264,0.0,17.439,25,0,2,10.222145765238833,13.65
2021-05-02,1011010501,茄类,22.784,22.784,166.1028,0.0,22.784,48,0,4,7.290326544943821,6.68
2021-05-02,1011010504,辣椒类,80.42,80.42,765.947,0.0,80.42,261,0,8,9.524334742601344,9.24
2021-05-02,1011010801,食用菌,47.435,47.435,439.92900000000003,1.826,45.609,111,0,9,9.274354379677453,9.45
2021-05-03,1011010101,花叶类,226.265,226.265,1100.4112,0.0,226.265,424,0,19,4.863373478001459,12.83
2021-05-03,1011010201,花菜类,37.613,37.613,192.054,0.0,37.613,80,0,2,5.106053758009199,15.51
2021-05-03,1011010402,水生根茎类,18.743000000000002,18.743000000000002,189.584,0.0,18.743000000000002,28,0,2,10.114922904551031,13.65
2021-05-03,1011010501,茄类,25.175,25.175,213.0582,0.0,25.175,52,0,4,8.463086395233367,6.68
2021-05-03,1011010504,辣椒类,83.419,83.419,798.7620000000001,0.0,83.419,248,0,9,9.57530059099246,9.24
2021-05-03,1011010801,食用菌,54.995,54.995,405.065,0.0,54.995,118,0,7,7.3654877716156015,9.45
2021-05-04,1011010101,花叶类,200.985,200.985,1066.0246,0.0,200.985,404,0,19,5.3040007960793085,12.83
2021-05-04,1011010201,花菜类,37.838,37.838,178.5666,0.0,37.838,84,0,2,4.71923991754321,15.51
2021-05-04,1011010402,水生根茎类,8.799,8.799,90.276,0.0,8.799,15,0,2,10.259802250255712,13.65
2021-05-04,1011010501,茄类,18.032,18.032,146.0018,0.0,18.032,38,0,4,8.096816770186335,6.68
2021-05-04,1011010504,辣椒类,43.846,43.846,492.674,0.0,43.846,155,0,8,11.23646398759294,9.24
2021-05-04,1011010801,食用菌,42.643,42.643,398.7894,0.0,42.643,109,0,8,9.351813896770865,9.45
2021-05-05,1011010101,花叶类,203.532,203.532,1003.3548,3.141,200.391,410,0,20,4.9297152290548905,12.83
2021-05-05,1011010201,花菜类,34.156,34.156,173.078,0.0,34.156,87,0,2,5.067279540929851,15.51
2021-05-05,1011010402,水生根茎类,15.352,15.352,159.05,0.0,15.352,27,0,2,10.360213652944243,13.65
2021-05-05,1011010501,茄类,17.339,17.339,135.448,0.0,17.339,37,0,4,7.811753849702983,6.68
2021-05-05,1011010504,辣椒类,72.08,72.08,740.2114,0.0,72.08,228,0,8,10.269303551609324,9.24
2021-05-05,1011010801,食用菌,60.989,60.989,704.9932,0.0,60.989,161,0,10,11.559350046729739,9.45
2021-05-06,1011010101,花叶类,151.84,151.84,820.8354,2.965,148.875,325,0,20,5.405923340358272,12.83
2021-05-06,1011010201,花菜类,21.199,21.199,125.636,0.0,21.199,52,0,2,5.926505967262606,15.51
2021-05-06,1011010402,水生根茎类,5.992,5.992,62.32599999999999,0.0,5.992,12,0,2,10.401535380507342,13.65
2021-05-06,1011010501,茄类,22.682,22.682,185.983,0.0,22.682,49,0,4,8.199585574464333,6.68
2021-05-06,1011010504,辣椒类,73.006,73.006,541.5566,11.033,61.973,236,0,8,7.417973865161768,9.24
2021-05-06,1011010801,食用菌,30.192,30.192,316.356,0.0,30.192,91,0,8,10.478139904610492,9.45
2021-05-07,1011010101,花叶类,147.508,147.508,706.4214,0.0,147.508,300,0,20,4.789037882691107,12.83
2021-05-07,1011010201,花菜类,26.046,26.046,144.947,0.0,26.046,58,0,2,5.565038777547416,15.51
2021-05-07,1011010402,水生根茎类,6.436,6.436,68.434,0.0,6.436,15,0,2,10.633001864512119,13.65
2021-05-07,1011010501,茄类,20.724,20.724,144.955,0.0,20.724,43,0,4,6.994547384674774,6.68
2021-05-07,1011010504,辣椒类,73.962,73.962,578.2816,0.0,73.962,213,0,8,7.81863118898894,9.24
2021-05-07,1011010801,食用菌,33.543,33.543,269.9166,0.6739999999999999,32.869,82,0,10,8.046883105267867,9.45
2021-05-08,1011010101,花叶类,160.786,160.786,817.532,0.0,160.786,326,0,19,5.0845969176420835,12.83
2021-05-08,1011010201,花菜类,28.122,28.122,155.276,0.0,28.122,61,0,2,5.521513405874405,15.51
2021-05-08,1011010402,水生根茎类,11.457,11.457,119.76400000000001,0.0,11.457,25,0,2,10.453347298594746,13.65
2021-05-08,1011010501,茄类,22.625,22.625,172.803,8.384,14.241,48,0,4,7.637701657458563,6.68
2021-05-08,1011010504,辣椒类,69.529,69.529,569.704,0.0,69.529,230,0,9,8.19376087675646,9.24
2021-05-08,1011010801,食用菌,33.331,33.331,292.222,0.808,32.523,92,0,9,8.767273709159639,9.45
2021-05-09,1011010101,花叶类,216.668,216.668,1128.83,0.0,216.668,446,0,20,5.209952554138128,12.83
2021-05-09,1011010201,花菜类,37.443,37.443,209.252,0.0,37.443,77,0,2,5.588547926181129,15.51
2021-05-09,1011010402,水生根茎类,21.145,21.145,286.11,0.0,21.145,31,0,3,13.530858358950107,13.65
2021-05-09,1011010501,茄类,30.75,30.75,214.354,0.0,30.75,67,0,4,6.970861788617887,6.68
2021-05-09,1011010504,辣椒类,95.075,95.075,743.149,0.0,95.075,304,0,8,7.816450170917697,9.24
2021-05-09,1011010801,食用菌,44.849000000000004,44.849000000000004,448.2104,0.779,44.07,125,0,11,9.993765747285334,9.45
2021-05-10,1011010101,花叶类,157.721,157.721,646.5558,0.0,157.721,323,0,17,4.09936406692831,12.83
2021-05-10,1011010201,花菜类,30.866,30.866,169.933,0.0,30.866,64,0,2,5.505507678351584,15.51
2021-05-10,1011010402,水生根茎类,8.06,8.06,113.40599999999999,0.0,8.06,13,0,3,14.070223325062033,13.65
2021-05-10,1011010501,茄类,24.956,24.956,172.118,0.0,24.956,48,0,4,6.896858470908799,6.68
2021-05-10,1011010504,辣椒类,60.825,60.825,430.027,0.0,60.825,193,0,9,7.06990546650226,9.24
2021-05-10,1011010801,食用菌,26.427,26.427,243.216,0.0,26.427,73,0,8,9.203314791690318,9.45
2021-05-11,1011010101,花叶类,190.06,190.06,730.638,0.2,189.86,379,0,17,3.8442491844680626,12.83
2021-05-11,1011010201,花菜类,27.768,27.768,154.377,0.0,27.768,59,0,2,5.559528954191876,15.51
2021-05-11,1011010402,水生根茎类,8.963000000000001,8.963000000000001,119.33,0.0,8.963000000000001,17,0,3,13.313622670980697,13.65
2021-05-11,1011010501,茄类,26.533,26.533,167.1336,0.0,26.533,55,0,4,6.299084159348736,6.68
2021-05-11,1011010504,辣椒类,46.524,46.524,333.3232,0.0,46.524,126,0,8,7.164543031553606,9.24
2021-05-11,1011010801,食用菌,29.889,29.889,277.1144,0.31,29.579,93,0,9,9.271451035498009,9.45
2021-05-12,1011010101,花叶类,182.519,182.519,765.7536,0.0,182.519,364,0,21,4.19547334798021,12.83
2021-05-12,1011010201,花菜类,19.252,19.252,108.703,0.0,19.252,45,0,2,5.646322460004156,15.51
2021-05-12,1011010402,水生根茎类,6.081,6.081,70.71,0.0,6.081,10,0,3,11.62802170695609,13.65
2021-05-12,1011010501,茄类,19.247,19.247,109.28,0.0,19.247,38,0,4,5.67776796383852,6.68
2021-05-12,1011010504,辣椒类,42.616,42.616,327.2694,0.0,42.616,119,0,7,7.6794959639572,9.24
2021-05-12,1011010801,食用菌,31.02,31.02,244.488,0.0,31.02,84,0,9,7.881624758220503,9.45
2021-05-13,1011010101,花叶类,157.293,157.293,739.3334,30.429,126.864,314,0,18,4.7003579307407195,12.83
2021-05-13,1011010201,花菜类,24.095,24.095,156.497,0.0,24.095,47,0,2,6.4949989624403415,15.51
2021-05-13,1011010402,水生根茎类,14.949,14.949,179.19,0.0,14.949,28,0,3,11.986754966887418,13.65
2021-05-13,1011010501,茄类,20.687,20.687,124.9306,0.0,20.687,35,0,4,6.039087349543191,6.68
2021-05-13,1011010504,辣椒类,47.949,47.949,376.6764,0.0,47.949,140,0,9,7.855771757492336,9.24
2021-05-13,1011010801,食用菌,29.537,29.537,294.9,0.0,29.537,86,0,9,9.984087754342012,9.45
2021-05-14,1011010101,花叶类,191.116,191.116,884.0084,0.0,191.116,400,0,20,4.625507021913393,12.83
2021-05-14,1011010201,花菜类,40.997,40.997,246.091,0.0,40.997,90,0,2,6.002658731126668,15.51
2021-05-14,1011010402,水生根茎类,11.411999999999999,11.411999999999999,124.02,0.0,11.411999999999999,24,0,3,10.867507886435332,13.65
2021-05-14,1011010501,茄类,32.193,32.193,166.5412,0.0,32.193,56,0,4,5.173211567732116,6.68
2021-05-14,1011010504,辣椒类,51.909,51.909,365.3772,0.0,51.909,132,0,9,7.038802519794256,9.24
2021-05-14,1011010801,食用菌,29.278,29.278,329.4322,0.983,28.295,102,0,8,11.251868297014825,9.45
2021-05-15,1011010101,花叶类,258.278,258.278,1169.0012,0.0,258.278,511,0,19,4.526135404486638,12.83
2021-05-15,1011010201,花菜类,37.347,37.347,234.279,0.0,37.347,78,0,2,6.273033978632822,15.51
2021-05-15,1011010402,水生根茎类,12.399000000000001,12.399000000000001,123.99,0.0,12.399000000000001,19,0,2,9.999999999999998,13.65
2021-05-15,1011010501,茄类,40.776,40.776,253.839,0.0,40.776,75,0,4,6.225206003531489,6.68
2021-05-15,1011010504,辣椒类,86.637,86.637,633.1406,0.0,86.637,228,0,8,7.307970035896902,9.24
2021-05-15,1011010801,食用菌,49.932,49.932,476.9222,0.0,49.932,136,0,11,9.551433950172234,9.45
2021-05-16,1011010101,花叶类,212.588,212.588,1029.1526,0.0,212.588,415,0,16,4.841066287843152,12.83
2021-05-16,1011010201,花菜类,52.382,52.382,355.864,0.0,52.382,109,0,2,6.793631400099271,15.51
2021-05-16,1011010402,水生根茎类,6.386,6.386,63.86,0.0,6.386,18,0,2,10.0,13.65
2021-05-16,1011010501,茄类,19.009,19.009,102.39240000000001,0.0,19.009,38,0,4,5.386522173707192,6.68
2021-05-16,1011010504,辣椒类,153.409,153.409,874.3258000000001,0.134,153.275,440,0,9,5.6993122958887685,9.24
2021-05-16,1011010801,食用菌,51.103,51.103,482.4928,0.0,51.103,133,0,10,9.441574858618868,9.45
2021-05-17,1011010101,花叶类,176.658,176.658,751.529,0.0,176.658,359,0,19,4.25414642982486,12.83
2021-05-17,1011010201,花菜类,27.587,27.587,174.97,0.0,27.587,56,0,2,6.342480153695582,15.51
2021-05-17,1011010402,水生根茎类,5.011,5.011,50.11,0.0,5.011,12,0,2,10.0,13.65
2021-05-17,1011010501,茄类,29.921,29.921,188.0966,0.0,29.921,64,0,4,6.286440961197821,6.68
2021-05-17,1011010504,辣椒类,76.099,76.099,359.8514,0.0,76.099,194,0,9,4.728727052917909,9.24
2021-05-17,1011010801,食用菌,25.733,25.733,278.913,0.0,25.733,86,0,7,10.838728480938872,9.45
2021-05-18,1011010101,花叶类,173.271,173.271,771.1896,1.604,171.667,339,0,20,4.4507713350762685,12.83
2021-05-18,1011010201,花菜类,31.098,31.098,220.047,0.0,31.098,53,0,2,7.0759212811113255,15.51
2021-05-18,1011010402,水生根茎类,12.309000000000001,12.309000000000001,123.09,0.0,12.309000000000001,23,0,3,10.0,13.65
2021-05-18,1011010501,茄类,23.783,23.783,120.977,0.0,23.783,44,0,4,5.086700584451078,6.68
2021-05-18,1011010504,辣椒类,84.864,84.864,438.89320000000004,0.0,84.864,230,0,7,5.171724170437406,9.24
2021-05-18,1011010801,食用菌,29.45,29.45,304.23,1.5,27.95,87,0,8,10.330390492359934,9.45
2021-05-19,1011010101,花叶类,140.823,140.823,591.6644,0.0,140.823,257,0,17,4.201475611228279,12.83
2021-05-19,1011010201,花菜类,33.901,33.901,215.813,0.0,33.901,61,0,2,6.365977404796317,15.51
2021-05-19,1011010402,水生根茎类,12.199,12.199,121.99,0.0,12.199,28,0,2,10.0,13.65
2021-05-19,1011010501,茄类,20.578,20.578,116.524,0.0,20.578,41,0,3,5.662552240256585,6.68
2021-05-19,1011010504,辣椒类,76.853,76.853,406.2444,0.0,76.853,223,0,8,5.285992739385581,9.24
2021-05-19,1011010801,食用菌,28.798000000000002,28.798000000000002,309.5048,0.0,28.798000000000002,89,0,10,10.747440794499617,9.45
2021-05-20,1011010101,花叶类,148.851,148.851,641.9808,4.8500000000000005,144.001,285,0,20,4.312908882036399,12.83
2021-05-20,1011010201,花菜类,17.189,17.189,110.458,0.0,17.189,41,0,2,6.426086450637035,15.51
2021-05-20,1011010402,水生根茎类,9.837,9.406,94.06,0.0,9.406,30,0,2,10.0,13.65
2021-05-20,1011010501,茄类,22.177,22.177,119.748,0.0,22.177,44,0,4,5.3996482842584665,6.68
2021-05-20,1011010504,辣椒类,62.169,61.568,377.684,0.0,61.568,200,0,8,6.134420478170479,9.24
2021-05-20,1011010801,食用菌,35.447,35.447,345.051,1.624,33.823,106,0,12,9.73427934663018,9.45
2021-05-21,1011010101,花叶类,106.472,106.472,474.6946,1.1,105.372,212,0,17,4.45839845217522,12.83
2021-05-21,1011010201,花菜类,33.979,33.979,249.524,0.0,33.979,66,0,2,7.343476853350599,15.51
2021-05-21,1011010402,水生根茎类,4.178,4.178,41.78,0.0,4.178,8,0,2,10.0,13.65
2021-05-21,1011010501,茄类,21.886,21.886,127.547,0.0,21.886,46,0,3,5.827789454445765,6.68
2021-05-21,1011010504,辣椒类,36.494,36.494,322.0414,0.0,36.494,127,0,8,8.824502657971173,9.24
2021-05-21,1011010801,食用菌,43.516,43.516,468.3954,0.0,43.516,125,0,12,10.763751263902932,9.45
2021-05-22,1011010101,花叶类,190.363,190.363,989.5566,0.0,190.363,407,0,18,5.19826121672804,12.83
2021-05-22,1011010201,花菜类,34.962,34.962,276.9096,0.0,34.962,76,0,2,7.920302042217264,15.51
2021-05-22,1011010402,水生根茎类,9.18,9.18,91.8,0.0,9.18,19,0,2,10.0,13.65
2021-05-22,1011010501,茄类,25.845,25.845,180.8472,0.0,25.845,53,0,4,6.997376668601277,6.68
2021-05-22,1011010504,辣椒类,98.93599999999999,98.93599999999999,521.9258,0.0,98.93599999999999,312,0,9,5.2753881297000085,9.24
2021-05-22,1011010801,食用菌,45.209,45.209,448.1536,0.258,44.951,132,0,9,9.912928841602335,9.45
2021-05-23,1011010101,花叶类,217.25900000000001,217.25900000000001,1105.2308,0.0,217.25900000000001,475,0,15,5.087157724190942,12.83
2021-05-23,1011010201,花菜类,64.231,64.231,506.4336,0.0,64.231,133,0,2,7.884566642275537,15.51
2021-05-23,1011010402,水生根茎类,17.229,17.229,202.29000000000002,0.0,17.229,31,0,3,11.74125021765628,13.65
2021-05-23,1011010501,茄类,42.331,42.331,296.75939999999997,0.0,42.331,87,0,4,7.010450969738488,6.68
2021-05-23,1011010504,辣椒类,137.485,137.485,672.2948,0.0,137.485,405,0,10,4.889950176382878,9.24
2021-05-23,1011010801,食用菌,62.384,62.384,518.0462,0.0,62.384,154,0,10,8.304151705565529,9.45
2021-05-24,1011010101,花叶类,148.831,148.831,785.9468,0.0,148.831,339,0,17,5.280800370890474,12.83
2021-05-24,1011010201,花菜类,40.924,40.924,302.762,0.0,40.924,88,0,2,7.398152673247972,15.51
2021-05-24,1011010402,水生根茎类,4.28,4.28,42.8,0.0,4.28,9,0,2,9.999999999999998,13.65
2021-05-24,1011010501,茄类,17.043,17.043,119.5666,0.0,17.043,34,0,4,7.015584110778619,6.68
2021-05-24,1011010504,辣椒类,54.772,54.772,320.7176,0.0,54.772,166,0,10,5.85550281165559,9.24
2021-05-24,1011010801,食用菌,29.627,29.627,318.7934,1.82,27.807,95,0,10,10.76023222060958,9.45
2021-05-25,1011010101,花叶类,130.325,130.325,664.059,0.0,130.325,284,0,16,5.095407634759256,12.83
2021-05-25,1011010201,花菜类,29.554,29.554,224.739,0.0,29.554,66,0,2,7.604351356838331,15.51
2021-05-25,1011010402,水生根茎类,5.412,5.412,54.12,0.0,5.412,11,0,2,10.0,13.65
2021-05-25,1011010501,茄类,17.94,17.94,122.0698,0.0,17.94,36,0,4,6.804336677814939,6.68
2021-05-25,1011010504,辣椒类,57.519,57.519,353.8548,0.0,57.519,189,0,9,6.1519636989516515,9.24
2021-05-25,1011010801,食用菌,35.047,35.047,332.0504,1.584,33.463,102,0,9,9.474431477729906,9.45
2021-05-26,1011010101,花叶类,166.467,166.467,838.8032000000001,2.0,164.467,359,0,18,5.038855749187527,12.83
2021-05-26,1011010201,花菜类,46.547,46.547,347.63,0.0,46.547,106,0,2,7.468365308183127,15.51
2021-05-26,1011010402,水生根茎类,4.008,4.008,40.08,0.0,4.008,9,0,2,10.0,13.65
2021-05-26,1011010501,茄类,15.81,15.81,95.8226,0.0,15.81,32,0,4,6.060885515496521,6.68
2021-05-26,1011010504,辣椒类,65.416,65.416,387.218,0.0,65.416,195,0,8,5.919316375198728,9.24
2021-05-26,1011010801,食用菌,31.969,31.969,240.2784,1.125,30.844,74,0,11,7.5159811066971125,9.45
2021-05-27,1011010101,花叶类,145.237,145.237,677.9590000000001,0.0,145.237,280,0,19,4.667949627161123,12.83
2021-05-27,1011010201,花菜类,43.952,43.952,335.414,0.0,43.952,88,0,2,7.6313705860939205,15.51
2021-05-27,1011010402,水生根茎类,8.319,8.319,83.19,0.0,8.319,17,0,2,9.999999999999998,13.65
2021-05-27,1011010501,茄类,15.645,15.645,94.813,0.0,15.645,33,0,4,6.060274848194312,6.68
2021-05-27,1011010504,辣椒类,37.078,37.078,280.15160000000003,0.0,37.078,130,0,9,7.555736555369761,9.24
2021-05-27,1011010801,食用菌,19.574,19.574,139.8082,1.6,17.974,43,0,9,7.142546234801267,9.45
2021-05-28,1011010101,花叶类,123.824,123.824,586.6604,0.0,123.824,248,0,17,4.737856958263341,12.83
2021-05-28,1011010201,花菜类,42.189,42.189,323.658,0.0,42.189,81,0,2,7.671620564602148,15.51
2021-05-28,1011010402,水生根茎类,6.205,6.205,62.050000000000004,0.0,6.205,14,0,2,10.0,13.65
2021-05-28,1011010501,茄类,16.472,16.472,96.6398,0.0,16.472,35,0,4,5.866913550267119,6.68
2021-05-28,1011010504,辣椒类,67.01,67.01,363.1592,0.0,67.01,203,0,9,5.41947768989703,9.24
2021-05-28,1011010801,食用菌,28.172,28.172,280.0812,2.059,26.113,87,0,10,9.941828766150788,9.45
2021-05-29,1011010101,花叶类,180.875,180.875,954.1888,0.0,180.875,338,0,18,5.2754045611610225,12.83
2021-05-29,1011010201,花菜类,52.779,52.779,348.8,0.0,52.779,106,0,2,6.608689061937513,15.51
2021-05-29,1011010402,水生根茎类,9.57,9.57,95.7,0.0,9.57,19,0,2,10.0,13.65
2021-05-29,1011010501,茄类,18.291,18.291,119.8882,0.0,18.291,36,0,4,6.554491279864414,6.68
2021-05-29,1011010504,辣椒类,116.845,116.845,616.5252,0.0,116.845,341,0,9,5.27643630450597,9.24
2021-05-29,1011010801,食用菌,35.882,35.882,321.6894,1.742,34.14,97,0,12,8.965202608550248,9.45
2021-05-30,1011010101,花叶类,196.236,196.236,987.7686,0.0,196.236,400,0,17,5.033574879227054,12.83
2021-05-30,1011010201,花菜类,21.296,21.296,120.827,0.0,21.296,34,0,2,5.673694590533434,15.51
2021-05-30,1011010402,水生根茎类,4.719,4.719,47.19,0.0,4.719,12,0,2,9.999999999999998,13.65
2021-05-30,1011010501,茄类,27.038,27.038,159.936,0.0,27.038,55,0,4,5.915230416450921,6.68
2021-05-30,1011010504,辣椒类,106.615,106.615,488.1136,0.0,106.615,312,0,10,4.5782826056371055,9.24
2021-05-30,1011010801,食用菌,33.492,33.492,383.1896,2.166,31.326,112,0,7,11.441227755882002,9.45
2021-05-31,1011010101,花叶类,191.98,191.98,1014.1018,0.0,191.98,374,0,18,5.282330451088655,12.83
2021-05-31,1011010201,花菜类,39.165,39.165,249.173,0.0,39.165,67,0,2,6.3621345589174005,15.51
2021-05-31,1011010402,水生根茎类,5.404,5.404,54.04,0.0,5.404,15,0,2,10.0,13.65
2021-05-31,1011010501,茄类,25.363,25.363,139.95,0.0,25.363,45,0,4,5.517880376927019,6.68
2021-05-31,1011010504,辣椒类,60.118,60.118,273.3956,0.0,60.118,159,0,9,4.547649622409262,9.24
2021-05-31,1011010801,食用菌,34.114,34.114,353.5602,0.96,33.153999999999996,100,0,11,10.364079263645426,9.45
2021-06-01,1011010101,花叶类,151.091,151.091,773.1038,0.0,151.091,312,0,17,5.116809075325466,12.83
2021-06-01,1011010201,花菜类,41.593,41.593,286.175,0.0,41.593,84,0,2,6.8803644844084335,15.51
2021-06-01,1011010402,水生根茎类,7.217,7.217,72.17,0.0,7.217,20,0,2,10.0,13.65
2021-06-01,1011010501,茄类,26.938000000000002,26.938000000000002,132.09,0.0,26.938000000000002,49,0,4,4.903482069938376,6.68
2021-06-01,1011010504,辣椒类,76.648,76.648,357.77660000000003,0.0,76.648,203,0,9,4.66778780920572,9.24
2021-06-01,1011010801,食用菌,33.668,33.668,390.05580000000003,0.0,33.668,100,0,13,11.58535701556374,9.45
2021-06-02,1011010101,花叶类,178.517,178.517,895.9152,0.0,178.517,381,0,19,5.018654805984864,12.83
2021-06-02,1011010201,花菜类,43.414,43.414,296.502,0.0,43.414,76,0,2,6.829640208227761,15.51
2021-06-02,1011010402,水生根茎类,8.681,8.681,86.81,0.0,8.681,22,0,2,10.000000000000002,13.65
2021-06-02,1011010501,茄类,27.706,27.706,148.873,0.0,27.706,54,0,4,5.3733126398614015,6.68
2021-06-02,1011010504,辣椒类,89.386,89.386,290.4744,0.0,89.386,231,0,8,3.249663258228358,9.24
2021-06-02,1011010801,食用菌,43.528,43.528,429.843,1.241,42.287,120,0,13,9.875091894872266,9.45
2021-06-03,1011010101,花叶类,142.37199999999999,142.37199999999999,654.9906,0.0,142.37199999999999,299,0,19,4.6005576939285815,12.83
2021-06-03,1011010201,花菜类,36.284,36.284,262.136,0.0,36.284,69,0,2,7.224561790320803,15.51
2021-06-03,1011010402,水生根茎类,11.019,11.019,110.19,0.0,11.019,28,0,2,10.0,13.65
2021-06-03,1011010501,茄类,11.679,11.679,70.836,0.0,11.679,23,0,4,6.0652453120986385,6.68
2021-06-03,1011010504,辣椒类,75.206,75.206,283.7836,0.0,75.206,201,0,8,3.7734170145998984,9.24
2021-06-03,1011010801,食用菌,48.365,48.365,440.7986,0.8,47.565,108,0,13,9.113999793238913,9.45
2021-06-04,1011010101,花叶类,121.093,121.093,601.6274,0.0,121.093,262,0,16,4.968308655331026,12.83
2021-06-04,1011010201,花菜类,31.416,31.416,249.537,0.0,31.416,69,0,2,7.942990832696715,15.51
2021-06-04,1011010402,水生根茎类,13.461,13.461,150.706,0.0,13.461,31,0,2,11.195750687170342,13.65
2021-06-04,1011010501,茄类,16.743,16.743,96.555,0.0,16.743,34,0,4,5.766887654542198,6.68
2021-06-04,1011010504,辣椒类,63.703,63.703,355.5244,0.412,63.291,199,0,9,5.580967929296893,9.24
2021-06-04,1011010801,食用菌,47.048,47.048,475.4778,1.92,45.128,86,0,13,10.106227682366944,9.45
2021-06-05,1011010101,花叶类,204.287,204.287,1054.9114,0.0,204.287,444,0,18,5.163869458164249,12.83
2021-06-05,1011010201,花菜类,61.486,61.486,499.182,0.0,61.486,106,0,2,8.11862863090785,15.51
2021-06-05,1011010402,水生根茎类,19.495,19.495,216.074,0.0,19.495,43,0,2,11.083559887150551,13.65
2021-06-05,1011010501,茄类,36.367,36.367,221.95260000000002,0.0,36.367,67,0,4,6.103131960293674,6.68
2021-06-05,1011010504,辣椒类,91.95,91.95,519.5194,4.0,87.95,265,0,10,5.650020663404024,9.24
2021-06-05,1011010801,食用菌,42.32,42.32,303.5118,4.66,37.660000000000004,93,0,12,7.171828922495274,9.45
2021-06-06,1011010101,花叶类,222.817,222.817,1060.7738,1.7890000000000001,221.028,440,0,17,4.760739979445015,12.83
2021-06-06,1011010201,花菜类,42.143,42.143,302.29200000000003,0.0,42.143,80,0,2,7.173006193199345,15.51
2021-06-06,1011010402,水生根茎类,7.182,7.182,94.656,0.0,7.182,15,0,2,13.179615705931495,13.65
2021-06-06,1011010501,茄类,30.644000000000002,30.644000000000002,162.585,0.643,30.001,59,0,4,5.305606317713092,6.68
2021-06-06,1011010504,辣椒类,88.671,88.671,509.7354,1.041,87.63,273,0,9,5.748614541394593,9.24
2021-06-06,1011010801,食用菌,32.745,32.745,318.3988,1.22,31.525,94,0,12,9.72358528019545,9.45
2021-06-07,1011010101,花叶类,148.539,148.539,805.0144,0.0,148.539,308,0,19,5.419549074653795,12.83
2021-06-07,1011010201,花菜类,24.819,24.819,197.02800000000002,0.0,24.819,44,0,2,7.938595430919861,15.51
2021-06-07,1011010402,水生根茎类,8.757,8.757,101.11,0.0,8.757,21,0,2,11.546191618134065,13.65
2021-06-07,1011010501,茄类,29.868,29.868,118.4126,0.0,29.868,56,0,4,3.9645306013124415,6.68
2021-06-07,1011010504,辣椒类,68.965,68.965,405.9273,0.985,67.98,208,0,8,5.885989994924961,9.24
2021-06-07,1011010801,食用菌,27.872,27.872,251.323,0.0,27.872,81,0,10,9.017042192881746,9.45
2021-06-08,1011010101,花叶类,144.482,144.482,690.284,0.359,144.123,295,0,20,4.777647042538171,12.83
2021-06-08,1011010201,花菜类,25.106,25.106,185.61599999999999,0.0,25.106,43,0,2,7.393292440054169,15.51
2021-06-08,1011010402,水生根茎类,7.394,7.394,82.376,0.0,7.394,19,0,2,11.140925074384636,13.65
2021-06-08,1011010501,茄类,24.611,24.611,138.816,0.0,24.611,48,0,4,5.640404697086669,6.68
2021-06-08,1011010504,辣椒类,56.101,56.101,295.1468,0.167,55.934,181,0,9,5.26099000017825,9.24
2021-06-08,1011010801,食用菌,28.108,28.108,312.7006,1.73,26.378,92,0,8,11.12496798064608,9.45
2021-06-09,1011010101,花叶类,126.359,126.359,715.7282,0.0,126.359,272,0,21,5.664243939885565,12.83
2021-06-09,1011010201,花菜类,26.845,26.845,219.741,0.0,26.845,46,0,2,8.185546656733099,15.51
2021-06-09,1011010402,水生根茎类,7.943,7.943,110.01899999999999,0.0,7.943,20,0,3,13.851063829787234,13.65
2021-06-09,1011010501,茄类,19.353,19.353,93.38340000000001,0.0,19.353,37,0,4,4.825267400403038,6.68
2021-06-09,1011010504,辣椒类,52.093,52.093,316.9268,0.0,52.093,167,0,9,6.083865394582765,9.24
2021-06-09,1011010801,食用菌,31.399,31.399,358.7652,0.7,30.699,96,0,12,11.426007197681454,9.45
2021-06-10,1011010101,花叶类,122.004,122.004,711.3776,0.0,122.004,267,0,21,5.830772761548801,12.83
2021-06-10,1011010201,花菜类,13.847,13.847,103.589,0.0,13.847,26,0,2,7.480970607351773,15.51
2021-06-10,1011010402,水生根茎类,10.34,10.34,174.5224,0.0,10.34,30,0,3,16.878375241779498,13.65
2021-06-10,1011010501,茄类,24.961,24.961,122.1056,0.0,24.961,47,0,4,4.891855294259044,6.68
2021-06-10,1011010504,辣椒类,57.091,57.091,278.432,0.0,57.091,166,0,9,4.87698586467219,9.24
2021-06-10,1011010801,食用菌,29.393,29.393,292.3026,3.348,26.045,91,0,9,9.944633075902425,9.45
2021-06-11,1011010101,花叶类,129.982,129.982,789.5222,0.0,129.982,277,0,20,6.074088719976612,12.83
2021-06-11,1011010201,花菜类,21.048,21.048,164.928,0.0,21.048,32,0,2,7.835803876852908,15.51
2021-06-11,1011010402,水生根茎类,6.744,6.744,112.4228,0.0,6.744,21,0,3,16.670047449584818,13.65
2021-06-11,1011010501,茄类,16.567,16.567,49.643,0.0,16.567,30,0,4,2.9964990644051426,6.68
2021-06-11,1011010504,辣椒类,74.873,74.873,412.3522,0.0,74.873,203,0,10,5.5073551213388,9.24
2021-06-11,1011010801,食用菌,25.579,25.579,306.9514,1.88,23.699,102,0,12,12.000132921537197,9.45
2021-06-12,1011010101,花叶类,210.267,210.267,1237.7112,0.0,210.267,451,0,20,5.886378747021644,12.83
2021-06-12,1011010201,花菜类,52.462,52.462,388.222,0.0,52.462,101,0,2,7.400060996530821,15.51
2021-06-12,1011010402,水生根茎类,22.347,22.347,366.9466,0.0,22.347,48,0,3,16.420396473799613,13.65
2021-06-12,1011010501,茄类,48.073,48.073,289.865,0.0,48.073,95,0,5,6.029684022216213,6.68
2021-06-12,1011010504,辣椒类,77.636,77.636,500.0742,0.0,77.636,265,0,9,6.441266938018446,9.24
2021-06-12,1011010801,食用菌,63.009,62.009,729.7954,0.67,61.339,189,0,12,11.76918511828928,9.45
2021-06-13,1011010101,花叶类,211.28,211.28,1111.3354,0.9630000000000001,210.317,440,0,19,5.260012305944717,12.83
2021-06-13,1011010201,花菜类,62.324,62.324,476.2778,0.414,61.91,122,0,2,7.641964572235415,15.51
2021-06-13,1011010402,水生根茎类,11.431000000000001,11.431000000000001,220.9804,0.0,11.431000000000001,29,0,3,19.33167701863354,13.65
2021-06-13,1011010501,茄类,40.009,40.009,233.1483,1.6669999999999998,38.342,70,0,5,5.82739633582444,6.68
2021-06-13,1011010504,辣椒类,88.876,88.876,483.0853,0.093,88.783,294,0,10,5.435497772176966,9.24
2021-06-13,1011010801,食用菌,74.602,74.602,921.3626,1.482,73.12,224,0,8,12.350373984611673,9.45
2021-06-14,1011010101,花叶类,170.686,170.272,873.5112,0.0,170.272,369,0,14,5.130093027626386,12.83
2021-06-14,1011010201,花菜类,73.037,73.037,547.068,0.0,73.037,138,0,2,7.490285745581006,15.51
2021-06-14,1011010402,水生根茎类,14.049,14.049,258.692,0.0,14.049,36,0,3,18.413552566018936,13.65
2021-06-14,1011010501,茄类,37.545,37.545,176.36599999999999,0.0,37.545,72,0,5,4.697456385670528,6.68
2021-06-14,1011010504,辣椒类,70.322,69.697,378.5292,0.0,69.697,240,0,8,5.431068769100535,9.24
2021-06-14,1011010801,食用菌,56.049,56.049,635.4052,0.0,56.049,176,0,12,11.33660190190726,9.45
2021-06-15,1011010101,花叶类,127.719,127.719,643.0562,0.0,127.719,270,0,17,5.034929806841582,12.83
2021-06-15,1011010201,花菜类,45.326,45.326,379.8,0.0,45.326,90,0,2,8.379296650928827,15.51
2021-06-15,1011010402,水生根茎类,9.998,9.998,187.7056,0.0,9.998,31,0,3,18.774314862972595,13.65
2021-06-15,1011010501,茄类,20.698,20.698,109.33200000000001,0.0,20.698,38,0,4,5.28224949270461,6.68
2021-06-15,1011010504,辣椒类,62.187,61.187,386.51959999999997,0.0,61.187,195,0,9,6.317021589553336,9.24
2021-06-15,1011010801,食用菌,31.346,31.346,272.3302,0.0,31.346,90,0,13,8.687877241115293,9.45
2021-06-16,1011010101,花叶类,104.991,104.991,559.5713,0.403,104.588,236,0,15,5.329707308245468,12.83
2021-06-16,1011010201,花菜类,12.99,12.99,110.964,0.0,12.99,24,0,2,8.542263279445727,15.51
2021-06-16,1011010402,水生根茎类,5.187,5.187,68.2764,0.0,5.187,19,0,3,13.162984384037014,13.65
2021-06-16,1011010501,茄类,19.793,19.793,92.512,0.0,19.793,39,0,4,4.673975647956349,6.68
2021-06-16,1011010504,辣椒类,46.695,46.695,258.4872,0.0,46.695,165,0,9,5.535650497911981,9.24
2021-06-16,1011010801,食用菌,29.826,29.826,253.322,0.0,29.826,79,0,10,8.493327968886206,9.45
2021-06-17,1011010101,花叶类,113.507,113.507,546.9986,0.0,113.507,258,0,16,4.819073713515466,12.83
2021-06-17,1011010201,花菜类,48.477,48.477,387.122,27.684,20.793,92,0,2,7.985683932586588,15.51
2021-06-17,1011010402,水生根茎类,9.409,9.409,136.409,0.0,9.409,26,0,3,14.497714953767668,13.65
2021-06-17,1011010501,茄类,28.237000000000002,28.237000000000002,145.978,0.0,28.237000000000002,55,0,3,5.1697418280978855,6.68
2021-06-17,1011010504,辣椒类,45.845,45.845,232.8422,0.0,45.845,166,0,8,5.07890064347257,9.24
2021-06-17,1011010801,食用菌,22.835,22.835,248.197,0.0,22.835,74,0,9,10.869148237354937,9.45
2021-06-18,1011010101,花叶类,150.875,150.875,809.407,0.0,150.875,308,0,14,5.364752278376139,12.83
2021-06-18,1011010201,花菜类,34.971,34.971,280.474,0.0,34.971,65,0,2,8.020188155900604,15.51
2021-06-18,1011010402,水生根茎类,7.902,7.902,140.6044,0.0,7.902,24,0,3,17.79352062768919,13.65
2021-06-18,1011010501,茄类,27.339,27.339,147.666,0.0,27.339,50,0,3,5.401294853505981,6.68
2021-06-18,1011010504,辣椒类,46.754,46.754,241.0446,0.0,46.754,151,0,8,5.155593104333319,9.24
2021-06-18,1011010801,食用菌,29.867,29.867,295.102,0.0,29.867,89,0,11,9.880537047577594,9.45
2021-06-19,1011010101,花叶类,203.369,203.369,1137.2068,0.0,203.369,450,0,16,5.591839464225127,12.83
2021-06-19,1011010201,花菜类,44.511,44.511,392.409,0.0,44.511,76,0,2,8.816000539192558,15.51
2021-06-19,1011010402,水生根茎类,10.313,10.313,186.3838,0.0,10.313,33,0,3,18.072704353728305,13.65
2021-06-19,1011010501,茄类,30.488,30.488,145.54,0.0,30.488,61,0,3,4.7736814484387295,6.68
2021-06-19,1011010504,辣椒类,87.633,87.633,490.29699999999997,0.0,87.633,272,0,10,5.594890052833978,9.24
2021-06-19,1011010801,食用菌,39.484,39.484,393.3918,0.0,39.484,113,0,12,9.963321851889372,9.45
2021-06-20,1011010101,花叶类,202.307,202.307,1083.797,0.0,202.307,425,0,16,5.357189815478456,12.83
2021-06-20,1011010201,花菜类,43.614,43.614,374.973,0.0,43.614,65,0,2,8.597537487962581,15.51
2021-06-20,1011010402,水生根茎类,10.001,10.001,199.12019999999998,0.0,10.001,36,0,3,19.91002899710029,13.65
2021-06-20,1011010501,茄类,61.881,61.881,319.558,0.0,61.881,123,0,3,5.164072978781856,6.68
2021-06-20,1011010504,辣椒类,86.134,85.134,447.479,0.0,85.134,250,0,10,5.256172621984166,9.24
2021-06-20,1011010801,食用菌,38.578,38.578,466.74580000000003,0.0,38.578,130,0,11,12.0987557675359,9.45
2021-06-21,1011010101,花叶类,150.07,150.07,809.2008,0.0,150.07,309,0,15,5.392155660691677,12.83
2021-06-21,1011010201,花菜类,54.07,54.07,492.096,0.0,54.07,112,0,2,9.10109117810246,15.51
2021-06-21,1011010402,水生根茎类,9.9,9.9,156.4032,0.0,9.9,29,0,3,15.79830303030303,13.65
2021-06-21,1011010501,茄类,18.566,18.566,80.476,0.0,18.566,37,0,3,4.33459011095551,6.68
2021-06-21,1011010504,辣椒类,58.693,58.693,295.504,0.0,58.693,173,0,9,5.03474008825584,9.24
2021-06-21,1011010801,食用菌,24.224,24.224,301.9778,1.649,22.575,85,0,7,12.466058454425363,9.45
2021-06-22,1011010101,花叶类,126.727,126.439,738.4164,0.188,126.251,267,0,16,5.840099969155086,12.83
2021-06-22,1011010201,花菜类,26.162,26.162,235.68,0.0,26.162,50,0,2,9.008485589786714,15.51
2021-06-22,1011010402,水生根茎类,13.91,13.91,202.1816,0.0,13.91,37,0,3,14.534982027318476,13.65
2021-06-22,1011010501,茄类,31.526,30.92,147.728,0.0,30.92,55,0,3,4.7777490297542045,6.68
2021-06-22,1011010504,辣椒类,56.135,56.135,343.2924,0.0,56.135,192,0,9,6.115478756568986,9.24
2021-06-22,1011010801,食用菌,29.299,29.299,276.0998,0.334,28.965,83,0,10,9.423522987132667,9.45
2021-06-23,1011010101,花叶类,123.214,123.214,718.0432,2.4,120.814,259,0,18,5.827610498806953,12.83
2021-06-23,1011010201,花菜类,57.723,57.723,511.89,0.0,57.723,116,0,2,8.868042201548777,15.51
2021-06-23,1011010402,水生根茎类,10.931000000000001,10.931000000000001,141.3774,0.0,10.931000000000001,33,0,3,12.933619979873752,13.65
2021-06-23,1011010501,茄类,24.858999999999998,24.858999999999998,105.392,0.518,24.341,46,0,3,4.239591294903255,6.68
2021-06-23,1011010504,辣椒类,53.900999999999996,53.900999999999996,342.8034,0.0,53.900999999999996,168,0,9,6.35987087438081,9.24
2021-06-23,1011010801,食用菌,32.793,32.793,359.9754,1.192,31.601,110,0,12,10.97720245174275,9.45
2021-06-24,1011010101,花叶类,127.946,127.946,729.972,2.633,125.313,298,0,19,5.70531317899739,12.83
2021-06-24,1011010201,花菜类,34.885,34.885,313.81,0.0,34.885,65,0,2,8.995556829582917,15.51
2021-06-24,1011010402,水生根茎类,6.119,6.119,110.9536,0.0,6.119,17,0,3,18.132636051642425,13.65
2021-06-24,1011010501,茄类,19.543,19.543,91.6968,0.0,19.543,36,0,2,4.69205342066213,6.68
2021-06-24,1011010504,辣椒类,41.586,41.586,254.4178,0.0,41.586,159,0,9,6.11787139902852,9.24
2021-06-24,1011010801,食用菌,31.747,31.747,303.3978,0.8919999999999999,30.855,99,0,13,9.556739219453807,9.45
2021-06-25,1011010101,花叶类,146.582,146.582,880.3358000000001,0.0,146.582,308,0,17,6.005756504891461,12.83
2021-06-25,1011010201,花菜类,40.437,40.437,361.436,0.0,40.437,77,0,2,8.938249622870144,15.51
2021-06-25,1011010402,水生根茎类,10.916,10.916,127.979,0.0,10.916,31,0,3,11.723983144008795,13.65
2021-06-25,1011010501,茄类,12.896,12.896,67.6654,0.0,12.896,24,0,3,5.24700682382134,6.68
2021-06-25,1011010504,辣椒类,35.531,35.531,178.2172,0.0,35.531,129,0,8,5.015822802623061,9.24
2021-06-25,1011010801,食用菌,32.537,32.537,365.6764,0.0,32.537,100,0,8,11.238786612164613,9.45
2021-06-26,1011010101,花叶类,197.69,197.69,1211.443,0.0,197.69,430,0,15,6.127993322879256,12.83
2021-06-26,1011010201,花菜类,71.821,71.821,679.586,0.0,71.821,149,0,2,9.462218571169993,15.51
2021-06-26,1011010402,水生根茎类,20.953,20.953,260.1548,0.0,20.953,56,0,3,12.416112251228942,13.65
2021-06-26,1011010501,茄类,35.449,35.449,185.3258,0.0,35.449,64,0,3,5.227955654602386,6.68
2021-06-26,1011010504,辣椒类,82.43900000000001,82.43900000000001,464.73699999999997,0.0,82.43900000000001,272,0,10,5.637343975545554,9.24
2021-06-26,1011010801,食用菌,47.402,47.402,519.3622,1.809,45.592999999999996,157,0,10,10.956546137293785,9.45
2021-06-27,1011010101,花叶类,213.547,213.547,1296.8696,0.0,213.547,456,0,16,6.0729937671800585,12.83
2021-06-27,1011010201,花菜类,56.542,56.542,523.866,0.0,56.542,113,0,2,9.265077287679954,15.51
2021-06-27,1011010402,水生根茎类,19.982,19.982,276.0006,0.0,19.982,55,0,3,13.812461215093586,13.65
2021-06-27,1011010501,茄类,31.776,31.776,205.9788,0.0,31.776,65,0,3,6.4822129909365565,6.68
2021-06-27,1011010504,辣椒类,79.121,79.121,411.0442,0.0,79.121,259,0,10,5.195134035211891,9.24
2021-06-27,1011010801,食用菌,49.14,49.14,574.2844,0.0,49.14,171,0,12,11.686699226699227,9.45
2021-06-28,1011010101,花叶类,125.782,125.782,795.7592,0.89,124.892,279,0,17,6.3264950469860555,12.83
2021-06-28,1011010201,花菜类,35.784,35.784,328.412,0.0,35.784,79,0,2,9.177621283255085,15.51
2021-06-28,1011010402,水生根茎类,9.933,9.933,128.496,0.0,9.933,26,0,3,12.936273029296286,13.65
2021-06-28,1011010501,茄类,21.088,21.088,122.3342,0.0,21.088,40,0,3,5.801128603945371,6.68
2021-06-28,1011010504,辣椒类,45.81,45.81,300.2122,0.0,45.81,154,0,10,6.553420650512988,9.24
2021-06-28,1011010801,食用菌,33.153,33.153,366.3578,0.0,33.153,113,0,12,11.050517298585348,9.45
2021-06-29,1011010101,花叶类,110.196,110.196,673.6922,0.0,110.196,244,0,18,6.113581255217975,12.83
2021-06-29,1011010201,花菜类,34.383,34.383,320.576,0.0,34.383,73,0,2,9.32367739871448,15.51
2021-06-29,1011010402,水生根茎类,9.52,9.52,104.011,0.0,9.52,28,0,3,10.925525210084034,13.65
2021-06-29,1011010501,茄类,19.721,19.721,98.915,0.0,19.721,44,0,3,5.0157192840119675,6.68
2021-06-29,1011010504,辣椒类,40.321,40.321,277.4828,0.0,40.321,146,0,10,6.8818432082537635,9.24
2021-06-29,1011010801,食用菌,26.399,26.399,267.2494,2.01,24.389,87,0,10,10.12346679798477,9.45
2021-06-30,1011010101,花叶类,125.415,125.415,795.0218,0.0,125.415,282,0,15,6.339128493401906,12.83
2021-06-30,1011010201,花菜类,27.052,27.052,249.294,0.0,27.052,55,0,2,9.215363004583764,15.51
2021-06-30,1011010402,水生根茎类,7.464,7.464,109.7642,0.0,7.464,20,0,3,14.705814576634511,13.65
2021-06-30,1011010501,茄类,27.425,27.425,137.863,0.0,27.425,49,0,3,5.026909753874202,6.68
2021-06-30,1011010504,辣椒类,39.114,39.114,266.0906,0.0,39.114,143,0,9,6.80295035025822,9.24
2021-06-30,1011010801,食用菌,41.537,41.537,413.7296,0.34,41.197,118,0,13,9.96050749933794,9.45
2021-07-01,1011010101,花叶类,148.597,148.597,966.3102,0.0,148.597,334,0,18,6.5028917138300235,12.83
2021-07-01,1011010201,花菜类,33.72,33.72,298.347,0.0,33.72,64,0,2,8.847775800711743,15.51
2021-07-01,1011010402,水生根茎类,8.512,8.512,113.2644,0.0,8.512,25,0,3,13.306437969924811,13.65
2021-07-01,1011010501,茄类,26.278,26.278,128.053,0.0,26.278,46,0,3,4.873011644721821,6.68
2021-07-01,1011010504,辣椒类,54.567,54.567,347.4836,0.0,54.567,192,0,10,6.368017299833233,9.24
2021-07-01,1011010801,食用菌,32.65,32.65,346.141,0.36,32.29,98,0,11,10.601562021439511,9.45
2021-07-02,1011010101,花叶类,133.586,133.586,815.5383,0.539,133.047,297,0,17,6.104968335005165,12.83
2021-07-02,1011010201,花菜类,24.972,24.972,231.672,0.0,24.972,56,0,2,9.277270543008168,15.51
2021-07-02,1011010402,水生根茎类,10.79,10.79,138.6138,0.0,10.79,22,0,3,12.846506024096387,13.65
2021-07-02,1011010501,茄类,28.565,28.565,123.388,0.0,28.565,54,0,4,4.3195518991773145,6.68
2021-07-02,1011010504,辣椒类,51.785000000000004,51.785000000000004,403.2709,0.287,51.498,179,0,10,7.787407550448971,9.24
2021-07-02,1011010801,食用菌,34.247,34.247,357.5962,0.0,34.247,89,0,11,10.441679563173418,9.45
2021-07-03,1011010101,花叶类,197.925,197.925,1228.9836,0.0,197.925,432,0,19,6.209339901477832,12.83
2021-07-03,1011010201,花菜类,48.497,48.497,428.046,0.0,48.497,94,0,2,8.82623667443347,15.51
2021-07-03,1011010402,水生根茎类,29.657,29.657,322.8914,0.0,29.657,58,0,4,10.88752739656742,13.65
2021-07-03,1011010501,茄类,47.285,47.285,224.18280000000001,0.556,46.729,78,0,3,4.741097599661627,6.68
2021-07-03,1011010504,辣椒类,73.552,73.552,481.927,0.0,73.552,273,0,11,6.552194365890798,9.24
2021-07-03,1011010801,食用菌,66.849,66.849,808.725,2.93,63.919,207,0,13,12.097787551047883,9.45
2021-07-04,1011010101,花叶类,197.322,197.322,1195.2086,0.0,197.322,414,0,19,6.057148214593405,12.83
2021-07-04,1011010201,花菜类,45.679,45.679,397.654,0.0,45.679,86,0,2,8.705400731189386,15.51
2021-07-04,1011010402,水生根茎类,24.214,24.214,235.2362,0.0,24.214,51,0,4,9.714883951433055,13.65
2021-07-04,1011010501,茄类,39.241,39.241,194.218,0.0,39.241,71,0,3,4.949364185418312,6.68
2021-07-04,1011010504,辣椒类,57.583,57.583,393.914,0.0,57.583,203,0,11,6.84080370942813,9.24
2021-07-04,1011010801,食用菌,44.466,44.466,486.5004,0.0,44.466,129,0,14,10.940952637970584,9.45
2021-07-05,1011010101,花叶类,176.276,176.276,1105.9436,0.0,176.276,382,0,19,6.2739317887857675,12.83
2021-07-05,1011010201,花菜类,66.355,66.355,533.562,0.0,66.355,127,0,2,8.04102177680657,15.51
2021-07-05,1011010402,水生根茎类,14.947,14.947,131.6762,0.0,14.947,27,0,4,8.809540375995184,13.65
2021-07-05,1011010501,茄类,49.588,49.588,227.714,0.0,49.588,87,0,4,4.59211906106316,6.68
2021-07-05,1011010504,辣椒类,53.877,53.877,391.438,0.0,53.877,204,0,10,7.265400820387177,9.24
2021-07-05,1011010801,食用菌,40.491,40.491,428.5782,1.14,39.351,121,0,13,10.58452989553234,9.45
2021-07-06,1011010101,花叶类,173.864,173.864,1063.0446,0.0,173.864,385,0,19,6.114230663046979,12.83
2021-07-06,1011010201,花菜类,44.901,44.901,394.034,0.0,44.901,100,0,2,8.775617469544107,15.51
2021-07-06,1011010402,水生根茎类,7.861,7.861,90.4666,0.0,7.861,21,0,3,11.508281389136242,13.65
2021-07-06,1011010501,茄类,49.005,49.005,227.692,0.0,49.005,100,0,4,4.646301397816549,6.68
2021-07-06,1011010504,辣椒类,46.553,46.553,355.636,0.0,46.553,177,0,10,7.639378772581789,9.24
2021-07-06,1011010801,食用菌,36.365,36.365,476.797,1.866,34.499,117,0,12,13.111425821531693,9.45
2021-07-07,1011010101,花叶类,149.514,149.514,865.4684,0.0,149.514,317,0,19,5.788544216595101,12.83
2021-07-07,1011010201,花菜类,40.488,40.488,347.548,0.0,40.488,86,0,2,8.583975498913258,15.51
2021-07-07,1011010402,水生根茎类,8.404,8.404,120.956,0.0,8.404,22,0,3,14.392670157068064,13.65
2021-07-07,1011010501,茄类,31.752,31.752,116.248,0.0,31.752,66,0,4,3.661123708742757,6.68
2021-07-07,1011010504,辣椒类,38.244,38.244,272.744,0.0,38.244,142,0,10,7.131680786528607,9.24
2021-07-07,1011010801,食用菌,26.099,26.099,317.4616,1.62,24.479,95,0,9,12.163745737384573,9.45
2021-07-08,1011010101,花叶类,143.491,143.491,860.8002,0.0,143.491,299,0,18,5.9989839083984355,12.83
2021-07-08,1011010201,花菜类,61.361,61.361,480.018,0.0,61.361,116,0,2,7.822851648441192,15.51
2021-07-08,1011010402,水生根茎类,12.209,12.209,143.56900000000002,0.0,12.209,22,0,4,11.759275943975757,13.65
2021-07-08,1011010501,茄类,33.078,33.078,139.172,0.0,33.078,63,0,4,4.2073885966503415,6.68
2021-07-08,1011010504,辣椒类,44.995,44.995,317.628,0.0,44.995,172,0,11,7.059184353817091,9.24
2021-07-08,1011010801,食用菌,34.071,34.071,327.3754,0.558,33.513,90,0,10,9.608623169264185,9.45
2021-07-09,1011010101,花叶类,114.966,114.966,726.2382,0.0,114.966,260,0,17,6.316982412191431,12.83
2021-07-09,1011010201,花菜类,28.476,28.476,238.076,0.0,28.476,68,0,2,8.360584351734794,15.51
2021-07-09,1011010402,水生根茎类,4.507,4.507,61.784,0.0,4.507,11,0,2,13.708453516751721,13.65
2021-07-09,1011010501,茄类,22.810000000000002,22.810000000000002,100.952,0.0,22.810000000000002,44,0,4,4.4257781674704075,6.68
2021-07-09,1011010504,辣椒类,34.612,34.612,268.3076,0.0,34.612,143,0,11,7.751866404715127,9.24
2021-07-09,1011010801,食用菌,26.496,26.496,267.5068,1.9740000000000002,24.522,79,0,10,10.096120169082125,9.45
2021-07-10,1011010101,花叶类,176.065,176.065,1072.244,26.156,149.909,370,0,19,6.090046289722546,12.83
2021-07-10,1011010201,花菜类,70.59,70.59,565.133,38.168,32.422,155,0,2,8.005850687066157,15.51
2021-07-10,1011010402,水生根茎类,14.838,14.838,216.1706,0.0,14.838,31,0,3,14.568715460304624,13.65
2021-07-10,1011010501,茄类,49.929,49.929,244.502,0.0,49.929,98,0,4,4.896993731098159,6.68
2021-07-10,1011010504,辣椒类,52.771,52.771,373.0246,0.0,52.771,204,0,10,7.068742301642948,9.24
2021-07-10,1011010801,食用菌,41.077,41.077,405.5076,0.0,41.077,117,0,12,9.871889378484312,9.45
2021-07-11,1011010101,花叶类,212.957,212.957,1285.536,53.689,159.268,434,0,17,6.0365989378137375,12.83
2021-07-11,1011010201,花菜类,75.634,75.634,564.162,26.78,48.854,166,0,2,7.45910569320676,15.51
2021-07-11,1011010402,水生根茎类,14.099,14.099,229.7322,0.0,14.099,41,0,3,16.294219448187814,13.65
2021-07-11,1011010501,茄类,40.365,40.365,185.3024,0.0,40.365,80,0,3,4.590670135017961,6.68
2021-07-11,1011010504,辣椒类,39.195,39.195,299.916,0.0,39.195,152,0,10,7.651894374282434,9.24
2021-07-11,1011010801,食用菌,38.382,38.382,331.023,0.422,37.96,98,0,10,8.624433328122558,9.45
2021-07-12,1011010101,花叶类,140.305,140.305,856.216,26.573,113.732,297,0,17,6.102533765724671,12.83
2021-07-12,1011010201,花菜类,24.48,24.48,199.421,20.453,4.027,59,0,2,8.146282679738562,15.51
2021-07-12,1011010402,水生根茎类,7.559,7.559,121.7306,0.0,7.559,20,0,4,16.104061383780923,13.65
2021-07-12,1011010501,茄类,24.025,24.025,121.8924,0.0,24.025,49,0,3,5.073565036420396,6.68
2021-07-12,1011010504,辣椒类,42.472,42.472,308.5996,0.0,42.472,147,0,9,7.26595404030891,9.24
2021-07-12,1011010801,食用菌,24.080000000000002,24.080000000000002,161.5922,0.0,24.080000000000002,47,0,9,6.71063953488372,9.45
2021-07-13,1011010101,花叶类,149.772,149.772,980.757,24.076,125.696,306,0,15,6.548333466869642,12.83
2021-07-13,1011010201,花菜类,47.258,47.258,376.538,30.786,16.472,103,0,2,7.967709170934022,15.51
2021-07-13,1011010402,水生根茎类,7.123,7.123,137.4376,0.0,7.123,18,0,4,19.29490383265478,13.65
2021-07-13,1011010501,茄类,28.125,28.125,148.3748,0.0,28.125,53,0,3,5.2755484444444445,6.68
2021-07-13,1011010504,辣椒类,24.629,24.629,245.562,4.517,20.112,111,0,9,9.970441349628487,9.24
2021-07-13,1011010801,食用菌,18.59,18.59,189.124,0.0,18.59,56,0,8,10.173426573426573,9.45
2021-07-14,1011010101,花叶类,163.863,163.863,892.806,35.904,127.959,351,0,16,5.448490507314037,12.83
2021-07-14,1011010201,花菜类,50.127,50.127,372.325,16.714,33.413,99,0,2,7.4276338101222885,15.51
2021-07-14,1011010402,水生根茎类,14.182,14.182,149.3462,1.1,13.082,26,0,5,10.530686786066846,13.65
2021-07-14,1011010501,茄类,20.281,20.281,101.12,0.0,20.281,40,0,4,4.985947438489227,6.68
2021-07-14,1011010504,辣椒类,51.339,51.339,300.0606,0.0,51.339,165,0,9,5.84469117045521,9.24
2021-07-14,1011010801,食用菌,43.512,43.512,472.9676,0.0,43.512,120,0,12,10.86981981981982,9.45
2021-07-15,1011010101,花叶类,141.75,141.75,852.9634,27.808,113.94200000000001,286,0,17,6.01737848324515,12.83
2021-07-15,1011010201,花菜类,27.632,27.632,213.47899999999998,14.613,13.019,58,0,2,7.725788940359003,15.51
2021-07-15,1011010402,水生根茎类,5.78,5.78,78.5042,0.0,5.78,15,0,3,13.582041522491348,13.65
2021-07-15,1011010501,茄类,17.221,17.221,112.035,0.0,17.221,35,0,3,6.505719760757215,6.68
2021-07-15,1011010504,辣椒类,48.957,48.957,331.63,0.0,48.957,175,0,10,6.773903629715873,9.24
2021-07-15,1011010801,食用菌,29.008,29.008,302.82620000000003,0.0,29.008,71,0,10,10.439402923331496,9.45
2021-07-16,1011010101,花叶类,236.055,236.055,1379.338,0.0,236.055,502,0,16,5.843290758509669,12.83
2021-07-16,1011010201,花菜类,39.074,39.074,298.02,0.0,39.074,83,0,2,7.627066591595434,15.51
2021-07-16,1011010402,水生根茎类,23.636,23.636,221.4064,7.9239999999999995,15.712,43,0,5,9.367337959045523,13.65
2021-07-16,1011010501,茄类,53.38,53.38,318.996,0.0,53.38,105,0,4,5.975946047208692,6.68
2021-07-16,1011010504,辣椒类,57.948,57.948,425.103,0.0,57.948,212,0,11,7.335939117829779,9.24
2021-07-16,1011010801,食用菌,47.644,47.644,477.731,0.0,47.644,115,0,11,10.027096801276132,9.45
2021-07-17,1011010101,花叶类,223.655,223.655,1427.3442,0.0,223.655,486,0,17,6.3819015895016875,12.83
2021-07-17,1011010201,花菜类,79.353,79.353,592.918,0.0,79.353,147,0,2,7.471904023792422,15.51
2021-07-17,1011010402,水生根茎类,27.115,27.115,339.122,12.509,14.606,55,0,5,12.506804351834779,13.65
2021-07-17,1011010501,茄类,29.918,29.918,198.727,0.0,29.918,56,0,5,6.642389197138846,6.68
2021-07-17,1011010504,辣椒类,60.204,60.204,446.595,0.0,60.204,242,0,12,7.4180287024118,9.24
2021-07-17,1011010801,食用菌,46.115,46.115,520.0804,0.0,46.115,148,0,9,11.277900899924104,9.45
2021-07-18,1011010101,花叶类,234.028,234.028,1391.1018,3.701,230.327,490,0,20,5.944168219187447,12.83
2021-07-18,1011010201,花菜类,60.81,60.81,458.842,0.0,60.81,110,0,2,7.545502384476237,15.51
2021-07-18,1011010402,水生根茎类,30.137999999999998,30.137999999999998,343.8446,13.019,17.119,57,0,5,11.409005242550933,13.65
2021-07-18,1011010501,茄类,31.604,31.604,190.157,0.0,31.604,65,0,5,6.016864953803316,6.68
2021-07-18,1011010504,辣椒类,67.134,67.134,505.163,0.0,67.134,245,0,11,7.524696874906903,9.24
2021-07-18,1011010801,食用菌,43.166,43.166,495.52660000000003,0.0,43.166,125,0,10,11.479557985451514,9.45
2021-07-19,1011010101,花叶类,174.827,174.827,1089.4348,2.533,172.294,371,0,18,6.231501999119129,12.83
2021-07-19,1011010201,花菜类,34.935,34.935,270.339,0.0,34.935,76,0,2,7.738342636324602,15.51
2021-07-19,1011010402,水生根茎类,15.754,15.754,239.7022,8.341,7.413,34,0,4,15.215323092547925,13.65
2021-07-19,1011010501,茄类,19.986,19.986,113.711,0.0,19.986,38,0,4,5.689532672871009,6.68
2021-07-19,1011010504,辣椒类,40.146,40.146,339.608,0.0,40.146,138,0,9,8.45932346933692,9.24
2021-07-19,1011010801,食用菌,40.629,40.629,371.048,0.0,40.629,95,0,9,9.132590021905536,9.45
2021-07-20,1011010101,花叶类,152.362,152.362,988.2304,0.0,152.362,311,0,20,6.4860687047951595,12.83
2021-07-20,1011010201,花菜类,46.461,46.461,363.393,0.0,46.461,101,0,2,7.821463162652547,15.51
2021-07-20,1011010402,水生根茎类,12.512,12.512,206.1934,4.818,7.694,34,0,3,16.47965153452685,13.65
2021-07-20,1011010501,茄类,19.324,19.324,121.593,0.0,19.324,36,0,5,6.292330780376734,6.68
2021-07-20,1011010504,辣椒类,40.886,40.886,299.178,0.0,40.886,155,0,11,7.317370248984982,9.24
2021-07-20,1011010801,食用菌,27.025,27.025,315.734,0.0,27.025,88,0,9,11.683034227567067,9.45
2021-07-21,1011010101,花叶类,152.653,152.653,976.6402,0.0,152.653,327,0,22,6.397779277184203,12.83
2021-07-21,1011010201,花菜类,52.983,52.983,412.202,0.0,52.983,103,0,2,7.7798916633637205,15.51
2021-07-21,1011010402,水生根茎类,18.057,18.057,267.7503,6.301,11.756,39,0,4,14.828061139724207,13.65
2021-07-21,1011010501,茄类,22.554,22.554,160.268,0.0,22.554,48,0,4,7.105967899263989,6.68
2021-07-21,1011010504,辣椒类,58.081,58.081,419.509,0.0,58.081,215,0,12,7.222826741963809,9.24
2021-07-21,1011010801,食用菌,36.536,36.182,370.4296,0.0,36.182,100,0,12,10.237952573102646,9.45
2021-07-22,1011010101,花叶类,154.625,154.625,1038.613,0.0,154.625,327,0,22,6.716979789814067,12.83
2021-07-22,1011010201,花菜类,34.223,34.223,273.784,0.0,34.223,68,0,2,8.0,15.51
2021-07-22,1011010402,水生根茎类,17.843,17.843,265.0412,9.593,8.25,31,0,3,14.854071624726783,13.65
2021-07-22,1011010501,茄类,26.636,26.636,210.27100000000002,0.0,26.636,54,0,4,7.894240877008561,6.68
2021-07-22,1011010504,辣椒类,56.815,56.815,403.981,0.0,56.815,187,0,12,7.110463785972015,9.24
2021-07-22,1011010801,食用菌,31.031,31.031,311.7148,0.0,31.031,87,0,8,10.045270858174085,9.45
2021-07-23,1011010101,花叶类,150.636,150.636,975.7726,0.0,150.636,328,0,20,6.477685281074909,12.83
2021-07-23,1011010201,花菜类,38.509,38.509,291.478,17.021,21.488,69,0,2,7.569087745721779,15.51
2021-07-23,1011010402,水生根茎类,13.844,13.844,166.7126,0.0,13.844,36,0,3,12.042227679861313,13.65
2021-07-23,1011010501,茄类,19.1,19.1,168.03300000000002,0.0,19.1,41,0,3,8.797539267015708,6.68
2021-07-23,1011010504,辣椒类,45.06,45.06,314.498,0.0,45.06,165,0,11,6.979538393253439,9.24
2021-07-23,1011010801,食用菌,28.61,28.61,371.2368,0.0,28.61,102,0,9,12.975770709542118,9.45
2021-07-24,1011010101,花叶类,206.923,206.923,1342.5908,0.887,206.036,434,0,16,6.488359438051836,12.83
2021-07-24,1011010201,花菜类,51.625,50.974,428.431,18.726,32.248,102,0,2,8.404892690391181,15.51
2021-07-24,1011010402,水生根茎类,32.222,32.222,414.317,0.0,32.222,69,0,3,12.858202470361864,13.65
2021-07-24,1011010501,茄类,37.029,37.029,292.866,0.0,37.029,76,0,4,7.909098274325528,6.68
2021-07-24,1011010504,辣椒类,82.893,82.893,565.806,0.0,82.893,295,0,12,6.825739205964316,9.24
2021-07-24,1011010801,食用菌,35.038,35.038,464.90540000000004,0.0,35.038,110,0,12,13.268605514013359,9.45
2021-07-25,1011010101,花叶类,248.502,248.502,1560.2746,0.134,248.368,518,0,16,6.278720493195226,12.83
2021-07-25,1011010201,花菜类,60.229,60.229,542.634,14.269,45.96,127,0,2,9.00951368941872,15.51
2021-07-25,1011010402,水生根茎类,24.134,24.134,279.756,0.0,24.134,50,0,2,11.591779232617883,13.65
2021-07-25,1011010501,茄类,29.736,29.736,260.812,0.0,29.736,65,0,4,8.770917406510627,6.68
2021-07-25,1011010504,辣椒类,72.385,72.385,530.6142,0.0,72.385,250,0,10,7.330444152794087,9.24
2021-07-25,1011010801,食用菌,36.532000000000004,36.532000000000004,532.1476,0.0,36.532000000000004,129,0,9,14.56661556991131,9.45
2021-07-26,1011010101,花叶类,155.365,155.365,986.5698,0.718,154.647,358,0,16,6.350013194734978,12.83
2021-07-26,1011010201,花菜类,25.066,25.066,195.163,12.993,12.073,52,0,2,7.785965052262029,15.51
2021-07-26,1011010402,水生根茎类,16.444,16.444,216.31560000000002,0.0,16.444,38,0,3,13.154682558988082,13.65
2021-07-26,1011010501,茄类,16.386,16.386,151.355,0.0,16.386,34,0,3,9.23684852923227,6.68
2021-07-26,1011010504,辣椒类,47.928,47.928,316.5808,0.0,47.928,179,0,6,6.605341345351361,9.24
2021-07-26,1011010801,食用菌,30.861,30.861,434.8576,0.0,30.861,108,0,9,14.090846051650951,9.45
2021-07-27,1011010101,花叶类,189.082,189.082,1108.737,0.0,189.082,383,0,17,5.8637892554553055,12.83
2021-07-27,1011010201,花菜类,53.678,53.678,473.765,14.787,38.891,113,0,2,8.826055367189538,15.51
2021-07-27,1011010402,水生根茎类,33.891,33.891,461.22240000000005,0.0,33.891,73,0,3,13.608993538107464,13.65
2021-07-27,1011010501,茄类,20.927,20.927,175.163,0.0,20.927,48,0,4,8.3701916184833,6.68
2021-07-27,1011010504,辣椒类,54.649,54.649,385.495,0.0,54.649,186,0,10,7.054017456861058,9.24
2021-07-27,1011010801,食用菌,29.008,29.008,374.1788,0.0,29.008,96,0,9,12.899158852730283,9.45
2021-07-28,1011010101,花叶类,205.803,205.803,1317.1194,0.0,205.803,413,0,19,6.39990379148992,12.83
2021-07-28,1011010201,花菜类,58.303,58.303,551.396,0.0,58.303,115,0,2,9.457420715915132,15.51
2021-07-28,1011010402,水生根茎类,32.418,32.418,446.93320000000006,0.0,32.418,64,0,3,13.786575359368253,13.65
2021-07-28,1011010501,茄类,15.551,15.551,140.416,0.0,15.551,31,0,4,9.029387177673462,6.68
2021-07-28,1011010504,辣椒类,63.485,63.485,447.5016,0.0,63.485,200,0,11,7.048934393951327,9.24
2021-07-28,1011010801,食用菌,35.805,35.805,377.714,0.0,35.805,100,0,11,10.54919703951962,9.45
2021-07-29,1011010101,花叶类,193.613,193.613,1300.9928,0.0,193.613,399,0,17,6.719552922582678,12.83
2021-07-29,1011010201,花菜类,31.376,31.376,291.748,0.0,31.376,60,0,2,9.29844467108618,15.51
2021-07-29,1011010402,水生根茎类,17.107,17.107,191.83440000000002,0.0,17.107,38,0,2,11.213795522300813,13.65
2021-07-29,1011010501,茄类,59.522,59.522,286.203,0.0,59.522,116,0,4,4.80835657403985,6.68
2021-07-29,1011010504,辣椒类,33.377,33.377,251.3928,0.0,33.377,126,0,12,7.531917188483086,9.24
2021-07-29,1011010801,食用菌,26.28,26.28,332.216,0.0,26.28,85,0,10,12.641400304414002,9.45
2021-07-30,1011010101,花叶类,214.155,214.155,1472.2514,0.0,214.155,412,0,20,6.874700100394574,12.83
2021-07-30,1011010201,花菜类,43.631,43.631,412.5012,0.361,43.27,95,0,2,9.454314592835368,15.51
2021-07-30,1011010402,水生根茎类,20.72,20.72,247.3596,0.0,20.72,46,0,3,11.938204633204634,13.65
2021-07-30,1011010501,茄类,33.845,33.845,227.4,0.0,33.845,68,0,3,6.718865415866451,6.68
2021-07-30,1011010504,辣椒类,50.321,50.321,372.582,0.0,50.321,176,0,10,7.404105641779774,9.24
2021-07-30,1011010801,食用菌,28.865,28.865,370.7968,0.0,28.865,93,0,10,12.845896414342631,9.45
2021-07-31,1011010101,花叶类,255.972,255.972,1738.0036,0.339,255.633,493,0,19,6.789819198974888,12.83
2021-07-31,1011010201,花菜类,47.859,47.859,468.086,0.0,47.859,103,0,2,9.780521949894482,15.51
2021-07-31,1011010402,水生根茎类,23.282,23.282,292.8128,0.0,23.282,49,0,3,12.576788935658447,13.65
2021-07-31,1011010501,茄类,24.536,24.536,181.5038,0.0,24.536,47,0,4,7.397448646886208,6.68
2021-07-31,1011010504,辣椒类,57.015,57.015,478.348,0.0,57.015,215,0,11,8.38986231693414,9.24
2021-07-31,1011010801,食用菌,44.567,44.567,447.5231,0.133,44.434,119,0,10,10.041580092893845,9.45
2021-08-01,1011010101,花叶类,251.271,251.271,1683.5803,4.196,247.075,509,0,18,6.700257092939497,12.83
2021-08-01,1011010201,花菜类,66.798,66.798,610.62,55.997,10.801,150,0,1,9.141291655438785,15.51
2021-08-01,1011010402,水生根茎类,36.228,36.228,414.7637,27.302,8.926,75,0,3,11.448705421221154,13.65
2021-08-01,1011010501,茄类,20.536,20.536,143.3434,10.381,10.155000000000001,42,0,3,6.980103233346318,6.68
2021-08-01,1011010504,辣椒类,76.324,76.324,578.4027,42.476,33.848,276,0,12,7.578254546407421,9.24
2021-08-01,1011010801,食用菌,42.984,42.984,512.6758,0.138,42.846000000000004,140,0,8,11.927131025497859,9.45
2021-08-02,1011010101,花叶类,283.115,283.115,1894.6238,1.851,281.264,549,0,16,6.692064355473924,12.83
2021-08-02,1011010201,花菜类,24.162,24.162,219.818,21.802,2.36,50,0,1,9.09767403360649,15.51
2021-08-02,1011010402,水生根茎类,22.943,22.943,231.808,17.76,5.183,40,0,2,10.103648171555593,13.65
2021-08-02,1011010501,茄类,35.577,35.577,280.998,13.084,22.493,65,0,4,7.898305084745763,6.68
2021-08-02,1011010504,辣椒类,79.129,79.129,627.0964,46.769,32.36,235,0,11,7.924988310227603,9.24
2021-08-02,1011010801,食用菌,57.648,57.648,633.1237,1.453,56.195,144,0,11,10.982578753816263,9.45
2021-08-03,1011010101,花叶类,264.825,264.825,1646.6174,0.0,264.825,473,0,18,6.217756631737941,12.83
2021-08-03,1011010201,花菜类,20.641,20.641,189.12199999999999,16.987,3.654,50,0,2,9.162443680054261,15.51
2021-08-03,1011010402,水生根茎类,27.549,27.549,295.7504,21.426,6.123,57,0,3,10.735431413118445,13.65
2021-08-03,1011010501,茄类,48.444,48.444,395.67,31.633,16.811,95,0,4,8.16757493188011,6.68
2021-08-03,1011010504,辣椒类,55.900999999999996,55.900999999999996,491.046,24.366,31.535,208,0,10,8.784207795924939,9.24
2021-08-03,1011010801,食用菌,42.284,42.284,608.0310000000001,0.0,42.284,130,0,10,14.37969444707218,9.45
2021-08-04,1011010101,花叶类,313.269,313.269,1981.2976,0.0,313.269,594,0,15,6.324588771949986,12.83
2021-08-04,1011010201,花菜类,14.278,14.278,129.144,13.223,1.055,19,0,2,9.044964280711584,15.51
2021-08-04,1011010402,水生根茎类,22.617,22.617,232.64,17.885,4.732,39,0,2,10.286068001945438,13.65
2021-08-04,1011010501,茄类,33.147,33.147,245.824,9.622,23.525,61,0,4,7.416176426222585,6.68
2021-08-04,1011010504,辣椒类,89.04,89.04,728.7744,52.492,36.548,282,0,11,8.184797843665768,9.24
2021-08-04,1011010801,食用菌,50.028,50.028,621.201,0.47,49.558,148,0,10,12.417066442792038,9.45
2021-08-05,1011010101,花叶类,245.944,245.944,1569.2484,0.952,244.992,511,0,16,6.3805110106365674,12.83
2021-08-05,1011010201,花菜类,26.638,26.638,245.484,16.286,10.352,62,0,2,9.215556723477738,15.51
2021-08-05,1011010402,水生根茎类,16.412,15.634,161.758,11.61,4.024,32,0,2,10.346552385825765,13.65
2021-08-05,1011010501,茄类,29.12,29.12,226.642,7.544,21.576,62,0,4,7.783035714285714,6.68
2021-08-05,1011010504,辣椒类,65.069,65.069,494.604,36.394,28.675,213,0,10,7.601223316786795,9.24
2021-08-05,1011010801,食用菌,58.355,58.355,635.8422,0.0,58.355,155,0,11,10.896104875332021,9.45
2021-08-06,1011010101,花叶类,189.756,189.756,1238.855,0.0,189.756,405,0,17,6.528673665127848,12.83
2021-08-06,1011010201,花菜类,28.948,28.948,287.259,0.0,28.948,65,0,2,9.92327621942794,15.51
2021-08-06,1011010402,水生根茎类,22.376,22.376,289.6244,0.0,22.376,41,0,3,12.943528780836608,13.65
2021-08-06,1011010501,茄类,20.331,20.331,180.138,0.0,20.331,42,0,4,8.860262653091338,6.68
2021-08-06,1011010504,辣椒类,51.048,51.048,389.196,0.0,51.048,208,0,11,7.624118476727785,9.24
2021-08-06,1011010801,食用菌,51.397,51.397,616.4218000000001,0.0,51.397,151,0,11,11.993342023853534,9.45
2021-08-07,1011010101,花叶类,232.089,232.089,1516.8392,0.0,232.089,501,0,16,6.535592811378393,12.83
2021-08-07,1011010201,花菜类,40.416,40.416,404.16,0.0,40.416,93,0,1,10.000000000000002,15.51
2021-08-07,1011010402,水生根茎类,28.627,28.627,367.7876,0.0,28.627,56,0,3,12.847577461836728,13.65
2021-08-07,1011010501,茄类,23.784,23.784,229.052,0.0,23.784,50,0,4,9.630507904473596,6.68
2021-08-07,1011010504,辣椒类,69.382,69.382,506.552,0.0,69.382,250,0,9,7.30091378167248,9.24
2021-08-07,1011010801,食用菌,53.974,53.974,653.6324000000001,11.211,42.763,162,0,11,12.11013450920814,9.45
2021-08-08,1011010101,花叶类,265.775,265.775,1856.5024,0.462,265.313,535,0,17,6.985240899256891,12.83
2021-08-08,1011010201,花菜类,50.406,50.406,504.06,0.0,50.406,114,0,1,10.0,15.51
2021-08-08,1011010402,水生根茎类,24.273,24.273,272.2204,0.361,23.912,44,0,3,11.214946648539529,13.65
2021-08-08,1011010501,茄类,32.192,32.192,361.536,0.0,32.192,70,0,3,11.23061630218688,6.68
2021-08-08,1011010504,辣椒类,54.567,54.567,371.165,0.0,54.567,201,0,9,6.802004874741145,9.24
2021-08-08,1011010801,食用菌,57.351,57.351,603.6348,11.218,46.133,157,0,10,10.525270701469896,9.45
2021-08-09,1011010101,花叶类,234.344,234.344,1618.7516,0.0,234.344,444,0,17,6.907587136858636,12.83
2021-08-09,1011010201,花菜类,56.607,56.607,566.07,0.0,56.607,142,0,1,10.000000000000002,15.51
2021-08-09,1011010402,水生根茎类,19.711000000000002,19.711000000000002,197.11,0.0,19.711000000000002,38,0,2,10.0,13.65
2021-08-09,1011010501,茄类,31.015,31.015,238.654,0.0,31.015,64,0,4,7.6947928421731415,6.68
2021-08-09,1011010504,辣椒类,61.457,61.457,410.056,0.0,61.457,219,0,10,6.672242380851652,9.24
2021-08-09,1011010801,食用菌,41.987,41.987,523.4756,10.248,31.739,134,0,11,12.467563769738252,9.45
2021-08-10,1011010101,花叶类,193.189,193.189,1428.8936,0.0,193.189,421,0,17,7.396350723902501,12.83
2021-08-10,1011010201,花菜类,11.233,11.233,110.433,0.647,10.586,27,0,2,9.831122585239918,15.51
2021-08-10,1011010402,水生根茎类,24.532,24.532,273.6644,0.0,24.532,52,0,3,11.155405185064406,13.65
2021-08-10,1011010501,茄类,22.361,22.361,200.91,0.0,22.361,48,0,4,8.984839676221993,6.68
2021-08-10,1011010504,辣椒类,66.971,66.971,474.76,0.0,66.971,223,0,8,7.089038539069149,9.24
2021-08-10,1011010801,食用菌,39.23,39.23,497.68240000000003,9.443,29.787,114,0,10,12.686270711190417,9.45
2021-08-11,1011010101,花叶类,225.45,225.45,1570.7226,0.0,225.45,434,0,16,6.967055222887558,12.83
2021-08-11,1011010201,花菜类,1.054,1.054,10.540000000000001,0.0,1.054,1,0,1,10.0,15.51
2021-08-11,1011010402,水生根茎类,20.738,20.738,207.38,0.0,20.738,41,0,2,10.0,13.65
2021-08-11,1011010501,茄类,25.757,25.757,245.6835,0.515,25.242,49,0,4,9.538513802073222,6.68
2021-08-11,1011010504,辣椒类,61.666000000000004,61.666000000000004,431.338,0.0,61.666000000000004,188,0,9,6.994745889144747,9.24
2021-08-11,1011010801,食用菌,44.244,44.244,548.2682,9.94,34.304,121,0,11,12.391922068529066,9.45
2021-08-12,1011010101,花叶类,275.876,275.876,1809.879,43.021,232.855,514,0,17,6.560480070756427,12.83
2021-08-12,1011010201,花菜类,12.87,12.87,128.7,0.0,12.87,20,0,2,10.0,15.51
2021-08-12,1011010402,水生根茎类,28.536,28.536,233.508,25.926,2.6100000000000003,51,0,2,8.182926829268293,13.65
2021-08-12,1011010501,茄类,37.175,37.175,284.422,0.0,37.175,75,0,4,7.650894418291864,6.68
2021-08-12,1011010504,辣椒类,83.793,83.793,583.412,0.0,83.793,253,0,11,6.962538636878976,9.24
2021-08-12,1011010801,食用菌,53.217,52.714,661.4588,12.57,40.144,143,0,11,12.548066927192018,9.45
2021-08-13,1011010101,花叶类,274.08,274.08,1892.1722,17.758,256.322,541,0,17,6.903722270869819,12.83
2021-08-13,1011010201,花菜类,3.504,3.504,35.04,0.0,3.504,6,0,1,10.0,15.51
2021-08-13,1011010402,水生根茎类,37.722,37.722,306.392,35.414,2.308,67,0,1,8.122368909389746,13.65
2021-08-13,1011010501,茄类,49.079,49.079,373.146,0.0,49.079,94,0,4,7.6029666456121765,6.68
2021-08-13,1011010504,辣椒类,88.147,88.147,648.948,0.0,88.147,292,0,13,7.362111019093105,9.24
2021-08-13,1011010801,食用菌,57.871,57.871,640.0096,7.7490000000000006,50.122,153,0,11,11.05924556340827,9.45
2021-08-14,1011010101,花叶类,281.13,281.13,1928.865,26.754,254.376,546,0,17,6.861114075338811,12.83
2021-08-14,1011010201,花菜类,16.528,16.528,165.28,0.0,16.528,15,0,1,10.0,15.51
2021-08-14,1011010402,水生根茎类,27.112000000000002,27.112000000000002,224.206,23.457,3.6550000000000002,41,0,1,8.269622307465328,13.65
2021-08-14,1011010501,茄类,35.09,35.09,245.624,0.0,35.09,70,0,4,6.999829011114277,6.68
2021-08-14,1011010504,辣椒类,96.491,96.491,658.863,0.0,96.491,339,0,10,6.82823268491362,9.24
2021-08-14,1011010801,食用菌,74.363,74.363,1105.8674,24.368,49.995,223,0,11,14.871204765810957,9.45
2021-08-15,1011010101,花叶类,298.155,297.827,2073.4338,56.164,241.663,570,0,15,6.961873167980069,12.83
2021-08-15,1011010201,花菜类,8.103,8.103,81.03,0.0,8.103,9,0,1,10.0,15.51
2021-08-15,1011010402,水生根茎类,49.471000000000004,49.471000000000004,413.318,40.696,8.775,86,0,2,8.354753289806148,13.65
2021-08-15,1011010501,茄类,31.245,31.245,211.173,0.0,31.245,66,0,4,6.758617378780604,6.68
2021-08-15,1011010504,辣椒类,78.601,78.349,603.4689999999999,0.05,78.29899999999999,273,0,10,7.702319110645955,9.24
2021-08-15,1011010801,食用菌,61.545,61.545,677.9512000000001,10.083,51.462,154,0,11,11.015536599236333,9.45
2021-08-16,1011010101,花叶类,190.573,190.573,1406.8994,25.737,164.836,386,0,18,7.382469709770009,12.83
2021-08-16,1011010201,花菜类,6.045,6.045,60.45,0.0,6.045,5,0,1,10.0,15.51
2021-08-16,1011010402,水生根茎类,50.533,50.533,429.262,40.534,9.999,92,0,2,8.494686640413196,13.65
2021-08-16,1011010501,茄类,24.663,24.663,164.12199999999999,0.0,24.663,46,0,3,6.65458378948222,6.68
2021-08-16,1011010504,辣椒类,52.116,52.116,434.341,0.0,52.116,197,0,9,8.334120039910967,9.24
2021-08-16,1011010801,食用菌,41.091,41.091,482.1078,7.247,33.844,111,0,9,11.732685989632765,9.45
2021-08-17,1011010101,花叶类,183.216,183.216,1402.9066,11.307,171.909,398,0,14,7.65711837394114,12.83
2021-08-17,1011010201,花菜类,9.498000000000001,9.498000000000001,94.98,0.0,9.498000000000001,10,0,1,10.0,15.51
2021-08-17,1011010402,水生根茎类,56.145,56.145,480.298,44.153,11.992,106,0,2,8.554599697212574,13.65
2021-08-17,1011010501,茄类,28.565,28.565,196.07,0.0,28.565,64,0,4,6.863994398739716,6.68
2021-08-17,1011010504,辣椒类,59.86,59.86,465.63800000000003,0.0,59.86,203,0,9,7.778783828934181,9.24
2021-08-17,1011010801,食用菌,57.879,57.879,621.136,10.225,47.653999999999996,148,0,11,10.731629779367301,9.45
2021-08-18,1011010101,花叶类,185.59,185.59,1389.1288,10.137,175.453,384,0,17,7.48493345546635,12.83
2021-08-18,1011010201,花菜类,8.645,8.645,83.316,1.5670000000000002,7.078,9,0,2,9.637478311162523,15.51
2021-08-18,1011010402,水生根茎类,54.55,54.55,467.276,42.884,11.666,99,0,2,8.56601283226398,13.65
2021-08-18,1011010501,茄类,25.035,25.035,192.989,0.0,25.035,48,0,4,7.7087677251847415,6.68
2021-08-18,1011010504,辣椒类,54.410000000000004,54.410000000000004,441.723,0.0,54.410000000000004,196,0,9,8.118415732402132,9.24
2021-08-18,1011010801,食用菌,38.636,38.636,449.4128,9.652,28.983999999999998,105,0,9,11.631970183248782,9.45
2021-08-19,1011010101,花叶类,183.245,183.245,1427.83,1.696,181.549,356,0,17,7.791917924090698,12.83
2021-08-19,1011010201,花菜类,8.906,8.906,89.06,0.0,8.906,8,0,1,10.0,15.51
2021-08-19,1011010402,水生根茎类,28.569,28.569,242.398,24.189,4.38,51,0,2,8.484651195351605,13.65
2021-08-19,1011010501,茄类,31.478,31.478,229.489,0.0,31.478,58,0,4,7.290456826990279,6.68
2021-08-19,1011010504,辣椒类,50.988,50.988,373.816,0.0,50.988,175,0,9,7.331450537381344,9.24
2021-08-19,1011010801,食用菌,35.688,35.688,435.30240000000003,8.065,27.623,102,0,10,12.197444519166107,9.45
2021-08-20,1011010101,花叶类,195.116,195.116,1445.7372,3.304,191.812,374,0,18,7.409629143688882,12.83
2021-08-20,1011010201,花菜类,47.274,47.274,396.666,38.037,9.237,85,0,2,8.390785632694504,15.51
2021-08-20,1011010402,水生根茎类,27.29,27.29,235.224,22.09,5.2,50,0,2,8.619421033345548,13.65
2021-08-20,1011010501,茄类,25.752,25.752,248.066,0.0,25.752,51,0,4,9.632882882882884,6.68
2021-08-20,1011010504,辣椒类,47.075,47.075,353.637,0.0,47.075,184,0,12,7.512203929899097,9.24
2021-08-20,1011010801,食用菌,42.358,42.358,503.9318,8.541,33.817,108,0,10,11.896968695405828,9.45
2021-08-21,1011010101,花叶类,241.956,241.956,1808.9882,12.488,229.468,499,0,17,7.47651721800658,12.83
2021-08-21,1011010201,花菜类,34.9,34.9,303.314,22.843,12.057,57,0,2,8.690945558739257,15.51
2021-08-21,1011010402,水生根茎类,37.692,37.692,326.094,29.820999999999998,7.871,69,0,2,8.651544094237504,13.65
2021-08-21,1011010501,茄类,33.887,33.887,231.688,0.0,33.887,68,0,4,6.837076164900994,6.68
2021-08-21,1011010504,辣椒类,67.629,67.629,533.398,0.0,67.629,231,0,12,7.887119431013322,9.24
2021-08-21,1011010801,食用菌,70.575,70.575,1159.3764,30.021,40.554,228,0,10,16.42757917109458,9.45
2021-08-22,1011010101,花叶类,281.156,281.156,2067.0782,10.402000000000001,270.754,563,0,16,7.35206860248403,12.83
2021-08-22,1011010201,花菜类,1.546,1.546,15.46,0.0,1.546,2,0,1,10.0,15.51
2021-08-22,1011010402,水生根茎类,51.313,51.313,523.218,0.0,51.313,92,0,2,10.196597353497163,13.65
2021-08-22,1011010501,茄类,21.861,21.861,159.385,0.0,21.861,50,0,4,7.29083756461278,6.68
2021-08-22,1011010504,辣椒类,94.447,94.447,669.673,0.0,94.447,301,0,12,7.09046343451883,9.24
2021-08-22,1011010801,食用菌,60.822,60.822,960.0758000000001,27.785,33.037,206,0,8,15.78500871395219,9.45
2021-08-23,1011010101,花叶类,178.374,178.374,1321.073,11.0,167.374,352,0,15,7.406197091504368,12.83
2021-08-23,1011010201,花菜类,4.509,4.509,45.09,0.0,4.509,4,0,1,10.0,15.51
2021-08-23,1011010402,水生根茎类,38.788000000000004,38.788000000000004,390.472,0.0,38.788000000000004,58,0,2,10.066824791172525,13.65
2021-08-23,1011010501,茄类,29.713,29.713,199.834,0.0,29.713,65,0,4,6.72547369838118,6.68
2021-08-23,1011010504,辣椒类,15.773,15.773,135.953,0.0,15.773,86,0,8,8.619349521333925,9.24
2021-08-23,1011010801,食用菌,40.53,40.53,498.8602,8.141,32.389,121,0,10,12.308418455465088,9.45
2021-08-24,1011010101,花叶类,168.012,168.012,1298.313,15.0,153.012,335,0,17,7.72750160702807,12.83
2021-08-24,1011010201,花菜类,9.206999999999999,9.206999999999999,92.07,0.0,9.206999999999999,7,0,1,10.0,15.51
2021-08-24,1011010402,水生根茎类,31.616,31.616,323.284,0.0,31.616,57,0,2,10.225328947368421,13.65
2021-08-24,1011010501,茄类,22.695,22.695,153.405,0.0,22.695,45,0,4,6.75941837409121,6.68
2021-08-24,1011010504,辣椒类,53.891,53.891,320.849,0.0,53.891,184,0,12,5.953665732682637,9.24
2021-08-24,1011010801,食用菌,43.365,43.365,489.493,7.884,35.481,119,0,10,11.287743572005073,9.45
2021-08-25,1011010101,花叶类,145.216,145.216,1236.846,8.0,137.216,322,0,15,8.517284596738651,12.83
2021-08-25,1011010201,花菜类,2.219,2.219,22.189999999999998,0.0,2.219,3,0,2,10.0,15.51
2021-08-25,1011010402,水生根茎类,35.363,35.363,291.732,0.0,35.363,62,0,2,8.249639453666262,13.65
2021-08-25,1011010501,茄类,27.139,27.139,182.24,0.0,27.139,52,0,4,6.7150595084564655,6.68
2021-08-25,1011010504,辣椒类,53.903,53.903,289.696,0.0,53.903,175,0,10,5.3743947461180275,9.24
2021-08-25,1011010801,食用菌,34.177,34.177,386.74080000000004,6.657,27.52,94,0,10,11.315820581092549,9.45
2021-08-26,1011010101,花叶类,255.505,255.505,1953.7194,7.0,248.505,500,0,17,7.646501634018904,12.83
2021-08-26,1011010201,花菜类,5.452,5.452,54.52,0.0,5.452,6,0,2,10.0,15.51
2021-08-26,1011010402,水生根茎类,63.126,63.126,515.144,0.0,63.126,115,0,2,8.160567753382125,13.65
2021-08-26,1011010501,茄类,34.842,34.842,248.52,0.487,34.355000000000004,72,0,3,7.132770793869469,6.68
2021-08-26,1011010504,辣椒类,61.124,61.124,359.49,0.0,61.124,216,0,11,5.8813232118316865,9.24
2021-08-26,1011010801,食用菌,49.747,49.747,607.1763,8.668,41.079,138,0,11,12.20528474078839,9.45
2021-08-27,1011010101,花叶类,259.053,259.053,1971.2064,0.0,259.053,500,0,16,7.609278410209494,12.83
2021-08-27,1011010201,花菜类,19.568,19.568,165.22,15.23,4.338,28,0,2,8.443376941946033,15.51
2021-08-27,1011010402,水生根茎类,56.396,56.396,459.668,0.0,56.396,90,0,2,8.15071990921342,13.65
2021-08-27,1011010501,茄类,33.381,33.381,233.774,0.0,33.381,64,0,4,7.0032054162547555,6.68
2021-08-27,1011010504,辣椒类,64.045,64.045,343.342,0.0,64.045,217,0,9,5.360949332500585,9.24
2021-08-27,1011010801,食用菌,61.288,61.288,653.7654,8.747,52.541,158,0,11,10.667102858634644,9.45
2021-08-28,1011010101,花叶类,244.915,244.915,1784.108,0.0,244.915,470,0,17,7.2846007798624015,12.83
2021-08-28,1011010201,花菜类,35.502,35.502,319.94,17.54,17.962,48,0,2,9.011886654272997,15.51
2021-08-28,1011010402,水生根茎类,49.574,49.574,412.984,0.0,49.574,92,0,2,8.330657199338363,13.65
2021-08-28,1011010501,茄类,34.078,34.078,253.705,0.0,34.078,67,0,4,7.444832443218498,6.68
2021-08-28,1011010504,辣椒类,75.85,75.85,440.058,0.0,75.85,279,0,11,5.801687541199737,9.24
2021-08-28,1011010801,食用菌,61.493,61.493,720.841,8.933,52.56,183,0,12,11.722326118419982,9.45
2021-08-29,1011010101,花叶类,229.082,229.082,1771.7462,0.0,229.082,479,0,17,7.7341135488602335,12.83
2021-08-29,1011010201,花菜类,56.181,56.181,489.532,36.139,20.042,84,0,2,8.713479646143714,15.51
2021-08-29,1011010402,水生根茎类,55.375,55.375,454.136,0.0,55.375,88,0,2,8.201101580135441,13.65
2021-08-29,1011010501,茄类,39.917,39.917,310.353,0.0,39.917,81,0,4,7.774958037928702,6.68
2021-08-29,1011010504,辣椒类,81.325,81.325,427.007,0.0,81.325,261,0,11,5.250624039348294,9.24
2021-08-29,1011010801,食用菌,65.999,65.999,729.445,12.675,53.324,165,0,13,11.052364429764088,9.45
2021-08-30,1011010101,花叶类,178.587,178.587,1399.7246,0.0,178.587,376,0,17,7.837774306080511,12.83
2021-08-30,1011010201,花菜类,48.287,48.287,408.786,37.042,11.245000000000001,79,0,2,8.465756828960176,15.51
2021-08-30,1011010402,水生根茎类,40.953,40.953,332.54,0.0,40.953,65,0,2,8.120040045906283,13.65
2021-08-30,1011010501,茄类,41.208,41.208,314.522,0.0,41.208,82,0,4,7.632547078237236,6.68
2021-08-30,1011010504,辣椒类,65.327,65.327,382.244,0.0,65.327,205,0,12,5.851240681494636,9.24
2021-08-30,1011010801,食用菌,47.989,47.989,517.11,7.765,40.224000000000004,127,0,11,10.775594407051617,9.45
2021-08-31,1011010101,花叶类,165.821,165.821,1290.6386,0.0,165.821,346,0,17,7.783324186924455,12.83
2021-08-31,1011010201,花菜类,42.879,42.879,361.952,33.419,9.46,70,0,2,8.441241633433616,15.51
2021-08-31,1011010402,水生根茎类,31.335,31.335,256.564,0.0,31.335,56,0,2,8.187777245891176,13.65
2021-08-31,1011010501,茄类,39.432,39.432,305.287,0.0,39.432,78,0,4,7.74211300466626,6.68
2021-08-31,1011010504,辣椒类,66.34100000000001,66.34100000000001,428.4972,0.0,66.34100000000001,222,0,12,6.459010265145234,9.24
2021-08-31,1011010801,食用菌,42.531,42.531,435.62280000000004,5.897,36.634,127,0,11,10.24247725188686,9.45
2021-09-01,1011010101,花叶类,177.642,177.642,1336.0462,34.608000000000004,143.034,377,0,18,7.521004041836953,12.83
2021-09-01,1011010201,花菜类,8.003,8.003,80.03,0.0,8.003,9,0,1,10.0,15.51
2021-09-01,1011010402,水生根茎类,47.449,47.449,303.064,0.0,47.449,83,0,2,6.38715252165483,13.65
2021-09-01,1011010501,茄类,27.264,27.264,231.483,0.0,27.264,57,0,4,8.490426936619718,6.68
2021-09-01,1011010504,辣椒类,44.769,44.769,325.5798,0.0,44.769,159,0,11,7.272438517724318,9.24
2021-09-01,1011010801,食用菌,61.883,61.883,570.0334,6.697,55.186,139,0,10,9.21147003215746,9.45
2021-09-02,1011010101,花叶类,161.364,161.364,1276.7444,24.925,136.439,332,0,18,7.912200986589326,12.83
2021-09-02,1011010201,花菜类,27.869,27.869,334.428,0.0,27.869,71,0,1,12.0,15.51
2021-09-02,1011010402,水生根茎类,45.638,45.638,293.418,0.0,45.638,74,0,2,6.429247556860512,13.65
2021-09-02,1011010501,茄类,24.511,24.511,205.6,0.0,24.511,50,0,4,8.388070662151687,6.68
2021-09-02,1011010504,辣椒类,44.128,44.128,348.296,0.0,44.128,153,0,11,7.892857142857142,9.24
2021-09-02,1011010801,食用菌,40.494,40.494,422.572,7.73,32.764,107,0,11,10.435422531733096,9.45
2021-09-03,1011010101,花叶类,149.219,149.219,1190.489,19.523,129.696,312,0,18,7.978132811505238,12.83
2021-09-03,1011010201,花菜类,24.967,24.967,299.604,0.0,24.967,60,0,1,12.0,15.51
2021-09-03,1011010402,水生根茎类,54.834,54.834,364.79200000000003,0.0,54.834,97,0,2,6.652660757923916,13.65
2021-09-03,1011010501,茄类,20.685,20.685,181.352,0.0,20.685,42,0,4,8.767319313512207,6.68
2021-09-03,1011010504,辣椒类,42.436,42.436,361.144,0.0,42.436,163,0,13,8.510321425205015,9.24
2021-09-03,1011010801,食用菌,46.246,46.246,486.733,7.234,39.012,125,0,12,10.524867015525667,9.45
2021-09-04,1011010101,花叶类,221.353,221.353,1716.02,36.375,184.978,459,0,18,7.752413565662087,12.83
2021-09-04,1011010201,花菜类,32.878,32.878,394.536,0.0,32.878,77,0,1,12.0,15.51
2021-09-04,1011010402,水生根茎类,66.409,66.409,430.156,0.0,66.409,93,0,2,6.477375054585974,13.65
2021-09-04,1011010501,茄类,26.823,26.823,241.69400000000002,0.0,26.823,56,0,4,9.010699772583232,6.68
2021-09-04,1011010504,辣椒类,90.712,90.712,719.09,0.0,90.712,311,0,12,7.927176117823441,9.24
2021-09-04,1011010801,食用菌,78.639,78.639,961.0584,20.201,58.438,224,0,12,12.221142181360394,9.45
2021-09-05,1011010101,花叶类,238.552,238.552,1806.7762,37.716,200.836,457,0,18,7.573930212280761,12.83
2021-09-05,1011010201,花菜类,51.129,51.129,612.022,0.0,51.129,112,0,2,11.970153924387336,15.51
2021-09-05,1011010402,水生根茎类,58.946,58.946,374.142,0.0,58.946,90,0,2,6.3471991314084075,13.65
2021-09-05,1011010501,茄类,30.823,30.823,260.966,0.0,30.823,60,0,4,8.466599617168997,6.68
2021-09-05,1011010504,辣椒类,63.285,63.285,597.361,0.0,63.285,224,0,13,9.439219404282216,9.24
2021-09-05,1011010801,食用菌,74.857,74.857,976.0944000000001,22.746,52.111000000000004,218,0,10,13.03945389208758,9.45
2021-09-06,1011010101,花叶类,191.936,191.936,1573.135,7.299,184.637,358,0,18,8.196143506168722,12.83
2021-09-06,1011010201,花菜类,34.751,34.751,354.082,31.465,3.286,81,0,1,10.189116859946477,15.51
2021-09-06,1011010402,水生根茎类,33.471,33.471,270.244,0.0,33.471,59,0,2,8.073974485375402,13.65
2021-09-06,1011010501,茄类,20.716,20.716,184.626,0.0,20.716,41,0,4,8.912241745510716,6.68
2021-09-06,1011010504,辣椒类,42.718,42.718,348.586,0.0,42.718,153,0,13,8.160166674469778,9.24
2021-09-06,1011010801,食用菌,37.744,37.744,418.6324,5.022,32.722,106,0,12,11.091362865621026,9.45
2021-09-07,1011010101,花叶类,163.316,163.316,1372.8056,11.031,152.285,303,0,18,8.40582429155747,12.83
2021-09-07,1011010201,花菜类,23.172,23.172,236.618,20.723,2.449,52,0,1,10.211375798377352,15.51
2021-09-07,1011010402,水生根茎类,34.142,34.142,275.076,0.0,34.142,62,0,2,8.056821510163434,13.65
2021-09-07,1011010501,茄类,19.175,19.175,159.586,0.0,19.175,36,0,4,8.322607561929596,6.68
2021-09-07,1011010504,辣椒类,45.236,45.236,386.3088,0.078,45.158,150,0,10,8.539853214254135,9.24
2021-09-07,1011010801,食用菌,44.438,44.438,456.6076,7.628,36.81,123,0,12,10.275160898330258,9.45
2021-09-08,1011010101,花叶类,161.268,161.268,1285.0652,16.397,144.871,324,0,17,7.968507081380063,12.83
2021-09-08,1011010201,花菜类,15.183,15.183,157.314,12.441,2.742,37,0,1,10.361193440031615,15.51
2021-09-08,1011010402,水生根茎类,38.571,38.571,311.444,0.0,38.571,62,0,2,8.074563791449535,13.65
2021-09-08,1011010501,茄类,16.32,16.32,133.052,0.0,16.32,32,0,4,8.152696078431372,6.68
2021-09-08,1011010504,辣椒类,36.083,36.083,367.914,0.0,36.083,131,0,13,10.196325139262257,9.24
2021-09-08,1011010801,食用菌,42.227,42.227,407.8928,4.563,37.664,107,0,12,9.659525895753903,9.45
2021-09-09,1011010101,花叶类,120.989,120.989,999.0134,23.347,97.642,252,0,18,8.257059732702974,12.83
2021-09-09,1011010201,花菜类,14.255,14.255,143.152,13.291,0.964,35,0,2,10.042230796211854,15.51
2021-09-09,1011010402,水生根茎类,39.028,39.028,329.064,0.0,39.028,61,0,3,8.431485087629396,13.65
2021-09-09,1011010501,茄类,12.804,12.804,107.132,0.0,12.804,23,0,4,8.367072789753202,6.68
2021-09-09,1011010504,辣椒类,39.957,39.957,402.971,0.0,39.957,138,0,11,10.085116500237756,9.24
2021-09-09,1011010801,食用菌,42.562,41.997,411.75440000000003,6.014,35.983,110,0,11,9.804376503083555,9.45
2021-09-10,1011010101,花叶类,133.882,133.882,1092.973,15.83,118.052,271,0,18,8.163703858621771,12.83
2021-09-10,1011010201,花菜类,24.651,24.651,254.806,20.503,4.148,54,0,1,10.33653807147783,15.51
2021-09-10,1011010402,水生根茎类,43.851,43.851,301.728,0.0,43.851,63,0,3,6.880755284942191,13.65
2021-09-10,1011010501,茄类,13.491,13.491,113.028,0.0,13.491,29,0,4,8.378029797642874,6.68
2021-09-10,1011010504,辣椒类,36.978,36.978,366.501,0.0,36.978,139,0,12,9.911325653091026,9.24
2021-09-10,1011010801,食用菌,35.582,35.582,422.2126,7.101999999999999,28.48,104,0,10,11.865904108819066,9.45
2021-09-11,1011010101,花叶类,257.43,257.43,1963.8984,41.39,216.04,472,0,18,7.628863768791516,12.83
2021-09-11,1011010201,花菜类,18.06,18.06,145.926,0.0,18.06,17,0,2,8.080066445182725,15.51
2021-09-11,1011010402,水生根茎类,67.532,67.532,462.312,0.0,67.532,101,0,3,6.845821240300895,13.65
2021-09-11,1011010501,茄类,26.026,26.026,214.934,0.0,26.026,54,0,4,8.25843387381849,6.68
2021-09-11,1011010504,辣椒类,53.88,53.88,529.982,0.0,53.88,203,0,11,9.836340014847808,9.24
2021-09-11,1011010801,食用菌,62.394,62.394,663.3822,10.454,51.94,164,0,11,10.632147321857872,9.45
2021-09-12,1011010101,花叶类,275.532,275.532,2239.3478,19.09,256.442,575,0,18,8.127360161433156,12.83
2021-09-12,1011010201,花菜类,32.063,32.063,256.504,0.0,32.063,28,0,1,8.0,15.51
2021-09-12,1011010402,水生根茎类,57.208,57.208,381.13800000000003,0.0,57.208,87,0,3,6.662319955251014,13.65
2021-09-12,1011010501,茄类,34.906,34.906,282.924,0.0,34.906,73,0,4,8.105311407780897,6.68
2021-09-12,1011010504,辣椒类,52.389,52.389,487.5578,0.0,52.389,197,0,9,9.306491820802076,9.24
2021-09-12,1011010801,食用菌,57.278,57.278,617.4814,9.74,47.538,152,0,11,10.780428785921297,9.45
2021-09-13,1011010101,花叶类,152.695,152.695,1040.8032,30.169999999999998,122.525,286,0,18,6.81622319001932,12.83
2021-09-13,1011010201,花菜类,11.356,11.356,136.272,0.0,11.356,28,0,1,12.0,15.51
2021-09-13,1011010402,水生根茎类,29.937,29.937,182.232,0.0,29.937,50,0,2,6.087183084477402,13.65
2021-09-13,1011010501,茄类,26.428,26.428,204.868,0.0,26.428,59,0,4,7.751929771454518,6.68
2021-09-13,1011010504,辣椒类,46.014,46.014,419.366,0.0,46.014,156,0,7,9.113878384839396,9.24
2021-09-13,1011010801,食用菌,31.415,31.415,452.75780000000003,8.219,23.196,103,0,8,14.412153429890182,9.45
2021-09-14,1011010101,花叶类,163.291,163.291,1193.244,31.856,131.435,309,0,19,7.3074694869894845,12.83
2021-09-14,1011010201,花菜类,10.777000000000001,10.777000000000001,129.324,0.0,10.777000000000001,25,0,1,12.0,15.51
2021-09-14,1011010402,水生根茎类,41.431,41.431,282.21,0.0,41.431,62,0,3,6.811566218532017,13.65
2021-09-14,1011010501,茄类,24.411,24.411,186.907,0.0,24.411,48,0,4,7.65667117283192,6.68
2021-09-14,1011010504,辣椒类,34.598,34.598,313.25,0.0,34.598,119,0,7,9.053991560205793,9.24
2021-09-14,1011010801,食用菌,35.185,35.185,425.1042,8.996,26.189,101,0,10,12.081972431433849,9.45
2021-09-15,1011010101,花叶类,150.327,150.327,1103.619,24.123,126.204,311,0,20,7.34145562673372,12.83
2021-09-15,1011010201,花菜类,12.702,12.702,152.424,0.0,12.702,33,0,1,12.0,15.51
2021-09-15,1011010402,水生根茎类,32.841,32.841,244.23,0.0,32.841,48,0,3,7.436740659541426,13.65
2021-09-15,1011010501,茄类,20.887,20.887,157.743,0.0,20.887,45,0,4,7.552209508306602,6.68
2021-09-15,1011010504,辣椒类,33.653,33.653,314.136,0.0,33.653,117,0,7,9.334561554690518,9.24
2021-09-15,1011010801,食用菌,35.282,35.282,415.7536,8.223,27.059,97,0,10,11.783731081004479,9.45
2021-09-16,1011010101,花叶类,97.458,97.458,821.3688,19.786,77.672,248,0,19,8.427925875761867,12.83
2021-09-16,1011010201,花菜类,9.283,9.283,111.396,0.0,9.283,22,0,1,12.0,15.51
2021-09-16,1011010402,水生根茎类,35.964999999999996,35.964999999999996,263.6766,0.0,35.964999999999996,49,0,3,7.331477825663841,13.65
2021-09-16,1011010501,茄类,28.808,28.808,207.409,13.679,15.129,57,0,3,7.199701471813385,6.68
2021-09-16,1011010504,辣椒类,33.706,33.706,338.607,0.0,33.706,129,0,8,10.045896872960304,9.24
2021-09-16,1011010801,食用菌,38.913000000000004,38.913000000000004,384.12780000000004,0.0,38.913000000000004,97,0,10,9.871451699946034,9.45
2021-09-17,1011010101,花叶类,128.348,128.348,1108.2166,2.277,126.071,288,0,19,8.634467229719199,12.83
2021-09-17,1011010201,花菜类,13.163,13.163,157.956,0.0,13.163,34,0,1,11.999999999999998,15.51
2021-09-17,1011010402,水生根茎类,31.276,31.276,224.4552,0.0,31.276,40,0,3,7.176595472566824,13.65
2021-09-17,1011010501,茄类,22.689,22.689,157.075,7.915,14.774,45,0,4,6.922958261712724,6.68
2021-09-17,1011010504,辣椒类,30.378,30.378,301.779,0.0,30.378,111,0,8,9.934129962472841,9.24
2021-09-17,1011010801,食用菌,33.650999999999996,33.650999999999996,355.5196,0.0,33.650999999999996,90,0,12,10.564904460491517,9.45
2021-09-18,1011010101,花叶类,135.404,134.812,1093.8648,10.781,124.031,296,0,19,8.114001720915052,12.83
2021-09-18,1011010201,花菜类,35.325,35.325,396.374,13.763,21.562,78,0,1,11.220778485491861,15.51
2021-09-18,1011010402,水生根茎类,34.827,34.827,252.5472,0.0,34.827,52,0,3,7.251477302093204,13.65
2021-09-18,1011010501,茄类,25.935,25.935,178.031,13.453,12.482000000000001,49,0,3,6.86450742240216,6.68
2021-09-18,1011010504,辣椒类,45.462,45.049,443.344,0.0,45.049,156,0,8,9.841372727474528,9.24
2021-09-18,1011010801,食用菌,41.645,41.645,415.46320000000003,0.0,41.645,103,0,11,9.97630447832873,9.45
2021-09-19,1011010101,花叶类,218.41,217.32,1855.626,21.521,195.799,477,0,19,8.53868028713418,12.83
2021-09-19,1011010201,花菜类,51.647,51.647,516.47,0.0,51.647,110,0,1,10.0,15.51
2021-09-19,1011010402,水生根茎类,93.77,93.77,743.4048,0.0,93.77,117,0,3,7.927959901887598,13.65
2021-09-19,1011010501,茄类,46.835,46.835,307.554,31.939,14.896,88,0,4,6.566755631472189,6.68
2021-09-19,1011010504,辣椒类,75.511,75.511,745.4878,0.0,75.511,258,0,11,9.872572208022673,9.24
2021-09-19,1011010801,食用菌,114.069,113.493,1367.9322,0.0,113.493,299,0,11,12.053009436705347,9.45
2021-09-20,1011010101,花叶类,225.414,224.8,1888.632,23.654,201.146,473,0,20,8.401387900355871,12.83
2021-09-20,1011010201,花菜类,71.31,70.426,702.1164,0.0,70.426,137,0,2,9.969562377531025,15.51
2021-09-20,1011010402,水生根茎类,94.882,94.882,730.5018,0.0,94.882,115,0,3,7.69905566914694,13.65
2021-09-20,1011010501,茄类,40.869,40.869,290.425,15.849,25.02,78,0,4,7.106241894834716,6.68
2021-09-20,1011010504,辣椒类,89.039,88.648,868.3414,0.0,88.648,310,0,11,9.795386246728635,9.24
2021-09-20,1011010801,食用菌,92.511,92.289,1175.2796,0.0,92.289,262,0,11,12.734774458494512,9.45
2021-09-21,1011010101,花叶类,240.035,239.77,1974.669,26.509999999999998,213.26,519,0,19,8.235680026692247,12.83
2021-09-21,1011010201,花菜类,56.3,56.3,563.0,0.0,56.3,124,0,1,10.0,15.51
2021-09-21,1011010402,水生根茎类,95.054,94.155,672.4614,0.0,94.155,124,0,3,7.142067866815358,13.65
2021-09-21,1011010501,茄类,32.862,32.473,233.244,10.978,21.495,70,0,4,7.182705632371509,6.68
2021-09-21,1011010504,辣椒类,100.69200000000001,100.446,971.9278,47.075,53.371,326,0,10,9.676122493678196,9.24
2021-09-21,1011010801,食用菌,81.535,81.116,1022.6990000000001,0.0,81.116,208,0,11,12.607857882538587,9.45
2021-09-22,1011010101,花叶类,139.801,138.42,1179.691,16.902,121.518,323,0,18,8.522547319751482,12.83
2021-09-22,1011010201,花菜类,39.498,39.227000000000004,392.27,0.0,39.227000000000004,99,0,1,9.999999999999998,15.51
2021-09-22,1011010402,水生根茎类,30.622,30.22,226.62120000000002,0.0,30.22,52,0,3,7.499046988749174,13.65
2021-09-22,1011010501,茄类,31.009,31.009,214.52100000000002,15.346,15.663,61,0,4,6.918023799542069,6.68
2021-09-22,1011010504,辣椒类,51.566,50.963,478.767,0.0,50.963,167,0,10,9.394403783136784,9.24
2021-09-22,1011010801,食用菌,36.948,36.948,358.65160000000003,0.0,36.948,94,0,12,9.706928656490204,9.45
2021-09-23,1011010101,花叶类,107.29,107.29,882.1366,13.606,93.684,236,0,18,8.22198340945102,12.83
2021-09-23,1011010201,花菜类,27.898,27.567,275.67,0.0,27.567,69,0,1,10.0,15.51
2021-09-23,1011010402,水生根茎类,19.216,19.216,157.132,0.0,19.216,30,0,3,8.17714404662781,13.65
2021-09-23,1011010501,茄类,22.845,22.845,153.977,12.344,10.501,46,0,4,6.740074414532721,6.68
2021-09-23,1011010504,辣椒类,45.812,45.501,421.5736,0.0,45.501,153,0,10,9.265150216478759,9.24
2021-09-23,1011010801,食用菌,33.642,33.475,350.4852,0.0,33.475,88,0,11,10.470058252427185,9.45
2021-09-24,1011010101,花叶类,105.083,104.729,835.3696,2.88,101.849,246,0,18,7.976487887786573,12.83
2021-09-24,1011010201,花菜类,8.431000000000001,8.431000000000001,67.44800000000001,0.0,8.431000000000001,10,0,1,8.0,15.51
2021-09-24,1011010402,水生根茎类,32.314,32.314,249.052,9.096,23.218,52,0,3,7.707247632605062,13.65
2021-09-24,1011010501,茄类,15.31,15.31,109.819,5.432,9.878,35,0,3,7.173024167210973,6.68
2021-09-24,1011010504,辣椒类,40.358,40.147,401.3693,13.461,26.686,150,0,10,9.997491717936583,9.24
2021-09-24,1011010801,食用菌,40.365,40.365,415.11760000000004,0.0,40.365,95,0,11,10.284097609315001,9.45
2021-09-25,1011010101,花叶类,188.368,186.971,1533.4314,16.074,170.897,434,0,18,8.201439795476304,12.83
2021-09-25,1011010201,花菜类,51.184,48.621,388.968,0.0,48.621,44,0,1,8.0,15.51
2021-09-25,1011010402,水生根茎类,43.444,43.444,267.776,0.0,43.444,74,0,2,6.163704999539637,13.65
2021-09-25,1011010501,茄类,36.532,36.043,244.897,20.71,15.333,79,0,3,6.794578697666676,6.68
2021-09-25,1011010504,辣椒类,77.82300000000001,77.276,683.823,47.307,29.969,246,0,10,8.849099332263576,9.24
2021-09-25,1011010801,食用菌,38.452,38.452,381.61400000000003,0.0,38.452,105,0,8,9.924425257463852,9.45
2021-09-26,1011010101,花叶类,151.87800000000001,150.342,1179.8736,0.0,150.342,345,0,18,7.847930717963043,12.83
2021-09-26,1011010201,花菜类,2.299,2.299,18.392,0.0,2.299,2,0,1,8.0,15.51
2021-09-26,1011010402,水生根茎类,49.506,48.868,305.304,0.0,48.868,74,0,2,6.247523942047965,13.65
2021-09-26,1011010501,茄类,28.75,28.75,216.667,0.0,28.75,65,0,4,7.53624347826087,6.68
2021-09-26,1011010504,辣椒类,46.272,46.272,406.6904,0.0,46.272,160,0,9,8.789125172890733,9.24
2021-09-26,1011010801,食用菌,27.192,27.192,262.0142,7.615,19.576999999999998,68,0,5,9.635709032068256,9.45
2021-09-27,1011010101,花叶类,96.875,96.875,736.4946,3.066,93.809,227,0,18,7.602524903225806,12.83
2021-09-27,1011010201,花菜类,4.863,4.863,38.904,0.0,4.863,4,0,1,8.0,15.51
2021-09-27,1011010402,水生根茎类,42.395,42.395,257.522,0.0,42.395,68,0,2,6.074348390140346,13.65
2021-09-27,1011010501,茄类,11.333,11.333,90.664,0.0,11.333,27,0,4,8.0,6.68
2021-09-27,1011010504,辣椒类,32.674,32.674,314.337,0.0,32.674,122,0,12,9.620401542510864,9.24
2021-09-27,1011010801,食用菌,12.762,12.762,138.671,5.049,7.713,39,0,3,10.865930104999215,9.45
2021-09-28,1011010101,花叶类,104.01,104.01,796.8764,3.922,100.088,237,0,17,7.66153639073166,12.83
2021-09-28,1011010201,花菜类,12.669,12.669,122.598,0.0,12.669,32,0,2,9.67700686715605,15.51
2021-09-28,1011010402,水生根茎类,33.697,33.697,205.966,0.0,33.697,57,0,2,6.112294863044188,13.65
2021-09-28,1011010501,茄类,19.695999999999998,19.695999999999998,145.414,0.0,19.695999999999998,43,0,4,7.3829203899268885,6.68
2021-09-28,1011010504,辣椒类,34.777,34.777,308.0652,0.0,34.777,124,0,11,8.858302901342842,9.24
2021-09-28,1011010801,食用菌,21.671,21.671,181.7495,6.023,15.648,52,0,4,8.386761109316598,9.45
2021-09-29,1011010101,花叶类,113.135,113.135,903.46,6.558,106.577,260,0,18,7.985680823794581,12.83
2021-09-29,1011010201,花菜类,23.336,23.336,233.36,0.0,23.336,55,0,1,10.000000000000002,15.51
2021-09-29,1011010402,水生根茎类,39.563,39.563,280.5474,0.0,39.563,61,0,3,7.091155877966786,13.65
2021-09-29,1011010501,茄类,14.816,14.816,114.188,0.0,14.816,34,0,4,7.707073434125269,6.68
2021-09-29,1011010504,辣椒类,50.474000000000004,50.474000000000004,379.30060000000003,0.0,50.474000000000004,178,0,11,7.514771961802116,9.24
2021-09-29,1011010801,食用菌,15.119,15.119,189.2476,6.346,8.773,43,0,3,12.517203518751241,9.45
2021-09-30,1011010101,花叶类,106.123,106.123,830.5642,3.643,102.48,247,0,18,7.8264297089226655,12.83
2021-09-30,1011010201,花菜类,34.511,34.511,345.11,0.0,34.511,75,0,1,10.0,15.51
2021-09-30,1011010402,水生根茎类,38.451,38.451,263.478,0.0,38.451,60,0,2,6.8523055317156905,13.65
2021-09-30,1011010501,茄类,18.757,18.757,144.26500000000001,0.0,18.757,42,0,4,7.691261928879885,6.68
2021-09-30,1011010504,辣椒类,37.589,37.589,284.784,0.0,37.589,148,0,8,7.576259011944984,9.24
2021-09-30,1011010801,食用菌,22.234,22.234,229.1998,7.197,15.037,53,0,3,10.30852748043537,9.45
2021-10-01,1011010101,花叶类,205.461,205.461,1615.2914,12.118,193.343,466,0,17,7.861790802147366,12.83
2021-10-01,1011010201,花菜类,57.984,57.402,556.6610000000001,17.359,40.043,124,0,1,9.697588934183479,15.51
2021-10-01,1011010402,水生根茎类,69.809,69.809,474.54699999999997,0.0,69.809,95,0,3,6.797791115758713,13.65
2021-10-01,1011010501,茄类,36.474,36.474,284.076,0.0,36.474,67,0,4,7.788452048034218,6.68
2021-10-01,1011010504,辣椒类,83.285,81.648,606.4686,0.0,81.648,258,0,9,7.427843915343916,9.24
2021-10-01,1011010801,食用菌,46.796,45.217,709.659,30.349,14.868,143,0,2,15.694517548709557,9.45
2021-10-02,1011010101,花叶类,174.863,171.744,1277.1156,20.619,151.125,374,0,17,7.436158468418111,12.83
2021-10-02,1011010201,花菜类,41.094,40.743,396.867,10.563,30.18,92,0,1,9.74074074074074,15.51
2021-10-02,1011010402,水生根茎类,61.246,61.246,434.0752,0.0,61.246,90,0,2,7.087404891748032,13.65
2021-10-02,1011010501,茄类,32.247,31.974,261.243,0.0,31.974,67,0,4,8.170482266841809,6.68
2021-10-02,1011010504,辣椒类,68.395,67.466,433.685,0.0,67.466,217,0,8,6.428200871550115,9.24
2021-10-02,1011010801,食用菌,38.088,38.088,475.37940000000003,19.123,18.965,101,0,3,12.481080655324511,9.45
2021-10-03,1011010101,花叶类,178.15200000000002,176.123,1316.3808,16.336,159.787,384,0,18,7.474212908024506,12.83
2021-10-03,1011010201,花菜类,42.314,41.993,407.051,12.879,29.114,103,0,1,9.693306027195009,15.51
2021-10-03,1011010402,水生根茎类,54.298,52.697,356.0734,0.0,52.697,78,0,2,6.756995654401578,13.65
2021-10-03,1011010501,茄类,27.065,27.065,219.23499999999999,0.0,27.065,59,0,4,8.10031405874746,6.68
2021-10-03,1011010504,辣椒类,38.071,37.899,296.3344,0.0,37.899,143,0,10,7.819055911765482,9.24
2021-10-03,1011010801,食用菌,43.27,43.27,450.3192,14.896,28.374,97,0,3,10.407192049919113,9.45
2021-10-04,1011010101,花叶类,174.918,172.9,1277.7350000000001,24.611,148.289,372,0,17,7.390023134759978,12.83
2021-10-04,1011010201,花菜类,41.943,40.928,409.28,0.0,40.928,109,0,1,10.0,15.51
2021-10-04,1011010402,水生根茎类,40.659,40.08,277.485,0.0,40.08,61,0,3,6.923278443113773,13.65
2021-10-04,1011010501,茄类,20.632,20.632,183.236,0.0,20.632,50,0,4,8.88115548662272,6.68
2021-10-04,1011010504,辣椒类,72.728,70.165,464.168,0.0,70.165,234,0,10,6.615378037483075,9.24
2021-10-04,1011010801,食用菌,38.497,38.497,404.4618,14.263,24.234,98,0,3,10.506319972984908,9.45
2021-10-05,1011010101,花叶类,185.163,183.026,1422.3978,19.255,163.77100000000002,393,0,16,7.7715614175035235,12.83
2021-10-05,1011010201,花菜类,52.78,51.957,519.5699999999999,0.0,51.957,133,0,1,9.999999999999998,15.51
2021-10-05,1011010402,水生根茎类,53.813,53.813,460.0,0.0,53.813,91,0,2,8.548120342668128,13.65
2021-10-05,1011010501,茄类,37.212,36.423,262.416,0.0,36.423,74,0,4,7.204678362573099,6.68
2021-10-05,1011010504,辣椒类,74.746,74.013,496.596,0.0,74.013,241,0,10,6.709578047099833,9.24
2021-10-05,1011010801,食用菌,33.577,33.416,269.3172,8.432,24.983999999999998,74,0,4,8.059528369643285,9.45
2021-10-06,1011010101,花叶类,267.524,265.796,1947.8410000000001,26.876,238.92,547,0,19,7.328330749898419,12.83
2021-10-06,1011010201,花菜类,42.757,42.165,421.65,0.0,42.165,101,0,1,10.0,15.51
2021-10-06,1011010402,水生根茎类,51.355,50.852,342.46819999999997,0.0,50.852,83,0,2,6.734606308503107,13.65
2021-10-06,1011010501,茄类,24.547,24.095,212.685,0.0,24.095,53,0,4,8.826935048765305,6.68
2021-10-06,1011010504,辣椒类,80.369,79.233,465.896,0.0,79.233,248,0,9,5.880075221183093,9.24
2021-10-06,1011010801,食用菌,55.723,55.723,622.3236,0.0,55.723,162,0,6,11.168163953843118,9.45
2021-10-07,1011010101,花叶类,184.099,183.783,1266.3394,20.894,162.889,393,0,19,6.890405532611831,12.83
2021-10-07,1011010201,花菜类,23.278,23.278,279.336,0.0,23.278,60,0,1,12.000000000000002,15.51
2021-10-07,1011010402,水生根茎类,51.57,51.57,345.1868,0.0,51.57,88,0,2,6.693558270312197,13.65
2021-10-07,1011010501,茄类,20.343,20.343,196.923,0.0,20.343,47,0,4,9.680135673204543,6.68
2021-10-07,1011010504,辣椒类,62.908,62.908,359.876,0.0,62.908,181,0,9,5.720671456730463,9.24
2021-10-07,1011010801,食用菌,45.794,45.794,475.87440000000004,0.0,45.794,121,0,3,10.391632091540378,9.45
2021-10-08,1011010101,花叶类,139.208,138.652,919.707,20.476,118.176,288,0,17,6.633203992730001,12.83
2021-10-08,1011010201,花菜类,19.823,19.823,277.522,0.0,19.823,55,0,1,14.0,15.51
2021-10-08,1011010402,水生根茎类,49.695,49.695,373.4844,0.0,49.695,59,0,3,7.515532749773619,13.65
2021-10-08,1011010501,茄类,23.041,23.041,225.09799999999998,0.0,23.041,51,0,4,9.769454450761685,6.68
2021-10-08,1011010504,辣椒类,65.805,65.805,375.312,0.0,65.805,186,0,8,5.703396398449965,9.24
2021-10-08,1011010801,食用菌,51.084,50.073,537.4848000000001,0.0,50.073,144,0,3,10.734024324486251,9.45
2021-10-09,1011010101,花叶类,133.448,133.096,1010.2696,18.574,114.522,296,0,19,7.590533149005229,12.83
2021-10-09,1011010201,花菜类,22.221999999999998,22.221999999999998,311.108,0.0,22.221999999999998,55,0,1,14.000000000000002,15.51
2021-10-09,1011010402,水生根茎类,41.198,41.198,281.7924,0.0,41.198,65,0,3,6.839953395795912,13.65
2021-10-09,1011010501,茄类,16.791999999999998,16.791999999999998,164.88,0.0,16.791999999999998,37,0,4,9.818961410195332,6.68
2021-10-09,1011010504,辣椒类,61.377,61.377,358.092,0.0,61.377,186,0,8,5.834302751845153,9.24
2021-10-09,1011010801,食用菌,33.339999999999996,33.339999999999996,312.232,0.0,33.339999999999996,85,0,3,9.365086982603481,9.45
2021-10-10,1011010101,花叶类,264.206,263.384,2032.777,32.471,230.913,562,0,17,7.717921361965799,12.83
2021-10-10,1011010201,花菜类,43.425,41.877,582.662,0.904,40.973,105,0,1,13.913651885283091,15.51
2021-10-10,1011010402,水生根茎类,58.704,58.704,398.1024,0.0,58.704,91,0,2,6.781520850367947,13.65
2021-10-10,1011010501,茄类,24.273,24.273,251.773,0.0,24.273,54,0,4,10.372553866435958,6.68
2021-10-10,1011010504,辣椒类,112.771,111.306,615.962,0.0,111.306,310,0,9,5.5339514491581765,9.24
2021-10-10,1011010801,食用菌,78.847,78.234,700.3340000000001,0.0,78.234,186,0,5,8.951785668635122,9.45
2021-10-11,1011010101,花叶类,88.447,88.447,687.6928,9.153,79.294,223,0,18,7.775196445328842,12.83
2021-10-11,1011010201,花菜类,4.407,4.407,44.07,4.407,0.0,12,0,1,10.0,15.51
2021-10-11,1011010402,水生根茎类,45.351,45.351,290.7138,39.683,5.668,75,0,2,6.410306277700602,13.65
2021-10-11,1011010501,茄类,14.56,14.56,130.286,0.0,14.56,28,0,4,8.948214285714286,6.68
2021-10-11,1011010504,辣椒类,64.755,64.755,380.58,0.0,64.755,172,0,7,5.877229557563123,9.24
2021-10-11,1011010801,食用菌,26.96,26.96,156.23600000000002,0.0,26.96,41,0,4,5.795103857566766,9.45
2021-10-12,1011010101,花叶类,100.382,100.028,807.8626,8.983,91.045,241,0,17,8.076364617906986,12.83
2021-10-12,1011010201,花菜类,18.892,18.627,250.13400000000001,5.322,13.305,46,0,1,13.42857142857143,15.51
2021-10-12,1011010402,水生根茎类,29.953,29.953,186.0968,27.548,2.4050000000000002,48,0,2,6.212960304477014,13.65
2021-10-12,1011010501,茄类,12.799,12.799,127.99000000000001,0.0,12.799,28,0,4,10.000000000000002,6.68
2021-10-12,1011010504,辣椒类,57.257,57.257,334.2756,0.0,57.257,155,0,8,5.838161272857468,9.24
2021-10-12,1011010801,食用菌,38.769,38.769,303.0844,0.0,38.769,75,0,5,7.817699708530012,9.45
2021-10-13,1011010101,花叶类,91.56700000000001,89.902,677.4024000000001,5.991,83.911,218,0,17,7.534898000044493,12.83
2021-10-13,1011010201,花菜类,16.528,16.528,220.318,5.537,10.991,44,0,1,13.329985479186837,15.51
2021-10-13,1011010402,水生根茎类,36.526,36.526,221.0406,33.385,3.141,55,0,1,6.051596123309423,13.65
2021-10-13,1011010501,茄类,11.277000000000001,11.277000000000001,116.582,0.0,11.277000000000001,24,0,4,10.338033164848806,6.68
2021-10-13,1011010504,辣椒类,44.341,44.341,269.44,0.0,44.341,120,0,8,6.076543154191381,9.24
2021-10-13,1011010801,食用菌,39.51,39.51,376.798,0.0,39.51,84,0,5,9.53677549987345,9.45
2021-10-14,1011010101,花叶类,77.809,77.809,680.1736,5.675,72.134,198,0,19,8.741580022876532,12.83
2021-10-14,1011010201,花菜类,14.852,14.852,198.29999999999998,4.814,10.038,39,0,1,13.351737139779154,15.51
2021-10-14,1011010402,水生根茎类,38.264,38.264,237.6336,33.506,4.758,59,0,2,6.210370060631402,13.65
2021-10-14,1011010501,茄类,10.191,10.191,101.91,0.0,10.191,24,0,2,9.999999999999998,6.68
2021-10-14,1011010504,辣椒类,38.431,38.431,272.7306,0.0,38.431,116,0,8,7.096630324477635,9.24
2021-10-14,1011010801,食用菌,28.438,28.438,314.5724,0.0,28.438,79,0,4,11.061692102116886,9.45
2021-10-15,1011010101,花叶类,146.297,146.297,1397.2452,10.95,135.347,316,0,19,9.550744034395784,12.83
2021-10-15,1011010201,花菜类,23.991,23.991,297.052,6.419,17.572,46,0,2,12.381809845358678,15.51
2021-10-15,1011010402,水生根茎类,65.659,65.659,417.6166,47.667,17.992,77,0,3,6.360386237987176,13.65
2021-10-15,1011010501,茄类,10.811,10.811,132.124,0.0,10.811,20,0,4,12.221256128017759,6.68
2021-10-15,1011010504,辣椒类,54.933,54.933,459.2886,0.0,54.933,167,0,10,8.36088689858555,9.24
2021-10-15,1011010801,食用菌,84.89,84.89,971.1220000000001,0.0,84.89,140,0,5,11.439769112969726,9.45
2021-10-16,1011010101,花叶类,273.582,273.582,2324.489,63.545,210.037,564,0,19,8.496498307637198,12.83
2021-10-16,1011010201,花菜类,36.28,36.28,490.196,8.862,27.418,79,0,1,13.511466372657111,15.51
2021-10-16,1011010402,水生根茎类,54.821,54.821,364.202,46.025,8.796,75,0,3,6.643476040203572,13.65
2021-10-16,1011010501,茄类,14.772,14.772,180.23000000000002,0.0,14.772,35,0,3,12.20078526942865,6.68
2021-10-16,1011010504,辣椒类,93.373,93.373,750.6456000000001,0.0,93.373,278,0,10,8.039214762297453,9.24
2021-10-16,1011010801,食用菌,73.514,73.514,664.2024,0.0,73.514,149,0,5,9.035046385722447,9.45
2021-10-17,1011010101,花叶类,163.589,163.589,1519.983,14.913,148.676,372,0,20,9.291474365635832,12.83
2021-10-17,1011010201,花菜类,26.795,26.795,364.308,5.4110000000000005,21.384,70,0,1,13.596118678857994,15.51
2021-10-17,1011010402,水生根茎类,56.02,56.02,356.4936,45.065,10.955,89,0,3,6.3636843984291325,13.65
2021-10-17,1011010501,茄类,13.639,13.639,171.464,0.0,13.639,27,0,4,12.571596158076106,6.68
2021-10-17,1011010504,辣椒类,64.30799999999999,64.30799999999999,468.476,0.0,64.30799999999999,175,0,9,7.28487901971761,9.24
2021-10-17,1011010801,食用菌,65.816,65.816,788.76,28.592,37.224,162,0,5,11.984319922207366,9.45
2021-10-18,1011010101,花叶类,84.784,84.784,795.0074000000001,0.0,84.784,204,0,17,9.376856482355162,12.83
2021-10-18,1011010201,花菜类,20.605999999999998,20.605999999999998,293.1124,0.0,20.605999999999998,53,0,2,14.224614190041736,15.51
2021-10-18,1011010402,水生根茎类,44.513,44.513,280.3478,36.099,8.414,70,0,2,6.298110664300317,13.65
2021-10-18,1011010501,茄类,10.502,10.502,138.232,0.0,10.502,22,0,4,13.16244524852409,6.68
2021-10-18,1011010504,辣椒类,40.29,40.29,321.784,0.0,40.29,125,0,9,7.986696450732191,9.24
2021-10-18,1011010801,食用菌,30.066,30.066,267.3668,8.366,21.7,66,0,4,8.892662808487994,9.45
2021-10-19,1011010101,花叶类,78.684,78.684,687.9512,0.0,78.684,184,0,18,8.743215901581008,12.83
2021-10-19,1011010201,花菜类,16.958,16.958,237.412,0.0,16.958,48,0,1,14.000000000000002,15.51
2021-10-19,1011010402,水生根茎类,42.738,42.738,266.195,37.522,5.216,65,0,3,6.2285319855865975,13.65
2021-10-19,1011010501,茄类,8.766,8.766,101.846,0.0,8.766,21,0,3,11.618297969427333,6.68
2021-10-19,1011010504,辣椒类,40.052,40.052,293.574,0.0,40.052,117,0,8,7.329821232397883,9.24
2021-10-19,1011010801,食用菌,32.2,32.2,309.259,10.145,22.055,75,0,4,9.604316770186335,9.45
2021-10-20,1011010101,花叶类,109.339,109.339,1102.1848,0.0,109.339,260,0,18,10.080436074959529,12.83
2021-10-20,1011010201,花菜类,25.154,25.154,352.156,0.0,25.154,63,0,1,14.0,15.51
2021-10-20,1011010402,水生根茎类,41.248,41.248,266.5148,26.939,14.309,56,0,2,6.4612781225756395,13.65
2021-10-20,1011010501,茄类,8.978,8.978,104.88,0.0,8.978,18,0,4,11.681889062151926,6.68
2021-10-20,1011010504,辣椒类,43.48,43.48,407.43,0.0,43.48,125,0,8,9.370515179392825,9.24
2021-10-20,1011010801,食用菌,41.952,41.873,360.3362,11.567,30.306,90,0,4,8.605454588875888,9.45
2021-10-21,1011010101,花叶类,79.858,79.858,825.327,0.0,79.858,188,0,17,10.334932004307646,12.83
2021-10-21,1011010201,花菜类,11.947,11.947,215.046,0.0,11.947,30,0,1,18.0,15.51
2021-10-21,1011010402,水生根茎类,46.91,46.91,283.3716,43.724000000000004,3.186,72,0,1,6.040750373054786,13.65
2021-10-21,1011010501,茄类,11.262,11.262,154.95600000000002,0.0,11.262,24,0,4,13.75919019712307,6.68
2021-10-21,1011010504,辣椒类,29.336,29.336,302.27,0.0,29.336,100,0,8,10.303722388873739,9.24
2021-10-21,1011010801,食用菌,38.753,38.753,300.949,6.731,32.022,65,0,4,7.765824581322737,9.45
2021-10-22,1011010101,花叶类,75.936,75.936,759.924,0.0,75.936,179,0,16,10.007427307206067,12.83
2021-10-22,1011010201,花菜类,16.412,16.412,295.416,0.0,16.412,48,0,1,18.0,15.51
2021-10-22,1011010402,水生根茎类,45.315,45.315,284.3686,41.118,4.197,59,0,2,6.275374600022069,13.65
2021-10-22,1011010501,茄类,5.062,5.062,70.44,0.0,5.062,11,0,2,13.915448439352033,6.68
2021-10-22,1011010504,辣椒类,30.078,30.078,300.154,0.0,30.078,106,0,9,9.979187445973801,9.24
2021-10-22,1011010801,食用菌,40.039,40.039,357.6052,10.354,29.685,82,0,3,8.931421863682909,9.45
2021-10-23,1011010101,花叶类,101.858,100.678,1074.8462,0.0,100.678,248,0,17,10.676078189872664,12.83
2021-10-23,1011010201,花菜类,18.086,18.086,358.1028,0.0,18.086,53,0,1,19.8,15.51
2021-10-23,1011010402,水生根茎类,61.274,61.274,386.3062,49.317,11.957,90,0,3,6.304569638019388,13.65
2021-10-23,1011010501,茄类,9.346,9.346,129.192,0.0,9.346,21,0,2,13.82323988872245,6.68
2021-10-23,1011010504,辣椒类,51.363,51.363,468.248,0.0,51.363,163,0,9,9.116445690477581,9.24
2021-10-23,1011010801,食用菌,87.828,87.828,731.548,0.0,87.828,179,0,4,8.329325499840598,9.45
2021-10-24,1011010101,花叶类,101.014,101.014,1038.1104,0.0,101.014,240,0,16,10.27689627180391,12.83
2021-10-24,1011010201,花菜类,9.108,9.108,180.3384,0.0,9.108,28,0,1,19.8,15.51
2021-10-24,1011010402,水生根茎类,47.917,47.917,296.506,43.219,4.698,64,0,2,6.187908258029508,13.65
2021-10-24,1011010501,茄类,11.389,11.389,150.57,0.0,11.389,20,0,4,13.220651505838967,6.68
2021-10-24,1011010504,辣椒类,41.481,41.481,383.686,0.0,41.481,130,0,8,9.24968057664955,9.24
2021-10-24,1011010801,食用菌,55.632,55.632,461.512,0.0,55.632,116,0,4,8.295800977854473,9.45
2021-10-25,1011010101,花叶类,48.556,48.556,479.7944,0.0,48.556,119,0,16,9.881258752780296,12.83
2021-10-25,1011010201,花菜类,8.749,8.749,173.2302,0.0,8.749,27,0,1,19.799999999999997,15.51
2021-10-25,1011010402,水生根茎类,33.696,33.696,209.3298,28.353,5.343,46,0,2,6.212304131054132,13.65
2021-10-25,1011010501,茄类,7.279,7.279,97.404,0.0,7.279,16,0,3,13.38150844896277,6.68
2021-10-25,1011010504,辣椒类,27.46,27.46,262.4644,0.0,27.46,77,0,9,9.558062636562273,9.24
2021-10-25,1011010801,食用菌,46.731,46.731,396.696,0.0,46.731,98,0,3,8.488925980612441,9.45
2021-10-26,1011010101,花叶类,66.948,66.948,680.849,0.0,66.948,168,0,16,10.1698183664934,12.83
2021-10-26,1011010201,花菜类,12.041,12.041,238.41180000000003,0.0,12.041,33,0,1,19.8,15.51
2021-10-26,1011010402,水生根茎类,37.216,37.216,226.183,34.864,2.352,58,0,2,6.077574161650903,13.65
2021-10-26,1011010501,茄类,8.68,8.68,115.686,0.0,8.68,18,0,4,13.327880184331798,6.68
2021-10-26,1011010504,辣椒类,35.664,35.664,399.297,0.0,35.664,103,0,7,11.1960800807537,9.24
2021-10-26,1011010801,食用菌,48.637,48.637,420.192,0.0,48.637,114,0,5,8.639348644036433,9.45
2021-10-27,1011010101,花叶类,94.727,94.727,768.9448,31.685,63.042,184,0,15,8.117482871831685,12.83
2021-10-27,1011010201,花菜类,15.305,15.305,303.039,0.0,15.305,42,0,1,19.8,15.51
2021-10-27,1011010402,水生根茎类,36.161,36.161,218.4474,33.692,2.4690000000000003,51,0,1,6.040966787422914,13.65
2021-10-27,1011010501,茄类,6.836,6.836,97.2324,0.0,6.836,17,0,3,14.223581041544762,6.68
2021-10-27,1011010504,辣椒类,32.692,32.692,346.3274,0.0,32.692,107,0,8,10.593643704881929,9.24
2021-10-27,1011010801,食用菌,35.369,35.369,327.904,0.0,35.369,90,0,4,9.270943481579915,9.45
2021-10-28,1011010101,花叶类,80.941,80.941,688.715,27.989,52.952,160,0,16,8.508852126857835,12.83
2021-10-28,1011010201,花菜类,6.449,6.449,127.6902,0.0,6.449,17,0,1,19.8,15.51
2021-10-28,1011010402,水生根茎类,37.949,37.949,230.4564,33.345,4.604,59,0,1,6.072792431948141,13.65
2021-10-28,1011010501,茄类,3.122,3.122,44.8044,0.0,3.122,7,0,3,14.351185137732223,6.68
2021-10-28,1011010504,辣椒类,25.502,25.502,292.4822,0.0,25.502,89,0,9,11.468990667398636,9.24
2021-10-28,1011010801,食用菌,31.659,31.659,330.044,0.0,31.659,87,0,3,10.424966044410752,9.45
2021-10-29,1011010101,花叶类,89.73,89.73,859.3716000000001,19.708000000000002,70.022,198,0,16,9.577305249080576,12.83
2021-10-29,1011010201,花菜类,13.574,13.574,244.332,0.0,13.574,35,0,1,18.0,15.51
2021-10-29,1011010402,水生根茎类,40.045,40.045,242.9136,35.639,4.406,50,0,1,6.066015732301161,13.65
2021-10-29,1011010501,茄类,11.124,11.124,125.136,0.0,11.124,21,0,3,11.249190938511326,6.68
2021-10-29,1011010504,辣椒类,25.203,25.203,315.0944,0.0,25.203,86,0,8,12.502257667737968,9.24
2021-10-29,1011010801,食用菌,47.926,47.926,413.364,0.0,47.926,115,0,3,8.625046947377205,9.45
2021-10-30,1011010101,花叶类,140.981,140.981,1161.3328,42.443,98.538,275,0,17,8.237512856342343,12.83
2021-10-30,1011010201,花菜类,17.279,17.279,241.906,0.0,17.279,41,0,1,14.0,15.51
2021-10-30,1011010402,水生根茎类,59.756,59.756,372.5046,52.975,6.781,95,0,2,6.233760626547961,13.65
2021-10-30,1011010501,茄类,12.133000000000001,12.133000000000001,129.792,0.0,12.133000000000001,25,0,3,10.697436742767659,6.68
2021-10-30,1011010504,辣椒类,26.181,26.181,333.82,0.0,26.181,111,0,8,12.750467896566212,9.24
2021-10-30,1011010801,食用菌,79.731,79.731,692.934,0.0,79.731,168,0,3,8.690898145012605,9.45
2021-10-31,1011010101,花叶类,92.342,92.342,847.749,13.547,78.795,238,0,16,9.180535401009292,12.83
2021-10-31,1011010201,花菜类,28.424,28.424,397.936,0.0,28.424,75,0,1,14.0,15.51
2021-10-31,1011010402,水生根茎类,55.961,55.961,340.2204,48.537,7.4239999999999995,82,0,1,6.079598291667411,13.65
2021-10-31,1011010501,茄类,8.639,8.639,106.164,0.0,8.639,20,0,4,12.288922328973262,6.68
2021-10-31,1011010504,辣椒类,35.237,35.237,444.79,0.0,35.237,116,0,8,12.622811249538836,9.24
2021-10-31,1011010801,食用菌,75.305,75.305,689.213,0.0,75.305,178,0,7,9.152287364716816,9.45
2021-11-01,1011010101,花叶类,60.969,60.969,564.2226,0.0,60.969,158,0,16,9.254253801112041,12.83
2021-11-01,1011010201,花菜类,26.24,26.24,314.88,0.0,26.24,58,0,1,12.0,15.51
2021-11-01,1011010402,水生根茎类,44.316,44.316,269.5452,38.234,6.082,67,0,1,6.0823449769834825,13.65
2021-11-01,1011010501,茄类,10.293000000000001,10.293000000000001,114.52000000000001,0.0,10.293000000000001,17,0,3,11.126007966579229,6.68
2021-11-01,1011010504,辣椒类,23.439,23.439,272.218,0.0,23.439,83,0,7,11.6138913776185,9.24
2021-11-01,1011010801,食用菌,40.999,40.999,381.0138,0.0,40.999,87,0,5,9.293246176736018,9.45
2021-11-02,1011010101,花叶类,68.055,68.055,517.5858000000001,0.633,67.422,164,0,18,7.605404452281244,12.83
2021-11-02,1011010201,花菜类,25.844,25.844,310.128,0.0,25.844,57,0,1,11.999999999999998,15.51
2021-11-02,1011010402,水生根茎类,39.893,39.893,240.8946,37.332,2.561,61,0,1,6.03851803574562,13.65
2021-11-02,1011010501,茄类,13.551,13.551,152.258,0.0,13.551,27,0,4,11.235923548077633,6.68
2021-11-02,1011010504,辣椒类,25.556,25.556,324.118,0.0,25.556,93,0,7,12.682657692909688,9.24
2021-11-02,1011010801,食用菌,49.667,49.667,414.8628,0.0,49.667,104,0,5,8.35288622224012,9.45
2021-11-03,1011010101,花叶类,50.572,50.572,393.617,0.512,50.06,126,0,17,7.783299058767698,12.83
2021-11-03,1011010201,花菜类,27.868,27.868,334.416,0.0,27.868,62,0,1,12.0,15.51
2021-11-03,1011010402,水生根茎类,39.941,39.941,242.4264,35.307,4.634,44,0,1,6.069612678701084,13.65
2021-11-03,1011010501,茄类,5.176,5.176,65.61,0.0,5.176,10,0,4,12.6758114374034,6.68
2021-11-03,1011010504,辣椒类,25.358999999999998,25.358999999999998,317.808,0.0,25.358999999999998,78,0,6,12.532355376789306,9.24
2021-11-03,1011010801,食用菌,82.957,82.957,669.734,5.0,77.957,177,0,5,8.073266873199369,9.45
2021-11-04,1011010101,花叶类,64.051,64.051,484.373,1.135,62.916,147,0,15,7.562301915660957,12.83
2021-11-04,1011010201,花菜类,23.879,23.879,286.548,0.0,23.879,48,0,1,12.0,15.51
2021-11-04,1011010402,水生根茎类,42.366,42.366,269.025,34.150999999999996,8.215,58,0,2,6.350021243449936,13.65
2021-11-04,1011010501,茄类,12.227,12.227,132.4,0.0,12.227,21,0,3,10.828494315858347,6.68
2021-11-04,1011010504,辣椒类,24.241,24.241,313.538,0.0,24.241,79,0,8,12.934202384390083,9.24
2021-11-04,1011010801,食用菌,61.122,61.122,643.0156000000001,3.0,58.122,158,0,5,10.520198946369558,9.45
2021-11-05,1011010101,花叶类,84.389,83.867,583.1976,1.807,82.06,198,0,18,6.95383881622092,12.83
2021-11-05,1011010201,花菜类,37.479,37.479,448.344,0.0,37.479,72,0,2,11.962539021852237,15.51
2021-11-05,1011010402,水生根茎类,58.696,58.696,355.6152,52.964,5.732,84,0,1,6.058593430557449,13.65
2021-11-05,1011010501,茄类,6.524,6.524,68.56400000000001,0.0,6.524,14,0,3,10.509503372164318,6.68
2021-11-05,1011010504,辣椒类,37.123,37.123,441.742,14.591000000000001,22.532,117,0,8,11.899415456724943,9.24
2021-11-05,1011010801,食用菌,104.608,104.608,959.3960000000001,0.0,104.608,240,0,4,9.171344447843378,9.45
2021-11-06,1011010101,花叶类,108.548,108.548,903.357,0.0,108.548,261,0,16,8.322189261893355,12.83
2021-11-06,1011010201,花菜类,29.401,28.063,284.944,25.906000000000002,2.157,57,0,1,10.153725546092721,15.51
2021-11-06,1011010402,水生根茎类,63.927,63.927,391.7862,58.008,5.919,89,0,2,6.128649866253696,13.65
2021-11-06,1011010501,茄类,9.658,9.658,101.28,0.0,9.658,20,0,3,10.486643197349348,6.68
2021-11-06,1011010504,辣椒类,35.493,35.493,432.69,7.945,27.548,124,0,7,12.190854534696982,9.24
2021-11-06,1011010801,食用菌,128.993,128.993,1282.1978,0.0,128.993,301,0,5,9.940057212406874,9.45
2021-11-07,1011010101,花叶类,145.887,145.887,1285.215,0.0,145.887,362,0,15,8.809660901930945,12.83
2021-11-07,1011010201,花菜类,35.638,35.638,367.066,30.294999999999998,5.343,69,0,1,10.299848476345474,15.51
2021-11-07,1011010402,水生根茎类,64.622,64.622,393.1296,59.52,5.102,90,0,2,6.083525734270062,13.65
2021-11-07,1011010501,茄类,14.185,14.185,156.752,0.0,14.185,32,0,4,11.05054635178005,6.68
2021-11-07,1011010504,辣椒类,46.669,46.669,573.14,5.561,41.108,162,0,6,12.280957380702395,9.24
2021-11-07,1011010801,食用菌,155.029,155.029,1448.5414,0.0,155.029,339,0,5,9.343680214669513,9.45
2021-11-08,1011010101,花叶类,66.376,66.376,526.511,0.0,66.376,163,0,18,7.932249608292152,12.83
2021-11-08,1011010201,花菜类,28.296,28.296,294.816,22.368,5.928,57,0,1,10.418999151823579,15.51
2021-11-08,1011010402,水生根茎类,58.811,58.811,378.6288,52.045,6.766,81,0,3,6.438060906973186,13.65
2021-11-08,1011010501,茄类,10.662,10.662,128.23000000000002,0.0,10.662,22,0,3,12.026824235603078,6.68
2021-11-08,1011010504,辣椒类,24.775000000000002,24.775000000000002,310.748,0.0,24.775000000000002,79,0,6,12.542805247225024,9.24
2021-11-08,1011010801,食用菌,58.558,58.558,583.904,0.0,58.558,156,0,4,9.9713788039209,9.45
2021-11-09,1011010101,花叶类,45.303,44.867,372.216,0.0,44.867,113,0,17,8.295985913923374,12.83
2021-11-09,1011010201,花菜类,28.493000000000002,27.933,287.422,23.887,4.046,65,0,1,10.289693194429528,15.51
2021-11-09,1011010402,水生根茎类,43.617000000000004,43.617000000000004,271.9474,37.57,6.047000000000001,59,0,2,6.234894651168123,13.65
2021-11-09,1011010501,茄类,3.419,3.419,41.028,0.0,3.419,10,0,1,12.0,6.68
2021-11-09,1011010504,辣椒类,23.626,23.626,303.082,0.0,23.626,80,0,7,12.828324726995682,9.24
2021-11-09,1011010801,食用菌,52.288,52.288,567.844,0.0,52.288,134,0,4,10.859929620563037,9.45
2021-11-10,1011010101,花叶类,49.063,49.063,364.34000000000003,0.0,49.063,128,0,15,7.4259625379613965,12.83
2021-11-10,1011010201,花菜类,27.656,27.656,280.626,25.623,2.033,58,0,1,10.147020538038761,15.51
2021-11-10,1011010402,水生根茎类,49.851,49.851,307.9312,45.493,4.3580000000000005,57,0,2,6.177031554031013,13.65
2021-11-10,1011010501,茄类,3.044,3.044,36.528,0.0,3.044,8,0,2,12.0,6.68
2021-11-10,1011010504,辣椒类,28.642,28.642,359.644,7.284,21.358,92,0,7,12.556525382305706,9.24
2021-11-10,1011010801,食用菌,48.096000000000004,48.096000000000004,487.24,0.0,48.096000000000004,114,0,4,10.130572188955423,9.45
2021-11-11,1011010101,花叶类,48.787,48.787,417.418,0.0,48.787,122,0,17,8.555926783774366,12.83
2021-11-11,1011010201,花菜类,13.156,13.156,184.184,0.0,13.156,33,0,1,14.0,15.51
2021-11-11,1011010402,水生根茎类,35.903,35.903,260.621,0.0,35.903,52,0,3,7.259031278723226,13.65
2021-11-11,1011010501,茄类,3.602,3.602,44.858000000000004,0.0,3.602,8,0,3,12.453636868406443,6.68
2021-11-11,1011010504,辣椒类,22.692,22.692,293.1318,4.323,18.369,75,0,7,12.917847699629826,9.24
2021-11-11,1011010801,食用菌,47.256,47.256,449.82800000000003,0.0,47.256,102,0,4,9.518960555273406,9.45
2021-11-12,1011010101,花叶类,51.422,51.422,391.155,2.082,49.34,128,0,15,7.606763642020924,12.83
2021-11-12,1011010201,花菜类,18.935,18.935,265.09,0.0,18.935,43,0,1,14.0,15.51
2021-11-12,1011010402,水生根茎类,50.696,50.696,359.3392,0.0,50.696,61,0,2,7.088117405712483,13.65
2021-11-12,1011010501,茄类,10.337,10.337,131.926,0.0,10.337,24,0,3,12.762503627744993,6.68
2021-11-12,1011010504,辣椒类,25.182,25.182,323.0602,0.0,25.182,89,0,6,12.829012786911287,9.24
2021-11-12,1011010801,食用菌,55.136,55.136,607.74,0.0,55.136,138,0,4,11.022562391178177,9.45
2021-11-13,1011010101,花叶类,70.452,70.452,567.164,1.179,69.273,164,0,15,8.050360529154602,12.83
2021-11-13,1011010201,花菜类,20.049,20.049,280.686,0.0,20.049,43,0,1,14.0,15.51
2021-11-13,1011010402,水生根茎类,55.708,55.708,411.5256,0.0,55.708,72,0,3,7.387190349680477,13.65
2021-11-13,1011010501,茄类,10.383000000000001,10.383000000000001,114.23400000000001,0.0,10.383000000000001,24,0,3,11.002022536839064,6.68
2021-11-13,1011010504,辣椒类,28.792,28.792,376.89480000000003,0.0,28.792,100,0,6,13.090261183662129,9.24
2021-11-13,1011010801,食用菌,57.321,57.321,628.64,1.0,56.321,147,0,4,10.967010345248687,9.45
2021-11-14,1011010101,花叶类,99.456,99.456,861.476,6.515,92.941,248,0,16,8.66188063063063,12.83
2021-11-14,1011010201,花菜类,30.582,30.582,428.148,0.0,30.582,70,0,1,14.0,15.51
2021-11-14,1011010402,水生根茎类,54.093,53.547,383.8034,0.0,53.547,79,0,3,7.167598558275908,13.65
2021-11-14,1011010501,茄类,14.612,14.612,175.088,0.0,14.612,33,0,3,11.982480153298658,6.68
2021-11-14,1011010504,辣椒类,39.412,39.412,444.6476,0.0,39.412,136,0,7,11.282035928143713,9.24
2021-11-14,1011010801,食用菌,71.072,71.072,815.024,0.0,71.072,169,0,4,11.467582170193607,9.45
2021-11-15,1011010101,花叶类,42.62,42.62,349.285,0.0,42.62,102,0,14,8.195330830595966,12.83
2021-11-15,1011010201,花菜类,12.677,12.677,177.478,0.0,12.677,30,0,1,14.000000000000002,15.51
2021-11-15,1011010402,水生根茎类,28.879,28.879,202.153,0.0,28.879,45,0,1,6.999999999999999,13.65
2021-11-15,1011010501,茄类,7.194,7.194,80.712,0.0,7.194,18,0,3,11.219349457881568,6.68
2021-11-15,1011010504,辣椒类,29.577,29.577,332.5384,0.0,29.577,105,0,7,11.243141630320858,9.24
2021-11-15,1011010801,食用菌,36.29,36.29,343.214,5.659,30.631,96,0,4,9.457536511435658,9.45
2021-11-16,1011010101,花叶类,53.515,53.515,439.6341,8.64,44.875,135,0,14,8.21515649817808,12.83
2021-11-16,1011010201,花菜类,12.525,12.525,175.35,0.0,12.525,30,0,1,14.0,15.51
2021-11-16,1011010402,水生根茎类,19.63,19.63,137.41,0.0,19.63,30,0,1,7.0,13.65
2021-11-16,1011010501,茄类,2.8339999999999996,2.8339999999999996,34.814,0.0,2.8339999999999996,7,0,3,12.284403669724773,6.68
2021-11-16,1011010504,辣椒类,27.575,27.575,345.8832,0.0,27.575,100,0,7,12.543361740707162,9.24
2021-11-16,1011010801,食用菌,36.306,36.118,343.204,15.9,20.218,102,0,4,9.502298023146354,9.45
2021-11-17,1011010101,花叶类,45.689,45.689,392.125,5.837,39.852,121,0,15,8.582481560112937,12.83
2021-11-17,1011010201,花菜类,15.791,15.791,221.074,0.0,15.791,35,0,1,14.0,15.51
2021-11-17,1011010402,水生根茎类,34.26,34.26,242.72,0.0,34.26,47,0,2,7.084646818447169,13.65
2021-11-17,1011010501,茄类,7.203,7.203,81.086,0.0,7.203,15,0,3,11.257253921976954,6.68
2021-11-17,1011010504,辣椒类,23.355,23.355,291.33050000000003,5.1930000000000005,18.162,87,0,8,12.474009847998289,9.24
2021-11-17,1011010801,食用菌,44.368,44.036,376.552,16.05,27.986,94,0,4,8.551003724225634,9.45
2021-11-18,1011010101,花叶类,41.864,41.864,353.2604,3.665,38.199,106,0,16,8.438285878081407,12.83
2021-11-18,1011010201,花菜类,6.018,6.018,84.25200000000001,0.0,6.018,18,0,1,14.000000000000002,15.51
2021-11-18,1011010402,水生根茎类,21.426,21.426,149.982,0.0,21.426,27,0,1,7.000000000000001,13.65
2021-11-18,1011010501,茄类,3.246,3.246,37.936,0.0,3.246,8,0,3,11.686999383857055,6.68
2021-11-18,1011010504,辣椒类,16.566,16.566,208.8504,4.216,12.35,55,0,7,12.607171314741038,9.24
2021-11-18,1011010801,食用菌,35.182,35.182,306.168,15.26,19.922,81,0,4,8.702404638735716,9.45
2021-11-19,1011010101,花叶类,38.008,38.008,313.109,5.128,32.88,102,0,15,8.237976215533571,12.83
2021-11-19,1011010201,花菜类,8.768,8.768,122.752,0.0,8.768,23,0,1,13.999999999999998,15.51
2021-11-19,1011010402,水生根茎类,28.706,28.706,200.942,0.0,28.706,41,0,1,7.0,13.65
2021-11-19,1011010501,茄类,6.776,6.776,77.76,0.0,6.776,15,0,3,11.475796930342385,6.68
2021-11-19,1011010504,辣椒类,19.49,19.49,238.0916,5.968,13.522,71,0,6,12.216090302719344,9.24
2021-11-19,1011010801,食用菌,35.174,35.174,318.5713,18.967,16.207,83,0,4,9.057010860294536,9.45
2021-11-20,1011010101,花叶类,96.203,95.757,720.081,12.995000000000001,82.762,227,0,18,7.51987844230709,12.83
2021-11-20,1011010201,花菜类,14.406,14.406,230.496,0.0,14.406,36,0,1,16.0,15.51
2021-11-20,1011010402,水生根茎类,57.021,55.584,384.539,0.0,55.584,82,0,2,6.918159902130109,13.65
2021-11-20,1011010501,茄类,9.051,9.051,107.478,0.0,9.051,21,0,3,11.874709976798144,6.68
2021-11-20,1011010504,辣椒类,34.601,34.164,401.7294,0.0,34.164,128,0,8,11.758851422550052,9.24
2021-11-20,1011010801,食用菌,73.711,73.711,562.54,25.146,48.565,175,0,4,7.631696761677361,9.45
2021-11-21,1011010101,花叶类,80.775,80.775,618.4202,4.436999999999999,76.338,205,0,16,7.6560841844630145,12.83
2021-11-21,1011010201,花菜类,19.739,19.739,315.824,0.0,19.739,51,0,1,16.0,15.51
2021-11-21,1011010402,水生根茎类,47.591,47.591,290.216,39.816,7.775,75,0,2,6.098127797272594,13.65
2021-11-21,1011010501,茄类,17.990000000000002,17.990000000000002,195.916,0.0,17.990000000000002,37,0,3,10.890272373540855,6.68
2021-11-21,1011010504,辣椒类,30.26,30.26,356.2488,0.0,30.26,113,0,6,11.772927957699935,9.24
2021-11-21,1011010801,食用菌,102.367,102.367,723.584,10.0,92.367,198,0,5,7.068527943575566,9.45
2021-11-22,1011010101,花叶类,42.247,42.247,389.7362,0.0,42.247,96,0,14,9.225180486188368,12.83
2021-11-22,1011010201,花菜类,9.756,9.756,136.584,0.0,9.756,23,0,1,14.0,15.51
2021-11-22,1011010402,水生根茎类,32.75,32.75,198.612,27.618,5.132,49,0,2,6.0644885496183205,13.65
2021-11-22,1011010501,茄类,9.175,9.175,101.89,0.0,9.175,22,0,3,11.105177111716621,6.68
2021-11-22,1011010504,辣椒类,22.036,22.036,246.29240000000001,0.0,22.036,68,0,6,11.176819749500817,9.24
2021-11-22,1011010801,食用菌,24.416,24.416,260.624,1.0,23.416,65,0,4,10.674311926605505,9.45
2021-11-23,1011010101,花叶类,55.622,55.622,415.019,0.0,55.622,130,0,15,7.461418143899896,12.83
2021-11-23,1011010201,花菜类,9.495,9.495,132.93,0.0,9.495,21,0,1,14.000000000000002,15.51
2021-11-23,1011010402,水生根茎类,31.403,31.403,191.406,27.643,3.7600000000000002,48,0,2,6.095150144890616,13.65
2021-11-23,1011010501,茄类,5.163,5.163,63.722,0.0,5.163,12,0,3,12.342049196203757,6.68
2021-11-23,1011010504,辣椒类,18.004,18.004,204.0052,0.0,18.004,68,0,7,11.331104199066873,9.24
2021-11-23,1011010801,食用菌,24.705,24.705,189.68,0.0,24.705,52,0,3,7.6777980165958315,9.45
2021-11-24,1011010101,花叶类,39.991,39.991,280.052,0.0,39.991,93,0,13,7.002875647020581,12.83
2021-11-24,1011010201,花菜类,12.559,12.559,175.826,0.0,12.559,19,0,1,14.0,15.51
2021-11-24,1011010402,水生根茎类,33.315,33.315,245.482,22.084,11.231,50,0,3,7.368512681975087,13.65
2021-11-24,1011010501,茄类,9.217,9.217,115.586,0.0,9.217,22,0,4,12.540522946728869,6.68
2021-11-24,1011010504,辣椒类,21.68,21.68,254.7816,0.0,21.68,75,0,6,11.751918819188193,9.24
2021-11-24,1011010801,食用菌,22.259,22.259,111.244,0.0,22.259,32,0,3,4.997708791949324,9.45
2021-11-25,1011010101,花叶类,44.906,44.906,332.2348,0.0,44.906,103,0,14,7.398450095755579,12.83
2021-11-25,1011010201,花菜类,10.217,10.217,143.038,0.0,10.217,24,0,1,14.0,15.51
2021-11-25,1011010402,水生根茎类,30.299,30.299,188.011,21.51,8.789,47,0,3,6.205188290042575,13.65
2021-11-25,1011010501,茄类,5.166,5.166,64.892,0.0,5.166,12,0,2,12.561362756484707,6.68
2021-11-25,1011010504,辣椒类,20.413,20.413,269.6948,0.0,20.413,73,0,6,13.211913976387596,9.24
2021-11-25,1011010801,食用菌,17.266,17.266,66.056,3.0,14.266,20,0,3,3.82578477933511,9.45
2021-11-26,1011010101,花叶类,51.836,51.836,411.5536,11.885,39.951,127,0,14,7.939532371324948,12.83
2021-11-26,1011010201,花菜类,17.511,17.511,210.132,0.0,17.511,37,0,1,12.0,15.51
2021-11-26,1011010402,水生根茎类,41.234,41.234,277.963,34.328,6.906,60,0,3,6.7411117039336474,13.65
2021-11-26,1011010501,茄类,6.0600000000000005,6.0600000000000005,67.744,0.0,6.0600000000000005,17,0,3,11.178877887788778,6.68
2021-11-26,1011010504,辣椒类,14.855,14.855,199.3066,0.0,14.855,60,0,7,13.416802423426455,9.24
2021-11-26,1011010801,食用菌,23.644,23.644,101.261,1.313,22.331,32,0,4,4.282735577736424,9.45
2021-11-27,1011010101,花叶类,68.057,68.057,470.8972,7.494,60.563,173,0,13,6.919158940300043,12.83
2021-11-27,1011010201,花菜类,23.115,23.115,277.38,0.0,23.115,51,0,1,12.0,15.51
2021-11-27,1011010402,水生根茎类,58.68,58.68,368.21,51.336,7.344,81,0,3,6.274880708929788,13.65
2021-11-27,1011010501,茄类,11.622,11.622,115.078,0.0,11.622,22,0,4,9.901738082946137,6.68
2021-11-27,1011010504,辣椒类,37.835,37.591,462.4284,0.0,37.591,131,0,6,12.301572184831475,9.24
2021-11-27,1011010801,食用菌,45.646,44.646,191.745,1.0,43.646,60,0,4,4.294785647090445,9.45
2021-11-28,1011010101,花叶类,78.347,78.347,533.3474,9.481,68.866,196,0,14,6.807502520836791,12.83
2021-11-28,1011010201,花菜类,21.817,21.817,261.80400000000003,0.0,21.817,47,0,1,12.000000000000002,15.51
2021-11-28,1011010402,水生根茎类,49.546,49.546,306.008,41.177,8.369,64,0,3,6.176240261575102,13.65
2021-11-28,1011010501,茄类,9.693999999999999,9.693999999999999,101.001,0.0,9.693999999999999,18,0,3,10.418918918918921,6.68
2021-11-28,1011010504,辣椒类,25.149,25.149,309.5644,0.0,25.149,95,0,6,12.309213089983697,9.24
2021-11-28,1011010801,食用菌,56.96,56.96,441.94599999999997,8.245,48.715,117,0,4,7.758883426966292,9.45
2021-11-29,1011010101,花叶类,57.865,57.865,353.5784,6.598,51.267,139,0,13,6.110401797286788,12.83
2021-11-29,1011010201,花菜类,9.182,9.182,110.184,0.0,9.182,18,0,1,12.0,15.51
2021-11-29,1011010402,水生根茎类,29.92,29.92,181.992,24.024,5.896,48,0,2,6.082620320855614,13.65
2021-11-29,1011010501,茄类,5.796,5.796,68.826,0.0,5.796,13,0,4,11.874741200828156,6.68
2021-11-29,1011010504,辣椒类,19.812,19.812,247.3764,0.0,19.812,73,0,6,12.48619018776499,9.24
2021-11-29,1011010801,食用菌,20.934,20.934,96.072,0.0,20.934,33,0,2,4.589280596159358,9.45
2021-11-30,1011010101,花叶类,43.009,43.009,301.6016,7.142,35.867,116,0,13,7.012522960310633,12.83
2021-11-30,1011010201,花菜类,25.737,25.737,257.37,0.0,25.737,54,0,1,10.0,15.51
2021-11-30,1011010402,水生根茎类,30.369,30.369,184.356,25.776,4.593,47,0,2,6.07053245085449,13.65
2021-11-30,1011010501,茄类,7.103,7.103,77.79,0.0,7.103,16,0,4,10.951710544840209,6.68
2021-11-30,1011010504,辣椒类,32.472,32.472,336.066,0.0,32.472,107,0,6,10.34940872135994,9.24
2021-11-30,1011010801,食用菌,30.467,30.467,122.869,0.0,30.467,41,0,3,4.032855220402403,9.45
2021-12-01,1011010101,花叶类,75.42,74.607,437.6672,0.0,74.607,172,0,14,5.866302089616256,12.83
2021-12-01,1011010201,花菜类,19.322,18.93,189.3,0.0,18.93,44,0,1,10.0,15.51
2021-12-01,1011010402,水生根茎类,30.015,30.015,223.81300000000002,0.0,30.015,39,0,3,7.456704980842912,13.65
2021-12-01,1011010501,茄类,5.252,5.252,55.632,0.0,5.252,12,0,3,10.592536176694592,6.68
2021-12-01,1011010504,辣椒类,24.119,24.119,244.92479999999998,0.439,23.68,77,0,7,10.154848874331439,9.24
2021-12-01,1011010801,食用菌,24.864,24.864,92.757,0.0,24.864,33,0,4,3.7305743243243246,9.45
2021-12-02,1011010101,花叶类,58.359,58.359,309.54200000000003,0.0,58.359,130,0,15,5.304100481502425,12.83
2021-12-02,1011010201,花菜类,18.262999999999998,18.262999999999998,182.63,0.0,18.262999999999998,42,0,1,10.0,15.51
2021-12-02,1011010402,水生根茎类,25.404,25.404,174.34,0.0,25.404,41,0,3,6.862698787592505,13.65
2021-12-02,1011010501,茄类,4.474,4.474,48.58,0.0,4.474,10,0,3,10.858292355833704,6.68
2021-12-02,1011010504,辣椒类,22.703,22.703,243.638,0.0,22.703,83,0,7,10.731533277540414,9.24
2021-12-02,1011010801,食用菌,20.085,20.085,92.01,0.0,20.085,38,0,4,4.5810306198655715,9.45
2021-12-03,1011010101,花叶类,73.847,73.847,394.2322,0.0,73.847,159,0,15,5.338499871355641,12.83
2021-12-03,1011010201,花菜类,20.739,20.739,248.868,0.0,20.739,42,0,1,12.0,15.51
2021-12-03,1011010402,水生根茎类,18.925,18.925,117.278,0.0,18.925,29,0,3,6.196988110964333,13.65
2021-12-03,1011010501,茄类,5.683,5.683,60.126,0.0,5.683,13,0,2,10.579975365124055,6.68
2021-12-03,1011010504,辣椒类,25.931,25.931,277.7492,0.0,25.931,91,0,7,10.711087115807333,9.24
2021-12-03,1011010801,食用菌,54.498,54.498,453.18,0.0,54.498,138,0,4,8.315534515028075,9.45
2021-12-04,1011010101,花叶类,93.905,93.905,571.4062,0.0,93.905,220,0,13,6.084939034130238,12.83
2021-12-04,1011010201,花菜类,22.865000000000002,22.865000000000002,320.11,0.0,22.865000000000002,46,0,1,14.0,15.51
2021-12-04,1011010402,水生根茎类,62.259,62.259,373.554,0.0,62.259,88,0,2,5.999999999999999,13.65
2021-12-04,1011010501,茄类,9.205,9.205,98.28,0.0,9.205,24,0,3,10.67680608365019,6.68
2021-12-04,1011010504,辣椒类,36.36,36.36,422.1508,0.0,36.36,132,0,7,11.61030803080308,9.24
2021-12-04,1011010801,食用菌,92.69500000000001,92.69500000000001,723.915,0.179,92.516,225,0,4,7.809644533146339,9.45
2021-12-05,1011010101,花叶类,115.184,115.184,678.942,0.0,115.184,269,0,14,5.894412418391443,12.83
2021-12-05,1011010201,花菜类,25.795,25.795,361.13,0.0,25.795,52,0,1,13.999999999999998,15.51
2021-12-05,1011010402,水生根茎类,50.994,50.994,305.964,0.0,50.994,64,0,2,6.0,13.65
2021-12-05,1011010501,茄类,10.65,10.65,116.658,0.0,10.65,23,0,3,10.953802816901408,6.68
2021-12-05,1011010504,辣椒类,37.123,37.123,440.752,0.0,37.123,133,0,8,11.872747353392777,9.24
2021-12-05,1011010801,食用菌,100.244,100.244,726.938,0.0,100.244,203,0,4,7.251685886437094,9.45
2021-12-06,1011010101,花叶类,64.231,64.231,434.3848,1.5750000000000002,62.656,156,0,13,6.7628528280736715,12.83
2021-12-06,1011010201,花菜类,14.424,14.424,173.088,0.0,14.424,31,0,1,12.0,15.51
2021-12-06,1011010402,水生根茎类,12.844,12.844,88.33000000000001,0.0,12.844,21,0,2,6.877141077545937,13.65
2021-12-06,1011010501,茄类,8.862,8.862,83.86,5.942,2.92,20,0,3,9.462875197472354,6.68
2021-12-06,1011010504,辣椒类,37.461,37.461,433.7952,0.0,37.461,113,0,7,11.579915111716186,9.24
2021-12-06,1011010801,食用菌,45.511,45.511,301.80899999999997,0.0,45.511,91,0,4,6.631561600492188,9.45
2021-12-07,1011010101,花叶类,63.263,63.263,396.13280000000003,0.0,63.263,158,0,14,6.261682183898962,12.83
2021-12-07,1011010201,花菜类,16.639,16.639,199.668,0.0,16.639,40,0,1,12.0,15.51
2021-12-07,1011010402,水生根茎类,31.831,31.831,216.893,0.0,31.831,52,0,2,6.8138921177468506,13.65
2021-12-07,1011010501,茄类,6.648000000000001,6.648000000000001,70.562,2.911,3.737,17,0,4,10.61401925391095,6.68
2021-12-07,1011010504,辣椒类,29.638,29.638,351.3888,0.0,29.638,109,0,7,11.856022673594708,9.24
2021-12-07,1011010801,食用菌,36.621,36.621,319.695,0.0,36.621,99,0,3,8.729827148357499,9.45
2021-12-08,1011010101,花叶类,70.377,70.377,414.1696,0.0,70.377,152,0,15,5.885013569774216,12.83
2021-12-08,1011010201,花菜类,15.059000000000001,15.059000000000001,210.826,0.0,15.059000000000001,32,0,1,13.999999999999998,15.51
2021-12-08,1011010402,水生根茎类,25.319,25.319,174.43,0.0,25.319,32,0,2,6.889292626091079,13.65
2021-12-08,1011010501,茄类,7.96,7.96,75.074,4.629,3.331,17,0,3,9.43140703517588,6.68
2021-12-08,1011010504,辣椒类,24.71,24.71,282.617,0.0,24.71,88,0,7,11.437353298259815,9.24
2021-12-08,1011010801,食用菌,48.246,48.246,328.736,2.0,46.246,99,0,5,6.813746217302988,9.45
2021-12-09,1011010101,花叶类,57.675,57.675,328.8956,0.0,57.675,139,0,14,5.702567837017773,12.83
2021-12-09,1011010201,花菜类,12.175,12.175,170.45,0.0,12.175,24,0,1,13.999999999999998,15.51
2021-12-09,1011010402,水生根茎类,25.262,25.262,171.414,0.0,25.262,39,0,2,6.785448499722904,13.65
2021-12-09,1011010501,茄类,7.2540000000000004,7.2540000000000004,71.316,5.04,2.214,16,0,2,9.831265508684863,6.68
2021-12-09,1011010504,辣椒类,24.153,24.153,287.4368,0.0,24.153,87,0,7,11.900666583861218,9.24
2021-12-09,1011010801,食用菌,42.728,42.728,345.482,1.0,41.728,104,0,5,8.085611308743681,9.45
2021-12-10,1011010101,花叶类,68.296,68.296,387.6958,0.0,68.296,166,0,14,5.676698488930537,12.83
2021-12-10,1011010201,花菜类,14.231,14.231,199.234,0.0,14.231,33,0,1,14.0,15.51
2021-12-10,1011010402,水生根茎类,32.792,32.792,225.92,0.0,32.792,50,0,2,6.889485240302512,13.65
2021-12-10,1011010501,茄类,8.928,8.928,77.9,6.626,2.302,23,0,3,8.725358422939069,6.68
2021-12-10,1011010504,辣椒类,26.56,26.56,277.56,0.0,26.56,92,0,9,10.450301204819278,9.24
2021-12-10,1011010801,食用菌,55.263,55.263,435.138,0.0,55.263,118,0,4,7.873948211280603,9.45
2021-12-11,1011010101,花叶类,141.287,141.287,837.066,0.0,141.287,336,0,15,5.924579048320086,12.83
2021-12-11,1011010201,花菜类,30.45,30.45,426.3,0.0,30.45,67,0,1,14.0,15.51
2021-12-11,1011010402,水生根茎类,124.24,124.24,669.496,38.358,85.882,186,0,2,5.388731487443658,13.65
2021-12-11,1011010501,茄类,10.714,10.714,114.906,0.0,10.714,23,0,3,10.724845995893224,6.68
2021-12-11,1011010504,辣椒类,43.575,43.575,461.86,0.0,43.575,151,0,8,10.599196787148594,9.24
2021-12-11,1011010801,食用菌,121.635,121.635,876.344,0.0,121.635,257,0,4,7.2047025938257905,9.45
2021-12-12,1011010101,花叶类,116.349,116.349,699.8226,0.0,116.349,279,0,15,6.014857024985173,12.83
2021-12-12,1011010201,花菜类,15.656,15.656,219.184,0.0,15.656,37,0,1,14.0,15.51
2021-12-12,1011010402,水生根茎类,61.198,61.198,358.56,4.314,56.884,84,0,2,5.859015000490212,13.65
2021-12-12,1011010501,茄类,10.426,10.426,108.898,0.0,10.426,26,0,4,10.444849414924228,6.68
2021-12-12,1011010504,辣椒类,43.444,43.444,484.652,0.0,43.444,138,0,7,11.155786759966853,9.24
2021-12-12,1011010801,食用菌,80.302,80.302,670.008,0.0,80.302,165,0,5,8.343602899056064,9.45
2021-12-13,1011010101,花叶类,61.915,61.915,340.7078,0.0,61.915,147,0,13,5.502831300977147,12.83
2021-12-13,1011010201,花菜类,27.925,27.925,298.064,0.0,27.925,50,0,2,10.673733213965981,15.51
2021-12-13,1011010402,水生根茎类,21.832,21.832,130.59,0.201,21.631,32,0,2,5.981586661780872,13.65
2021-12-13,1011010501,茄类,1.537,1.537,17.46,0.0,1.537,4,0,2,11.359791802212102,6.68
2021-12-13,1011010504,辣椒类,33.333,33.333,310.385,0.0,33.333,96,0,8,9.311643116431165,9.24
2021-12-13,1011010801,食用菌,92.884,92.884,421.356,48.0,44.884,139,0,4,4.536367942810387,9.45
2021-12-14,1011010101,花叶类,66.116,66.116,391.4882,0.0,66.116,149,0,13,5.921232379454293,12.83
2021-12-14,1011010201,花菜类,13.141,13.141,183.974,0.0,13.141,30,0,1,14.0,15.51
2021-12-14,1011010402,水生根茎类,33.175,33.175,190.726,4.162,29.013,49,0,2,5.749088168801809,13.65
2021-12-14,1011010501,茄类,5.4719999999999995,5.4719999999999995,59.52,0.0,5.4719999999999995,14,0,4,10.877192982456142,6.68
2021-12-14,1011010504,辣椒类,30.287,30.287,328.813,0.0,30.287,89,0,9,10.856572126655001,9.24
2021-12-14,1011010801,食用菌,103.516,103.516,481.832,66.0,37.516,150,0,4,4.654662081224158,9.45
2021-12-15,1011010101,花叶类,101.666,101.666,505.6702,18.0,83.666,188,0,15,4.973837861231877,12.83
2021-12-15,1011010201,花菜类,18.179,18.179,218.148,0.0,18.179,34,0,1,12.0,15.51
2021-12-15,1011010402,水生根茎类,2.6020000000000003,2.6020000000000003,11.382000000000001,2.115,0.487,5,0,1,4.374327440430438,13.65
2021-12-15,1011010501,茄类,6.299,6.299,66.534,0.0,6.299,15,0,4,10.56262898872837,6.68
2021-12-15,1011010504,辣椒类,29.243,29.243,277.034,0.0,29.243,86,0,8,9.473515029237767,9.24
2021-12-15,1011010801,食用菌,65.028,64.376,425.376,28.0,36.376,132,0,4,6.607679880700881,9.45
2021-12-16,1011010101,花叶类,99.125,99.125,420.44440000000003,13.597,85.528,177,0,20,4.24155762925599,12.83
2021-12-16,1011010201,花菜类,25.768,25.768,206.144,0.0,25.768,46,0,1,8.0,15.51
2021-12-16,1011010402,水生根茎类,39.569,39.569,237.41400000000002,0.0,39.569,54,0,2,6.0,13.65
2021-12-16,1011010501,茄类,4.506,4.506,47.468,0.0,4.506,11,0,4,10.53439857967155,6.68
2021-12-16,1011010504,辣椒类,33.832,33.832,329.4836,0.0,33.832,102,0,8,9.738815322771341,9.24
2021-12-16,1011010801,食用菌,51.856,51.856,438.312,0.0,51.856,124,0,4,8.452483801295896,9.45
2021-12-17,1011010101,花叶类,97.582,97.582,459.1418,5.018,92.564,179,0,20,4.705189481666701,12.83
2021-12-17,1011010201,花菜类,34.299,34.299,274.392,0.0,34.299,72,0,1,8.0,15.51
2021-12-17,1011010402,水生根茎类,40.153999999999996,40.153999999999996,240.924,0.0,40.153999999999996,59,0,2,6.000000000000001,13.65
2021-12-17,1011010501,茄类,10.173,10.173,111.22800000000001,0.0,10.173,20,0,3,10.933647891477442,6.68
2021-12-17,1011010504,辣椒类,34.228,34.228,346.7518,0.0,34.228,103,0,8,10.130647423162323,9.24
2021-12-17,1011010801,食用菌,69.729,69.729,504.218,0.0,69.729,145,0,4,7.231109007729926,9.45
2021-12-18,1011010101,花叶类,109.389,109.389,524.7852,3.801,105.588,249,0,14,4.797422044264049,12.83
2021-12-18,1011010201,花菜类,42.242,42.242,337.936,0.0,42.242,89,0,1,8.0,15.51
2021-12-18,1011010402,水生根茎类,70.551,70.551,380.264,0.0,70.551,96,0,3,5.389916514294624,13.65
2021-12-18,1011010501,茄类,11.996,11.996,137.496,0.0,11.996,27,0,3,11.461820606868956,6.68
2021-12-18,1011010504,辣椒类,59.298,59.298,541.3784,0.0,59.298,171,0,8,9.129791898546326,9.24
2021-12-18,1011010801,食用菌,114.017,114.017,790.5600000000001,0.0,114.017,223,0,4,6.933702868870433,9.45
2021-12-19,1011010101,花叶类,147.891,147.891,669.8892,5.724,142.167,295,0,15,4.529614378156886,12.83
2021-12-19,1011010201,花菜类,51.133,51.133,409.064,0.0,51.133,108,0,1,8.0,15.51
2021-12-19,1011010402,水生根茎类,67.19,67.19,376.9652,11.897,55.293,103,0,2,5.610436076797142,13.65
2021-12-19,1011010501,茄类,9.451,9.451,105.486,0.0,9.451,23,0,3,11.161358586392975,6.68
2021-12-19,1011010504,辣椒类,52.980000000000004,52.980000000000004,432.88520000000005,0.0,52.980000000000004,151,0,6,8.170728576821443,9.24
2021-12-19,1011010801,食用菌,118.836,118.836,602.258,5.0,113.836,211,0,4,5.0679760341983915,9.45
2021-12-20,1011010101,花叶类,82.83200000000001,82.83200000000001,343.534,1.0,81.83200000000001,172,0,15,4.147358508788874,12.83
2021-12-20,1011010201,花菜类,26.659,25.78,206.24,0.0,25.78,53,0,1,8.0,15.51
2021-12-20,1011010402,水生根茎类,38.283,38.283,222.863,0.0,38.283,55,0,2,5.8214612229971525,13.65
2021-12-20,1011010501,茄类,6.115,6.115,66.738,0.0,6.115,15,0,3,10.913818479149631,6.68
2021-12-20,1011010504,辣椒类,50.948,50.948,478.5836,0.0,50.948,140,0,9,9.393569914422548,9.24
2021-12-20,1011010801,食用菌,60.872,60.872,390.216,0.0,60.872,128,0,4,6.410435011170982,9.45
2021-12-21,1011010101,花叶类,71.006,71.006,293.738,0.0,71.006,153,0,13,4.13680534039377,12.83
2021-12-21,1011010201,花菜类,18.202,18.202,145.616,0.0,18.202,36,0,1,8.0,15.51
2021-12-21,1011010402,水生根茎类,48.369,48.369,289.045,0.0,48.369,59,0,2,5.975831627695425,13.65
2021-12-21,1011010501,茄类,6.431,6.431,72.882,0.0,6.431,17,0,4,11.332918675167159,6.68
2021-12-21,1011010504,辣椒类,31.633,31.633,295.0144,0.0,31.633,89,0,9,9.326159390509911,9.24
2021-12-21,1011010801,食用菌,54.261,54.261,457.436,0.0,54.261,126,0,4,8.430290632314184,9.45
2021-12-22,1011010101,花叶类,75.729,75.729,346.277,5.833,69.896,156,0,14,4.572581177620198,12.83
2021-12-22,1011010201,花菜类,14.458,14.458,115.664,0.0,14.458,31,0,1,8.0,15.51
2021-12-22,1011010402,水生根茎类,31.469,31.469,184.378,0.0,31.469,38,0,2,5.859035876576948,13.65
2021-12-22,1011010501,茄类,4.455,4.455,52.614000000000004,1.084,3.371,13,0,2,11.810101010101011,6.68
2021-12-22,1011010504,辣椒类,22.57,22.57,219.5764,0.0,22.57,77,0,7,9.728684093929996,9.24
2021-12-22,1011010801,食用菌,50.263,50.263,351.966,4.0,46.263,110,0,4,7.002486918807075,9.45
2021-12-23,1011010101,花叶类,91.213,91.213,411.1322,2.0,89.213,183,0,16,4.50738600857334,12.83
2021-12-23,1011010201,花菜类,24.073,24.073,191.174,0.0,24.073,47,0,2,7.941428156025423,15.51
2021-12-23,1011010402,水生根茎类,30.021,30.021,180.126,0.0,30.021,43,0,2,6.0,13.65
2021-12-23,1011010501,茄类,6.563,6.563,62.928,3.473,3.09,14,0,3,9.588298034435471,6.68
2021-12-23,1011010504,辣椒类,33.503,33.503,317.8904,0.0,33.503,99,0,9,9.488415962749604,9.24
2021-12-23,1011010801,食用菌,47.43,47.43,424.635,3.0,44.43,114,0,4,8.952877925363694,9.45
2021-12-24,1011010101,花叶类,120.944,120.944,474.8304,9.0,111.944,200,0,21,3.9260351898399257,12.83
2021-12-24,1011010201,花菜类,30.134999999999998,30.134999999999998,271.215,0.0,30.134999999999998,58,0,1,9.0,15.51
2021-12-24,1011010402,水生根茎类,35.441,35.441,212.64600000000002,0.0,35.441,41,0,1,6.0,13.65
2021-12-24,1011010501,茄类,8.624,8.624,75.776,6.536,2.088,20,0,3,8.786641929499071,6.68
2021-12-24,1011010504,辣椒类,52.243,52.243,478.48,0.0,52.243,147,0,9,9.158738969814138,9.24
2021-12-24,1011010801,食用菌,63.86,63.472,530.189,0.0,63.472,150,0,4,8.353116334761785,9.45
2021-12-25,1011010101,花叶类,180.787,180.787,800.295,2.0,178.787,337,0,23,4.426728691775404,12.83
2021-12-25,1011010201,花菜类,33.162,33.162,298.458,0.0,33.162,74,0,1,9.000000000000002,15.51
2021-12-25,1011010402,水生根茎类,66.839,66.839,401.034,0.0,66.839,101,0,2,6.0,13.65
2021-12-25,1011010501,茄类,13.596,13.596,127.318,8.677,4.919,31,0,3,9.364371874080613,6.68
2021-12-25,1011010504,辣椒类,65.339,65.339,616.0354,0.0,65.339,163,0,9,9.42829550498171,9.24
2021-12-25,1011010801,食用菌,137.522,137.522,1078.604,52.916000000000004,84.606,290,0,4,7.843137825220693,9.45
2021-12-26,1011010101,花叶类,210.116,209.712,926.96,1.0,208.712,422,0,21,4.420157167925536,12.83
2021-12-26,1011010201,花菜类,28.498,28.498,256.482,0.0,28.498,54,0,1,9.0,15.51
2021-12-26,1011010402,水生根茎类,95.584,95.584,573.504,0.0,95.584,125,0,2,6.0,13.65
2021-12-26,1011010501,茄类,9.123,9.123,105.474,0.0,9.123,22,0,2,11.561328510358436,6.68
2021-12-26,1011010504,辣椒类,65.124,64.634,574.9942,0.0,64.634,179,0,8,8.896156821487143,9.24
2021-12-26,1011010801,食用菌,92.322,92.322,832.728,8.757,83.565,210,0,4,9.019821927601221,9.45
2021-12-27,1011010101,花叶类,82.705,82.705,324.002,12.0,70.705,145,0,20,3.917562420651714,12.83
2021-12-27,1011010201,花菜类,15.213,15.213,136.917,0.0,15.213,36,0,1,9.0,15.51
2021-12-27,1011010402,水生根茎类,42.155,42.155,252.93,0.0,42.155,58,0,2,6.0,13.65
2021-12-27,1011010501,茄类,5.35,5.35,60.724000000000004,0.0,5.35,12,0,2,11.350280373831778,6.68
2021-12-27,1011010504,辣椒类,37.586,37.586,309.6388,0.0,37.586,93,0,7,8.238141861331346,9.24
2021-12-27,1011010801,食用菌,41.642,39.642,211.686,7.552,32.09,72,0,4,5.339942485242924,9.45
2021-12-28,1011010101,花叶类,86.043,86.043,351.1462,5.0,81.043,152,0,22,4.081054821426496,12.83
2021-12-28,1011010201,花菜类,24.145,24.145,217.305,0.0,24.145,48,0,1,9.0,15.51
2021-12-28,1011010402,水生根茎类,35.054,35.054,210.324,0.0,35.054,53,0,2,6.0,13.65
2021-12-28,1011010501,茄类,5.317,5.317,54.708,0.0,5.317,15,0,3,10.289260861388,6.68
2021-12-28,1011010504,辣椒类,42.784,42.784,384.4406,5.67,37.114,114,0,8,8.985616118175018,9.24
2021-12-28,1011010801,食用菌,39.004,39.004,148.186,6.873,32.131,51,0,3,3.799251358834992,9.45
2021-12-29,1011010101,花叶类,68.165,68.165,309.248,1.0,67.165,161,0,16,4.536756399911978,12.83
2021-12-29,1011010201,花菜类,24.749,24.749,197.992,0.0,24.749,44,0,1,8.0,15.51
2021-12-29,1011010402,水生根茎类,34.882,34.882,209.292,0.0,34.882,49,0,2,6.0,13.65
2021-12-29,1011010501,茄类,3.0269999999999997,3.0269999999999997,29.114,0.0,3.0269999999999997,7,0,2,9.618103733069047,6.68
2021-12-29,1011010504,辣椒类,35.3,35.3,306.3432,5.896,29.404,101,0,8,8.678277620396601,9.24
2021-12-29,1011010801,食用菌,28.395,28.395,144.388,3.744,24.651,35,0,7,5.084979749955979,9.45
2021-12-30,1011010101,花叶类,84.271,84.271,324.496,8.0,76.271,154,0,21,3.850624770086981,12.83
2021-12-30,1011010201,花菜类,17.651,17.651,141.208,0.0,17.651,35,0,1,8.0,15.51
2021-12-30,1011010402,水生根茎类,37.37,37.37,224.22,0.0,37.37,52,0,2,6.0,13.65
2021-12-30,1011010501,茄类,11.272,11.272,118.172,0.0,11.272,23,0,3,10.483676366217175,6.68
2021-12-30,1011010504,辣椒类,35.101,35.101,305.4254,4.65,30.451,89,0,7,8.701330446426029,9.24
2021-12-30,1011010801,食用菌,31.745,31.745,154.774,4.443,27.302,37,0,7,4.875539455032288,9.45
2021-12-31,1011010101,花叶类,125.701,125.701,561.5304,3.0,122.701,232,0,23,4.467191191796406,12.83
2021-12-31,1011010201,花菜类,69.793,69.793,395.916,0.0,69.793,114,0,2,5.6727178943447045,15.51
2021-12-31,1011010402,水生根茎类,60.713,60.713,364.278,0.0,60.713,81,0,2,6.0,13.65
2021-12-31,1011010501,茄类,12.997,12.997,134.936,0.0,12.997,28,0,3,10.382088174194045,6.68
2021-12-31,1011010504,辣椒类,67.114,66.714,616.9598,0.0,66.714,165,0,8,9.247831039961627,9.24
2021-12-31,1011010801,食用菌,88.954,88.954,759.3539999999999,4.0,84.954,181,0,7,8.536479528745193,9.45
2022-01-01,1011010101,花叶类,138.402,138.402,600.517,15.0,123.402,255,0,20,4.338932963396483,12.83
2022-01-01,1011010201,花菜类,38.272,38.272,306.176,0.0,38.272,61,0,1,8.0,15.51
2022-01-01,1011010402,水生根茎类,82.658,82.658,495.948,0.0,82.658,88,0,2,6.0,13.65
2022-01-01,1011010501,茄类,18.428,18.428,190.12800000000001,0.0,18.428,39,0,3,10.317343173431734,6.68
2022-01-01,1011010504,辣椒类,57.833,57.833,521.5504,0.0,57.833,146,0,9,9.018214514204692,9.24
2022-01-01,1011010801,食用菌,90.656,90.656,759.684,0.0,90.656,201,0,4,8.379853512177903,9.45
2022-01-02,1011010101,花叶类,111.03,110.543,445.4858,20.0,90.543,208,0,22,4.029977474828799,12.83
2022-01-02,1011010201,花菜类,26.605,26.605,212.84,0.0,26.605,46,0,1,8.0,15.51
2022-01-02,1011010402,水生根茎类,27.438,27.438,164.62800000000001,0.0,27.438,41,0,2,6.000000000000001,13.65
2022-01-02,1011010501,茄类,13.349,13.349,134.054,0.0,13.349,25,0,3,10.042250355831898,6.68
2022-01-02,1011010504,辣椒类,45.97,45.828,428.7554,0.0,45.828,128,0,9,9.355751942044165,9.24
2022-01-02,1011010801,食用菌,59.918,59.918,286.034,0.0,59.918,79,0,7,4.773757468540339,9.45
2022-01-03,1011010101,花叶类,90.081,90.081,378.9412,11.0,79.081,159,0,20,4.206671773181914,12.83
2022-01-03,1011010201,花菜类,38.027,38.027,228.162,0.0,38.027,70,0,1,6.0,15.51
2022-01-03,1011010402,水生根茎类,59.009,59.009,354.054,0.0,59.009,67,0,2,5.999999999999999,13.65
2022-01-03,1011010501,茄类,12.782,12.782,131.342,0.0,12.782,28,0,3,10.27554373337506,6.68
2022-01-03,1011010504,辣椒类,81.754,81.754,638.0602,0.0,81.754,192,0,9,7.8046358587958995,9.24
2022-01-03,1011010801,食用菌,59.045,59.045,495.81,2.0,57.045,138,0,5,8.39715471250741,9.45
2022-01-04,1011010101,花叶类,70.388,70.388,286.0908,10.0,60.388,125,0,20,4.064482582258339,12.83
2022-01-04,1011010201,花菜类,45.257,45.257,271.542,0.0,45.257,86,0,1,6.0,15.51
2022-01-04,1011010402,水生根茎类,46.598,46.598,279.58799999999997,0.0,46.598,58,0,2,5.999999999999999,13.65
2022-01-04,1011010501,茄类,8.174,8.174,80.444,0.0,8.174,18,0,3,9.841448495228775,6.68
2022-01-04,1011010504,辣椒类,58.207,58.207,441.1794,0.0,58.207,128,0,9,7.579490439294243,9.24
2022-01-04,1011010801,食用菌,63.48,63.48,528.222,3.0,60.48,142,0,5,8.321077504725897,9.45
2022-01-05,1011010101,花叶类,65.654,65.654,262.4934,3.0,62.654,120,0,20,3.9981326347214186,12.83
2022-01-05,1011010201,花菜类,39.688,39.688,238.128,0.0,39.688,84,0,1,5.999999999999999,15.51
2022-01-05,1011010402,水生根茎类,34.15,34.15,204.9,0.0,34.15,52,0,2,6.0,13.65
2022-01-05,1011010501,茄类,9.827,9.827,102.402,0.0,9.827,23,0,2,10.420474203724433,6.68
2022-01-05,1011010504,辣椒类,66.638,66.638,499.04040000000003,0.0,66.638,153,0,8,7.488826195263964,9.24
2022-01-05,1011010801,食用菌,40.437,40.437,353.706,5.0,35.437,95,0,8,8.74708806291268,9.45
2022-01-06,1011010101,花叶类,60.316,60.316,231.144,1.0,59.316,103,0,19,3.8322169905166126,12.83
2022-01-06,1011010201,花菜类,35.897,35.897,215.382,0.0,35.897,71,0,1,6.0,15.51
2022-01-06,1011010402,水生根茎类,34.198,34.198,205.188,0.0,34.198,48,0,2,6.0,13.65
2022-01-06,1011010501,茄类,7.001,7.001,78.092,0.0,7.001,14,0,3,11.154406513355234,6.68
2022-01-06,1011010504,辣椒类,66.856,66.856,508.576,0.0,66.856,140,0,8,7.607036017709706,9.24
2022-01-06,1011010801,食用菌,44.393,44.278,343.304,3.0,41.278,98,0,5,7.753376394597768,9.45
2022-01-07,1011010101,花叶类,90.664,90.664,357.384,2.0,88.664,168,0,22,3.9418512309185565,12.83
2022-01-07,1011010201,花菜类,31.834,31.834,254.672,0.0,31.834,66,0,1,8.0,15.51
2022-01-07,1011010402,水生根茎类,46.045,46.045,276.27,0.0,46.045,66,0,2,5.999999999999999,13.65
2022-01-07,1011010501,茄类,16.284,16.284,178.166,0.0,16.284,36,0,4,10.941169245885533,6.68
2022-01-07,1011010504,辣椒类,49.32,49.32,464.467,0.0,49.32,124,0,9,9.417416869424168,9.24
2022-01-07,1011010801,食用菌,78.764,78.764,673.948,9.0,69.764,183,0,5,8.556548677060587,9.45
2022-01-08,1011010101,花叶类,130.766,130.766,513.2044,1.0,129.766,233,0,21,3.924601196029549,12.83
2022-01-08,1011010201,花菜类,43.284,43.284,346.272,0.0,43.284,88,0,1,8.0,15.51
2022-01-08,1011010402,水生根茎类,60.006,60.006,360.036,0.0,60.006,83,0,2,6.0,13.65
2022-01-08,1011010501,茄类,14.224,14.224,152.986,0.0,14.224,31,0,4,10.755483689538806,6.68
2022-01-08,1011010504,辣椒类,80.046,80.046,738.5088000000001,0.0,80.046,196,0,10,9.226055018364441,9.24
2022-01-08,1011010801,食用菌,112.412,112.412,922.816,0.0,112.412,262,0,5,8.209230331281358,9.45
2022-01-09,1011010101,花叶类,147.528,147.528,569.5886,7.0,140.528,258,0,19,3.860884713410336,12.83
2022-01-09,1011010201,花菜类,114.262,114.262,684.512,0.0,114.262,211,0,2,5.99072307503807,15.51
2022-01-09,1011010402,水生根茎类,59.741,59.741,393.546,0.0,59.741,79,0,3,6.587536197921025,13.65
2022-01-09,1011010501,茄类,11.879,11.879,131.102,0.0,11.879,26,0,4,11.036450879703679,6.68
2022-01-09,1011010504,辣椒类,81.556,81.556,719.5474,0.0,81.556,205,0,10,8.822740203050666,9.24
2022-01-09,1011010801,食用菌,84.804,84.804,751.564,3.0,81.804,205,0,7,8.86236498278383,9.45
2022-01-10,1011010101,花叶类,76.365,76.365,281.7392,4.0,72.365,137,0,20,3.6893760230472075,12.83
2022-01-10,1011010201,花菜类,35.175,35.175,211.05,0.0,35.175,63,0,1,6.000000000000001,15.51
2022-01-10,1011010402,水生根茎类,56.153,56.153,364.11,0.0,56.153,75,0,4,6.484248392784001,13.65
2022-01-10,1011010501,茄类,8.581999999999999,8.581999999999999,92.157,0.0,8.581999999999999,22,0,3,10.738405965975298,6.68
2022-01-10,1011010504,辣椒类,57.481,57.481,537.8312,0.0,57.481,139,0,8,9.356677858770723,9.24
2022-01-10,1011010801,食用菌,46.232,46.232,417.8,0.0,46.232,122,0,3,9.037030628136357,9.45
2022-01-11,1011010101,花叶类,86.15,86.15,322.407,6.0,80.15,158,0,21,3.7423911781775967,12.83
2022-01-11,1011010201,花菜类,54.466,54.466,326.796,0.0,54.466,92,0,1,6.0,15.51
2022-01-11,1011010402,水生根茎类,29.824,29.824,201.688,0.0,29.824,41,0,4,6.762607296137339,13.65
2022-01-11,1011010501,茄类,10.573,10.573,106.534,0.0,10.573,26,0,4,10.076042750401967,6.68
2022-01-11,1011010504,辣椒类,81.87,81.87,674.9308,0.0,81.87,184,0,8,8.243933064614632,9.24
2022-01-11,1011010801,食用菌,33.489,33.489,240.61599999999999,3.0,30.489,69,0,6,7.184926393741229,9.45
2022-01-12,1011010101,花叶类,85.232,85.232,322.03,11.0,74.232,147,0,20,3.7782757649709025,12.83
2022-01-12,1011010201,花菜类,35.007,35.007,210.042,0.0,35.007,67,0,1,6.0,15.51
2022-01-12,1011010402,水生根茎类,41.626,41.626,292.656,0.0,41.626,60,0,3,7.030605871330419,13.65
2022-01-12,1011010501,茄类,10.637,10.637,114.042,0.0,10.637,22,0,4,10.721255993231173,6.68
2022-01-12,1011010504,辣椒类,74.888,74.888,579.28,2.0,72.888,167,0,10,7.73528469180643,9.24
2022-01-12,1011010801,食用菌,46.619,46.619,291.51,5.0,41.619,89,0,5,6.253029880520818,9.45
2022-01-13,1011010101,花叶类,73.369,73.369,256.6266,13.0,60.369,112,0,21,3.4977524567596667,12.83
2022-01-13,1011010201,花菜类,21.816,21.816,130.89600000000002,0.0,21.816,47,0,1,6.000000000000001,15.51
2022-01-13,1011010402,水生根茎类,22.185,22.185,133.11,0.0,22.185,35,0,2,6.000000000000001,13.65
2022-01-13,1011010501,茄类,12.889,12.889,144.233,0.0,12.889,29,0,4,11.190394910388704,6.68
2022-01-13,1011010504,辣椒类,63.209,63.209,521.677,0.0,63.209,166,0,9,8.253207612839944,9.24
2022-01-13,1011010801,食用菌,48.916,48.916,289.881,9.0,39.916,92,0,9,5.926097800310736,9.45
2022-01-14,1011010101,花叶类,103.099,103.099,378.4884,13.0,90.099,183,0,21,3.6711161116984647,12.83
2022-01-14,1011010201,花菜类,23.405,23.405,163.835,0.0,23.405,48,0,1,7.0,15.51
2022-01-14,1011010402,水生根茎类,48.285,48.285,340.41,0.0,48.285,59,0,3,7.050015532774155,13.65
2022-01-14,1011010501,茄类,6.196,6.196,70.362,0.0,6.196,16,0,3,11.356036152356358,6.68
2022-01-14,1011010504,辣椒类,78.342,78.342,631.7322,0.0,78.342,168,0,13,8.063774220724516,9.24
2022-01-14,1011010801,食用菌,53.083,53.083,340.029,13.0,40.083,106,0,9,6.405610082323908,9.45
2022-01-15,1011010101,花叶类,124.109,124.109,479.85880000000003,14.0,110.109,224,0,19,3.866430315287369,12.83
2022-01-15,1011010201,花菜类,37.538,37.538,262.766,0.0,37.538,79,0,1,7.000000000000001,15.51
2022-01-15,1011010402,水生根茎类,56.825,56.825,376.05,0.0,56.825,78,0,3,6.617685877694677,13.65
2022-01-15,1011010501,茄类,9.146,9.146,93.468,0.0,9.146,20,0,3,10.219549529849115,6.68
2022-01-15,1011010504,辣椒类,96.244,96.244,817.2482,0.0,96.244,232,0,13,8.491419724865965,9.24
2022-01-15,1011010801,食用菌,49.827,49.827,259.886,1.0,48.827,84,0,8,5.215766552270858,9.45
2022-01-16,1011010101,花叶类,137.15,137.15,539.614,5.0,132.15,253,0,19,3.93448049580751,12.83
2022-01-16,1011010201,花菜类,58.007,58.007,348.042,0.0,58.007,85,0,1,6.0,15.51
2022-01-16,1011010402,水生根茎类,52.794,52.794,344.064,0.0,52.794,69,0,3,6.517104216388227,13.65
2022-01-16,1011010501,茄类,14.67,14.67,153.406,0.0,14.67,36,0,3,10.457123381049762,6.68
2022-01-16,1011010504,辣椒类,89.336,88.336,736.1986,2.0,86.336,210,0,11,8.33407217895309,9.24
2022-01-16,1011010801,食用菌,55.987,55.987,303.81,11.0,44.987,89,0,8,5.426438280315073,9.45
2022-01-17,1011010101,花叶类,90.383,90.383,388.811,6.0,84.383,167,0,18,4.30181560691723,12.83
2022-01-17,1011010201,花菜类,11.754999999999999,11.754999999999999,82.285,0.0,11.754999999999999,31,0,1,7.0,15.51
2022-01-17,1011010402,水生根茎类,42.312,42.312,257.772,0.0,42.312,56,0,3,6.092172433352241,13.65
2022-01-17,1011010501,茄类,10.665,10.665,111.798,0.0,10.665,24,0,3,10.48270042194093,6.68
2022-01-17,1011010504,辣椒类,47.324,47.324,455.0512,0.0,47.324,118,0,10,9.615653790888345,9.24
2022-01-17,1011010801,食用菌,29.229,29.229,118.274,1.0,28.229,35,0,7,4.046460706832256,9.45
2022-01-18,1011010101,花叶类,85.852,85.852,313.046,15.0,70.852,140,0,18,3.646344872571402,12.83
2022-01-18,1011010201,花菜类,9.211,9.211,64.477,0.0,9.211,24,0,1,7.0,15.51
2022-01-18,1011010402,水生根茎类,32.418,32.418,194.508,0.0,32.418,44,0,2,6.0,13.65
2022-01-18,1011010501,茄类,8.478,8.478,89.446,0.0,8.478,18,0,3,10.550365652276481,6.68
2022-01-18,1011010504,辣椒类,56.238,56.238,518.9558000000001,0.0,56.238,138,0,10,9.227849496781538,9.24
2022-01-18,1011010801,食用菌,38.752,38.752,327.268,1.0,37.752,86,0,7,8.445189925681253,9.45
2022-01-19,1011010101,花叶类,129.677,129.677,519.6736,12.0,117.677,207,0,20,4.0074461932339585,12.83
2022-01-19,1011010201,花菜类,16.223,16.223,113.56099999999999,0.0,16.223,36,0,1,7.0,15.51
2022-01-19,1011010402,水生根茎类,50.389,50.389,302.334,0.0,50.389,61,0,2,6.0,13.65
2022-01-19,1011010501,茄类,4.2059999999999995,4.2059999999999995,45.372,0.0,4.2059999999999995,10,0,4,10.787446504992868,6.68
2022-01-19,1011010504,辣椒类,55.99,55.99,541.0184,0.0,55.99,153,0,14,9.662768351491339,9.24
2022-01-19,1011010801,食用菌,72.068,72.068,546.156,0.0,72.068,131,0,8,7.578342676361214,9.45
2022-01-20,1011010101,花叶类,134.88,134.88,573.1784,7.0,127.88,237,0,19,4.249543297746145,12.83
2022-01-20,1011010201,花菜类,32.318,32.318,226.226,0.0,32.318,68,0,1,7.0,15.51
2022-01-20,1011010402,水生根茎类,55.56,55.56,333.36,0.0,55.56,67,0,2,6.0,13.65
2022-01-20,1011010501,茄类,22.912,22.912,250.06,0.0,22.912,53,0,4,10.91393156424581,6.68
2022-01-20,1011010504,辣椒类,68.17,68.17,657.9262,1.0,67.17,158,0,13,9.651257151239548,9.24
2022-01-20,1011010801,食用菌,78.146,78.146,593.3149999999999,5.0,73.146,145,0,10,7.592391165254779,9.45
2022-01-21,1011010101,花叶类,146.062,146.062,597.668,8.0,138.062,260,0,20,4.091878791198258,12.83
2022-01-21,1011010201,花菜类,32.031,32.031,224.217,0.0,32.031,69,0,1,7.000000000000001,15.51
2022-01-21,1011010402,水生根茎类,58.294,58.294,405.039,0.0,58.294,74,0,2,6.948210793563661,13.65
2022-01-21,1011010501,茄类,23.798000000000002,23.798000000000002,254.982,0.0,23.798000000000002,55,0,3,10.714429784015463,6.68
2022-01-21,1011010504,辣椒类,81.348,81.348,831.4364,2.0,79.348,183,0,14,10.220735605054827,9.24
2022-01-21,1011010801,食用菌,77.103,77.103,602.621,0.0,77.103,142,0,10,7.8157918628328344,9.45
2022-01-22,1011010101,花叶类,210.297,210.297,1085.6298,1.0,209.297,416,0,21,5.162364655701222,12.83
2022-01-22,1011010201,花菜类,64.541,64.541,516.328,0.0,64.541,121,0,1,8.0,15.51
2022-01-22,1011010402,水生根茎类,64.682,64.682,631.716,0.0,64.682,76,0,2,9.766488358430475,13.65
2022-01-22,1011010501,茄类,22.592,22.592,328.213,0.0,22.592,46,0,4,14.527841713881022,6.68
2022-01-22,1011010504,辣椒类,103.68,103.68,1249.931,3.0,100.68,235,0,11,12.055661651234567,9.24
2022-01-22,1011010801,食用菌,97.945,97.639,810.814,0.0,97.639,185,0,8,8.30420221427913,9.45
2022-01-23,1011010101,花叶类,186.693,186.693,1042.094,0.0,186.693,321,0,22,5.581858987749943,12.83
2022-01-23,1011010201,花菜类,74.249,74.249,590.2622,0.0,74.249,137,0,2,7.949766326819217,15.51
2022-01-23,1011010402,水生根茎类,68.285,68.285,722.19,0.0,68.285,88,0,2,10.576114812916455,13.65
2022-01-23,1011010501,茄类,25.009,25.009,356.997,0.0,25.009,59,0,3,14.274741093206446,6.68
2022-01-23,1011010504,辣椒类,124.431,124.431,1472.4866,0.0,124.431,253,0,11,11.833760075865339,9.24
2022-01-23,1011010801,食用菌,89.483,89.483,935.89,0.0,89.483,175,0,6,10.458858107126492,9.45
2022-01-24,1011010101,花叶类,187.463,187.463,839.58,18.0,169.463,292,0,25,4.478643785707047,12.83
2022-01-24,1011010201,花菜类,22.147,22.147,199.323,0.0,22.147,45,0,1,9.000000000000002,15.51
2022-01-24,1011010402,水生根茎类,38.076,38.076,444.432,0.0,38.076,42,0,2,11.672234478411598,13.65
2022-01-24,1011010501,茄类,25.579,25.579,367.668,0.0,25.579,49,0,3,14.373822276085852,6.68
2022-01-24,1011010504,辣椒类,117.056,117.056,1434.487,0.0,117.056,229,0,12,12.254707148715147,9.24
2022-01-24,1011010801,食用菌,68.443,68.443,845.232,0.0,68.443,163,0,7,12.349429452244934,9.45
2022-01-25,1011010101,花叶类,153.198,153.198,837.6786,15.0,138.198,256,0,23,5.467947362237104,12.83
2022-01-25,1011010201,花菜类,48.877,48.877,488.77,0.0,48.877,86,0,1,10.0,15.51
2022-01-25,1011010402,水生根茎类,70.849,70.849,804.174,0.0,70.849,72,0,2,11.350534234781012,13.65
2022-01-25,1011010501,茄类,26.834,26.834,382.132,0.0,26.834,53,0,4,14.24059029589327,6.68
2022-01-25,1011010504,辣椒类,85.379,85.379,1275.5726,1.0,84.379,204,0,12,14.940121107063797,9.24
2022-01-25,1011010801,食用菌,83.043,83.043,962.25,3.0,80.043,176,0,7,11.587370398468263,9.45
2022-01-26,1011010101,花叶类,172.651,172.651,1024.105,10.0,162.651,267,0,24,5.931648238353673,12.83
2022-01-26,1011010201,花菜类,32.217,32.217,322.17,0.0,32.217,63,0,1,10.0,15.51
2022-01-26,1011010402,水生根茎类,64.858,64.858,745.971,0.0,64.858,65,0,2,11.501603503037405,13.65
2022-01-26,1011010501,茄类,31.875,31.875,462.492,0.0,31.875,62,0,4,14.509552941176471,6.68
2022-01-26,1011010504,辣椒类,93.362,93.362,1397.9538,2.0,91.362,204,0,11,14.973477431931622,9.24
2022-01-26,1011010801,食用菌,87.094,87.094,866.184,3.0,84.094,148,0,8,9.94539233471881,9.45
2022-01-27,1011010101,花叶类,171.725,170.614,847.6926,13.906,156.708,251,0,22,4.968482070638986,12.83
2022-01-27,1011010201,花菜类,58.027,58.027,580.27,0.0,58.027,89,0,1,10.0,15.51
2022-01-27,1011010402,水生根茎类,95.025,95.025,1118.58,0.0,95.025,86,0,3,11.77142857142857,13.65
2022-01-27,1011010501,茄类,21.963,21.963,356.442,0.0,21.963,43,0,4,16.22920366070209,6.68
2022-01-27,1011010504,辣椒类,159.221,157.221,2299.201,0.0,157.221,307,0,13,14.624006971078927,9.24
2022-01-27,1011010801,食用菌,66.621,66.621,678.1152000000001,0.0,66.621,117,0,8,10.178700409780701,9.45
2022-01-28,1011010101,花叶类,188.131,188.131,1082.726,12.0,176.131,275,0,23,5.755170599210126,12.83
2022-01-28,1011010201,花菜类,85.253,85.253,852.53,0.0,85.253,124,0,1,10.0,15.51
2022-01-28,1011010402,水生根茎类,197.934,197.934,2192.236,40.0,157.934,192,0,3,11.075590853516829,13.65
2022-01-28,1011010501,茄类,54.803,54.803,968.3842,0.0,54.803,85,0,4,17.67027717460723,6.68
2022-01-28,1011010504,辣椒类,222.648,222.648,3474.2282,0.0,222.648,416,0,13,15.604129388092415,9.24
2022-01-28,1011010801,食用菌,144.04,144.04,1414.4326,0.0,144.04,200,0,9,9.819720910858097,9.45
2022-01-29,1011010101,花叶类,208.841,208.256,1440.725,0.0,208.256,334,0,15,6.918047979409956,12.83
2022-01-29,1011010201,花菜类,90.907,90.907,909.07,0.0,90.907,129,0,1,10.000000000000002,15.51
2022-01-29,1011010402,水生根茎类,200.905,200.905,2262.968,0.0,200.905,211,0,3,11.263870983798311,13.65
2022-01-29,1011010501,茄类,86.85,86.261,1518.482,0.0,86.261,139,0,4,17.603343341718737,6.68
2022-01-29,1011010504,辣椒类,357.263,356.647,6284.807400000001,0.0,356.647,752,0,14,17.621927003451596,9.24
2022-01-29,1011010801,食用菌,195.987,195.987,1854.334,0.0,195.987,294,0,7,9.461515304586529,9.45
2022-01-30,1011010101,花叶类,229.022,229.022,1825.693,4.0,225.022,399,0,15,7.971692675812804,12.83
2022-01-30,1011010201,花菜类,102.128,102.128,999.3668,0.0,102.128,166,0,2,9.785433965220117,15.51
2022-01-30,1011010402,水生根茎类,234.678,234.678,2746.652,0.0,234.678,249,0,3,11.703917708519759,13.65
2022-01-30,1011010501,茄类,88.028,88.028,1526.0572,0.0,88.028,142,0,4,17.336043077202707,6.68
2022-01-30,1011010504,辣椒类,403.185,403.185,7456.5416000000005,0.0,403.185,906,0,13,18.494094770390763,9.24
2022-01-30,1011010801,食用菌,153.261,153.261,1925.8152,0.0,153.261,296,0,8,12.56559202928338,9.45
2022-02-01,1011010101,花叶类,63.003,63.003,596.783,0.0,63.003,130,0,12,9.47229497008079,12.83
2022-02-01,1011010201,花菜类,13.968,13.968,139.68,0.0,13.968,23,0,1,10.0,15.51
2022-02-01,1011010402,水生根茎类,38.25,38.25,458.315,0.0,38.25,48,0,3,11.982091503267974,13.65
2022-02-01,1011010501,茄类,18.86,18.86,328.4054,0.0,18.86,37,0,4,17.412799575821843,6.68
2022-02-01,1011010504,辣椒类,52.92,52.92,1049.8752,0.0,52.92,165,0,9,19.83891156462585,9.24
2022-02-01,1011010801,食用菌,46.534,46.534,423.7264,0.0,46.534,78,0,8,9.10573774014699,9.45
2022-02-02,1011010101,花叶类,88.412,88.412,698.808,0.0,88.412,177,0,13,7.903994932814549,12.83
2022-02-02,1011010201,花菜类,38.729,38.729,387.29,0.0,38.729,67,0,1,10.0,15.51
2022-02-02,1011010402,水生根茎类,37.868,37.868,514.747,0.0,37.868,46,0,2,13.59319214112179,13.65
2022-02-02,1011010501,茄类,29.266000000000002,29.266000000000002,507.798,0.0,29.266000000000002,58,0,3,17.351124171393426,6.68
2022-02-02,1011010504,辣椒类,89.27,89.27,1687.0262,0.0,89.27,264,0,9,18.898019491430492,9.24
2022-02-02,1011010801,食用菌,104.522,104.522,834.5944000000001,10.485,94.037,156,0,7,7.984868257400356,9.45
2022-02-03,1011010101,花叶类,116.536,116.536,705.078,0.0,116.536,194,0,12,6.050302052584609,12.83
2022-02-03,1011010201,花菜类,26.229,26.229,262.29,0.0,26.229,54,0,1,10.000000000000002,15.51
2022-02-03,1011010402,水生根茎类,7.01,7.01,74.076,0.0,7.01,10,0,2,10.56718972895863,13.65
2022-02-03,1011010501,茄类,51.214999999999996,51.214999999999996,732.486,0.0,51.214999999999996,91,0,3,14.302177096553745,6.68
2022-02-03,1011010504,辣椒类,125.952,125.952,2348.7062,0.0,125.952,344,0,9,18.647629255589433,9.24
2022-02-03,1011010801,食用菌,46.152,46.152,505.95540000000005,0.0,46.152,101,0,7,10.96280551222049,9.45
2022-02-04,1011010101,花叶类,216.497,216.497,1324.3794,0.0,216.497,347,0,20,6.117310632479896,12.83
2022-02-04,1011010201,花菜类,48.036,48.036,480.36,0.0,48.036,97,0,1,10.0,15.51
2022-02-04,1011010402,水生根茎类,55.923,55.923,666.018,0.0,55.923,56,0,2,11.909554208465211,13.65
2022-02-04,1011010501,茄类,49.812,49.812,717.406,0.0,49.812,105,0,4,14.402272544768328,6.68
2022-02-04,1011010504,辣椒类,168.229,168.229,2445.1094000000003,0.0,168.229,456,0,11,14.534410832852839,9.24
2022-02-04,1011010801,食用菌,62.232,62.232,585.0328000000001,0.0,62.232,107,0,7,9.400835582979818,9.45
2022-02-05,1011010101,花叶类,208.189,208.189,1364.369,0.0,208.189,356,0,22,6.55351147274832,12.83
2022-02-05,1011010201,花菜类,45.665,45.665,410.985,0.0,45.665,93,0,1,9.0,15.51
2022-02-05,1011010402,水生根茎类,2.2030000000000003,2.2030000000000003,21.456,0.0,2.2030000000000003,5,0,3,9.739446209714025,13.65
2022-02-05,1011010501,茄类,43.637,43.637,541.492,0.0,43.637,82,0,2,12.409010701927263,6.68
2022-02-05,1011010504,辣椒类,79.349,79.349,1235.3020000000001,0.0,79.349,193,0,13,15.567959268547808,9.24
2022-02-05,1011010801,食用菌,94.217,94.217,778.4774,0.0,94.217,142,0,10,8.262600167697974,9.45
2022-02-06,1011010101,花叶类,219.985,219.985,1398.8696,3.0,216.985,395,0,19,6.358931745346273,12.83
2022-02-06,1011010201,花菜类,52.784,52.784,475.056,0.0,52.784,115,0,1,9.0,15.51
2022-02-06,1011010402,水生根茎类,66.88,66.88,779.744,0.0,66.88,89,0,2,11.65885167464115,13.65
2022-02-06,1011010501,茄类,38.299,38.299,476.724,0.0,38.299,86,0,3,12.447426825765685,6.68
2022-02-06,1011010504,辣椒类,127.903,127.903,1530.6256,0.0,127.903,261,0,8,11.967081303800537,9.24
2022-02-06,1011010801,食用菌,90.519,90.519,789.7434000000001,0.0,90.519,133,0,9,8.72461472177112,9.45
2022-02-07,1011010101,花叶类,160.054,160.054,838.913,7.0,153.054,253,0,17,5.241437264923088,12.83
2022-02-07,1011010201,花菜类,43.144,43.144,388.296,0.0,43.144,99,0,1,9.0,15.51
2022-02-07,1011010402,水生根茎类,41.735,41.735,494.184,0.0,41.735,58,0,2,11.8409967653049,13.65
2022-02-07,1011010501,茄类,25.718,25.718,319.606,0.0,25.718,63,0,3,12.427327163854109,6.68
2022-02-07,1011010504,辣椒类,105.783,105.783,1367.798,0.0,105.783,229,0,12,12.930225083425503,9.24
2022-02-07,1011010801,食用菌,89.43,89.43,648.0116,0.0,89.43,135,0,10,7.246020351112602,9.45
2022-02-08,1011010101,花叶类,162.297,162.297,965.4962,2.0,160.297,281,0,19,5.94894668416545,12.83
2022-02-08,1011010201,花菜类,44.616,44.616,341.6072,0.0,44.616,83,0,2,7.656607495069033,15.51
2022-02-08,1011010402,水生根茎类,29.778,29.778,294.99,0.0,29.778,35,0,2,9.906306669353215,13.65
2022-02-08,1011010501,茄类,28.361,28.361,349.446,0.0,28.361,63,0,3,12.321356792778817,6.68
2022-02-08,1011010504,辣椒类,83.106,83.106,1018.077,3.0,80.106,168,0,13,12.250342935528122,9.24
2022-02-08,1011010801,食用菌,48.124,48.124,406.82800000000003,0.0,48.124,77,0,10,8.45374449339207,9.45
2022-02-09,1011010101,花叶类,138.288,138.288,740.5578,0.0,138.288,235,0,20,5.355184831655675,12.83
2022-02-09,1011010201,花菜类,25.255,25.255,227.29500000000002,0.0,25.255,61,0,1,9.000000000000002,15.51
2022-02-09,1011010402,水生根茎类,30.194,30.194,300.00600000000003,0.0,30.194,41,0,2,9.935947539246209,13.65
2022-02-09,1011010501,茄类,17.827,17.827,217.334,0.0,17.827,40,0,3,12.191282885510741,6.68
2022-02-09,1011010504,辣椒类,81.859,81.859,913.734,9.0,72.859,153,0,13,11.162291256917383,9.24
2022-02-09,1011010801,食用菌,54.397999999999996,54.397999999999996,386.70120000000003,10.0,44.397999999999996,84,0,11,7.108739291885732,9.45
2022-02-10,1011010101,花叶类,116.133,116.133,583.8774,17.0,99.133,180,0,18,5.027661388235902,12.83
2022-02-10,1011010201,花菜类,23.057,23.057,184.456,0.0,23.057,51,0,1,8.0,15.51
2022-02-10,1011010402,水生根茎类,29.54,29.54,293.59,0.0,29.54,35,0,2,9.938727149627622,13.65
2022-02-10,1011010501,茄类,18.122,18.122,205.86,0.0,18.122,37,0,3,11.35967332524004,6.68
2022-02-10,1011010504,辣椒类,95.39,95.39,900.0088000000001,11.0,84.39,155,0,12,9.435043505608554,9.24
2022-02-10,1011010801,食用菌,45.478,45.478,305.704,3.0,42.478,72,0,9,6.722019437970007,9.45
2022-02-11,1011010101,花叶类,132.508,132.508,677.0574,8.0,124.508,213,0,19,5.109558668155885,12.83
2022-02-11,1011010201,花菜类,24.982,24.982,199.856,0.0,24.982,55,0,1,8.0,15.51
2022-02-11,1011010402,水生根茎类,38.286,38.286,375.374,0.0,38.286,53,0,2,9.804471608420833,13.65
2022-02-11,1011010501,茄类,16.356,16.356,188.334,0.0,16.356,39,0,3,11.514673514306676,6.68
2022-02-11,1011010504,辣椒类,80.496,80.496,817.711,6.0,74.496,142,0,12,10.158405386603063,9.24
2022-02-11,1011010801,食用菌,44.35,44.35,309.1,9.0,35.35,70,0,8,6.969560315670801,9.45
2022-02-12,1011010101,花叶类,154.467,154.467,871.2256,6.0,148.467,262,0,20,5.640205351304809,12.83
2022-02-12,1011010201,花菜类,35.481,35.481,283.848,0.0,35.481,78,0,1,8.0,15.51
2022-02-12,1011010402,水生根茎类,58.417,58.417,482.536,0.0,58.417,71,0,3,8.260198229967305,13.65
2022-02-12,1011010501,茄类,19.233,19.233,189.786,0.0,19.233,46,0,2,9.86772734362814,6.68
2022-02-12,1011010504,辣椒类,63.244,63.244,671.8514,1.0,62.244,129,0,12,10.623164252735437,9.24
2022-02-12,1011010801,食用菌,44.628,44.628,306.904,3.0,41.628,75,0,8,6.876938245047952,9.45
2022-02-13,1011010101,花叶类,165.85,165.85,881.5966,3.0,162.85,275,0,19,5.315626168224299,12.83
2022-02-13,1011010201,花菜类,37.882,37.882,303.056,0.0,37.882,78,0,1,8.0,15.51
2022-02-13,1011010402,水生根茎类,38.757,38.757,309.75600000000003,0.0,38.757,52,0,4,7.99225946280672,13.65
2022-02-13,1011010501,茄类,18.593,18.593,178.25900000000001,0.0,18.593,41,0,2,9.587425375141184,6.68
2022-02-13,1011010504,辣椒类,53.381,53.381,583.6494,0.0,53.381,131,0,12,10.933654296472527,9.24
2022-02-13,1011010801,食用菌,62.028,62.028,394.004,0.0,62.028,87,0,7,6.3520345650351455,9.45
2022-02-14,1011010101,花叶类,150.014,150.014,631.1668,10.0,140.014,217,0,17,4.207385977308784,12.83
2022-02-14,1011010201,花菜类,35.754,35.754,286.032,0.0,35.754,80,0,1,8.0,15.51
2022-02-14,1011010402,水生根茎类,24.829,24.829,198.632,0.0,24.829,35,0,2,8.0,13.65
2022-02-14,1011010501,茄类,22.165,22.165,215.701,0.0,22.165,50,0,2,9.731603879990978,6.68
2022-02-14,1011010504,辣椒类,56.165,56.165,567.3326,0.0,56.165,112,0,13,10.101176889521943,9.24
2022-02-14,1011010801,食用菌,43.618,43.618,351.324,0.0,43.618,82,0,8,8.054564629281488,9.45
2022-02-15,1011010101,花叶类,154.453,154.453,822.6562,3.0,151.453,262,0,18,5.326255883666876,12.83
2022-02-15,1011010201,花菜类,30.547,30.547,244.376,0.0,30.547,70,0,1,8.0,15.51
2022-02-15,1011010402,水生根茎类,50.087,50.087,399.596,0.0,50.087,68,0,3,7.978038213508495,13.65
2022-02-15,1011010501,茄类,13.33,13.33,131.351,0.0,13.33,28,0,3,9.853788447111778,6.68
2022-02-15,1011010504,辣椒类,65.56099999999999,65.56099999999999,663.9596,0.0,65.56099999999999,128,0,10,10.127356202620462,9.24
2022-02-15,1011010801,食用菌,54.996,54.996,390.528,0.0,54.996,87,0,8,7.101025529129391,9.45
2022-02-16,1011010101,花叶类,99.015,99.015,358.373,16.0,83.015,135,0,13,3.6193809018835528,12.83
2022-02-16,1011010201,花菜类,21.875,21.875,175.0,0.0,21.875,47,0,1,8.0,15.51
2022-02-16,1011010402,水生根茎类,25.240000000000002,25.240000000000002,199.72,0.0,25.240000000000002,35,0,3,7.912836767036449,13.65
2022-02-16,1011010501,茄类,8.002,8.002,80.02,0.0,8.002,20,0,1,9.999999999999998,6.68
2022-02-16,1011010504,辣椒类,50.306,50.306,404.0908,1.0,49.306,73,0,9,8.032656144396295,9.24
2022-02-16,1011010801,食用菌,19.235,19.235,148.83,2.0,17.235,42,0,8,7.7374577592929565,9.45
2022-02-17,1011010101,花叶类,112.077,112.077,458.30899999999997,2.0,110.077,172,0,14,4.089233294966853,12.83
2022-02-17,1011010201,花菜类,20.645,20.645,165.16,0.0,20.645,47,0,1,8.0,15.51
2022-02-17,1011010402,水生根茎类,38.54,38.54,299.02,0.0,38.54,55,0,3,7.758692267773741,13.65
2022-02-17,1011010501,茄类,16.258,16.258,151.975,0.0,16.258,37,0,2,9.347705744864067,6.68
2022-02-17,1011010504,辣椒类,67.678,66.319,471.302,4.0,62.319,100,0,12,7.106590871394322,9.24
2022-02-17,1011010801,食用菌,28.335,28.335,250.23000000000002,1.0,27.335,56,0,6,8.831127580730545,9.45
2022-02-18,1011010101,花叶类,98.783,98.783,444.0188,14.0,84.783,163,0,17,4.494890821295162,12.83
2022-02-18,1011010201,花菜类,24.401,24.401,195.208,0.0,24.401,52,0,1,8.0,15.51
2022-02-18,1011010402,水生根茎类,34.695,34.695,274.46,0.0,34.695,41,0,2,7.9106499495604545,13.65
2022-02-18,1011010501,茄类,13.181,13.181,124.178,0.0,13.181,33,0,2,9.420984750777635,6.68
2022-02-18,1011010504,辣椒类,77.479,77.479,604.1516,9.0,68.479,125,0,14,7.797617418913513,9.24
2022-02-18,1011010801,食用菌,44.249,44.249,328.682,1.0,43.249,80,0,6,7.428009672534973,9.45
2022-02-19,1011010101,花叶类,120.64,120.64,753.945,1.0,119.64,223,0,18,6.249544098143237,12.83
2022-02-19,1011010201,花菜类,49.665,49.665,397.32,0.0,49.665,88,0,1,8.0,15.51
2022-02-19,1011010402,水生根茎类,38.763,38.763,307.004,0.0,38.763,60,0,2,7.9200268297087435,13.65
2022-02-19,1011010501,茄类,19.604,19.604,194.127,0.0,19.604,52,0,3,9.902417873903286,6.68
2022-02-19,1011010504,辣椒类,84.409,84.409,644.9956,8.0,76.409,135,0,16,7.641313130116456,9.24
2022-02-19,1011010801,食用菌,49.453,49.453,330.154,0.0,49.453,85,0,5,6.676116716882696,9.45
2022-02-20,1011010101,花叶类,105.918,105.918,660.4082,5.0,100.918,198,0,15,6.235089408787929,12.83
2022-02-20,1011010201,花菜类,36.386,36.386,278.538,0.0,36.386,67,0,2,7.655087121420326,15.51
2022-02-20,1011010402,水生根茎类,35.58,35.58,284.64,0.0,35.58,50,0,1,8.0,13.65
2022-02-20,1011010501,茄类,19.499,19.499,188.78300000000002,0.0,19.499,45,0,2,9.681675983383764,6.68
2022-02-20,1011010504,辣椒类,80.204,80.204,635.0724,7.0,73.20400000000001,169,0,12,7.9182135554336455,9.24
2022-02-20,1011010801,食用菌,29.076,29.076,238.268,0.0,29.076,56,0,5,8.19466226441051,9.45
2022-02-21,1011010101,花叶类,85.387,85.387,477.6952,8.0,77.387,133,0,15,5.594472226451333,12.83
2022-02-21,1011010201,花菜类,28.045,28.045,224.36,0.0,28.045,53,0,1,8.0,15.51
2022-02-21,1011010402,水生根茎类,26.034,26.034,208.272,0.0,26.034,36,0,1,8.0,13.65
2022-02-21,1011010501,茄类,12.819,12.819,124.014,0.0,12.819,29,0,3,9.674233559560028,6.68
2022-02-21,1011010504,辣椒类,54.127,54.127,544.3702,3.0,51.127,117,0,12,10.05727640549079,9.24
2022-02-21,1011010801,食用菌,11.197,11.197,118.946,0.0,11.197,29,0,4,10.623024024292222,9.45
2022-02-22,1011010101,花叶类,78.356,78.356,451.291,12.0,66.356,132,0,15,5.759495124814948,12.83
2022-02-22,1011010201,花菜类,21.47,21.47,171.76,0.0,21.47,44,0,1,8.0,15.51
2022-02-22,1011010402,水生根茎类,25.201,25.201,201.608,0.0,25.201,42,0,1,8.0,13.65
2022-02-22,1011010501,茄类,14.993,14.993,140.705,0.0,14.993,32,0,2,9.384712866004136,6.68
2022-02-22,1011010504,辣椒类,83.428,83.428,750.9346,14.0,69.428,161,0,15,9.000990075274489,9.24
2022-02-22,1011010801,食用菌,14.499,14.499,139.082,0.0,14.499,42,0,3,9.59252362231878,9.45
2022-02-23,1011010101,花叶类,65.21,65.21,399.698,4.0,61.21,113,0,19,6.129397331697593,12.83
2022-02-23,1011010201,花菜类,28.796,28.796,230.368,0.0,28.796,65,0,1,8.0,15.51
2022-02-23,1011010402,水生根茎类,17.076,17.076,136.608,0.0,17.076,27,0,1,8.0,13.65
2022-02-23,1011010501,茄类,10.987,10.987,121.351,0.0,10.987,27,0,4,11.04496222808774,6.68
2022-02-23,1011010504,辣椒类,46.044,46.044,400.681,9.0,37.044,68,0,13,8.70213274259404,9.24
2022-02-23,1011010801,食用菌,16.979,16.979,123.322,0.0,16.979,31,0,5,7.26320749160728,9.45
2022-02-24,1011010101,花叶类,75.146,75.146,363.918,18.0,57.146,125,0,15,4.84281265802571,12.83
2022-02-24,1011010201,花菜类,34.624,34.624,276.992,0.0,34.624,69,0,1,8.0,15.51
2022-02-24,1011010402,水生根茎类,19.778,19.778,158.224,0.0,19.778,29,0,1,8.0,13.65
2022-02-24,1011010501,茄类,11.295,11.295,129.84,0.0,11.295,26,0,3,11.49535192563081,6.68
2022-02-24,1011010504,辣椒类,60.707,60.707,652.5508,15.0,45.707,122,0,13,10.749185431663564,9.24
2022-02-24,1011010801,食用菌,27.097,27.097,182.746,1.0,26.097,49,0,5,6.744141417869137,9.45
2022-02-25,1011010101,花叶类,96.432,96.432,584.8488,11.0,85.432,175,0,16,6.064883026381284,12.83
2022-02-25,1011010201,花菜类,25.668,25.668,205.344,0.0,25.668,51,0,1,8.0,15.51
2022-02-25,1011010402,水生根茎类,43.644,43.644,387.152,0.0,43.644,54,0,2,8.870680964164604,13.65
2022-02-25,1011010501,茄类,15.162,15.162,166.196,0.0,15.162,34,0,3,10.961350745284262,6.68
2022-02-25,1011010504,辣椒类,66.539,66.539,729.3868,17.0,49.539,145,0,13,10.961793835194397,9.24
2022-02-25,1011010801,食用菌,33.498,33.498,282.664,0.0,33.498,70,0,5,8.43823511851454,9.45
2022-02-26,1011010101,花叶类,118.507,118.507,832.3856,3.0,115.507,239,0,17,7.023936138793489,12.83
2022-02-26,1011010201,花菜类,29.244,29.244,292.44,0.0,29.244,61,0,1,10.0,15.51
2022-02-26,1011010402,水生根茎类,40.831,40.831,326.648,0.0,40.831,60,0,1,8.0,13.65
2022-02-26,1011010501,茄类,22.413,22.413,256.314,0.0,22.413,49,0,4,11.435952349083122,6.68
2022-02-26,1011010504,辣椒类,96.277,96.277,1020.8488,3.0,93.277,213,0,16,10.603246881394309,9.24
2022-02-26,1011010801,食用菌,44.56,44.56,309.48,0.0,44.56,73,0,6,6.94524236983842,9.45
2022-02-27,1011010101,花叶类,94.607,94.607,574.5276,4.0,90.607,195,0,15,6.0727810838521465,12.83
2022-02-27,1011010201,花菜类,34.072,34.072,340.72,0.0,34.072,70,0,1,10.0,15.51
2022-02-27,1011010402,水生根茎类,34.211999999999996,33.609,268.872,0.0,33.609,56,0,1,8.0,13.65
2022-02-27,1011010501,茄类,17.194,17.194,203.20000000000002,0.0,17.194,43,0,3,11.81807607304874,6.68
2022-02-27,1011010504,辣椒类,90.842,90.842,1024.7628,7.0,83.842,204,0,13,11.280715968384667,9.24
2022-02-27,1011010801,食用菌,31.748,30.748,218.064,4.0,26.748,60,0,5,7.091973461688565,9.45
2022-02-28,1011010101,花叶类,77.285,77.285,456.0546,12.0,65.285,167,0,18,5.9009458497768,12.83
2022-02-28,1011010201,花菜类,22.582,22.582,225.82,0.0,22.582,45,0,1,10.0,15.51
2022-02-28,1011010402,水生根茎类,31.328,29.583,177.498,0.0,29.583,32,0,1,6.0,13.65
2022-02-28,1011010501,茄类,14.358,14.358,156.606,0.0,14.358,36,0,3,10.907229419139155,6.68
2022-02-28,1011010504,辣椒类,66.122,66.122,663.3378,9.0,57.122,144,0,14,10.032028674268776,9.24
2022-02-28,1011010801,食用菌,11.887,11.887,132.36599999999999,1.0,10.887,35,0,4,11.135357954067468,9.45
2022-03-01,1011010101,花叶类,75.286,75.286,439.0974,12.0,63.286,149,0,17,5.8323911484206885,12.83
2022-03-01,1011010201,花菜类,22.944,22.944,229.44,0.0,22.944,44,0,1,10.0,15.51
2022-03-01,1011010402,水生根茎类,5.051,5.051,30.306,0.0,5.051,8,0,1,6.0,13.65
2022-03-01,1011010501,茄类,13.075,13.075,169.784,0.0,13.075,31,0,3,12.985391969407265,6.68
2022-03-01,1011010504,辣椒类,60.582,60.582,627.8882,4.0,56.582,138,0,14,10.364269915156317,9.24
2022-03-01,1011010801,食用菌,18.112000000000002,18.112000000000002,141.716,0.0,18.112000000000002,39,0,5,7.824425795053004,9.45
2022-03-02,1011010101,花叶类,70.109,70.109,391.4318,9.0,61.109,134,0,17,5.5831890342181465,12.83
2022-03-02,1011010201,花菜类,18.905,18.905,189.05,0.0,18.905,42,0,1,10.0,15.51
2022-03-02,1011010402,水生根茎类,23.171,23.171,139.026,0.0,23.171,33,0,1,6.000000000000001,13.65
2022-03-02,1011010501,茄类,8.61,8.61,113.056,0.0,8.61,21,0,4,13.130778164924507,6.68
2022-03-02,1011010504,辣椒类,69.755,69.755,740.0594,23.0,46.755,140,0,16,10.609410078130601,9.24
2022-03-02,1011010801,食用菌,17.916,17.916,165.388,0.0,17.916,42,0,4,9.231301629828087,9.45
2022-03-03,1011010101,花叶类,62.041,62.041,359.6576,7.0,55.041,131,0,18,5.7970954691252565,12.83
2022-03-03,1011010201,花菜类,21.88,21.88,218.8,0.0,21.88,42,0,1,10.000000000000002,15.51
2022-03-03,1011010402,水生根茎类,27.705000000000002,27.705000000000002,166.23,0.0,27.705000000000002,40,0,1,5.999999999999999,13.65
2022-03-03,1011010501,茄类,14.025,14.025,193.3822,0.0,14.025,31,0,2,13.788392156862745,6.68
2022-03-03,1011010504,辣椒类,54.075,54.075,617.3778,3.0,51.075,126,0,14,11.417065187239944,9.24
2022-03-03,1011010801,食用菌,15.525,15.525,105.25,0.0,15.525,34,0,6,6.77938808373591,9.45
2022-03-04,1011010101,花叶类,78.622,78.622,502.9668,5.0,73.622,140,0,17,6.397278115540179,12.83
2022-03-04,1011010201,花菜类,20.119,20.119,201.19,0.0,20.119,48,0,1,10.0,15.51
2022-03-04,1011010402,水生根茎类,21.276,21.276,127.65599999999999,0.0,21.276,29,0,1,6.0,13.65
2022-03-04,1011010501,茄类,9.297,9.297,111.92699999999999,0.0,9.297,21,0,3,12.039044853178442,6.68
2022-03-04,1011010504,辣椒类,72.59,72.59,709.5126,12.0,60.59,134,0,17,9.774247141479542,9.24
2022-03-04,1011010801,食用菌,28.908,28.908,171.04399999999998,0.0,28.908,55,0,5,5.916839629168395,9.45
2022-03-05,1011010101,花叶类,125.495,125.495,805.6016,1.0,124.495,236,0,19,6.419392007649707,12.83
2022-03-05,1011010201,花菜类,29.269,29.269,292.69,0.0,29.269,60,0,1,10.0,15.51
2022-03-05,1011010402,水生根茎类,44.23,44.23,265.38,0.0,44.23,61,0,1,6.0,13.65
2022-03-05,1011010501,茄类,14.836,14.836,204.0128,0.0,14.836,39,0,4,13.751199784308438,6.68
2022-03-05,1011010504,辣椒类,104.358,103.358,1170.0724,13.0,90.358,222,0,19,11.32057895857118,9.24
2022-03-05,1011010801,食用菌,33.725,33.725,233.35,0.0,33.725,65,0,7,6.919199406968124,9.45
2022-03-06,1011010101,花叶类,141.174,141.174,951.4866,2.0,139.174,284,0,18,6.739814696757192,12.83
2022-03-06,1011010201,花菜类,31.384,31.384,310.01,0.0,31.384,64,0,2,9.87796329339791,15.51
2022-03-06,1011010402,水生根茎类,47.119,47.119,282.714,0.0,47.119,70,0,1,6.0,13.65
2022-03-06,1011010501,茄类,19.161,19.161,229.5456,0.0,19.161,38,0,3,11.979834037889463,6.68
2022-03-06,1011010504,辣椒类,81.904,81.904,1119.4264,5.0,76.904,194,0,17,13.667542488767339,9.24
2022-03-06,1011010801,食用菌,39.323,39.323,285.914,0.0,39.323,82,0,5,7.2709101543625865,9.45
2022-03-07,1011010101,花叶类,76.68599999999999,76.68599999999999,510.35360000000003,2.0,74.68599999999999,149,0,17,6.655107842370186,12.83
2022-03-07,1011010201,花菜类,0.632,0.632,6.32,0.0,0.632,2,0,1,10.0,15.51
2022-03-07,1011010402,水生根茎类,24.482,24.482,146.892,0.0,24.482,35,0,1,6.0,13.65
2022-03-07,1011010501,茄类,11.448,11.448,143.7516,0.0,11.448,27,0,3,12.55691823899371,6.68
2022-03-07,1011010504,辣椒类,52.889,52.889,589.657,6.0,46.889,102,0,18,11.14895346858515,9.24
2022-03-07,1011010801,食用菌,12.626,12.626,96.368,0.0,12.626,27,0,4,7.632504356090607,9.45
2022-03-08,1011010101,花叶类,82.174,82.174,457.23380000000003,3.0,79.174,162,0,17,5.564214958502689,12.83
2022-03-08,1011010201,花菜类,14.951,14.951,123.784,12.863,2.088,30,0,1,8.279312420573875,15.51
2022-03-08,1011010402,水生根茎类,6.754,6.754,47.278,0.0,6.754,9,0,1,7.0,13.65
2022-03-08,1011010501,茄类,9.594,9.594,125.444,0.0,9.594,23,0,3,13.075255367938295,6.68
2022-03-08,1011010504,辣椒类,71.127,71.127,743.8088,9.0,62.127,135,0,18,10.457474658006102,9.24
2022-03-08,1011010801,食用菌,14.096,14.096,180.69160000000002,0.0,14.096,41,0,5,12.818643586833145,9.45
2022-03-09,1011010101,花叶类,66.059,66.059,360.4636,5.0,61.059,129,0,14,5.456691745258027,12.83
2022-03-09,1011010201,花菜类,15.084,15.084,122.72,14.06,1.024,32,0,1,8.135773004508088,15.51
2022-03-09,1011010402,水生根茎类,17.2,17.2,120.4,0.0,17.2,24,0,1,7.000000000000001,13.65
2022-03-09,1011010501,茄类,8.401,8.401,114.3952,0.0,8.401,21,0,3,13.6168551362933,6.68
2022-03-09,1011010504,辣椒类,62.036,62.036,808.0728,6.0,56.036,130,0,18,13.025868850344962,9.24
2022-03-09,1011010801,食用菌,21.91,21.91,193.056,1.0,20.91,37,0,7,8.811319032405295,9.45
2022-03-10,1011010101,花叶类,73.508,73.508,376.8612,7.0,66.508,141,0,16,5.126805245687544,12.83
2022-03-10,1011010201,花菜类,16.971,16.971,140.146,14.782,2.189,39,0,1,8.257969477343703,15.51
2022-03-10,1011010402,水生根茎类,16.626,16.626,116.382,0.0,16.626,26,0,1,7.0,13.65
2022-03-10,1011010501,茄类,10.189,10.189,137.5708,0.0,10.189,23,0,3,13.501894199627047,6.68
2022-03-10,1011010504,辣椒类,57.407000000000004,57.407000000000004,656.448,18.0,39.407000000000004,112,0,17,11.434981796645008,9.24
2022-03-10,1011010801,食用菌,14.375,14.375,126.50000000000001,0.0,14.375,28,0,4,8.8,9.45
2022-03-11,1011010101,花叶类,88.822,88.822,527.4428,11.0,77.822,176,0,20,5.938199995496611,12.83
2022-03-11,1011010201,花菜类,19.221,19.221,161.428,15.973,3.2479999999999998,48,0,2,8.398522449404297,15.51
2022-03-11,1011010402,水生根茎类,29.63,29.63,207.41,0.0,29.63,40,0,1,7.0,13.65
2022-03-11,1011010501,茄类,15.262,15.262,216.5368,0.0,15.262,38,0,3,14.187970121871315,6.68
2022-03-11,1011010504,辣椒类,53.281,53.281,581.6292,19.0,34.281,104,0,15,10.916259079221486,9.24
2022-03-11,1011010801,食用菌,11.525,11.525,160.44,0.0,11.525,36,0,3,13.921041214750542,9.45
2022-03-12,1011010101,花叶类,129.766,129.766,890.7004000000001,0.0,129.766,247,0,16,6.863896552255599,12.83
2022-03-12,1011010201,花菜类,27.529,27.529,229.57399999999998,24.418,3.1109999999999998,58,0,2,8.339351229612408,15.51
2022-03-12,1011010402,水生根茎类,37.329,37.329,261.303,0.0,37.329,48,0,1,7.0,13.65
2022-03-12,1011010501,茄类,24.795,24.795,341.552,0.0,24.795,54,0,3,13.775035289372857,6.68
2022-03-12,1011010504,辣椒类,95.029,95.029,1139.0744,6.0,89.029,209,0,16,11.986597775415925,9.24
2022-03-12,1011010801,食用菌,23.441,23.441,247.52560000000003,3.0,20.441,52,0,4,10.559515379036732,9.45
2022-03-13,1011010101,花叶类,101.51,101.51,573.2736,1.0,100.51,182,0,19,5.647459363609496,12.83
2022-03-13,1011010201,花菜类,30.393,30.393,249.59,27.17,3.223,61,0,1,8.212088309808179,15.51
2022-03-13,1011010402,水生根茎类,28.204,28.204,197.428,0.0,28.204,41,0,1,7.0,13.65
2022-03-13,1011010501,茄类,19.47,19.47,248.4488,0.0,19.47,46,0,3,12.760595788392399,6.68
2022-03-13,1011010504,辣椒类,77.903,77.903,986.548,3.0,74.903,175,0,16,12.663799853664171,9.24
2022-03-13,1011010801,食用菌,25.827,25.827,304.7208,2.0,23.827,68,0,7,11.798536415379253,9.45
2022-03-14,1011010101,花叶类,98.279,98.279,547.4912,10.0,88.279,168,0,22,5.570785213524762,12.83
2022-03-14,1011010201,花菜类,9.127,9.127,91.27,0.0,9.127,19,0,1,9.999999999999998,15.51
2022-03-14,1011010402,水生根茎类,15.345,15.345,107.41499999999999,0.0,15.345,24,0,1,6.999999999999999,13.65
2022-03-14,1011010501,茄类,12.678,12.678,167.5332,0.0,12.678,30,0,2,13.214481779460481,6.68
2022-03-14,1011010504,辣椒类,96.701,96.701,1067.492,10.0,86.701,176,0,17,11.039099905895492,9.24
2022-03-14,1011010801,食用菌,13.799,13.799,107.6616,2.0,11.799,28,0,4,7.802130589173129,9.45
2022-03-15,1011010101,花叶类,102.32900000000001,102.32900000000001,592.4250000000001,9.7,92.629,165,0,25,5.789414535468929,12.83
2022-03-15,1011010201,花菜类,7.721,7.721,77.21000000000001,0.0,7.721,14,0,1,10.000000000000002,15.51
2022-03-15,1011010402,水生根茎类,15.026,15.026,112.8908,0.0,15.026,22,0,2,7.51303074670571,13.65
2022-03-15,1011010501,茄类,12.816,12.816,164.3842,0.0,12.816,32,0,3,12.826482521847689,6.68
2022-03-15,1011010504,辣椒类,80.283,80.283,943.926,11.0,69.283,165,0,18,11.7574829042263,9.24
2022-03-15,1011010801,食用菌,17.42,17.42,221.4152,0.0,17.42,47,0,7,12.710401836969,9.45
2022-03-16,1011010101,花叶类,105.619,105.619,584.498,4.0,101.619,190,0,26,5.534023234455923,12.83
2022-03-16,1011010201,花菜类,11.876999999999999,11.876999999999999,119.898,0.0,11.876999999999999,25,0,2,10.094973478151049,15.51
2022-03-16,1011010402,水生根茎类,16.886,16.886,118.202,0.0,16.886,22,0,1,7.0,13.65
2022-03-16,1011010501,茄类,12.564,12.564,164.55,0.0,12.564,30,0,3,13.09694364851958,6.68
2022-03-16,1011010504,辣椒类,72.957,72.957,835.0894000000001,16.0,56.957,152,0,19,11.44632317666571,9.24
2022-03-16,1011010801,食用菌,17.088,17.088,200.9266,1.536,15.552,50,0,8,11.758345037453184,9.45
2022-03-17,1011010101,花叶类,108.394,108.394,540.366,10.0,98.394,186,0,25,4.9852021329593885,12.83
2022-03-17,1011010201,花菜类,12.813,12.813,128.13,0.0,12.813,25,0,1,10.0,15.51
2022-03-17,1011010402,水生根茎类,30.851,30.851,226.0456,0.0,30.851,44,0,2,7.327010469676834,13.65
2022-03-17,1011010501,茄类,15.834,15.834,207.552,0.0,15.834,37,0,4,13.107995452823038,6.68
2022-03-17,1011010504,辣椒类,84.519,84.519,920.2844,22.0,62.519,157,0,16,10.888491345141329,9.24
2022-03-17,1011010801,食用菌,22.721,22.721,309.082,0.0,22.721,57,0,6,13.603362528057744,9.45
2022-03-18,1011010101,花叶类,112.098,112.098,499.3154,15.0,97.098,206,0,25,4.454275723028065,12.83
2022-03-18,1011010201,花菜类,14.473,14.473,173.676,0.0,14.473,30,0,1,11.999999999999998,15.51
2022-03-18,1011010402,水生根茎类,28.674,28.674,208.1788,1.681,26.993000000000002,52,0,2,7.260193903885052,13.65
2022-03-18,1011010501,茄类,16.346,16.346,223.454,0.0,16.346,39,0,3,13.670255720053836,6.68
2022-03-18,1011010504,辣椒类,94.461,94.461,1155.2118,11.0,83.461,206,0,15,12.229510591672755,9.24
2022-03-18,1011010801,食用菌,29.951999999999998,29.951999999999998,167.3574,1.406,28.546,43,0,10,5.587520032051283,9.45
2022-03-19,1011010101,花叶类,201.276,201.276,1278.1608,0.0,201.276,406,0,25,6.350289155189889,12.83
2022-03-19,1011010201,花菜类,24.298000000000002,24.298000000000002,291.576,0.0,24.298000000000002,50,0,1,12.0,15.51
2022-03-19,1011010402,水生根茎类,45.815,45.815,311.542,0.0,45.815,56,0,1,6.8,13.65
2022-03-19,1011010501,茄类,26.011,26.011,352.676,0.0,26.011,67,0,4,13.558725154742225,6.68
2022-03-19,1011010504,辣椒类,131.315,130.315,1668.9386,28.0,102.315,263,0,17,12.806956988834747,9.24
2022-03-19,1011010801,食用菌,49.829,49.829,346.4658,2.516,47.313,78,0,7,6.953095586907223,9.45
2022-03-20,1011010101,花叶类,173.788,173.788,1120.3332,0.0,173.788,357,0,25,6.446550970147536,12.83
2022-03-20,1011010201,花菜类,16.749,16.749,200.988,0.0,16.749,35,0,1,12.0,15.51
2022-03-20,1011010402,水生根茎类,43.592,43.592,339.664,0.0,43.592,66,0,2,7.791888419893558,13.65
2022-03-20,1011010501,茄类,21.443,21.443,292.992,0.0,21.443,55,0,3,13.663759735111691,6.68
2022-03-20,1011010504,辣椒类,105.566,105.566,1666.1534000000001,2.0,103.566,260,0,15,15.78304946668435,9.24
2022-03-20,1011010801,食用菌,43.0,43.0,452.8326,4.0,39.0,97,0,6,10.530990697674419,9.45
2022-03-21,1011010101,花叶类,192.734,192.734,1272.7012,16.297,176.437,381,0,25,6.603407805576597,12.83
2022-03-21,1011010201,花菜类,13.613,13.613,163.356,0.0,13.613,23,0,1,12.0,15.51
2022-03-21,1011010402,水生根茎类,25.391,25.391,182.8152,0.0,25.391,35,0,1,7.200000000000001,13.65
2022-03-21,1011010501,茄类,25.338,25.338,331.7456,0.0,25.338,59,0,3,13.09280921935433,6.68
2022-03-21,1011010504,辣椒类,72.925,72.925,1034.2772,3.0,69.925,153,0,14,14.182752142612273,9.24
2022-03-21,1011010801,食用菌,28.074,28.074,291.5528,0.0,28.074,65,0,8,10.385153522832512,9.45
2022-03-22,1011010101,花叶类,133.244,133.244,935.4998,5.556,127.688,268,0,23,7.020952538200595,12.83
2022-03-22,1011010201,花菜类,16.239,16.239,194.868,0.0,16.239,28,0,1,12.0,15.51
2022-03-22,1011010402,水生根茎类,27.306,27.306,196.60320000000002,0.0,27.306,38,0,1,7.2,13.65
2022-03-22,1011010501,茄类,21.947,21.947,287.2934,0.0,21.947,56,0,3,13.09032669613159,6.68
2022-03-22,1011010504,辣椒类,87.671,87.671,1196.7796,7.264,80.407,173,0,12,13.65080357244699,9.24
2022-03-22,1011010801,食用菌,31.656,31.656,317.51890000000003,0.909,30.747,71,0,9,10.030291256002023,9.45
2022-03-23,1011010101,花叶类,90.18299999999999,89.497,586.1336,2.566,86.931,175,0,19,6.549198297149625,12.83
2022-03-23,1011010201,花菜类,7.625,7.625,91.5,0.0,7.625,14,0,1,12.0,15.51
2022-03-23,1011010402,水生根茎类,15.254999999999999,15.254999999999999,123.2168,0.395,14.86,30,0,2,8.077141920681745,13.65
2022-03-23,1011010501,茄类,17.569,17.569,228.95520000000002,0.0,17.569,48,0,2,13.031771870908988,6.68
2022-03-23,1011010504,辣椒类,82.278,82.278,1163.4533000000001,9.213000000000001,73.065,167,0,15,14.140515083011255,9.24
2022-03-23,1011010801,食用菌,28.279,28.279,288.8138,1.218,27.061,69,0,7,10.213013189999646,9.45
2022-03-24,1011010101,花叶类,106.202,106.202,700.2048,19.668,86.534,193,0,24,6.59314137210222,12.83
2022-03-24,1011010201,花菜类,7.711,7.711,92.532,0.0,7.711,15,0,1,11.999999999999998,15.51
2022-03-24,1011010402,水生根茎类,16.899,16.899,135.192,0.0,16.899,25,0,1,8.0,13.65
2022-03-24,1011010501,茄类,16.036,16.036,210.768,0.0,16.036,37,0,4,13.143427288600648,6.68
2022-03-24,1011010504,辣椒类,48.68,48.68,716.856,4.0,44.68,108,0,14,14.725883319638456,9.24
2022-03-24,1011010801,食用菌,18.106,18.106,184.5044,0.0,18.106,41,0,6,10.190235281122279,9.45
2022-03-25,1011010101,花叶类,132.493,132.493,764.0994000000001,23.882,108.611,220,0,25,5.76709260111855,12.83
2022-03-25,1011010201,花菜类,14.528,14.528,168.9096,0.0,14.528,25,0,2,11.626486784140969,15.51
2022-03-25,1011010402,水生根茎类,43.221000000000004,43.221000000000004,388.15360000000004,0.238,42.983000000000004,60,0,3,8.980671432868283,13.65
2022-03-25,1011010501,茄类,17.128,17.128,242.96640000000002,0.0,17.128,39,0,3,14.185333956095283,6.68
2022-03-25,1011010504,辣椒类,74.387,74.387,1000.3073,12.389,61.998,139,0,14,13.447340261067122,9.24
2022-03-25,1011010801,食用菌,43.386,43.386,286.6091,4.5280000000000005,38.858,75,0,8,6.606027289909187,9.45
2022-03-26,1011010101,花叶类,152.529,152.529,1328.9338,18.337,134.192,342,0,24,8.712663165693082,12.83
2022-03-26,1011010201,花菜类,16.707,16.707,167.07,0.0,16.707,30,0,1,10.0,15.51
2022-03-26,1011010402,水生根茎类,43.227,43.227,375.49920000000003,0.357,42.87,60,0,3,8.686681934901799,13.65
2022-03-26,1011010501,茄类,23.286,23.286,298.1052,0.0,23.286,60,0,2,12.80190672507086,6.68
2022-03-26,1011010504,辣椒类,94.554,94.554,1343.6686,7.0,87.554,194,0,12,14.210595003913108,9.24
2022-03-26,1011010801,食用菌,43.183,43.183,513.4005000000001,3.154,40.029,101,0,6,11.888949355070284,9.45
2022-03-27,1011010101,花叶类,140.651,140.651,1103.7378,7.947,132.704,291,0,25,7.847351245280873,12.83
2022-03-27,1011010201,花菜类,11.68,11.68,116.80000000000001,0.0,11.68,25,0,1,10.000000000000002,15.51
2022-03-27,1011010402,水生根茎类,41.214,41.214,352.112,0.0,41.214,46,0,2,8.543504634347553,13.65
2022-03-27,1011010501,茄类,26.977,26.977,353.91020000000003,0.0,26.977,58,0,3,13.118960596063314,6.68
2022-03-27,1011010504,辣椒类,89.283,89.283,1266.2438,4.0,85.283,190,0,16,14.182361703795795,9.24
2022-03-27,1011010801,食用菌,24.078,24.078,249.3194,1.5010000000000001,22.576999999999998,54,0,8,10.354655702300857,9.45
2022-03-28,1011010101,花叶类,85.85,85.85,492.4398,20.0,65.85,138,0,21,5.736048922539313,12.83
2022-03-28,1011010201,花菜类,2.089,2.089,20.89,0.0,2.089,3,0,1,10.0,15.51
2022-03-28,1011010402,水生根茎类,19.777,19.777,193.808,0.0,19.777,34,0,3,9.799666279010971,13.65
2022-03-28,1011010501,茄类,15.998000000000001,15.998000000000001,211.4956,0.0,15.998000000000001,37,0,3,13.220127515939492,6.68
2022-03-28,1011010504,辣椒类,64.16,64.16,769.4396,7.0,57.16,123,0,15,11.99251246882793,9.24
2022-03-28,1011010801,食用菌,21.238,21.238,194.604,0.33,20.908,44,0,6,9.163009699595067,9.45
2022-03-29,1011010101,花叶类,75.286,75.286,539.3804,8.0,67.286,163,0,23,7.164418351353505,12.83
2022-03-29,1011010402,水生根茎类,18.541,18.541,158.6928,0.288,18.253,29,0,3,8.55902054905345,13.65
2022-03-29,1011010501,茄类,13.184,13.184,176.71460000000002,0.0,13.184,32,0,3,13.403716626213594,6.68
2022-03-29,1011010504,辣椒类,65.004,65.004,719.7746,8.0,57.004,126,0,14,11.072773983139498,9.24
2022-03-29,1011010801,食用菌,26.983,26.983,249.10780000000003,4.375,22.608,56,0,8,9.232027572916282,9.45
2022-03-30,1011010101,花叶类,86.195,86.195,577.1882,5.0,81.195,180,0,23,6.696307210395036,12.83
2022-03-30,1011010201,花菜类,30.3,30.3,248.604,27.198,3.1020000000000003,54,0,1,8.204752475247526,15.51
2022-03-30,1011010402,水生根茎类,27.389,27.389,232.472,0.0,27.389,39,0,3,8.487787067800943,13.65
2022-03-30,1011010501,茄类,17.223,17.223,243.9284,0.0,17.223,40,0,3,14.162944899262616,6.68
2022-03-30,1011010504,辣椒类,69.721,69.721,974.4092,5.0,64.721,137,0,15,13.975835114241047,9.24
2022-03-30,1011010801,食用菌,22.45,22.45,256.045,0.606,21.844,59,0,7,11.405122494432073,9.45
2022-03-31,1011010101,花叶类,92.587,92.587,576.8436,9.0,83.587,166,0,27,6.230287189346237,12.83
2022-03-31,1011010201,花菜类,25.097,25.097,204.35,23.31,1.787,49,0,1,8.142407459058852,15.51
2022-03-31,1011010402,水生根茎类,30.993,30.993,287.216,0.0,30.993,43,0,3,9.26712483464008,13.65
2022-03-31,1011010501,茄类,10.145,10.145,160.5566,0.0,10.145,23,0,3,15.826180384425827,6.68
2022-03-31,1011010504,辣椒类,54.92,54.92,742.2912,8.0,46.92,108,0,13,13.515863073561544,9.24
2022-03-31,1011010801,食用菌,26.203,26.203,235.81760000000003,0.0,26.203,57,0,6,8.999641262450865,9.45
2022-04-01,1011010101,花叶类,130.262,130.262,791.3334,8.0,122.262,231,0,23,6.0749366661036985,12.83
2022-04-01,1011010201,花菜类,26.905,26.303,220.946,21.042,5.261,49,0,1,8.400030414781584,15.51
2022-04-01,1011010402,水生根茎类,25.437,25.437,220.296,0.0,25.437,33,0,2,8.660455242363486,13.65
2022-04-01,1011010501,茄类,16.697,16.697,250.1894,0.0,16.697,39,0,2,14.984092950829492,6.68
2022-04-01,1011010504,辣椒类,80.48,80.48,1010.1254,15.0,65.48,138,0,14,12.551259940357852,9.24
2022-04-01,1011010801,食用菌,19.915,19.915,265.5426,1.065,18.85,56,0,7,13.333798644238012,9.45
2022-04-02,1011010101,花叶类,133.168,133.168,845.5812,6.0,127.168,236,0,27,6.349732668508951,12.83
2022-04-02,1011010201,花菜类,26.163,26.163,217.398,22.116,4.047,49,0,1,8.309368191721132,15.51
2022-04-02,1011010402,水生根茎类,34.452,34.452,305.248,0.0,34.452,51,0,3,8.860095204922791,13.65
2022-04-02,1011010501,茄类,18.016000000000002,18.016000000000002,270.2158,0.0,18.016000000000002,41,0,3,14.998656749555948,6.68
2022-04-02,1011010504,辣椒类,71.349,71.349,942.9616,7.0,64.349,132,0,15,13.216185230346605,9.24
2022-04-02,1011010801,食用菌,30.03,30.03,268.5094,2.067,27.963,62,0,6,8.941371961371962,9.45
2022-04-03,1011010101,花叶类,111.538,111.538,734.3956000000001,7.593,103.94500000000001,208,0,26,6.584263659022038,12.83
2022-04-03,1011010201,花菜类,16.438,16.438,135.742,14.318999999999999,2.1189999999999998,28,0,1,8.257817252707142,15.51
2022-04-03,1011010402,水生根茎类,42.998,42.998,374.8128,0.689,42.309,67,0,2,8.716982185217917,13.65
2022-04-03,1011010501,茄类,23.887,23.887,362.5468,0.0,23.887,54,0,3,15.177577761962574,6.68
2022-04-03,1011010504,辣椒类,96.131,96.131,1107.3378,21.0,75.131,178,0,15,11.519050046291,9.24
2022-04-03,1011010801,食用菌,46.766,46.766,318.3404,0.0,46.766,77,0,5,6.807090621391609,9.45
2022-04-04,1011010101,花叶类,148.726,148.726,967.8308000000001,6.0,142.726,289,0,23,6.507475491844063,12.83
2022-04-04,1011010201,花菜类,22.224,22.224,266.688,0.0,22.224,46,0,1,12.0,15.51
2022-04-04,1011010402,水生根茎类,31.759,31.759,254.072,0.0,31.759,44,0,1,8.0,13.65
2022-04-04,1011010501,茄类,23.387,23.387,365.1374,0.0,23.387,58,0,3,15.612836191046307,6.68
2022-04-04,1011010504,辣椒类,107.732,107.732,1424.683,11.0,96.732,217,0,14,13.224325177291798,9.24
2022-04-04,1011010801,食用菌,40.745,40.745,415.54060000000004,0.365,40.38,89,0,5,10.198566695300038,9.45
2022-04-05,1011010101,花叶类,146.419,146.419,881.3226,12.0,134.419,269,0,24,6.019181936770501,12.83
2022-04-05,1011010201,花菜类,21.248,21.248,254.976,0.0,21.248,41,0,1,12.0,15.51
2022-04-05,1011010402,水生根茎类,21.71,21.71,173.68,0.0,21.71,38,0,1,8.0,13.65
2022-04-05,1011010501,茄类,15.356,15.356,224.4554,0.0,15.356,35,0,3,14.616788226100548,6.68
2022-04-05,1011010504,辣椒类,38.664,38.664,551.1934,5.0,33.664,80,0,15,14.255984895510034,9.24
2022-04-05,1011010801,食用菌,31.476,31.476,289.0568,0.43,31.046,64,0,6,9.183403227856145,9.45
2022-04-06,1011010101,花叶类,109.94500000000001,109.94500000000001,596.599,24.0,85.94500000000001,185,0,28,5.426340442948747,12.83
2022-04-06,1011010201,花菜类,17.497,17.497,168.786,0.0,17.497,32,0,2,9.646567983082814,15.51
2022-04-06,1011010402,水生根茎类,5.855,5.855,58.272,1.115,4.74,15,0,2,9.952519214346712,13.65
2022-04-06,1011010501,茄类,11.695,11.695,190.8228,0.0,11.695,29,0,3,16.31661393758016,6.68
2022-04-06,1011010504,辣椒类,38.127,38.127,453.805,7.0,31.127,63,0,14,11.902457575996014,9.24
2022-04-06,1011010801,食用菌,20.492,20.492,192.7036,0.671,19.821,43,0,6,9.40384540308413,9.45
2022-04-07,1011010101,花叶类,85.201,85.201,529.0872,18.0,67.201,162,0,24,6.2098707761646,12.83
2022-04-07,1011010201,花菜类,10.494,10.494,125.928,0.0,10.494,21,0,1,12.0,15.51
2022-04-07,1011010402,水生根茎类,6.533,6.533,52.264,0.0,6.533,11,0,1,8.0,13.65
2022-04-07,1011010501,茄类,14.479,14.479,211.828,0.0,14.479,36,0,3,14.630015885074938,6.68
2022-04-07,1011010504,辣椒类,28.799,28.799,384.052,6.0,22.799,55,0,14,13.335601930622593,9.24
2022-04-07,1011010801,食用菌,14.881,14.881,178.2252,0.172,14.709,41,0,7,11.976695114575634,9.45
2022-04-08,1011010101,花叶类,87.65,87.65,480.9732,7.0,80.65,152,0,24,5.4874295493439815,12.83
2022-04-08,1011010201,花菜类,10.629,10.629,127.548,0.0,10.629,22,0,1,12.0,15.51
2022-04-08,1011010402,水生根茎类,6.366,6.366,60.552,0.0,6.366,13,0,2,9.511781338360038,13.65
2022-04-08,1011010501,茄类,12.371,12.371,154.1644,0.0,12.371,32,0,3,12.461757335704469,6.68
2022-04-08,1011010504,辣椒类,36.973,36.973,360.5274,11.653,25.32,55,0,16,9.751099450950694,9.24
2022-04-08,1011010801,食用菌,18.886,18.886,170.1519,3.314,15.572,43,0,7,9.00941967595044,9.45
2022-04-09,1011010101,花叶类,141.102,141.102,813.0178,5.0,136.102,253,0,28,5.761915493756289,12.83
2022-04-09,1011010201,花菜类,15.591,15.591,218.274,0.0,15.591,30,0,1,14.0,15.51
2022-04-09,1011010402,水生根茎类,11.218,11.218,94.152,0.0,11.218,17,0,2,8.392939917988947,13.65
2022-04-09,1011010501,茄类,27.258,27.258,318.8298,0.0,27.258,55,0,3,11.696742240810037,6.68
2022-04-09,1011010504,辣椒类,133.106,133.106,1411.298,13.0,120.106,260,0,15,10.602812795816869,9.24
2022-04-09,1011010801,食用菌,35.619,35.619,262.226,0.0,35.619,67,0,8,7.361969735253656,9.45
2022-04-10,1011010101,花叶类,186.591,185.591,1060.5406,11.0,174.591,300,0,26,5.714396711047411,12.83
2022-04-10,1011010201,花菜类,7.757000000000001,7.757000000000001,108.598,0.0,7.757000000000001,13,0,1,13.999999999999998,15.51
2022-04-10,1011010402,水生根茎类,18.379,18.379,153.048,0.0,18.379,26,0,2,8.327330105011153,13.65
2022-04-10,1011010501,茄类,24.485,24.485,270.04359999999997,0.0,24.485,56,0,3,11.028940167449457,6.68
2022-04-10,1011010504,辣椒类,113.881,113.881,1316.123,10.345,103.536,229,0,14,11.557002485050184,9.24
2022-04-10,1011010801,食用菌,30.946,30.946,253.83530000000002,1.677,29.269,62,0,6,8.202523751050217,9.45
2022-04-11,1011010101,花叶类,93.428,93.428,541.3698,7.0,86.428,169,0,24,5.794513422100442,12.83
2022-04-11,1011010201,花菜类,6.383,6.383,76.596,0.0,6.383,17,0,1,12.0,15.51
2022-04-11,1011010402,水生根茎类,1.03,1.03,8.24,0.0,1.03,2,0,1,8.0,13.65
2022-04-11,1011010501,茄类,10.687,10.687,128.8316,0.0,10.687,24,0,3,12.054982689248622,6.68
2022-04-11,1011010504,辣椒类,69.305,69.305,706.9408,17.0,52.305,139,0,12,10.200429983406679,9.24
2022-04-11,1011010801,食用菌,11.87,11.87,148.4844,0.782,11.088000000000001,35,0,5,12.50921651221567,9.45
2022-04-12,1011010101,花叶类,106.268,106.268,669.4414,0.301,105.967,206,0,26,6.299557721985923,12.83
2022-04-12,1011010201,花菜类,6.375,6.375,89.25,0.0,6.375,16,0,1,14.0,15.51
2022-04-12,1011010402,水生根茎类,7.538,7.538,60.304,0.0,7.538,11,0,1,8.0,13.65
2022-04-12,1011010501,茄类,20.041,20.041,202.224,0.0,20.041,43,0,3,10.090514445386956,6.68
2022-04-12,1011010504,辣椒类,76.22,76.22,915.6602,10.0,66.22,152,0,14,12.013384938336396,9.24
2022-04-12,1011010801,食用菌,16.858999999999998,16.858999999999998,205.7632,0.0,16.858999999999998,43,0,7,12.204946912628271,9.45
2022-04-13,1011010101,花叶类,100.363,100.363,650.2318,3.284,97.07900000000001,203,0,25,6.4787999561591425,12.83
2022-04-13,1011010201,花菜类,9.797,9.797,137.158,0.0,9.797,24,0,1,13.999999999999998,15.51
2022-04-13,1011010402,水生根茎类,4.61,4.61,36.88,0.0,4.61,7,0,1,8.0,13.65
2022-04-13,1011010501,茄类,20.903,20.903,236.36599999999999,0.0,20.903,49,0,3,11.307754867722336,6.68
2022-04-13,1011010504,辣椒类,76.95,76.95,939.6642,17.0,59.95,152,0,15,12.211360623781676,9.24
2022-04-13,1011010801,食用菌,31.963,31.963,227.8254,2.235,29.728,53,0,6,7.127785251697275,9.45
2022-04-14,1011010101,花叶类,128.586,128.586,638.2548,23.0,105.586,216,0,24,4.96364145396855,12.83
2022-04-14,1011010201,花菜类,6.047,6.047,84.658,0.0,6.047,14,0,1,14.0,15.51
2022-04-14,1011010402,水生根茎类,6.495,6.495,67.2462,0.0,6.495,11,0,2,10.353533487297922,13.65
2022-04-14,1011010501,茄类,21.356,21.356,225.896,0.0,21.356,47,0,3,10.577636261472184,6.68
2022-04-14,1011010504,辣椒类,59.011,59.011,735.0268,1.0,58.011,136,0,9,12.455759095761806,9.24
2022-04-14,1011010801,食用菌,21.589,21.589,218.6252,0.0,21.589,51,0,5,10.12669414979851,9.45
2022-04-15,1011010101,花叶类,131.828,131.828,698.7378,13.0,118.828,236,0,23,5.300374730709713,12.83
2022-04-15,1011010201,花菜类,10.73,10.73,150.22,0.0,10.73,22,0,1,14.0,15.51
2022-04-15,1011010402,水生根茎类,14.18,14.18,147.5784,0.0,14.18,21,0,2,10.407503526093087,13.65
2022-04-15,1011010501,茄类,17.358,17.358,185.42839999999998,0.0,17.358,44,0,3,10.682590160156698,6.68
2022-04-15,1011010504,辣椒类,69.72,69.72,847.589,0.0,69.72,150,0,12,12.157042455536432,9.24
2022-04-15,1011010801,食用菌,39.136,39.136,388.117,0.0,39.136,85,0,7,9.917135118560916,9.45
2022-04-16,1011010101,花叶类,124.808,124.808,651.143,8.0,116.808,225,0,25,5.217157554002949,12.83
2022-04-16,1011010201,花菜类,12.666,12.666,177.32399999999998,0.0,12.666,29,0,1,13.999999999999998,15.51
2022-04-16,1011010402,水生根茎类,15.042,15.042,140.4,0.0,15.042,21,0,2,9.333865177502991,13.65
2022-04-16,1011010501,茄类,32.118,32.118,336.5016,0.0,32.118,62,0,3,10.477040911638333,6.68
2022-04-16,1011010504,辣椒类,84.376,84.376,1007.7892,7.0,77.376,165,0,15,11.94402673746089,9.24
2022-04-16,1011010801,食用菌,28.104,28.104,351.4758,2.934,25.17,80,0,8,12.506255337318532,9.45
2022-04-17,1011010101,花叶类,107.549,107.549,719.8602,0.36,107.18900000000001,228,0,20,6.693323043449961,12.83
2022-04-17,1011010201,花菜类,20.254,20.254,283.556,0.0,20.254,48,0,1,13.999999999999998,15.51
2022-04-17,1011010402,水生根茎类,9.701,9.701,87.309,0.0,9.701,14,0,1,9.0,13.65
2022-04-17,1011010501,茄类,32.008,32.008,306.704,0.0,32.008,72,0,3,9.582104473881529,6.68
2022-04-17,1011010504,辣椒类,85.746,85.746,900.8538,12.0,73.746,165,0,15,10.506073752711497,9.24
2022-04-17,1011010801,食用菌,40.244,40.244,378.0066,1.5230000000000001,38.721,107,0,11,9.392868502136965,9.45
2022-04-18,1011010101,花叶类,112.679,112.679,549.3274,15.36,97.319,178,0,24,4.875153311619734,12.83
2022-04-18,1011010201,花菜类,12.087,12.087,169.218,0.0,12.087,29,0,1,14.0,15.51
2022-04-18,1011010402,水生根茎类,3.024,3.024,27.216,0.0,3.024,4,0,1,9.0,13.65
2022-04-18,1011010501,茄类,23.28,23.28,202.362,0.0,23.28,45,0,2,8.692525773195875,6.68
2022-04-18,1011010504,辣椒类,62.95,62.95,670.8258000000001,9.370000000000001,53.58,122,0,13,10.656486100079428,9.24
2022-04-18,1011010801,食用菌,28.667,28.667,255.24,6.966,21.701,68,0,10,8.903617399797676,9.45
2022-04-19,1011010101,花叶类,101.391,101.391,579.0434,6.0,95.391,163,0,29,5.71099407245219,12.83
2022-04-19,1011010201,花菜类,7.869,7.869,110.166,0.0,7.869,20,0,1,14.0,15.51
2022-04-19,1011010402,水生根茎类,5.106,5.106,60.2574,0.276,4.83,9,0,3,11.801292596944771,13.65
2022-04-19,1011010501,茄类,16.985,16.985,173.3884,0.0,16.985,34,0,4,10.208324992640565,6.68
2022-04-19,1011010504,辣椒类,53.306,53.306,630.2574000000001,8.0,45.306,80,0,15,11.823385735189287,9.24
2022-04-19,1011010801,食用菌,23.736,23.736,253.1907,5.935,17.801,75,0,10,10.666948938321536,9.45
2022-04-20,1011010101,花叶类,105.275,105.275,517.1444,19.0,86.275,170,0,24,4.912319164094039,12.83
2022-04-20,1011010201,花菜类,11.413,11.413,159.782,0.0,11.413,24,0,1,14.0,15.51
2022-04-20,1011010402,水生根茎类,2.772,2.772,29.512,0.0,2.772,7,0,2,10.646464646464647,13.65
2022-04-20,1011010501,茄类,18.031,18.031,178.85,0.0,18.031,45,0,3,9.919028340080972,6.68
2022-04-20,1011010504,辣椒类,51.324,51.324,588.1108,2.0,49.324,111,0,14,11.458787311978803,9.24
2022-04-20,1011010801,食用菌,33.394,33.394,307.6002,6.081,27.313,89,0,9,9.211241540396479,9.45
2022-04-21,1011010101,花叶类,112.794,112.794,519.4466,26.953,85.841,175,0,29,4.605268010709789,12.83
2022-04-21,1011010201,花菜类,8.548,8.548,120.086,0.0,8.548,17,0,2,14.048432381843705,15.51
2022-04-21,1011010402,水生根茎类,3.552,3.552,39.1068,0.0,3.552,8,0,2,11.009797297297297,13.65
2022-04-21,1011010501,茄类,11.668,11.668,124.46719999999999,0.0,11.668,28,0,3,10.667398011655811,6.68
2022-04-21,1011010504,辣椒类,59.831,59.831,579.5748,9.0,50.831,117,0,14,9.686864668817167,9.24
2022-04-21,1011010801,食用菌,27.479,27.479,227.9597,2.883,24.596,63,0,9,8.29577859456312,9.45
2022-04-22,1011010101,花叶类,114.043,114.043,620.4648,7.0,107.043,211,0,31,5.440621519953,12.83
2022-04-22,1011010201,花菜类,18.726,18.726,262.164,0.0,18.726,37,0,1,14.0,15.51
2022-04-22,1011010402,水生根茎类,7.417,7.417,70.70100000000001,0.0,7.417,12,0,2,9.532290683564785,13.65
2022-04-22,1011010501,茄类,20.471,20.471,187.156,0.0,20.471,45,0,3,9.142494260172928,6.68
2022-04-22,1011010504,辣椒类,69.833,69.833,690.4784,13.0,56.833,130,0,16,9.887566050434607,9.24
2022-04-22,1011010801,食用菌,26.309,26.309,221.2888,4.326,21.983,54,0,9,8.411144475274622,9.45
2022-04-23,1011010101,花叶类,118.653,118.653,794.7858,0.0,118.653,255,0,24,6.6984045915400365,12.83
2022-04-23,1011010201,花菜类,19.648,19.648,227.016,0.0,19.648,37,0,3,11.55415309446254,15.51
2022-04-23,1011010402,水生根茎类,9.767,9.767,98.4694,0.709,9.058,15,0,3,10.08184703593734,13.65
2022-04-23,1011010501,茄类,25.194,25.194,256.7528,0.0,25.194,55,0,4,10.191029610224657,6.68
2022-04-23,1011010504,辣椒类,86.55,86.55,898.418,10.0,76.55,180,0,13,10.380335066435586,9.24
2022-04-23,1011010801,食用菌,27.473,27.473,278.8754,1.25,26.223,71,0,8,10.150889964692608,9.45
2022-04-24,1011010101,花叶类,99.189,99.189,543.2594,3.0,96.18900000000001,184,0,23,5.477012571958585,12.83
2022-04-24,1011010201,花菜类,15.603,15.603,218.442,0.0,15.603,29,0,1,14.0,15.51
2022-04-24,1011010402,水生根茎类,4.52,4.52,40.68,0.0,4.52,4,0,1,9.0,13.65
2022-04-24,1011010501,茄类,13.679,13.679,117.642,0.0,13.679,26,0,3,8.600190072373712,6.68
2022-04-24,1011010504,辣椒类,63.739,63.739,531.8552,0.0,63.739,149,0,15,8.344266461663974,9.24
2022-04-24,1011010801,食用菌,32.921,32.921,325.0682,1.8079999999999998,31.113,81,0,9,9.874189726922026,9.45
2022-04-25,1011010101,花叶类,116.365,116.365,567.457,10.0,106.365,217,0,27,4.8765264469557,12.83
2022-04-25,1011010201,花菜类,16.833,16.833,201.996,0.0,16.833,41,0,1,12.000000000000002,15.51
2022-04-25,1011010402,水生根茎类,4.202,4.202,46.771,0.0,4.202,10,0,2,11.130652070442647,13.65
2022-04-25,1011010501,茄类,20.592,20.592,189.652,0.0,20.592,44,0,4,9.20998445998446,6.68
2022-04-25,1011010504,辣椒类,96.828,95.828,785.71,10.350999999999999,85.477,196,0,12,8.199169345076596,9.24
2022-04-25,1011010801,食用菌,28.121,28.121,226.2752,1.105,27.016,59,0,8,8.046484833398528,9.45
2022-04-26,1011010101,花叶类,91.764,91.764,487.4498,14.0,77.764,170,0,23,5.311993810208796,12.83
2022-04-26,1011010201,花菜类,9.969,9.969,114.58,0.0,9.969,19,0,2,11.493630253786739,15.51
2022-04-26,1011010402,水生根茎类,4.905,4.905,44.7504,1.009,3.896,10,0,2,9.123425076452598,13.65
2022-04-26,1011010501,茄类,14.113,14.113,139.246,0.0,14.113,33,0,3,9.866506058244173,6.68
2022-04-26,1011010504,辣椒类,61.328,61.328,482.3944,5.0760000000000005,56.252,123,0,11,7.865810070440908,9.24
2022-04-26,1011010801,食用菌,13.139,13.139,167.44910000000002,0.601,12.538,39,0,7,12.7444326052211,9.45
2022-04-27,1011010101,花叶类,88.807,88.807,474.1012,3.0,85.807,183,0,23,5.338556645309492,12.83
2022-04-27,1011010201,花菜类,9.138,9.138,109.656,0.0,9.138,22,0,1,12.0,15.51
2022-04-27,1011010402,水生根茎类,2.398,2.398,22.150199999999998,0.947,1.451,6,0,2,9.23694745621351,13.65
2022-04-27,1011010501,茄类,24.953,24.953,234.596,0.0,24.953,56,0,4,9.401514847914079,6.68
2022-04-27,1011010504,辣椒类,64.366,64.366,509.2136,4.0,60.366,120,0,14,7.911220209427337,9.24
2022-04-27,1011010801,食用菌,27.102,27.102,252.87720000000002,2.559,24.543,64,0,9,9.330573389417756,9.45
2022-04-28,1011010101,花叶类,111.594,111.594,545.7222,5.0,106.594,219,0,24,4.890246787461692,12.83
2022-04-28,1011010201,花菜类,11.202,11.202,134.424,0.0,11.202,23,0,1,12.0,15.51
2022-04-28,1011010402,水生根茎类,2.1390000000000002,2.1390000000000002,26.489,0.0,2.1390000000000002,5,0,2,12.383824216923795,13.65
2022-04-28,1011010501,茄类,21.918,21.918,205.512,0.0,21.918,45,0,2,9.37640295647413,6.68
2022-04-28,1011010504,辣椒类,80.389,80.389,660.0256,9.0,71.389,164,0,14,8.21039694485564,9.24
2022-04-28,1011010801,食用菌,16.357,16.357,185.09720000000002,1.351,15.006,44,0,8,11.316084856636303,9.45
2022-04-29,1011010101,花叶类,106.05199999999999,106.05199999999999,519.2018,8.0,98.05199999999999,197,0,25,4.895728510541999,12.83
2022-04-29,1011010201,花菜类,21.479,21.479,258.478,0.0,21.479,42,0,2,12.033986684668747,15.51
2022-04-29,1011010402,水生根茎类,7.1499999999999995,7.1499999999999995,81.306,0.0,7.1499999999999995,14,0,2,11.371468531468532,13.65
2022-04-29,1011010501,茄类,29.707,29.707,234.4008,0.0,29.707,55,0,3,7.890423132595012,6.68
2022-04-29,1011010504,辣椒类,96.804,96.804,756.4174,6.0,90.804,179,0,15,7.813906450146688,9.24
2022-04-29,1011010801,食用菌,24.064,24.064,338.69800000000004,3.3129999999999997,20.751,74,0,8,14.074883643617023,9.45
2022-04-30,1011010101,花叶类,143.039,142.039,857.508,0.0,142.039,324,0,15,6.03713064721661,12.83
2022-04-30,1011010201,花菜类,28.319,28.319,283.19,0.0,28.319,62,0,1,10.0,15.51
2022-04-30,1011010402,水生根茎类,9.22,9.22,82.98,0.0,9.22,14,0,1,9.0,13.65
2022-04-30,1011010501,茄类,35.229,35.229,318.1612,0.0,35.229,72,0,3,9.031229952595874,6.68
2022-04-30,1011010504,辣椒类,81.21,81.21,638.9932,6.0,75.21,186,0,12,7.868405368796947,9.24
2022-04-30,1011010801,食用菌,34.151,34.151,348.2198,0.387,33.764,79,0,5,10.196474480981523,9.45
2022-05-01,1011010101,花叶类,147.275,147.275,898.6082,9.598,137.677,284,0,19,6.101566457307757,12.83
2022-05-01,1011010201,花菜类,23.295,23.295,232.95,0.0,23.295,49,0,1,9.999999999999998,15.51
2022-05-01,1011010402,水生根茎类,10.863,10.863,150.2738,0.0,10.863,20,0,3,13.833545061216975,13.65
2022-05-01,1011010501,茄类,36.606,36.606,332.5316,0.0,36.606,72,0,4,9.084073649128559,6.68
2022-05-01,1011010504,辣椒类,65.841,65.841,479.338,0.0,65.841,155,0,3,7.280235719384579,9.24
2022-05-01,1011010801,食用菌,33.083,33.083,234.767,3.0,30.083,60,0,4,7.096303237312215,9.45
2022-05-02,1011010101,花叶类,115.468,115.468,755.5264,0.0,115.468,266,0,17,6.543166938026119,12.83
2022-05-02,1011010201,花菜类,13.734,13.734,112.542,12.399000000000001,1.335,31,0,1,8.194408038444736,15.51
2022-05-02,1011010402,水生根茎类,8.503,8.503,84.8214,0.0,8.503,16,0,2,9.975467482065152,13.65
2022-05-02,1011010501,茄类,47.127,47.127,347.6456,31.749,15.378,94,0,3,7.37678188724086,6.68
2022-05-02,1011010504,辣椒类,57.464,57.464,462.408,0.0,57.464,153,0,5,8.04691633022414,9.24
2022-05-02,1011010801,食用菌,42.191,42.191,336.1818,1.0,41.191,73,0,4,7.968092721196464,9.45
2022-05-03,1011010101,花叶类,88.193,88.193,604.928,0.0,88.193,195,0,14,6.859138480378261,12.83
2022-05-03,1011010201,花菜类,27.601,27.601,220.808,0.0,27.601,56,0,1,8.0,15.51
2022-05-03,1011010402,水生根茎类,2.8680000000000003,2.8680000000000003,25.811999999999998,0.0,2.8680000000000003,4,0,1,8.999999999999998,13.65
2022-05-03,1011010501,茄类,42.378,42.378,306.558,32.143,10.235,84,0,4,7.233894945490585,6.68
2022-05-03,1011010504,辣椒类,67.711,67.711,521.5,0.0,67.711,161,0,8,7.701850511733692,9.24
2022-05-03,1011010801,食用菌,18.375,18.375,178.925,0.0,18.375,43,0,3,9.737414965986396,9.45
2022-05-04,1011010101,花叶类,105.769,105.769,716.9224,0.0,105.769,244,0,15,6.778190206960452,12.83
2022-05-04,1011010201,花菜类,26.182,26.182,213.4388,22.863,3.319,55,0,1,8.152119776945993,15.51
2022-05-04,1011010402,水生根茎类,6.398,6.398,65.32560000000001,0.0,6.398,13,0,2,10.210315723663646,13.65
2022-05-04,1011010501,茄类,44.495,44.495,334.2204,34.096000000000004,10.399000000000001,91,0,4,7.511414765704012,6.68
2022-05-04,1011010504,辣椒类,51.194,51.194,494.59180000000003,0.0,51.194,144,0,6,9.661128257217642,9.24
2022-05-04,1011010801,食用菌,27.071,27.071,219.63580000000002,0.0,27.071,54,0,4,8.113324221491633,9.45
2022-05-05,1011010101,花叶类,90.652,90.652,559.9934,0.0,90.652,192,0,15,6.177397078939239,12.83
2022-05-05,1011010201,花菜类,18.79,18.79,151.748,17.6,1.19,42,0,1,8.07599787120809,15.51
2022-05-05,1011010402,水生根茎类,1.193,1.193,13.7306,0.0,1.193,4,0,3,11.509304274937133,13.65
2022-05-05,1011010501,茄类,26.05,26.05,210.75719999999998,19.418,6.632,53,0,4,8.090487523992321,6.68
2022-05-05,1011010504,辣椒类,32.252,32.252,311.6298,0.0,32.252,93,0,6,9.662340319980155,9.24
2022-05-05,1011010801,食用菌,16.992,16.992,136.4112,0.0,16.992,30,0,4,8.027966101694915,9.45
2022-05-06,1011010101,花叶类,95.683,95.683,596.7356,0.0,95.683,201,0,15,6.236589571815264,12.83
2022-05-06,1011010201,花菜类,20.488,20.488,168.0296,17.05,3.438,44,0,1,8.201366653650917,15.51
2022-05-06,1011010402,水生根茎类,3.42,3.42,37.1198,0.0,3.42,6,0,3,10.853742690058478,13.65
2022-05-06,1011010501,茄类,32.15,32.15,237.9684,23.551,8.599,67,0,3,7.401816485225506,6.68
2022-05-06,1011010504,辣椒类,56.612,56.612,430.035,0.0,56.612,153,0,6,7.596181021691514,9.24
2022-05-06,1011010801,食用菌,19.454,19.454,183.5774,0.0,19.454,44,0,4,9.43648606970289,9.45
2022-05-07,1011010101,花叶类,113.896,113.896,720.4954,0.0,113.896,240,0,15,6.325906089766103,12.83
2022-05-07,1011010201,花菜类,23.375,23.375,140.25,0.0,23.375,29,0,1,6.0,15.51
2022-05-07,1011010402,水生根茎类,4.66,4.66,47.6844,0.0,4.66,8,0,3,10.232703862660943,13.65
2022-05-07,1011010501,茄类,34.564,34.564,317.1292,19.903,14.661,71,0,6,9.17513019326467,6.68
2022-05-07,1011010504,辣椒类,86.212,86.212,548.458,0.0,86.212,215,0,5,6.3617361852178345,9.24
2022-05-07,1011010801,食用菌,34.837,34.837,240.7726,1.0,33.837,61,0,5,6.911404541148778,9.45
2022-05-08,1011010101,花叶类,116.519,116.519,746.6144,0.0,116.519,253,0,15,6.407662269672757,12.83
2022-05-08,1011010201,花菜类,42.607,42.607,255.642,0.0,42.607,52,0,1,6.0,15.51
2022-05-08,1011010402,水生根茎类,4.476,4.476,48.5658,0.0,4.476,11,0,3,10.850268096514746,13.65
2022-05-08,1011010501,茄类,33.433,33.433,285.324,21.928,11.505,72,0,5,8.534202733825861,6.68
2022-05-08,1011010504,辣椒类,86.554,86.554,579.6204,0.0,86.554,214,0,5,6.696633315617996,9.24
2022-05-08,1011010801,食用菌,35.067,35.067,331.52660000000003,0.0,35.067,74,0,4,9.454090740582314,9.45
2022-05-09,1011010101,花叶类,91.68,91.68,638.0502,12.499,79.181,206,0,15,6.959535340314136,12.83
2022-05-09,1011010201,花菜类,29.087,29.087,232.696,0.0,29.087,61,0,1,8.0,15.51
2022-05-09,1011010402,水生根茎类,3.5380000000000003,3.5380000000000003,43.7094,0.0,3.5380000000000003,8,0,3,12.354267947993216,13.65
2022-05-09,1011010501,茄类,34.866,34.866,289.986,0.0,34.866,64,0,5,8.317157115814833,6.68
2022-05-09,1011010504,辣椒类,55.773,55.773,399.54040000000003,0.0,55.773,152,0,5,7.1636885231205065,9.24
2022-05-09,1011010801,食用菌,34.581,34.581,275.9038,1.0,33.581,64,0,6,7.978479511870679,9.45
2022-05-10,1011010101,花叶类,95.42,95.42,603.1856,13.495000000000001,81.925,232,0,14,6.321374973800042,12.83
2022-05-10,1011010201,花菜类,22.638,22.638,181.104,0.0,22.638,49,0,1,8.0,15.51
2022-05-10,1011010402,水生根茎类,5.181,5.181,63.3828,0.0,5.181,12,0,4,12.23370005790388,13.65
2022-05-10,1011010501,茄类,13.224,13.224,146.094,0.0,13.224,30,0,4,11.047640653357531,6.68
2022-05-10,1011010504,辣椒类,59.294,59.294,401.5956,0.0,59.294,142,0,5,6.772955105069653,9.24
2022-05-10,1011010801,食用菌,9.417,9.417,138.35660000000001,0.0,9.417,28,0,3,14.692216204736118,9.45
2022-05-11,1011010101,花叶类,86.213,86.213,550.5192,16.609,69.604,188,0,11,6.385570621599991,12.83
2022-05-11,1011010201,花菜类,19.261,19.261,154.088,0.0,19.261,47,0,1,8.0,15.51
2022-05-11,1011010402,水生根茎类,2.043,2.043,67.6206,0.0,2.043,6,0,3,33.09867841409691,13.65
2022-05-11,1011010501,茄类,15.419,15.419,162.63,0.0,15.419,38,0,4,10.547376613269343,6.68
2022-05-11,1011010504,辣椒类,42.635,42.635,294.0408,0.0,42.635,120,0,4,6.896699894452914,9.24
2022-05-11,1011010801,食用菌,20.87,20.87,229.32600000000002,0.0,20.87,47,0,3,10.988308576904648,9.45
2022-05-12,1011010101,花叶类,79.619,79.619,551.176,9.92,69.699,180,0,11,6.922669212122735,12.83
2022-05-12,1011010201,花菜类,24.59,24.59,196.72,0.0,24.59,55,0,1,8.0,15.51
2022-05-12,1011010402,水生根茎类,5.134,5.134,60.387,0.0,5.134,10,0,4,11.762173743669653,13.65
2022-05-12,1011010501,茄类,22.173,22.173,193.796,0.0,22.173,47,0,4,8.740179497587157,6.68
2022-05-12,1011010504,辣椒类,37.193,37.193,280.3704,0.0,37.193,104,0,5,7.538257198935284,9.24
2022-05-12,1011010801,食用菌,21.925,21.925,166.815,1.0,20.925,38,0,4,7.608437856328392,9.45
2022-05-13,1011010101,花叶类,102.98,102.98,705.4628,12.163,90.81700000000001,237,0,13,6.850483589046417,12.83
2022-05-13,1011010201,花菜类,21.993,21.993,175.944,0.0,21.993,48,0,1,8.0,15.51
2022-05-13,1011010402,水生根茎类,2.7920000000000003,2.7920000000000003,65.25,0.0,2.7920000000000003,8,0,3,23.370343839541544,13.65
2022-05-13,1011010501,茄类,45.528,45.528,383.834,0.0,45.528,82,0,5,8.430723950096644,6.68
2022-05-13,1011010504,辣椒类,58.386,58.386,451.2604,0.0,58.386,159,0,5,7.728914465796595,9.24
2022-05-13,1011010801,食用菌,26.1,26.1,206.28,1.0,25.1,52,0,6,7.903448275862068,9.45
2022-05-14,1011010101,花叶类,159.404,159.404,1153.6584,24.847,134.557,353,0,14,7.237324032019272,12.83
2022-05-14,1011010201,花菜类,48.521,48.521,388.168,0.0,48.521,108,0,1,8.0,15.51
2022-05-14,1011010402,水生根茎类,11.341,11.341,126.3278,0.0,11.341,19,0,4,11.139035358434,13.65
2022-05-14,1011010501,茄类,51.014,51.014,498.366,0.0,51.014,98,0,5,9.769200611596816,6.68
2022-05-14,1011010504,辣椒类,79.242,79.242,524.4060000000001,0.0,79.242,228,0,5,6.617778450821534,9.24
2022-05-14,1011010801,食用菌,26.77,26.77,298.1148,0.0,26.77,71,0,5,11.136152409413523,9.45
2022-05-15,1011010101,花叶类,157.511,157.108,1009.9604,19.816,137.292,341,0,15,6.428446673625786,12.83
2022-05-15,1011010201,花菜类,43.781,43.781,350.248,0.0,43.781,96,0,1,8.0,15.51
2022-05-15,1011010402,水生根茎类,6.072,6.072,66.1178,0.0,6.072,11,0,3,10.888965744400528,13.65
2022-05-15,1011010501,茄类,43.627,43.627,411.374,0.0,43.627,89,0,4,9.429344213445802,6.68
2022-05-15,1011010504,辣椒类,63.751,63.751,451.3036,0.0,63.751,178,0,5,7.079161111198256,9.24
2022-05-15,1011010801,食用菌,34.51,34.51,266.3264,0.0,34.51,65,0,5,7.717368878585917,9.45
2022-05-16,1011010101,花叶类,82.78,82.78,552.7604,8.236,74.544,190,0,14,6.677463155351534,12.83
2022-05-16,1011010201,花菜类,23.633,23.633,189.064,0.0,23.633,51,0,1,8.0,15.51
2022-05-16,1011010402,水生根茎类,4.6370000000000005,4.6370000000000005,63.253,0.0,4.6370000000000005,12,0,4,13.640931636834159,13.65
2022-05-16,1011010501,茄类,19.412,19.412,167.984,0.0,19.412,41,0,5,8.653616319802184,6.68
2022-05-16,1011010504,辣椒类,41.681,41.681,299.7452,0.0,41.681,122,0,5,7.191410954631608,9.24
2022-05-16,1011010801,食用菌,18.527,18.527,165.0346,0.0,18.527,40,0,3,8.907788632806175,9.45
2022-05-17,1011010101,花叶类,67.12,67.12,440.5438,4.126,62.994,155,0,13,6.563525029797377,12.83
2022-05-17,1011010201,花菜类,15.163,15.163,121.304,0.0,15.163,35,0,1,8.0,15.51
2022-05-17,1011010402,水生根茎类,1.853,1.853,33.738,0.0,1.853,6,0,4,18.207231516459796,13.65
2022-05-17,1011010501,茄类,23.194,23.194,208.354,0.0,23.194,44,0,4,8.98309907734759,6.68
2022-05-17,1011010504,辣椒类,41.52,41.52,291.5116,0.0,41.52,114,0,5,7.020992292870905,9.24
2022-05-17,1011010801,食用菌,12.789,12.789,120.4484,2.0,10.789,30,0,5,9.418124951129878,9.45
2022-05-18,1011010101,花叶类,92.724,92.724,625.0178,7.902,84.822,196,0,15,6.740625943660756,12.83
2022-05-18,1011010201,花菜类,20.24,20.24,161.92,0.0,20.24,44,0,1,8.0,15.51
2022-05-18,1011010402,水生根茎类,0.9259999999999999,0.9259999999999999,8.334,0.0,0.9259999999999999,2,0,1,9.0,13.65
2022-05-18,1011010501,茄类,21.794,21.794,208.002,0.0,21.794,43,0,3,9.544002936588052,6.68
2022-05-18,1011010504,辣椒类,40.714,40.714,282.6976,0.0,40.714,118,0,5,6.943498550867025,9.24
2022-05-18,1011010801,食用菌,20.598,20.598,188.2404,1.0,19.598,45,0,3,9.138770754442179,9.45
2022-05-19,1011010101,花叶类,92.356,92.356,599.575,5.492,86.864,222,0,15,6.491998354194639,12.83
2022-05-19,1011010201,花菜类,17.603,17.603,140.824,0.0,17.603,42,0,1,8.0,15.51
2022-05-19,1011010402,水生根茎类,3.425,3.425,45.153400000000005,0.0,3.425,6,0,2,13.183474452554746,13.65
2022-05-19,1011010501,茄类,21.799,21.799,201.164,0.0,21.799,43,0,4,9.228129730721593,6.68
2022-05-19,1011010504,辣椒类,31.666,31.666,253.30599999999998,0.0,31.666,97,0,5,7.999305248531547,9.24
2022-05-19,1011010801,食用菌,13.195,13.195,195.661,0.0,13.195,41,0,3,14.828419856006063,9.45
2022-05-20,1011010101,花叶类,90.647,90.647,624.334,13.934,76.713,196,0,13,6.88753075115558,12.83
2022-05-20,1011010201,花菜类,13.908,13.908,127.9536,0.0,13.908,28,0,1,9.2,15.51
2022-05-20,1011010402,水生根茎类,3.575,3.575,59.695800000000006,0.0,3.575,9,0,3,16.698125874125875,13.65
2022-05-20,1011010501,茄类,22.675,22.675,215.24,0.0,22.675,40,0,5,9.49239250275634,6.68
2022-05-20,1011010504,辣椒类,37.853,37.853,281.258,0.0,37.853,111,0,5,7.43026972763057,9.24
2022-05-20,1011010801,食用菌,14.719,14.719,158.2362,0.0,14.719,37,0,3,10.750472178816496,9.45
2022-05-21,1011010101,花叶类,154.655,154.655,1073.8874,15.919,138.736,335,0,13,6.943761275096183,12.83
2022-05-21,1011010201,花菜类,26.494,26.494,243.7448,0.0,26.494,52,0,1,9.2,15.51
2022-05-21,1011010402,水生根茎类,4.691,4.691,49.992599999999996,0.0,4.691,7,0,2,10.657130675762097,13.65
2022-05-21,1011010501,茄类,43.426,43.426,357.99,0.0,43.426,80,0,5,8.243678902040251,6.68
2022-05-21,1011010504,辣椒类,45.847,45.847,335.7432,0.0,45.847,143,0,5,7.323122559818526,9.24
2022-05-21,1011010801,食用菌,43.484,43.484,362.58320000000003,0.0,43.484,85,0,5,8.338312942691566,9.45
2022-05-22,1011010101,花叶类,165.103,164.686,1096.6,0.0,164.686,357,0,15,6.658732375551048,12.83
2022-05-22,1011010201,花菜类,23.847,23.847,219.39239999999998,0.0,23.847,55,0,1,9.2,15.51
2022-05-22,1011010402,水生根茎类,4.885,4.885,90.7902,0.0,4.885,12,0,3,18.585506653019447,13.65
2022-05-22,1011010501,茄类,29.841,29.841,269.788,0.0,29.841,57,0,4,9.040849837471935,6.68
2022-05-22,1011010504,辣椒类,41.471000000000004,40.928,290.1184,0.0,40.928,134,0,6,7.088506645817045,9.24
2022-05-22,1011010801,食用菌,23.398,23.398,214.3804,0.0,23.398,50,0,5,9.162338661424053,9.45
2022-05-23,1011010101,花叶类,92.654,92.654,603.2676,0.0,92.654,205,0,14,6.5109720033673675,12.83
2022-05-23,1011010201,花菜类,15.361,15.361,141.32119999999998,0.0,15.361,32,0,1,9.199999999999998,15.51
2022-05-23,1011010402,水生根茎类,4.437,4.437,51.9456,0.0,4.437,7,0,2,11.707369844489518,13.65
2022-05-23,1011010501,茄类,26.0,26.0,221.768,0.0,26.0,50,0,3,8.529538461538461,6.68
2022-05-23,1011010504,辣椒类,35.072,35.072,249.72,0.0,35.072,110,0,6,7.120209854014598,9.24
2022-05-23,1011010801,食用菌,4.6370000000000005,4.6370000000000005,76.91260000000001,0.0,4.6370000000000005,20,0,2,16.58671554884624,9.45
2022-05-24,1011010101,花叶类,122.403,122.403,753.5644,0.0,122.403,271,0,16,6.1564210027532,12.83
2022-05-24,1011010201,花菜类,27.64,27.64,221.12,0.0,27.64,54,0,1,8.0,15.51
2022-05-24,1011010402,水生根茎类,3.3609999999999998,3.3609999999999998,56.927600000000005,0.0,3.3609999999999998,9,0,3,16.937697113954183,13.65
2022-05-24,1011010501,茄类,29.285,29.285,236.528,0.0,29.285,57,0,4,8.076762847874338,6.68
2022-05-24,1011010504,辣椒类,32.072,32.072,214.114,0.0,32.072,89,0,5,6.676041406834622,9.24
2022-05-24,1011010801,食用菌,14.041,14.041,128.9118,0.0,14.041,31,0,3,9.181098212378036,9.45
2022-05-25,1011010101,花叶类,84.787,84.787,512.604,0.0,84.787,180,0,16,6.045785320862868,12.83
2022-05-25,1011010201,花菜类,19.562,19.562,156.496,0.0,19.562,42,0,1,8.0,15.51
2022-05-25,1011010402,水生根茎类,4.619,4.619,72.3124,0.0,4.619,7,0,3,15.6554232517861,13.65
2022-05-25,1011010501,茄类,22.563,22.563,169.7336,0.0,22.563,48,0,5,7.5226521295926965,6.68
2022-05-25,1011010504,辣椒类,31.823,31.823,206.68120000000002,0.0,31.823,96,0,6,6.494711372277913,9.24
2022-05-25,1011010801,食用菌,18.698,18.698,168.5204,0.0,18.698,38,0,3,9.012750026740827,9.45
2022-05-26,1011010101,花叶类,88.361,88.361,548.176,0.0,88.361,205,0,15,6.203822953565488,12.83
2022-05-26,1011010201,花菜类,25.011,25.011,200.088,0.0,25.011,54,0,1,8.0,15.51
2022-05-26,1011010402,水生根茎类,4.438,4.438,86.1748,0.0,4.438,8,0,3,19.41748535376296,13.65
2022-05-26,1011010501,茄类,29.903,29.903,204.544,0.0,29.903,64,0,4,6.840250142126209,6.68
2022-05-26,1011010504,辣椒类,39.188,39.188,215.2036,0.0,39.188,119,0,6,5.49156884760641,9.24
2022-05-26,1011010801,食用菌,21.185,21.185,164.06300000000002,0.0,21.185,37,0,4,7.744300212414445,9.45
2022-05-27,1011010101,花叶类,86.554,86.554,556.384,0.0,86.554,185,0,14,6.4281720082260785,12.83
2022-05-27,1011010201,花菜类,18.568,18.568,148.544,0.0,18.568,37,0,1,8.0,15.51
2022-05-27,1011010402,水生根茎类,8.858,8.858,108.282,0.0,8.858,16,0,4,12.224204109279746,13.65
2022-05-27,1011010501,茄类,27.341,27.341,165.806,0.0,27.341,47,0,4,6.064372188288651,6.68
2022-05-27,1011010504,辣椒类,31.927,31.927,174.82920000000001,0.0,31.927,95,0,6,5.475904406928306,9.24
2022-05-27,1011010801,食用菌,19.308,19.308,201.3984,0.0,19.308,46,0,4,10.430826600372903,9.45
2022-05-28,1011010101,花叶类,188.829,188.829,999.5818,0.0,188.829,417,0,15,5.293582023947593,12.83
2022-05-28,1011010201,花菜类,35.114,35.114,280.912,0.0,35.114,84,0,1,8.0,15.51
2022-05-28,1011010402,水生根茎类,8.906,8.906,138.5706,0.0,8.906,19,0,4,15.559240961149786,13.65
2022-05-28,1011010501,茄类,54.447,54.447,280.6748,0.0,54.447,95,0,3,5.155009458739691,6.68
2022-05-28,1011010504,辣椒类,55.568,55.568,306.2836,0.0,55.568,180,0,6,5.511870141088396,9.24
2022-05-28,1011010801,食用菌,46.827,46.827,425.57460000000003,2.0,44.827,88,0,5,9.088231148696266,9.45
2022-05-29,1011010101,花叶类,178.516,178.516,924.1214,0.0,178.516,388,0,15,5.176686683546573,12.83
2022-05-29,1011010201,花菜类,42.403,42.403,339.224,0.0,42.403,88,0,1,8.0,15.51
2022-05-29,1011010402,水生根茎类,7.4399999999999995,7.4399999999999995,118.6424,0.0,7.4399999999999995,13,0,3,15.946559139784947,13.65
2022-05-29,1011010501,茄类,55.666,55.666,357.4074,0.0,55.666,104,0,3,6.42056910861208,6.68
2022-05-29,1011010504,辣椒类,62.521,62.521,362.09,0.0,62.521,180,0,5,5.791494057996513,9.24
2022-05-29,1011010801,食用菌,33.517,33.517,285.0366,0.0,33.517,62,0,3,8.504239639585881,9.45
2022-05-30,1011010101,花叶类,92.512,92.512,470.0318,0.0,92.512,205,0,14,5.080765738498789,12.83
2022-05-30,1011010201,花菜类,24.336,24.336,194.688,0.0,24.336,54,0,1,8.0,15.51
2022-05-30,1011010402,水生根茎类,6.684,6.684,114.2272,0.0,6.684,19,0,4,17.089646918013166,13.65
2022-05-30,1011010501,茄类,25.618,25.618,135.7424,0.0,25.618,48,0,3,5.298711843235226,6.68
2022-05-30,1011010504,辣椒类,31.081,31.081,161.192,0.0,31.081,93,0,5,5.186190920498054,9.24
2022-05-30,1011010801,食用菌,16.585,16.585,161.68300000000002,2.0,14.585,38,0,5,9.748748869460357,9.45
2022-05-31,1011010101,花叶类,87.827,87.827,432.1968,0.0,87.827,199,0,14,4.921001514340692,12.83
2022-05-31,1011010201,花菜类,15.854,15.854,126.832,0.0,15.854,36,0,1,8.0,15.51
2022-05-31,1011010402,水生根茎类,6.611,6.611,138.6908,0.0,6.611,16,0,3,20.978792920889425,13.65
2022-05-31,1011010501,茄类,18.11,18.11,95.4294,0.0,18.11,34,0,4,5.269431253451132,6.68
2022-05-31,1011010504,辣椒类,38.356,38.356,194.492,0.0,38.356,110,0,5,5.070706017311502,9.24
2022-05-31,1011010801,食用菌,39.474,39.474,266.1852,4.0,35.474,61,0,5,6.743304453564372,9.45
2022-06-01,1011010101,花叶类,90.488,90.488,412.1648,0.0,90.488,208,0,16,4.554911148439572,12.83
2022-06-01,1011010201,花菜类,22.234,22.234,177.872,0.0,22.234,54,0,1,8.0,15.51
2022-06-01,1011010402,水生根茎类,5.084,5.084,117.6572,0.0,5.084,15,0,3,23.1426435877262,13.65
2022-06-01,1011010501,茄类,21.105,21.105,133.187,0.0,21.105,40,0,3,6.310684671878702,6.68
2022-06-01,1011010504,辣椒类,43.718,43.718,259.9596,0.0,43.718,109,0,5,5.946282995562469,9.24
2022-06-01,1011010801,食用菌,35.603,35.603,291.5394,0.0,35.603,67,0,5,8.188618936606465,9.45
2022-06-02,1011010101,花叶类,112.624,112.624,503.80740000000003,0.0,112.624,245,0,12,4.47335736610314,12.83
2022-06-02,1011010201,花菜类,20.605,20.605,164.84,0.0,20.605,47,0,1,8.0,15.51
2022-06-02,1011010402,水生根茎类,11.33,11.33,227.32920000000001,0.0,11.33,27,0,5,20.064360105913504,13.65
2022-06-02,1011010501,茄类,34.716,34.716,198.594,0.0,34.716,58,0,4,5.720532319391634,6.68
2022-06-02,1011010504,辣椒类,47.188,47.188,257.5942,0.0,47.188,137,0,5,5.45889209120963,9.24
2022-06-02,1011010801,食用菌,36.405,36.405,319.619,1.0,35.405,65,0,5,8.779535778052466,9.45
2022-06-03,1011010101,花叶类,185.595,185.595,854.6286,0.0,185.595,382,0,13,4.604804008728683,12.83
2022-06-03,1011010201,花菜类,29.489,29.489,271.29879999999997,0.0,29.489,65,0,1,9.2,15.51
2022-06-03,1011010402,水生根茎类,14.235,14.235,271.144,0.0,14.235,31,0,5,19.04769933263084,13.65
2022-06-03,1011010501,茄类,59.95,59.95,343.148,0.0,59.95,123,0,4,5.723903252710592,6.68
2022-06-03,1011010504,辣椒类,69.903,69.903,377.3274,0.0,69.903,205,0,5,5.3978713359941635,9.24
2022-06-03,1011010801,食用菌,61.149,61.149,468.5502,0.0,61.149,102,0,4,7.662434381592504,9.45
2022-06-04,1011010101,花叶类,113.331,113.331,509.4,0.0,113.331,235,0,13,4.494798422320459,12.83
2022-06-04,1011010201,花菜类,13.898,13.898,127.8616,0.0,13.898,36,0,1,9.2,15.51
2022-06-04,1011010402,水生根茎类,5.135,5.135,109.0052,0.0,5.135,14,0,3,21.227887049659202,13.65
2022-06-04,1011010501,茄类,39.752,39.752,227.114,0.0,39.752,76,0,3,5.713272288186758,6.68
2022-06-04,1011010504,辣椒类,38.876,38.876,216.9024,0.0,38.876,124,0,5,5.579339438213808,9.24
2022-06-04,1011010801,食用菌,27.698,27.698,172.9204,1.0,26.698,43,0,4,6.243064481189977,9.45
2022-06-05,1011010101,花叶类,102.505,102.505,487.998,0.0,102.505,234,0,13,4.760723867128433,12.83
2022-06-05,1011010201,花菜类,21.97,21.97,219.7,0.0,21.97,54,0,1,10.0,15.51
2022-06-05,1011010402,水生根茎类,10.109,10.109,203.8012,0.0,10.109,25,0,4,20.160371945790878,13.65
2022-06-05,1011010501,茄类,42.328,42.328,218.9058,0.0,42.328,73,0,3,5.171654696654696,6.68
2022-06-05,1011010504,辣椒类,41.001,41.001,237.3812,0.0,41.001,120,0,5,5.78964415502061,9.24
2022-06-05,1011010801,食用菌,41.369,41.369,296.50620000000004,1.0,40.369,69,0,4,7.167352365297687,9.45
2022-06-06,1011010101,花叶类,104.547,104.547,505.5236,0.0,104.547,241,0,12,4.835371651027767,12.83
2022-06-06,1011010201,花菜类,23.309,23.309,214.44279999999998,0.0,23.309,57,0,1,9.2,15.51
2022-06-06,1011010402,水生根茎类,5.253,5.253,92.5164,0.0,5.253,14,0,3,17.612107367218734,13.65
2022-06-06,1011010501,茄类,37.312,37.312,194.708,0.0,37.312,75,0,4,5.218374785591767,6.68
2022-06-06,1011010504,辣椒类,40.803,40.803,217.153,0.0,40.803,116,0,6,5.321986128470946,9.24
2022-06-06,1011010801,食用菌,26.543,26.543,209.1514,1.0,25.543,55,0,5,7.8797197001092565,9.45
2022-06-07,1011010101,花叶类,105.767,105.767,482.7654,0.0,105.767,239,0,13,4.564423686026832,12.83
2022-06-07,1011010201,花菜类,20.909,20.909,192.3628,0.0,20.909,50,0,1,9.2,15.51
2022-06-07,1011010402,水生根茎类,6.311999999999999,6.311999999999999,100.7976,0.0,6.311999999999999,13,0,4,15.969201520912549,13.65
2022-06-07,1011010501,茄类,23.212,23.212,141.244,0.0,23.212,48,0,5,6.084956057211787,6.68
2022-06-07,1011010504,辣椒类,38.975,38.975,201.5864,0.0,38.975,117,0,5,5.17219756254009,9.24
2022-06-07,1011010801,食用菌,28.139,28.139,182.5522,0.0,28.139,47,0,5,6.487515547816198,9.45
2022-06-08,1011010101,花叶类,113.862,113.862,546.4596,0.0,113.862,243,0,13,4.799314960214997,12.83
2022-06-08,1011010201,花菜类,17.046,17.046,156.82319999999999,0.0,17.046,41,0,1,9.2,15.51
2022-06-08,1011010402,水生根茎类,6.7250000000000005,6.7250000000000005,152.65560000000002,0.0,6.7250000000000005,21,0,4,22.69971747211896,13.65
2022-06-08,1011010501,茄类,27.37,27.37,126.99300000000001,0.0,27.37,51,0,3,4.639861161856047,6.68
2022-06-08,1011010504,辣椒类,40.958999999999996,40.958999999999996,221.52,0.0,40.958999999999996,119,0,5,5.408335164432726,9.24
2022-06-08,1011010801,食用菌,28.048,28.048,185.2504,6.0,22.048,53,0,4,6.6047632629777535,9.45
2022-06-09,1011010101,花叶类,281.247,281.247,1425.944,0.0,281.247,276,0,14,5.070077191934491,12.83
2022-06-09,1011010201,花菜类,21.532,21.532,198.09439999999998,0.0,21.532,57,0,1,9.2,15.51
2022-06-09,1011010402,水生根茎类,5.2410000000000005,5.2410000000000005,116.2664,0.0,5.2410000000000005,14,0,4,22.18401068498378,13.65
2022-06-09,1011010501,茄类,35.271,35.271,156.211,0.0,35.271,61,0,4,4.428879249241587,6.68
2022-06-09,1011010504,辣椒类,41.651,41.651,209.09720000000002,0.0,41.651,122,0,5,5.020220402871479,9.24
2022-06-09,1011010801,食用菌,27.768,27.768,229.8064,5.0,22.768,52,0,4,8.275943532123307,9.45
2022-06-10,1011010101,花叶类,115.093,115.093,464.6108,0.0,115.093,253,0,12,4.036829346702232,12.83
2022-06-10,1011010201,花菜类,13.058,13.058,130.57999999999998,0.0,13.058,34,0,1,9.999999999999998,15.51
2022-06-10,1011010402,水生根茎类,9.447000000000001,9.447000000000001,202.3878,0.0,9.447000000000001,22,0,4,21.4234995236583,13.65
2022-06-10,1011010501,茄类,38.776,38.776,192.547,0.0,38.776,73,0,3,4.965623065813905,6.68
2022-06-10,1011010504,辣椒类,37.531,37.531,202.0308,0.0,37.531,110,0,5,5.3830380219018945,9.24
2022-06-10,1011010801,食用菌,27.152,27.152,216.30960000000002,2.0,25.152,54,0,5,7.9666175604007075,9.45
2022-06-11,1011010101,花叶类,195.647,195.647,818.072,0.0,195.647,426,0,13,4.181367462828462,12.83
2022-06-11,1011010201,花菜类,34.691,34.691,346.91,0.0,34.691,97,0,1,10.0,15.51
2022-06-11,1011010402,水生根茎类,9.209,9.209,223.401,0.0,9.209,24,0,4,24.25898577478554,13.65
2022-06-11,1011010501,茄类,48.32,48.32,251.951,0.0,48.32,95,0,3,5.214217715231788,6.68
2022-06-11,1011010504,辣椒类,61.054,61.054,312.1852,0.0,61.054,170,0,5,5.113263668228126,9.24
2022-06-11,1011010801,食用菌,36.533,36.533,313.2534,1.0,35.533,75,0,4,8.574532614348671,9.45
2022-06-12,1011010101,花叶类,166.51500000000001,166.51500000000001,739.6814,0.0,166.51500000000001,383,0,13,4.442130738972465,12.83
2022-06-12,1011010201,花菜类,29.698,29.698,296.98,0.0,29.698,79,0,1,10.0,15.51
2022-06-12,1011010402,水生根茎类,10.588000000000001,10.588000000000001,218.9422,0.0,10.588000000000001,28,0,5,20.678333962976954,13.65
2022-06-12,1011010501,茄类,49.505,49.505,274.6454,0.0,49.505,93,0,3,5.547831532168467,6.68
2022-06-12,1011010504,辣椒类,67.529,67.529,323.3824,0.0,67.529,188,0,5,4.788792963023294,9.24
2022-06-12,1011010801,食用菌,49.293,49.293,358.3014,2.0,47.293,86,0,5,7.268808958675674,9.45
2022-06-13,1011010101,花叶类,116.051,116.051,550.7454,0.0,116.051,251,0,13,4.745718692643751,12.83
2022-06-13,1011010201,花菜类,23.638,23.638,236.38,0.0,23.638,49,0,1,9.999999999999998,15.51
2022-06-13,1011010402,水生根茎类,3.944,3.944,85.9936,0.0,3.944,12,0,4,21.803651115618663,13.65
2022-06-13,1011010501,茄类,33.306,33.306,162.5492,0.0,33.306,61,0,4,4.880477991953403,6.68
2022-06-13,1011010504,辣椒类,29.923,29.923,154.1124,0.0,29.923,90,0,5,5.1502991010259676,9.24
2022-06-13,1011010801,食用菌,35.014,35.014,256.4772,2.0,33.014,62,0,5,7.3249900039983995,9.45
2022-06-14,1011010101,花叶类,110.671,110.671,523.7242,0.0,110.671,247,0,13,4.732262290934391,12.83
2022-06-14,1011010201,花菜类,23.587,23.587,235.87,0.0,23.587,50,0,1,10.0,15.51
2022-06-14,1011010402,水生根茎类,14.604000000000001,14.604000000000001,350.3868,0.0,14.604000000000001,40,0,5,23.992522596548888,13.65
2022-06-14,1011010501,茄类,29.762,29.762,197.5306,0.0,29.762,64,0,3,6.637006921577851,6.68
2022-06-14,1011010504,辣椒类,29.213,29.213,151.4132,0.0,29.213,95,0,5,5.183076027795844,9.24
2022-06-14,1011010801,食用菌,16.266,16.266,163.1668,0.0,16.266,37,0,3,10.031157014631749,9.45
2022-06-15,1011010101,花叶类,107.248,106.544,451.951,0.0,106.544,231,0,13,4.241918831656405,12.83
2022-06-15,1011010201,花菜类,18.931,18.931,189.31,0.0,18.931,39,0,1,10.0,15.51
2022-06-15,1011010402,水生根茎类,5.184,5.184,102.14800000000001,0.0,5.184,16,0,5,19.704475308641978,13.65
2022-06-15,1011010501,茄类,33.776,33.776,226.2886,0.0,33.776,68,0,4,6.699686167693036,6.68
2022-06-15,1011010504,辣椒类,39.656,39.656,193.6048,0.0,39.656,103,0,6,4.882106112568086,9.24
2022-06-15,1011010801,食用菌,26.243,26.243,222.5114,0.0,26.243,47,0,4,8.478885798117593,9.45
2022-06-16,1011010101,花叶类,109.346,109.346,488.562,0.0,109.346,250,0,15,4.468037239588097,12.83
2022-06-16,1011010201,花菜类,18.079,18.079,180.79,0.0,18.079,36,0,1,10.0,15.51
2022-06-16,1011010402,水生根茎类,5.3469999999999995,5.3469999999999995,110.4888,0.0,5.3469999999999995,17,0,4,20.66369927061904,13.65
2022-06-16,1011010501,茄类,35.463,35.463,181.8748,0.0,35.463,61,0,3,5.128579082423935,6.68
2022-06-16,1011010504,辣椒类,50.552,50.132,247.0884,2.0,48.132,127,0,7,4.928756083938403,9.24
2022-06-16,1011010801,食用菌,32.228,32.228,223.8144,1.0,31.228,51,0,5,6.9447188779942906,9.45
2022-06-17,1011010101,花叶类,119.464,119.07300000000001,523.9212,0.0,119.07300000000001,253,0,14,4.3999999999999995,12.83
2022-06-17,1011010201,花菜类,27.301,27.301,273.01,0.0,27.301,63,0,1,10.0,15.51
2022-06-17,1011010402,水生根茎类,6.991,6.77,130.8522,0.0,6.77,20,0,5,19.328242245199412,13.65
2022-06-17,1011010501,茄类,36.326,36.326,242.78400000000002,0.0,36.326,69,0,4,6.683477399108077,6.68
2022-06-17,1011010504,辣椒类,47.1,47.1,236.4708,0.0,47.1,123,0,5,5.020611464968153,9.24
2022-06-17,1011010801,食用菌,36.568,36.568,265.3464,2.0,34.568,60,0,5,7.256245898052943,9.45
2022-06-18,1011010101,花叶类,193.82,192.524,829.6358,0.0,192.524,429,0,14,4.309259105358293,12.83
2022-06-18,1011010201,花菜类,29.834,29.834,298.34,0.0,29.834,65,0,1,10.0,15.51
2022-06-18,1011010402,水生根茎类,18.483999999999998,18.483999999999998,408.96500000000003,0.0,18.483999999999998,46,0,5,22.12535165548583,13.65
2022-06-18,1011010501,茄类,48.562,48.073,332.4468,0.0,48.073,88,0,3,6.915457741351694,6.68
2022-06-18,1011010504,辣椒类,80.51,80.225,475.632,0.0,80.225,218,0,10,5.92872545964475,9.24
2022-06-18,1011010801,食用菌,50.206,50.206,349.1788,4.0,46.206,80,0,5,6.954921722503286,9.45
2022-06-19,1011010101,花叶类,187.623,187.623,829.0606,0.0,187.623,403,0,14,4.418757828198036,12.83
2022-06-19,1011010201,花菜类,31.956,31.956,293.99519999999995,0.0,31.956,70,0,1,9.2,15.51
2022-06-19,1011010402,水生根茎类,15.541,15.541,376.7282,0.0,15.541,47,0,4,24.240924007464127,13.65
2022-06-19,1011010501,茄类,40.858,40.858,256.7484,0.0,40.858,81,0,3,6.2839199177639635,6.68
2022-06-19,1011010504,辣椒类,79.311,79.311,526.102,0.0,79.311,232,0,10,6.63340520230485,9.24
2022-06-19,1011010801,食用菌,49.153,49.153,351.70480000000003,0.0,49.153,76,0,5,7.1553068988668045,9.45
2022-06-20,1011010101,花叶类,123.54,123.54,557.3336,0.0,123.54,267,0,15,4.511361502347418,12.83
2022-06-20,1011010201,花菜类,26.02,26.02,239.384,0.0,26.02,58,0,1,9.2,15.51
2022-06-20,1011010402,水生根茎类,8.896,8.896,214.5098,0.0,8.896,26,0,4,24.113062050359712,13.65
2022-06-20,1011010501,茄类,27.416,27.416,176.7216,0.0,27.416,56,0,3,6.445929384301138,6.68
2022-06-20,1011010504,辣椒类,46.065,46.065,222.8324,0.0,46.065,119,0,8,4.837347226744818,9.24
2022-06-20,1011010801,食用菌,35.656,35.656,269.3696,4.0,31.656,65,0,5,7.554678034552389,9.45
2022-06-21,1011010101,花叶类,110.973,110.973,512.5522,0.0,110.973,226,0,16,4.618710857595992,12.83
2022-06-21,1011010201,花菜类,22.014,22.014,158.5008,0.0,22.014,48,0,1,7.2,15.51
2022-06-21,1011010402,水生根茎类,6.063,6.063,120.025,0.0,6.063,20,0,5,19.79630545934356,13.65
2022-06-21,1011010501,茄类,27.152,27.152,194.3994,0.0,27.152,52,0,3,7.159671479080731,6.68
2022-06-21,1011010504,辣椒类,32.467,32.467,180.1708,0.0,32.467,92,0,10,5.5493516493670505,9.24
2022-06-21,1011010801,食用菌,29.804,29.804,205.709,3.0,26.804,50,0,5,6.902060126157563,9.45
2022-06-22,1011010101,花叶类,108.759,108.759,484.8422,0.0,108.759,239,0,18,4.45795014665453,12.83
2022-06-22,1011010201,花菜类,23.449,23.449,168.8328,0.0,23.449,51,0,1,7.199999999999999,15.51
2022-06-22,1011010402,水生根茎类,13.806000000000001,13.806000000000001,328.4452,0.0,13.806000000000001,37,0,4,23.790033318846877,13.65
2022-06-22,1011010501,茄类,22.451,22.451,163.3068,0.0,22.451,40,0,4,7.273920983475124,6.68
2022-06-22,1011010504,辣椒类,35.161,35.161,188.0808,0.0,35.161,95,0,6,5.349131139614914,9.24
2022-06-22,1011010801,食用菌,28.097,28.097,245.704,0.0,28.097,52,0,5,8.744848204434637,9.45
2022-06-23,1011010101,花叶类,84.617,84.617,382.3718,0.0,84.617,169,0,12,4.518853185530094,12.83
2022-06-23,1011010201,花菜类,14.583,14.583,104.9976,0.0,14.583,29,0,1,7.2,15.51
2022-06-23,1011010402,水生根茎类,5.402,5.402,116.8704,0.0,5.402,18,0,4,21.634653831914108,13.65
2022-06-23,1011010501,茄类,17.152,17.152,100.5972,0.0,17.152,32,0,3,5.86504197761194,6.68
2022-06-23,1011010504,辣椒类,29.211000000000002,29.211000000000002,177.6016,0.0,29.211000000000002,86,0,8,6.079956180890759,9.24
2022-06-23,1011010801,食用菌,30.488,29.488,188.7624,4.0,25.488,49,0,5,6.40132935431362,9.45
2022-06-24,1011010101,花叶类,104.325,104.325,483.137,0.0,104.325,228,0,15,4.631075964533908,12.83
2022-06-24,1011010201,花菜类,17.64,17.64,162.28799999999998,0.0,17.64,34,0,1,9.2,15.51
2022-06-24,1011010402,水生根茎类,25.878,25.878,336.7208,0.0,25.878,45,0,5,13.01185563026509,13.65
2022-06-24,1011010501,茄类,22.836,22.836,176.291,0.0,22.836,45,0,5,7.719872131721843,6.68
2022-06-24,1011010504,辣椒类,33.789,33.789,190.712,0.0,33.789,97,0,7,5.644203734943324,9.24
2022-06-24,1011010801,食用菌,29.265,29.265,217.947,1.0,28.265,54,0,4,7.447360328036904,9.45
2022-06-25,1011010101,花叶类,156.646,156.216,822.1928,0.0,156.216,334,0,17,5.2631791877912635,12.83
2022-06-25,1011010201,花菜类,22.426,22.426,179.408,0.0,22.426,49,0,1,8.0,15.51
2022-06-25,1011010402,水生根茎类,40.332,40.332,459.5476,0.0,40.332,56,0,6,11.394118813845086,13.65
2022-06-25,1011010501,茄类,28.57,28.57,207.693,0.0,28.57,58,0,4,7.269618480924047,6.68
2022-06-25,1011010504,辣椒类,39.414,39.414,216.82,0.0,39.414,110,0,6,5.501090982899477,9.24
2022-06-25,1011010801,食用菌,49.569,48.569,313.9662,4.0,44.569,76,0,4,6.464333216660833,9.45
2022-06-26,1011010101,花叶类,163.919,163.919,777.5194,0.0,163.919,349,0,15,4.743314685911944,12.83
2022-06-26,1011010201,花菜类,36.32,36.32,261.504,0.0,36.32,85,0,1,7.2,15.51
2022-06-26,1011010402,水生根茎类,31.364,31.364,530.6208,0.0,31.364,70,0,5,16.918148195383242,13.65
2022-06-26,1011010501,茄类,33.783,33.783,258.274,0.0,33.783,66,0,3,7.645087766036172,6.68
2022-06-26,1011010504,辣椒类,43.418,43.418,292.4352,0.0,43.418,113,0,10,6.735344787875997,9.24
2022-06-26,1011010801,食用菌,54.309,54.309,366.3182,6.0,48.309,81,0,5,6.745073560551658,9.45
2022-06-27,1011010101,花叶类,105.20700000000001,105.20700000000001,532.3742,0.0,105.20700000000001,235,0,15,5.060254545800184,12.83
2022-06-27,1011010201,花菜类,21.772000000000002,21.772000000000002,156.7584,0.0,21.772000000000002,51,0,1,7.199999999999999,15.51
2022-06-27,1011010402,水生根茎类,12.659,12.659,235.8696,0.0,12.659,36,0,4,18.63256181372936,13.65
2022-06-27,1011010501,茄类,21.427,21.427,166.186,0.0,21.427,45,0,4,7.755915433798479,6.68
2022-06-27,1011010504,辣椒类,28.076999999999998,28.076999999999998,218.1834,0.0,28.076999999999998,83,0,6,7.770894326316915,9.24
2022-06-27,1011010801,食用菌,26.887,26.887,187.8454,9.326,17.561,52,0,4,6.986476735969056,9.45
2022-06-28,1011010101,花叶类,133.899,133.899,619.0856,9.3,124.599,292,0,17,4.6235266880260495,12.83
2022-06-28,1011010201,花菜类,23.307,23.307,186.456,0.0,23.307,53,0,1,8.0,15.51
2022-06-28,1011010402,水生根茎类,19.501,19.501,278.0434,0.0,19.501,34,0,6,14.257904722834727,13.65
2022-06-28,1011010501,茄类,13.137,13.137,98.02,0.0,13.137,29,0,4,7.461368653421633,6.68
2022-06-28,1011010504,辣椒类,28.268,28.268,218.1388,0.0,28.268,81,0,8,7.7168105278052925,9.24
2022-06-28,1011010801,食用菌,39.702,39.702,262.4614,5.884,33.818,61,0,5,6.610785350863937,9.45
2022-06-29,1011010101,花叶类,156.09,156.09,760.677,1.0,155.09,327,0,21,4.873323082836825,12.83
2022-06-29,1011010201,花菜类,40.424,40.424,282.9644,8.604,31.82,74,0,2,6.999910943993667,15.51
2022-06-29,1011010402,水生根茎类,16.118,16.118,341.00600000000003,0.0,16.118,40,0,4,21.156843280804075,13.65
2022-06-29,1011010501,茄类,26.758,26.758,183.3872,0.0,26.758,54,0,5,6.853546602885119,6.68
2022-06-29,1011010504,辣椒类,21.954,21.954,224.38920000000002,1.0,20.954,70,0,9,10.220880021863898,9.24
2022-06-29,1011010801,食用菌,39.934,39.934,300.93260000000004,12.592,27.342,75,0,7,7.535748985826615,9.45
2022-06-30,1011010101,花叶类,127.274,127.274,638.0496,2.0,125.274,270,0,20,5.0131967251756056,12.83
2022-06-30,1011010201,花菜类,47.528,47.528,348.3233,5.475,42.053,83,0,2,7.328801969365427,15.51
2022-06-30,1011010402,水生根茎类,10.625,10.625,194.8452,0.0,10.625,30,0,4,18.338371764705883,13.65
2022-06-30,1011010501,茄类,21.969,21.969,139.9018,0.0,21.969,39,0,4,6.3681460239428285,6.68
2022-06-30,1011010504,辣椒类,29.259,29.259,270.968,0.0,29.259,85,0,7,9.26101370518473,9.24
2022-06-30,1011010801,食用菌,38.627,38.627,250.60240000000002,11.551,27.076,61,0,6,6.487752090506641,9.45
2022-07-01,1011010101,花叶类,149.719,149.719,720.7138,0.0,149.719,290,0,19,4.813776474595743,12.83
2022-07-01,1011010201,花菜类,28.897,28.897,252.2208,0.684,28.213,57,0,2,8.728269370522892,15.51
2022-07-01,1011010402,水生根茎类,15.086,15.086,290.4148,0.0,15.086,41,0,4,19.250616465597243,13.65
2022-07-01,1011010501,茄类,17.165,17.165,127.7002,0.0,17.165,35,0,4,7.439568890183513,6.68
2022-07-01,1011010504,辣椒类,25.326,25.326,251.924,0.0,25.326,88,0,6,9.947247887546395,9.24
2022-07-01,1011010801,食用菌,50.953,50.953,256.8174,28.66,22.293,76,0,4,5.040280258277236,9.45
2022-07-02,1011010101,花叶类,195.295,195.295,1054.8592,3.367,191.928,402,0,22,5.401363066130727,12.83
2022-07-02,1011010201,花菜类,55.851,55.851,476.8816,4.549,51.302,101,0,2,8.538461263003349,15.51
2022-07-02,1011010402,水生根茎类,28.667,28.667,552.19,0.0,28.667,75,0,3,19.26221788118743,13.65
2022-07-02,1011010501,茄类,27.475,27.475,169.2184,0.0,27.475,49,0,3,6.158995450409463,6.68
2022-07-02,1011010504,辣椒类,55.999,55.999,582.9486,0.0,55.999,190,0,11,10.409982321112878,9.24
2022-07-02,1011010801,食用菌,45.704,45.704,393.2678,14.487,31.217,86,0,4,8.604669175564503,9.45
2022-07-03,1011010101,花叶类,189.494,189.083,1030.8402,0.0,189.083,386,0,15,5.451786781466341,12.83
2022-07-03,1011010201,花菜类,48.788,48.366,460.468,0.0,48.366,93,0,2,9.520489600132326,15.51
2022-07-03,1011010402,水生根茎类,63.873000000000005,63.873000000000005,690.4424,0.0,63.873000000000005,92,0,5,10.809612825450502,13.65
2022-07-03,1011010501,茄类,42.368,42.368,315.1256,0.0,42.368,62,0,3,7.437820996978852,6.68
2022-07-03,1011010504,辣椒类,58.67,58.67,617.706,0.0,58.67,163,0,9,10.528481336287712,9.24
2022-07-03,1011010801,食用菌,42.18,42.18,277.5108,9.706,32.474,71,0,5,6.579203413940257,9.45
2022-07-04,1011010101,花叶类,116.605,116.605,681.672,0.0,116.605,268,0,14,5.845992881951889,12.83
2022-07-04,1011010201,花菜类,27.955000000000002,27.955000000000002,279.55,0.0,27.955000000000002,62,0,1,10.0,15.51
2022-07-04,1011010402,水生根茎类,20.219,20.219,288.6132,0.0,20.219,44,0,4,14.274355803946783,13.65
2022-07-04,1011010501,茄类,17.802,17.802,118.5072,0.0,17.802,34,0,3,6.65695989214695,6.68
2022-07-04,1011010504,辣椒类,47.826,47.642,512.2236,0.0,47.642,149,0,12,10.751513370555392,9.24
2022-07-04,1011010801,食用菌,36.688,36.688,294.653,12.077,24.611,75,0,5,8.031318142171827,9.45
2022-07-05,1011010101,花叶类,133.21,133.21,681.1204,0.0,133.21,297,0,14,5.113132647699121,12.83
2022-07-05,1011010201,花菜类,42.64,42.64,387.654,0.0,42.64,75,0,2,9.091322701688554,15.51
2022-07-05,1011010402,水生根茎类,34.508,34.508,488.4832,0.0,34.508,68,0,5,14.155650863567868,13.65
2022-07-05,1011010501,茄类,17.524,17.524,105.9122,0.0,17.524,31,0,3,6.043837023510614,6.68
2022-07-05,1011010504,辣椒类,49.728,49.728,475.6652,0.0,49.728,149,0,13,9.565339446589446,9.24
2022-07-05,1011010801,食用菌,50.367,50.367,270.5498,11.144,39.223,80,0,5,5.371568685845892,9.45
2022-07-06,1011010101,花叶类,164.461,164.461,854.6882,0.0,164.461,327,0,15,5.1969050413167865,12.83
2022-07-06,1011010201,花菜类,31.186,31.186,273.644,1.9849999999999999,29.201,57,0,2,8.774578336433015,15.51
2022-07-06,1011010402,水生根茎类,39.018,39.018,425.6612,0.0,39.018,59,0,4,10.909354656825055,13.65
2022-07-06,1011010501,茄类,9.038,9.038,58.964,0.0,9.038,20,0,3,6.524009736667404,6.68
2022-07-06,1011010504,辣椒类,51.119,51.119,530.9294,0.0,51.119,169,0,14,10.386146051370332,9.24
2022-07-06,1011010801,食用菌,32.226,32.226,223.58020000000002,7.043,25.183,60,0,6,6.93788245516043,9.45
2022-07-07,1011010101,花叶类,134.044,134.044,722.7684,0.0,134.044,286,0,15,5.392023514666826,12.83
2022-07-07,1011010201,花菜类,50.962,50.962,407.696,0.0,50.962,87,0,2,8.0,15.51
2022-07-07,1011010402,水生根茎类,43.066,43.066,456.1384,0.0,43.066,66,0,4,10.59161287326429,13.65
2022-07-07,1011010501,茄类,14.602,14.602,99.92099999999999,0.0,14.602,31,0,3,6.842966716888097,6.68
2022-07-07,1011010504,辣椒类,39.874,39.874,488.0754,0.0,39.874,160,0,11,12.240442393539649,9.24
2022-07-07,1011010801,食用菌,29.189,29.189,166.70340000000002,10.193,18.996,62,0,5,5.711172016855666,9.45
2022-07-08,1011010101,花叶类,129.05,129.05,735.0228,0.0,129.05,271,0,15,5.69564354901201,12.83
2022-07-08,1011010201,花菜类,48.356,48.356,384.13599999999997,0.678,47.678,99,0,2,7.943915956654809,15.51
2022-07-08,1011010402,水生根茎类,32.713,32.713,304.1364,0.0,32.713,48,0,5,9.297111240179744,13.65
2022-07-08,1011010501,茄类,7.971,7.971,55.827999999999996,0.0,7.971,14,0,3,7.003889097980178,6.68
2022-07-08,1011010504,辣椒类,42.7,42.7,431.1114,0.0,42.7,124,0,12,10.096285714285713,9.24
2022-07-08,1011010801,食用菌,49.425,49.425,237.0816,26.697,22.728,69,0,6,4.796795144157815,9.45
2022-07-09,1011010101,花叶类,173.971,173.971,1015.6832,0.0,173.971,391,0,15,5.838232808916429,12.83
2022-07-09,1011010201,花菜类,44.535000000000004,44.535000000000004,356.28000000000003,0.0,44.535000000000004,113,0,1,8.0,15.51
2022-07-09,1011010402,水生根茎类,44.591,44.591,613.4956,0.213,44.378,89,0,6,13.75828306160436,13.65
2022-07-09,1011010501,茄类,26.107,26.107,189.086,0.0,26.107,54,0,3,7.242731834373924,6.68
2022-07-09,1011010504,辣椒类,73.124,73.124,698.3694,1.0,72.124,216,0,12,9.550481374104262,9.24
2022-07-09,1011010801,食用菌,55.629,55.629,358.49960000000004,13.659,41.97,96,0,7,6.4444732064211125,9.45
2022-07-10,1011010101,花叶类,186.916,186.916,1031.0776,0.0,186.916,405,0,15,5.51626185024289,12.83
2022-07-10,1011010201,花菜类,67.457,67.457,537.928,0.54,66.917,141,0,2,7.974383681456336,15.51
2022-07-10,1011010402,水生根茎类,35.703,35.703,381.6576,0.0,35.703,51,0,5,10.689790773884546,13.65
2022-07-10,1011010501,茄类,21.797,21.797,163.073,0.0,21.797,49,0,4,7.481442400330321,6.68
2022-07-10,1011010504,辣椒类,85.669,85.669,880.861,0.0,85.669,234,0,21,10.282144066114931,9.24
2022-07-10,1011010801,食用菌,80.418,80.418,360.2472,28.786,51.632,112,0,7,4.479683652913526,9.45
2022-07-11,1011010101,花叶类,134.274,133.768,702.5188,0.0,133.768,283,0,15,5.251770229053287,12.83
2022-07-11,1011010201,花菜类,24.264,24.264,194.112,0.0,24.264,61,0,2,8.0,15.51
2022-07-11,1011010402,水生根茎类,43.103,43.103,439.01480000000004,27.095,16.008,71,0,4,10.185249286592581,13.65
2022-07-11,1011010501,茄类,30.141,30.141,231.333,0.0,30.141,57,0,3,7.675027371354633,6.68
2022-07-11,1011010504,辣椒类,57.659,57.659,612.3836,4.0,53.659,177,0,19,10.62078079744706,9.24
2022-07-11,1011010801,食用菌,55.108,55.108,290.1384,5.0,50.108,81,0,6,5.264905276910794,9.45
2022-07-12,1011010101,花叶类,129.271,129.271,666.988,0.0,129.271,283,0,15,5.159610430800413,12.83
2022-07-12,1011010201,花菜类,64.579,64.579,489.4984,8.318999999999999,56.26,139,0,2,7.579838647238267,15.51
2022-07-12,1011010402,水生根茎类,29.78,29.78,373.924,23.205,6.575,58,0,3,12.556212222968433,13.65
2022-07-12,1011010501,茄类,19.218,19.218,142.25900000000001,0.0,19.218,40,0,3,7.4023831824331365,6.68
2022-07-12,1011010504,辣椒类,49.014,49.014,566.7348000000001,0.0,49.014,168,0,15,11.562712694332232,9.24
2022-07-12,1011010801,食用菌,27.869,27.869,232.6062,0.0,27.869,67,0,4,8.34641357781047,9.45
2022-07-13,1011010101,花叶类,150.034,150.034,842.4026,0.0,150.034,333,0,15,5.614744657877548,12.83
2022-07-13,1011010201,花菜类,46.435,46.435,364.968,2.035,44.4,96,0,2,7.859760956175299,15.51
2022-07-13,1011010402,水生根茎类,31.995,31.995,450.9908,22.351,9.644,76,0,3,14.09566494764807,13.65
2022-07-13,1011010501,茄类,12.754999999999999,12.754999999999999,82.113,0.0,12.754999999999999,24,0,4,6.437710701685614,6.68
2022-07-13,1011010504,辣椒类,57.841,57.841,478.78340000000003,15.0,42.841,153,0,15,8.277578188482218,9.24
2022-07-13,1011010801,食用菌,63.603,63.603,322.4408,15.908,47.695,96,0,7,5.069584768014088,9.45
2022-07-14,1011010101,花叶类,131.965,131.965,798.3542,0.0,131.965,297,0,15,6.049741977039366,12.83
2022-07-14,1011010201,花菜类,34.033,34.033,340.33,0.0,34.033,83,0,1,10.0,15.51
2022-07-14,1011010402,水生根茎类,12.376,12.376,145.75,5.97,6.406,28,0,3,11.776826115061409,13.65
2022-07-14,1011010501,茄类,14.374,14.374,112.302,0.0,14.374,35,0,3,7.812856546542369,6.68
2022-07-14,1011010504,辣椒类,52.446,52.446,426.181,3.0,49.446,123,0,17,8.126091598977997,9.24
2022-07-14,1011010801,食用菌,44.709,44.709,348.1572,6.503,38.206,84,0,7,7.787183788498959,9.45
2022-07-15,1011010101,花叶类,118.425,118.425,697.7156,0.0,118.425,272,0,13,5.891624234747731,12.83
2022-07-15,1011010201,花菜类,30.18,30.18,301.8,0.0,30.18,65,0,1,10.0,15.51
2022-07-15,1011010402,水生根茎类,43.241,43.241,511.592,31.713,11.528,77,0,5,11.831178742397261,13.65
2022-07-15,1011010501,茄类,11.364,11.364,86.44500000000001,0.0,11.364,21,0,2,7.606916578669483,6.68
2022-07-15,1011010504,辣椒类,60.497,60.497,523.3266,6.444,54.053,140,0,19,8.650455394482371,9.24
2022-07-15,1011010801,食用菌,66.136,66.136,399.67900000000003,22.189,43.947,121,0,10,6.043289585097376,9.45
2022-07-16,1011010101,花叶类,175.925,175.925,1154.7206,0.0,175.925,401,0,14,6.563709535313344,12.83
2022-07-16,1011010201,花菜类,59.714,59.714,597.14,0.0,59.714,141,0,1,10.0,15.51
2022-07-16,1011010402,水生根茎类,107.272,107.272,893.9044,38.432,68.84,120,0,5,8.333063613990603,13.65
2022-07-16,1011010501,茄类,18.431,18.431,151.3218,0.0,18.431,34,0,4,8.21017850360805,6.68
2022-07-16,1011010504,辣椒类,73.235,73.235,819.6466,4.0,69.235,229,0,15,11.192006554243191,9.24
2022-07-16,1011010801,食用菌,89.471,89.471,466.6114,23.49,65.981,144,0,9,5.215225044986644,9.45
2022-07-17,1011010101,花叶类,190.249,190.249,1126.1988000000001,0.0,190.249,395,0,15,5.919604308038414,12.83
2022-07-17,1011010201,花菜类,53.705,53.705,535.818,0.0,53.705,126,0,2,9.977059864072247,15.51
2022-07-17,1011010402,水生根茎类,131.3,131.3,849.4144,0.0,131.3,125,0,4,6.469264280274181,13.65
2022-07-17,1011010501,茄类,21.934,21.934,176.5404,0.0,21.934,46,0,4,8.048709765660618,6.68
2022-07-17,1011010504,辣椒类,63.421,63.421,648.7662,5.0,58.421,200,0,17,10.2295170369436,9.24
2022-07-17,1011010801,食用菌,73.67099999999999,73.67099999999999,568.9946,8.908,64.763,143,0,10,7.723454276445278,9.45
2022-07-18,1011010101,花叶类,132.053,132.053,795.8266,0.0,132.053,300,0,15,6.026569634919313,12.83
2022-07-18,1011010201,花菜类,43.19,43.19,431.9,0.0,43.19,94,0,1,10.0,15.51
2022-07-18,1011010402,水生根茎类,57.442,57.442,538.1616,0.0,57.442,85,0,5,9.368782424010307,13.65
2022-07-18,1011010501,茄类,11.582,11.582,102.2544,0.0,11.582,25,0,3,8.828734242790537,6.68
2022-07-18,1011010504,辣椒类,50.507,50.507,528.6268,3.0,47.507,145,0,14,10.466406636703823,9.24
2022-07-18,1011010801,食用菌,52.193,52.193,304.8524,5.0,47.193,80,0,6,5.840867549288219,9.45
2022-07-19,1011010101,花叶类,135.494,134.777,791.3954,0.0,134.777,286,0,15,5.871887636614557,12.83
2022-07-19,1011010201,花菜类,33.363,33.363,332.274,0.0,33.363,73,0,2,9.959356173006025,15.51
2022-07-19,1011010402,水生根茎类,90.19,90.19,564.6268,0.0,90.19,85,0,6,6.260414680119747,13.65
2022-07-19,1011010501,茄类,20.509,20.509,137.9192,0.0,20.509,45,0,3,6.724813496513725,6.68
2022-07-19,1011010504,辣椒类,49.966,49.966,444.1174,6.0,43.966,139,0,18,8.888392106632509,9.24
2022-07-19,1011010801,食用菌,44.352,44.352,351.2316,6.353,37.999,98,0,8,7.919182900432902,9.45
2022-07-20,1011010101,花叶类,161.371,161.158,1009.3716000000001,0.0,161.158,370,0,16,6.2632422839697695,12.83
2022-07-20,1011010201,花菜类,43.777,43.777,402.74839999999995,0.0,43.777,98,0,1,9.2,15.51
2022-07-20,1011010402,水生根茎类,89.355,89.355,618.3884,0.0,89.355,94,0,5,6.920579710144928,13.65
2022-07-20,1011010501,茄类,17.192,17.192,115.4996,0.0,17.192,33,0,3,6.718217775709633,6.68
2022-07-20,1011010504,辣椒类,88.656,88.656,700.8046,3.0,85.656,192,0,19,7.904762227034832,9.24
2022-07-20,1011010801,食用菌,37.088,37.088,313.3208,4.0,33.088,77,0,6,8.448037100949094,9.45
2022-07-21,1011010101,花叶类,140.656,140.656,803.201,0.0,140.656,299,0,15,5.710392731202366,12.83
2022-07-21,1011010201,花菜类,38.147,38.147,350.95239999999995,0.0,38.147,80,0,1,9.2,15.51
2022-07-21,1011010402,水生根茎类,75.92,75.92,649.4168,0.0,75.92,94,0,6,8.553962065331929,13.65
2022-07-21,1011010501,茄类,18.296,18.296,100.971,0.0,18.296,29,0,3,5.5187472671622215,6.68
2022-07-21,1011010504,辣椒类,130.268,130.268,758.9562,33.781,96.487,202,0,14,5.8261138575858995,9.24
2022-07-21,1011010801,食用菌,43.486,43.486,309.255,10.188,33.298,89,0,8,7.111599135353908,9.45
2022-07-22,1011010101,花叶类,119.449,119.449,745.2212,0.0,119.449,265,0,15,6.238823263484834,12.83
2022-07-22,1011010201,花菜类,33.655,33.655,309.626,0.0,33.655,75,0,1,9.2,15.51
2022-07-22,1011010402,水生根茎类,44.43,44.43,529.7936,0.0,44.43,78,0,6,11.924231375196939,13.65
2022-07-22,1011010501,茄类,16.449,16.449,100.2446,0.0,16.449,32,0,3,6.0942671287008325,6.68
2022-07-22,1011010504,辣椒类,91.719,91.719,573.571,13.465,78.254,160,0,14,6.253567963017478,9.24
2022-07-22,1011010801,食用菌,60.678,60.678,357.2206,13.562000000000001,47.116,103,0,9,5.887151850753156,9.45
2022-07-23,1011010101,花叶类,163.238,163.238,1026.5819999999999,0.0,163.238,361,0,15,6.2888665629326495,12.83
2022-07-23,1011010201,花菜类,45.47,45.47,418.32399999999996,0.0,45.47,106,0,1,9.2,15.51
2022-07-23,1011010402,水生根茎类,67.395,67.395,861.2628,4.0,63.395,113,0,4,12.779327843311819,13.65
2022-07-23,1011010501,茄类,20.601,20.601,141.566,0.0,20.601,42,0,3,6.871802339692248,6.68
2022-07-23,1011010504,辣椒类,128.405,128.405,841.2851,31.571,96.834,226,0,15,6.5518095089755075,9.24
2022-07-23,1011010801,食用菌,101.743,101.743,541.6182,22.459,79.284,165,0,8,5.3233952212928655,9.45
2022-07-24,1011010101,花叶类,187.595,187.595,1095.2766,0.0,187.595,372,0,15,5.8385170180441905,12.83
2022-07-24,1011010201,花菜类,45.96,45.96,422.832,0.0,45.96,112,0,1,9.2,15.51
2022-07-24,1011010402,水生根茎类,112.091,112.091,860.7352,0.0,112.091,128,0,4,7.678896610789448,13.65
2022-07-24,1011010501,茄类,10.549,10.549,63.823,0.0,10.549,18,0,3,6.050146933358612,6.68
2022-07-24,1011010504,辣椒类,55.957,55.957,344.9162,1.105,54.852000000000004,80,0,13,6.163950890862627,9.24
2022-07-24,1011010801,食用菌,67.64,67.64,465.3731,9.649000000000001,57.991,131,0,9,6.880146363098758,9.45
2022-07-25,1011010101,花叶类,128.305,128.305,739.2714,0.0,128.305,272,0,15,5.7618284556330615,12.83
2022-07-25,1011010201,花菜类,79.565,79.565,687.5147999999999,1.4060000000000001,78.159,182,0,2,8.640920002513667,15.51
2022-07-25,1011010402,水生根茎类,90.633,90.633,575.1684,0.0,90.633,85,0,5,6.346125583396777,13.65
2022-07-25,1011010501,茄类,17.972,17.972,121.798,0.0,17.972,35,0,3,6.77709770754507,6.68
2022-07-25,1011010504,辣椒类,66.762,66.762,319.56,6.0,60.762,92,0,11,4.786555226026782,9.24
2022-07-25,1011010801,食用菌,66.315,66.315,360.2695,8.185,58.13,97,0,9,5.432699992460228,9.45
2022-07-26,1011010101,花叶类,161.853,161.702,999.419,3.0,158.702,323,0,16,6.180622379438721,12.83
2022-07-26,1011010201,花菜类,74.472,74.221,650.2772,0.0,74.221,154,0,2,8.761364034437692,15.51
2022-07-26,1011010402,水生根茎类,68.863,68.863,639.4624,0.0,68.863,85,0,4,9.28600845156325,13.65
2022-07-26,1011010501,茄类,18.262,18.262,113.055,0.0,18.262,34,0,3,6.190723907567627,6.68
2022-07-26,1011010504,辣椒类,98.29,98.29,507.24,6.0,92.29,155,0,13,5.16064706480822,9.24
2022-07-26,1011010801,食用菌,59.465,59.465,354.6028,14.053,45.412,98,0,9,5.963218700075674,9.45
2022-07-27,1011010101,花叶类,131.633,131.633,823.4824,0.0,131.633,287,0,15,6.25589631779265,12.83
2022-07-27,1011010201,花菜类,67.503,67.503,645.2292,0.0,67.503,145,0,2,9.558526287720545,15.51
2022-07-27,1011010402,水生根茎类,71.087,71.087,503.014,0.0,71.087,72,0,4,7.076033592640004,13.65
2022-07-27,1011010501,茄类,14.402,14.402,104.6026,0.0,14.402,28,0,3,7.263060686015831,6.68
2022-07-27,1011010504,辣椒类,108.891,108.891,630.673,3.0,105.891,178,0,15,5.791782608296369,9.24
2022-07-27,1011010801,食用菌,58.869,58.869,345.6896,11.404,47.465,104,0,9,5.872184001766634,9.45
2022-07-28,1011010101,花叶类,170.771,170.771,1037.2023,2.513,168.258,365,0,16,6.073644237019166,12.83
2022-07-28,1011010201,花菜类,60.76,60.76,573.9504,0.0,60.76,125,0,2,9.446188281764318,15.51
2022-07-28,1011010402,水生根茎类,70.756,70.756,582.6468,2.0,68.756,76,0,5,8.234592119396234,13.65
2022-07-28,1011010501,茄类,22.580000000000002,22.580000000000002,160.6842,0.0,22.580000000000002,43,0,3,7.116217891939769,6.68
2022-07-28,1011010504,辣椒类,116.81,116.81,689.081,15.406,101.404,186,0,15,5.89916103073367,9.24
2022-07-28,1011010801,食用菌,69.521,69.521,426.32280000000003,14.72,54.801,106,0,11,6.132288085614419,9.45
2022-07-29,1011010101,花叶类,331.236,331.236,1189.484,64.0,267.236,344,0,15,3.5910468668864493,12.83
2022-07-29,1011010201,花菜类,64.225,64.225,585.8761999999999,7.592,56.633,129,0,2,9.122245231607629,15.51
2022-07-29,1011010402,水生根茎类,66.925,66.925,526.4456,4.0,62.925,72,0,5,7.866202465446396,13.65
2022-07-29,1011010501,茄类,15.616,15.616,109.568,0.0,15.616,27,0,3,7.016393442622951,6.68
2022-07-29,1011010504,辣椒类,120.741,120.741,630.89,9.0,111.741,180,0,14,5.225151357036963,9.24
2022-07-29,1011010801,食用菌,52.634,52.634,406.0532,11.907,40.727,95,0,12,7.714655925827412,9.45
2022-07-30,1011010101,花叶类,345.157,344.157,1245.7934,58.814,285.343,396,0,17,3.6198403635550056,12.83
2022-07-30,1011010201,花菜类,61.873,61.873,568.0508,3.956,57.917,135,0,2,9.180915746771612,15.51
2022-07-30,1011010402,水生根茎类,71.293,71.293,683.9091999999999,2.0,69.293,107,0,6,9.592936192894111,13.65
2022-07-30,1011010501,茄类,13.837,13.837,94.672,0.0,13.837,27,0,4,6.841945508419455,6.68
2022-07-30,1011010504,辣椒类,141.664,141.664,740.1163,20.762,120.902,217,0,14,5.224448695504857,9.24
2022-07-30,1011010801,食用菌,86.456,86.456,528.8432,13.0,73.456,127,0,10,6.116905709262515,9.45
2022-07-31,1011010101,花叶类,320.998,320.998,1227.5339999999999,30.07,290.928,385,0,15,3.824117284219839,12.83
2022-07-31,1011010201,花菜类,49.207,49.207,452.8907,0.459,48.748,107,0,2,9.203786046700673,15.51
2022-07-31,1011010402,水生根茎类,131.591,131.591,808.4,0.0,131.591,108,0,5,6.143277275801536,13.65
2022-07-31,1011010501,茄类,19.875,19.875,133.234,0.0,19.875,38,0,3,6.70359748427673,6.68
2022-07-31,1011010504,辣椒类,142.906,142.906,736.4888,10.453,132.453,229,0,12,5.153659048605377,9.24
2022-07-31,1011010801,食用菌,98.219,98.219,558.6268,7.872,90.347,138,0,6,5.687563506042619,9.45
2022-08-01,1011010101,花叶类,304.399,304.399,1130.8186,56.0,248.399,343,0,15,3.7149221909401806,12.83
2022-08-01,1011010201,花菜类,82.282,82.282,693.778,1.646,80.636,169,0,2,8.43171045915267,15.51
2022-08-01,1011010402,水生根茎类,91.813,91.813,580.2783,0.895,90.918,83,0,5,6.320219358914314,13.65
2022-08-01,1011010501,茄类,29.243,29.243,226.3978,0.358,28.885,59,0,3,7.7419485004958455,6.68
2022-08-01,1011010504,辣椒类,154.113,154.113,760.3288,15.451,138.662,262,0,13,4.933579905653644,9.24
2022-08-01,1011010801,食用菌,36.451,36.451,319.6856,3.571,32.88,84,0,8,8.770283394145565,9.45
2022-08-02,1011010101,花叶类,270.798,270.798,1026.8516,54.332,216.466,310,0,16,3.7919467647471548,12.83
2022-08-02,1011010201,花菜类,80.493,80.493,701.439,0.833,79.66,175,0,2,8.714285714285714,15.51
2022-08-02,1011010402,水生根茎类,28.385,28.385,333.8544,0.0,28.385,61,0,4,11.761648758146908,13.65
2022-08-02,1011010501,茄类,14.100999999999999,14.100999999999999,88.79,0.0,14.100999999999999,27,0,2,6.296716544925893,6.68
2022-08-02,1011010504,辣椒类,122.284,122.284,579.9284,9.527000000000001,112.757,181,0,15,4.742471623433973,9.24
2022-08-02,1011010801,食用菌,57.276,57.276,375.4832,10.792,46.484,92,0,9,6.555681262658006,9.45
2022-08-03,1011010101,花叶类,337.105,337.105,1218.1118,71.0,266.105,365,0,18,3.6134492220524757,12.83
2022-08-03,1011010201,花菜类,68.43599999999999,68.43599999999999,528.081,4.398,64.038,165,0,2,7.716421181834123,15.51
2022-08-03,1011010402,水生根茎类,95.589,95.589,421.166,0.0,95.589,78,0,4,4.406009059619831,13.65
2022-08-03,1011010501,茄类,15.584999999999999,15.584999999999999,123.155,0.0,15.584999999999999,33,0,3,7.9021495027269815,6.68
2022-08-03,1011010504,辣椒类,159.987,159.987,732.4436000000001,18.0,141.987,247,0,13,4.578144474238532,9.24
2022-08-03,1011010801,食用菌,76.332,76.332,411.8618,26.514,49.818,117,0,9,5.39566367971493,9.45
2022-08-04,1011010101,花叶类,354.404,354.404,1225.2222,79.0,275.404,375,0,19,3.457134230990621,12.83
2022-08-04,1011010201,花菜类,65.154,65.154,497.003,3.565,61.589,143,0,2,7.628127206311201,15.51
2022-08-04,1011010402,水生根茎类,64.171,64.171,583.3256,0.0,64.171,102,0,5,9.090174689501488,13.65
2022-08-04,1011010501,茄类,17.149,17.149,128.411,0.0,17.149,34,0,4,7.487958481544113,6.68
2022-08-04,1011010504,辣椒类,152.644,152.644,678.4984000000001,18.0,134.644,227,0,13,4.444972616021593,9.24
2022-08-04,1011010801,食用菌,81.526,81.526,477.0955,8.893,72.633,123,0,9,5.8520655987047085,9.45
2022-08-05,1011010101,花叶类,329.423,329.423,1226.9078,65.666,263.757,364,0,19,3.7244145065766507,12.83
2022-08-05,1011010201,花菜类,72.799,72.799,521.8037,8.653,64.146,155,0,2,7.1677316996112586,15.51
2022-08-05,1011010402,水生根茎类,43.931,43.931,474.2976,0.0,43.931,75,0,4,10.796421661241492,13.65
2022-08-05,1011010501,茄类,13.432,13.432,105.374,0.0,13.432,26,0,3,7.844997022036926,6.68
2022-08-05,1011010504,辣椒类,169.692,169.692,666.4422,29.0,140.692,254,0,13,3.9273636942224734,9.24
2022-08-05,1011010801,食用菌,66.543,66.543,404.074,22.689,43.854,110,0,9,6.072374254241618,9.45
2022-08-06,1011010101,花叶类,355.128,355.128,1374.4929,64.142,290.986,383,0,20,3.8704154558356425,12.83
2022-08-06,1011010201,花菜类,96.079,96.079,679.929,11.714,84.365,212,0,2,7.076770157890903,15.51
2022-08-06,1011010402,水生根茎类,106.723,106.723,707.9432,0.925,105.798,128,0,5,6.633464201718468,13.65
2022-08-06,1011010501,茄类,15.462,15.462,130.9382,0.637,14.825000000000001,35,0,5,8.468387013322985,6.68
2022-08-06,1011010504,辣椒类,183.489,183.489,806.2198,31.566,151.923,274,0,14,4.393831782831668,9.24
2022-08-06,1011010801,食用菌,91.924,91.924,631.4444000000001,9.502,82.422,157,0,8,6.86920064401027,9.45
2022-08-07,1011010101,花叶类,322.015,319.042,1290.3654,35.522,283.52,365,0,17,4.044500097165891,12.83
2022-08-07,1011010201,花菜类,86.982,86.982,607.7996,10.424,76.558,178,0,2,6.987648019130395,15.51
2022-08-07,1011010402,水生根茎类,89.746,89.746,629.2316,0.362,89.384,109,0,5,7.01124952644129,13.65
2022-08-07,1011010501,茄类,26.316,26.316,234.197,0.0,26.316,56,0,4,8.899414804681562,6.68
2022-08-07,1011010504,辣椒类,211.184,211.184,889.6802,16.0,195.184,298,0,13,4.212820100007576,9.24
2022-08-07,1011010801,食用菌,105.113,105.113,542.7066,22.95,82.163,152,0,8,5.1630778305252445,9.45
2022-08-08,1011010101,花叶类,302.077,302.077,1067.2838,56.0,246.077,312,0,15,3.533151481244848,12.83
2022-08-08,1011010201,花菜类,76.68900000000001,76.68900000000001,555.4641,5.619,71.07000000000001,166,0,2,7.243073974103195,15.51
2022-08-08,1011010402,水生根茎类,86.531,86.531,525.1404,1.425,85.106,85,0,5,6.06881233315228,13.65
2022-08-08,1011010501,茄类,18.528,18.528,157.298,0.0,18.528,39,0,4,8.48974525043178,6.68
2022-08-08,1011010504,辣椒类,138.495,138.495,517.793,18.0,120.495,200,0,12,3.738712588902126,9.24
2022-08-08,1011010801,食用菌,87.266,87.266,523.5284,25.926,61.34,138,0,9,5.999225356954598,9.45
2022-08-09,1011010101,花叶类,322.432,322.432,1196.0281,53.989,268.443,351,0,16,3.7093963998610557,12.83
2022-08-09,1011010201,花菜类,75.303,75.303,551.0155,3.6310000000000002,71.672,159,0,2,7.317311395296336,15.51
2022-08-09,1011010402,水生根茎类,54.281,54.281,437.0684,1.554,52.727,78,0,5,8.051959249092684,13.65
2022-08-09,1011010501,茄类,17.542,17.542,171.487,0.0,17.542,37,0,5,9.775795234294835,6.68
2022-08-09,1011010504,辣椒类,161.631,161.631,677.8952,41.411,120.22,228,0,13,4.194091479975995,9.24
2022-08-09,1011010801,食用菌,77.1,77.1,450.9094,19.697,57.403,126,0,8,5.8483709468223095,9.45
2022-08-10,1011010101,花叶类,293.822,291.018,1148.952,52.59,238.428,320,0,17,3.9480444508587103,12.83
2022-08-10,1011010201,花菜类,71.454,70.986,522.5265,1.815,69.171,145,0,2,7.360979629786155,15.51
2022-08-10,1011010402,水生根茎类,89.973,89.973,515.5532,0.819,89.154,89,0,5,5.730087915263468,13.65
2022-08-10,1011010501,茄类,17.255,17.255,162.74,0.0,17.255,38,0,3,9.43146913937989,6.68
2022-08-10,1011010504,辣椒类,168.921,168.921,682.4974,26.988,141.933,247,0,13,4.0403348310748814,9.24
2022-08-10,1011010801,食用菌,39.034,39.034,404.9911,3.483,35.551,89,0,5,10.375342009530154,9.45
2022-08-11,1011010101,花叶类,313.919,313.919,1092.9728,53.884,260.035,327,0,17,3.481703241919094,12.83
2022-08-11,1011010201,花菜类,73.029,73.029,536.8167,2.751,70.278,149,0,2,7.350733270344658,15.51
2022-08-11,1011010402,水生根茎类,70.377,70.377,472.3312,0.774,69.603,69,0,5,6.711442658823196,13.65
2022-08-11,1011010501,茄类,13.387,13.387,129.53,0.0,13.387,29,0,4,9.67580488533652,6.68
2022-08-11,1011010504,辣椒类,159.507,159.507,520.0075,7.585,151.922,243,0,11,3.2600920335784638,9.24
2022-08-11,1011010801,食用菌,68.93900000000001,68.93900000000001,334.2685,24.611,44.328,113,0,7,4.84875759729616,9.45
2022-08-12,1011010101,花叶类,326.821,326.821,1263.7244,41.289,285.532,366,0,17,3.8667172550111526,12.83
2022-08-12,1011010201,花菜类,74.91,74.91,559.3908,0.0,74.91,150,0,2,7.467505006007209,15.51
2022-08-12,1011010402,水生根茎类,79.938,79.938,532.4216,2.245,77.693,93,0,5,6.66043183467187,13.65
2022-08-12,1011010501,茄类,15.139,15.139,141.765,0.0,15.139,35,0,3,9.364224849725874,6.68
2022-08-12,1011010504,辣椒类,166.473,166.473,540.5488,13.0,153.473,246,0,13,3.247065890564836,9.24
2022-08-12,1011010801,食用菌,60.39,60.39,371.216,0.0,60.39,92,0,6,6.146977976486173,9.45
2022-08-13,1011010101,花叶类,480.995,479.995,1737.6327999999999,96.691,383.304,510,0,18,3.6201060427712783,12.83
2022-08-13,1011010201,花菜类,102.596,102.596,729.9025,12.077,90.519,212,0,2,7.114336816250146,15.51
2022-08-13,1011010402,水生根茎类,139.761,139.761,795.986,0.0,139.761,127,0,4,5.695337039660563,13.65
2022-08-13,1011010501,茄类,28.498,28.498,252.715,0.0,28.498,58,0,3,8.867815285283177,6.68
2022-08-13,1011010504,辣椒类,223.38400000000001,223.38400000000001,775.3038,21.36,202.024,326,0,13,3.470722164523869,9.24
2022-08-13,1011010801,食用菌,72.19,72.19,550.8167,12.483,59.707,142,0,7,7.630096966338828,9.45
2022-08-14,1011010101,花叶类,394.715,394.715,1512.0801,19.718,374.997,404,0,16,3.8308148917573437,12.83
2022-08-14,1011010201,花菜类,120.907,120.907,899.2903,5.811,115.096,245,0,2,7.437867948092336,15.51
2022-08-14,1011010402,水生根茎类,97.044,97.044,887.806,0.54,96.504,151,0,6,9.148489345039364,13.65
2022-08-14,1011010501,茄类,32.987,32.987,294.671,0.61,32.377,73,0,3,8.932943280686331,6.68
2022-08-14,1011010504,辣椒类,188.234,188.234,701.575,25.925,162.309,279,0,14,3.72714281160683,9.24
2022-08-14,1011010801,食用菌,87.77,87.77,603.4118,28.969,58.801,172,0,7,6.874920815768486,9.45
2022-08-15,1011010101,花叶类,347.367,347.367,1321.187,45.0,302.367,361,0,16,3.803432680709451,12.83
2022-08-15,1011010201,花菜类,85.398,85.398,628.8495,6.849,78.549,183,0,2,7.363749736527788,15.51
2022-08-15,1011010402,水生根茎类,102.925,102.925,654.8948,2.2119999999999997,100.713,99,0,5,6.362835074083071,13.65
2022-08-15,1011010501,茄类,24.222,24.222,223.29,0.0,24.222,57,0,3,9.218479068615308,6.68
2022-08-15,1011010504,辣椒类,120.999,120.999,501.3041,23.324,97.675,183,0,13,4.14304333093662,9.24
2022-08-15,1011010801,食用菌,67.468,67.468,461.7496,22.546,44.922,136,0,7,6.843979367996679,9.45
2022-08-16,1011010101,花叶类,368.861,368.861,1364.4483,47.609,321.252,402,0,17,3.6990852922916764,12.83
2022-08-16,1011010201,花菜类,81.22,81.22,618.6484,0.0,81.22,171,0,2,7.616946564885497,15.51
2022-08-16,1011010402,水生根茎类,69.881,69.881,585.3552,1.287,68.594,98,0,6,8.376457119961076,13.65
2022-08-16,1011010501,茄类,18.14,18.14,169.088,0.0,18.14,43,0,3,9.3212789415656,6.68
2022-08-16,1011010504,辣椒类,183.738,183.738,817.8724,23.555,160.183,243,0,14,4.451296955447431,9.24
2022-08-16,1011010801,食用菌,71.408,71.408,540.2728,0.0,71.408,139,0,9,7.565998207483755,9.45
2022-08-17,1011010101,花叶类,358.863,358.863,1338.1237,70.06700000000001,288.796,382,0,15,3.7287870301479953,12.83
2022-08-17,1011010201,花菜类,87.672,87.672,651.3697000000001,4.796,82.876,179,0,2,7.429620631444476,15.51
2022-08-17,1011010402,水生根茎类,104.095,104.095,648.7412,1.911,102.184,116,0,6,6.232203275853788,13.65
2022-08-17,1011010501,茄类,20.658,20.658,191.0996,0.856,19.802,45,0,3,9.250634136896117,6.68
2022-08-17,1011010504,辣椒类,146.131,146.131,689.5565,29.882,116.249,216,0,15,4.718755773928872,9.24
2022-08-17,1011010801,食用菌,66.376,66.376,507.6647,26.496,39.88,129,0,8,7.648317162829938,9.45
2022-08-18,1011010101,花叶类,424.262,424.262,1854.8192,18.044,406.218,456,0,17,4.371872097901768,12.83
2022-08-18,1011010201,花菜类,121.725,121.725,927.6407,1.175,120.55,252,0,2,7.620790306017663,15.51
2022-08-18,1011010402,水生根茎类,81.503,81.503,623.9322,2.6830000000000003,78.82,109,0,6,7.655328024735286,13.65
2022-08-18,1011010501,茄类,26.979,26.979,246.517,0.0,26.979,61,0,3,9.137366099558916,6.68
2022-08-18,1011010504,辣椒类,223.117,223.117,965.0012,44.141,178.976,303,0,14,4.325090423410139,9.24
2022-08-18,1011010801,食用菌,84.219,84.219,529.5474,26.551,57.668,134,0,8,6.287742670893742,9.45
2022-08-19,1011010101,花叶类,403.426,401.426,1816.6704,0.0,401.426,511,0,16,4.525542441197132,12.83
2022-08-19,1011010201,花菜类,186.155,186.155,1516.4584,0.0,186.155,352,0,2,8.146213639171657,15.51
2022-08-19,1011010402,水生根茎类,144.451,144.451,1110.2574,3.3289999999999997,141.122,161,0,6,7.686048556257831,13.65
2022-08-19,1011010501,茄类,89.616,89.616,855.428,0.0,89.616,191,0,3,9.545482949473309,6.68
2022-08-19,1011010504,辣椒类,334.781,334.781,1613.3063,10.1,324.681,417,0,14,4.818990026315711,9.24
2022-08-19,1011010801,食用菌,91.655,91.655,635.5918,0.0,91.655,151,0,9,6.934611314167258,9.45
2022-08-20,1011010101,花叶类,429.043,429.043,1818.3066,27.0,402.043,449,0,14,4.238052129972986,12.83
2022-08-20,1011010201,花菜类,123.124,123.124,1020.8008,0.0,123.124,221,0,2,8.290835255514766,15.51
2022-08-20,1011010402,水生根茎类,95.698,95.698,766.0682,1.443,94.255,136,0,5,8.005059666868693,13.65
2022-08-20,1011010501,茄类,18.641,18.641,152.442,0.0,18.641,47,0,3,8.177780162008476,6.68
2022-08-20,1011010504,辣椒类,209.291,209.291,971.5183,14.743,194.548,293,0,11,4.641949725501813,9.24
2022-08-20,1011010801,食用菌,70.643,70.643,482.7913,4.625,66.018,118,0,7,6.834241184547655,9.45
2022-08-21,1011010101,花叶类,432.675,432.675,1744.45,80.0,352.675,457,0,15,4.031779048939735,12.83
2022-08-21,1011010201,花菜类,82.198,82.198,684.244,0.0,82.198,152,0,2,8.324338791698096,15.51
2022-08-21,1011010402,水生根茎类,87.971,87.971,682.2852,0.206,87.765,132,0,5,7.75579679667163,13.65
2022-08-21,1011010501,茄类,19.233,19.233,194.573,1.0,18.233,40,0,2,10.116622471793272,6.68
2022-08-21,1011010504,辣椒类,219.055,219.055,969.841,4.566,214.489,289,0,13,4.427385816347493,9.24
2022-08-21,1011010801,食用菌,72.191,72.191,510.83910000000003,14.189,58.002,130,0,9,7.076215871784572,9.45
2022-08-22,1011010101,花叶类,303.2,303.2,1078.5568,78.0,225.2,322,0,15,3.5572453825857524,12.83
2022-08-22,1011010201,花菜类,45.204,45.204,407.6388,0.0,45.204,88,0,2,9.017759490310592,15.51
2022-08-22,1011010402,水生根茎类,66.488,66.488,371.6752,2.3400000000000003,64.148,71,0,5,5.590109493442426,13.65
2022-08-22,1011010501,茄类,14.33,14.33,102.351,0.0,14.33,36,0,3,7.142428471737613,6.68
2022-08-22,1011010504,辣椒类,104.653,104.653,492.7943,10.237,94.416,152,0,12,4.7088406447975695,9.24
2022-08-22,1011010801,食用菌,47.201,47.201,281.9125,16.923000000000002,30.278,80,0,7,5.972595919577976,9.45
2022-08-23,1011010101,花叶类,260.56,259.56,985.436,67.277,192.283,285,0,18,3.796563415010017,12.83
2022-08-23,1011010201,花菜类,43.039,43.039,390.24559999999997,0.0,43.039,88,0,2,9.067255280094797,15.51
2022-08-23,1011010402,水生根茎类,86.205,86.205,503.4854,1.281,84.924,97,0,5,5.840559132300911,13.65
2022-08-23,1011010501,茄类,13.572000000000001,13.572000000000001,124.998,0.0,13.572000000000001,34,0,3,9.20999115826702,6.68
2022-08-23,1011010504,辣椒类,111.097,111.097,511.0152,12.683,98.414,157,0,13,4.5997209645625,9.24
2022-08-23,1011010801,食用菌,48.094,48.094,297.6045,15.419,32.675,85,0,7,6.187975631055848,9.45
2022-08-24,1011010101,花叶类,233.767,233.767,897.6639,68.806,164.961,266,0,16,3.8399940966860164,12.83
2022-08-24,1011010201,花菜类,46.96,46.96,406.6472,3.4480000000000004,43.512,82,0,2,8.659437819420784,15.51
2022-08-24,1011010402,水生根茎类,57.232,57.232,369.3782,2.997,54.235,86,0,4,6.454050181716522,13.65
2022-08-24,1011010501,茄类,14.23,14.23,127.388,0.0,14.23,37,0,3,8.952073085031623,6.68
2022-08-24,1011010504,辣椒类,73.184,73.184,331.9602,20.954,52.23,104,0,13,4.535966878006121,9.24
2022-08-24,1011010801,食用菌,59.056,59.056,370.0086,22.326,36.73,106,0,7,6.265385396911406,9.45
2022-08-25,1011010101,花叶类,243.786,243.786,1143.5782,20.0,223.786,346,0,24,4.690910060462865,12.83
2022-08-25,1011010201,花菜类,63.776,63.776,574.5004,0.0,63.776,134,0,2,9.008097089814349,15.51
2022-08-25,1011010402,水生根茎类,51.219,51.219,399.34720000000004,1.798,49.421,77,0,4,7.79685663523302,13.65
2022-08-25,1011010501,茄类,12.514,12.514,120.976,0.0,12.514,33,0,3,9.667252677001759,6.68
2022-08-25,1011010504,辣椒类,110.13,110.13,558.85,14.242,95.888,161,0,13,5.074457459366204,9.24
2022-08-25,1011010801,食用菌,43.528,42.528,362.6777,0.629,41.899,90,0,8,8.52797451091046,9.45
2022-08-26,1011010101,花叶类,250.941,250.941,1113.9402,52.678,198.263,322,0,18,4.439052207491004,12.83
2022-08-26,1011010201,花菜类,48.086,48.086,426.87399999999997,2.192,45.894,90,0,2,8.877303165162417,15.51
2022-08-26,1011010402,水生根茎类,48.72,48.72,314.4676,1.744,46.976,74,0,3,6.454589490968802,13.65
2022-08-26,1011010501,茄类,11.488,11.488,100.84159999999999,0.0,11.488,30,0,3,8.77799442896936,6.68
2022-08-26,1011010504,辣椒类,129.03,129.03,591.9562,24.492,104.538,191,0,14,4.58774083546462,9.24
2022-08-26,1011010801,食用菌,73.827,73.827,426.7822,25.977,47.85,133,0,9,5.780841697481951,9.45
2022-08-27,1011010101,花叶类,357.705,357.705,1535.8485,36.51,321.195,455,0,18,4.293617645825471,12.83
2022-08-27,1011010201,花菜类,57.998,57.998,565.3100000000001,0.0,57.998,128,0,2,9.747060243456673,15.51
2022-08-27,1011010402,水生根茎类,104.458,104.458,653.9874,1.097,103.361,131,0,4,6.260768921480404,13.65
2022-08-27,1011010501,茄类,19.554,19.554,168.6676,5.425,14.129,53,0,3,8.625733865193823,6.68
2022-08-27,1011010504,辣椒类,154.266,154.266,804.4029,22.561,131.705,218,0,13,5.214388783011163,9.24
2022-08-27,1011010801,食用菌,68.656,68.656,586.775,7.79,60.866,152,0,10,8.546594616639476,9.45
2022-08-28,1011010101,花叶类,252.244,252.244,1390.1163999999999,4.606,247.638,343,0,14,5.510998874106024,12.83
2022-08-28,1011010201,花菜类,88.504,88.504,850.6,0.0,88.504,186,0,2,9.610865045647653,15.51
2022-08-28,1011010402,水生根茎类,102.839,102.839,735.9844,0.529,102.31,134,0,4,7.156666245296046,13.65
2022-08-28,1011010501,茄类,25.88,25.88,218.8246,1.137,24.743,62,0,4,8.455355486862443,6.68
2022-08-28,1011010504,辣椒类,251.609,251.609,1140.4652,45.926,205.683,328,0,12,4.532688417345962,9.24
2022-08-28,1011010801,食用菌,71.953,71.953,503.7946,8.0,63.953,112,0,8,7.0017177880005,9.45
2022-08-29,1011010101,花叶类,297.05,297.05,1270.8444,12.932,284.118,308,0,17,4.27821713516243,12.83
2022-08-29,1011010201,花菜类,45.738,45.738,416.0827,0.331,45.407000000000004,105,0,2,9.097089947089946,15.51
2022-08-29,1011010402,水生根茎类,59.775,59.775,388.78000000000003,1.0,58.775,64,0,3,6.504056879966542,13.65
2022-08-29,1011010501,茄类,13.378,13.378,115.3274,0.474,12.904,36,0,3,8.62067573628345,6.68
2022-08-29,1011010504,辣椒类,116.076,116.076,529.9348,23.656,92.42,157,0,14,4.565412316068783,9.24
2022-08-29,1011010801,食用菌,74.182,74.182,421.5512,17.097,57.085,116,0,7,5.682661562104014,9.45
2022-08-30,1011010101,花叶类,236.727,236.727,982.1636,12.0,224.727,264,0,15,4.148929357445496,12.83
2022-08-30,1011010201,花菜类,66.738,66.738,800.856,0.0,66.738,166,0,2,12.0,15.51
2022-08-30,1011010402,水生根茎类,93.293,93.293,526.4792,0.0,93.293,102,0,4,5.643287277716441,13.65
2022-08-30,1011010501,茄类,7.934,7.934,58.9694,0.419,7.515,25,0,3,7.432493067809427,6.68
2022-08-30,1011010504,辣椒类,114.188,114.188,583.0832,24.384,89.804,174,0,12,5.106343924055067,9.24
2022-08-30,1011010801,食用菌,33.987,33.987,458.5962,3.263,30.724,99,0,7,13.49328272574808,9.45
2022-08-31,1011010101,花叶类,242.409,242.409,975.2332,39.0,203.409,250,0,15,4.023089901777574,12.83
2022-08-31,1011010201,花菜类,35.261,35.261,462.716,0.0,35.261,82,0,2,13.122600039703922,15.51
2022-08-31,1011010402,水生根茎类,28.994,28.994,226.7568,0.0,28.994,43,0,2,7.820818100296613,13.65
2022-08-31,1011010501,茄类,3.3040000000000003,3.3040000000000003,24.323,0.0,3.3040000000000003,10,0,3,7.361682808716706,6.68
2022-08-31,1011010504,辣椒类,61.621,61.621,325.3444,14.565999999999999,47.055,102,0,8,5.279765015173399,9.24
2022-08-31,1011010801,食用菌,30.29,30.29,277.3802,11.386,18.904,72,0,5,9.15748431825685,9.45
2022-09-01,1011010101,花叶类,311.034,311.034,1325.502,40.0,271.034,329,0,16,4.261598410463165,12.83
2022-09-01,1011010201,花菜类,47.503,47.503,608.526,0.0,47.503,103,0,2,12.810264614866428,15.51
2022-09-01,1011010402,水生根茎类,56.77,56.77,574.6737,4.777,51.993,106,0,4,10.122841289413422,13.65
2022-09-01,1011010501,茄类,11.464,11.464,123.0206,1.3259999999999998,10.138,29,0,3,10.731036287508722,6.68
2022-09-01,1011010504,辣椒类,100.922,100.922,581.0047,12.581,88.341,146,0,13,5.756967757277898,9.24
2022-09-01,1011010801,食用菌,58.419,58.419,534.6304,2.144,56.275,123,0,6,9.15165271572605,9.45
2022-09-02,1011010101,花叶类,328.216,328.216,1455.7706,60.499,267.717,357,0,18,4.435404124113389,12.83
2022-09-02,1011010201,花菜类,42.416000000000004,42.416000000000004,547.22,0.0,42.416000000000004,95,0,2,12.90126367408525,15.51
2022-09-02,1011010402,水生根茎类,53.186,53.186,480.4069,4.519,48.667,92,0,3,9.03258188245027,13.65
2022-09-02,1011010501,茄类,4.884,4.884,43.654,0.0,4.884,14,0,2,8.938165438165438,6.68
2022-09-02,1011010504,辣椒类,103.825,103.825,532.366,22.278,81.547,162,0,15,5.127531904647243,9.24
2022-09-02,1011010801,食用菌,61.119,61.119,474.5692,17.773,43.346,121,0,7,7.764675469166708,9.45
2022-09-03,1011010101,花叶类,419.813,419.813,1894.5552,86.098,333.715,454,0,18,4.51285500925412,12.83
2022-09-03,1011010201,花菜类,53.626,53.626,665.5664,3.561,50.065,116,0,2,12.411263193227168,15.51
2022-09-03,1011010402,水生根茎类,88.589,88.589,776.556,2.205,86.384,129,0,3,8.76582871462597,13.65
2022-09-03,1011010501,茄类,15.738,15.738,143.333,0.0,15.738,42,0,2,9.107446943703138,6.68
2022-09-03,1011010504,辣椒类,176.628,176.628,906.7526,21.681,154.947,244,0,14,5.133685485879929,9.24
2022-09-03,1011010801,食用菌,77.887,77.887,685.8074,25.142,52.745,155,0,7,8.805158755633162,9.45
2022-09-04,1011010101,花叶类,491.166,491.166,2251.2349,82.638,408.528,519,0,18,4.5834501981000315,12.83
2022-09-04,1011010201,花菜类,62.544,62.544,784.2152,4.1770000000000005,58.367,137,0,2,12.538616014325914,15.51
2022-09-04,1011010402,水生根茎类,124.55,124.55,982.0662000000001,2.693,121.857,174,0,4,7.884915295062225,13.65
2022-09-04,1011010501,茄类,18.362000000000002,18.362000000000002,171.937,0.0,18.362000000000002,49,0,2,9.363740333297025,6.68
2022-09-04,1011010504,辣椒类,185.402,185.402,987.2132,30.298,155.104,245,0,14,5.324717101217894,9.24
2022-09-04,1011010801,食用菌,87.775,87.775,828.5616,14.821,72.954,181,0,8,9.43960808886357,9.45
2022-09-05,1011010101,花叶类,285.889,285.889,1493.1119,83.433,202.456,326,0,16,5.222697970191228,12.83
2022-09-05,1011010201,花菜类,53.158,53.158,674.4252,2.8160000000000003,50.342,111,0,2,12.687181609541367,15.51
2022-09-05,1011010402,水生根茎类,60.192,60.192,459.9286,0.993,59.199,80,0,4,7.641025385433281,13.65
2022-09-05,1011010501,茄类,10.812,10.812,109.3418,0.883,9.929,25,0,2,10.11300406955235,6.68
2022-09-05,1011010504,辣椒类,117.607,117.607,585.4142,27.858,89.749,156,0,13,4.977715612165943,9.24
2022-09-05,1011010801,食用菌,47.452,47.452,405.0084,6.926,40.526,94,0,7,8.535117592514542,9.45
2022-09-06,1011010101,花叶类,250.203,250.203,1416.0133,71.644,178.559,281,0,16,5.659457720331091,12.83
2022-09-06,1011010201,花菜类,39.139,39.139,469.8184,6.024,33.115,78,0,2,12.003842714428064,15.51
2022-09-06,1011010402,水生根茎类,54.584,54.584,470.1676,6.807,47.777,98,0,4,8.613652352337681,13.65
2022-09-06,1011010501,茄类,11.684,11.684,109.63719999999999,1.119,10.565,27,0,3,9.38353303663129,6.68
2022-09-06,1011010504,辣椒类,93.769,93.769,572.9438,16.278,77.491,147,0,12,6.110162207126022,9.24
2022-09-06,1011010801,食用菌,40.62,40.62,424.4536,12.715,27.905,88,0,7,10.449374692269819,9.45
2022-09-07,1011010101,花叶类,260.624,260.624,1469.3916,56.0,204.624,278,0,14,5.637975013813002,12.83
2022-09-07,1011010201,花菜类,40.007,40.007,542.206,3.1950000000000003,36.812,83,0,3,13.552778263803836,15.51
2022-09-07,1011010402,水生根茎类,61.05,59.667,465.346,8.979,50.688,85,0,4,7.799051401947475,13.65
2022-09-07,1011010501,茄类,12.388,12.388,147.2144,0.0,12.388,29,0,3,11.883629318695514,6.68
2022-09-07,1011010504,辣椒类,69.663,69.663,416.5858,7.46,62.203,101,0,12,5.980015216111853,9.24
2022-09-07,1011010801,食用菌,44.356,44.356,458.3575,10.256,34.1,90,0,8,10.333607629182072,9.45
2022-09-08,1011010101,花叶类,222.459,222.246,1362.3548,45.332,176.914,269,0,17,6.129940696345491,12.83
2022-09-08,1011010201,花菜类,43.258,42.893,594.6052,1.053,41.84,103,0,3,13.862523022404588,15.51
2022-09-08,1011010402,水生根茎类,46.658,46.658,413.267,6.791,39.867,82,0,4,8.857366368039779,13.65
2022-09-08,1011010501,茄类,7.918,7.918,92.7148,0.0,7.918,18,0,3,11.709371053296286,6.68
2022-09-08,1011010504,辣椒类,92.937,91.68599999999999,489.14050000000003,10.803,80.883,122,0,12,5.334952991732654,9.24
2022-09-08,1011010801,食用菌,62.072,62.072,532.6012000000001,27.71,34.362,110,0,8,8.580377625982731,9.45
2022-09-09,1011010101,花叶类,311.923,311.923,1773.356,99.0,212.923,349,0,18,5.685236420526861,12.83
2022-09-09,1011010201,花菜类,68.172,67.57,945.98,0.0,67.57,156,0,2,14.000000000000002,15.51
2022-09-09,1011010402,水生根茎类,112.02,111.848,977.4786,16.389,95.459,139,0,4,8.739348043773694,13.65
2022-09-09,1011010501,茄类,4.65,4.65,50.896,0.0,4.65,11,0,3,10.945376344086021,6.68
2022-09-09,1011010504,辣椒类,181.34,180.34,1138.0468,23.975,156.365,243,0,14,6.310562271265388,9.24
2022-09-09,1011010801,食用菌,109.982,106.775,919.4522000000001,33.052,73.723,175,0,8,8.611118707562632,9.45
2022-09-10,1011010101,花叶类,420.263,419.263,2724.6512000000002,20.0,399.263,543,0,19,6.4986683776054655,12.83
2022-09-10,1011010201,花菜类,72.293,72.293,1012.102,0.0,72.293,175,0,2,13.999999999999998,15.51
2022-09-10,1011010402,水生根茎类,155.467,155.467,1119.5176000000001,0.0,155.467,190,0,5,7.2009982825937335,13.65
2022-09-10,1011010501,茄类,0.491,0.491,4.5172,0.0,0.491,2,0,1,9.2,6.68
2022-09-10,1011010504,辣椒类,146.777,146.777,951.2634,4.0,142.777,231,0,13,6.48101133011303,9.24
2022-09-10,1011010801,食用菌,114.942,114.942,1152.213,8.794,106.148,188,0,9,10.024299211776375,9.45
2022-09-11,1011010101,花叶类,352.428,351.176,2174.328,61.622,289.554,429,0,19,6.191562065744812,12.83
2022-09-11,1011010201,花菜类,63.234,63.234,851.8496,5.969,57.265,149,0,2,13.471385646962077,15.51
2022-09-11,1011010402,水生根茎类,97.363,97.363,816.7698,1.881,95.482,147,0,4,8.388913653030412,13.65
2022-09-11,1011010501,茄类,6.927,6.927,96.97800000000001,0.0,6.927,17,0,1,14.000000000000002,6.68
2022-09-11,1011010504,辣椒类,83.984,83.984,644.0863,0.505,83.479,158,0,11,7.669154839016957,9.24
2022-09-11,1011010801,食用菌,92.736,92.533,1050.8612,15.156,77.377,187,0,10,11.356610074243784,9.45
2022-09-12,1011010101,花叶类,315.002,315.002,1909.7152,53.812,261.19,388,0,19,6.062549444130513,12.83
2022-09-12,1011010201,花菜类,71.588,71.588,971.1856,5.544,66.044,163,0,2,13.566318377381686,15.51
2022-09-12,1011010402,水生根茎类,38.383,38.383,389.20300000000003,4.522,33.861,54,0,4,10.139983847015605,13.65
2022-09-12,1011010504,辣椒类,145.6,145.6,910.0822000000001,1.0,144.6,226,0,11,6.250564560439561,9.24
2022-09-12,1011010801,食用菌,98.587,98.587,1089.4902,7.0,91.587,186,0,9,11.051053384320447,9.45
2022-09-13,1011010101,花叶类,216.669,216.669,1266.6561,64.044,152.625,270,0,17,5.8460421195464045,12.83
2022-09-13,1011010201,花菜类,47.126,47.126,587.3752,4.062,43.064,109,0,2,12.463930738870262,15.51
2022-09-13,1011010402,水生根茎类,25.627,25.627,252.5166,8.517,17.11,42,0,4,9.853537284894838,13.65
2022-09-13,1011010504,辣椒类,104.849,104.849,705.4876,9.298,95.551,156,0,11,6.728605899913209,9.24
2022-09-13,1011010801,食用菌,68.334,68.334,632.5686000000001,22.015,46.319,125,0,10,9.25701115111072,9.45
2022-09-14,1011010101,花叶类,185.157,185.157,1011.2104,55.0,130.157,216,0,17,5.461367380115253,12.83
2022-09-14,1011010201,花菜类,41.841,41.841,505.2248,7.921,33.92,94,0,2,12.074873927487392,15.51
2022-09-14,1011010402,水生根茎类,27.935,27.935,202.6268,4.284,23.651,33,0,4,7.2535099337748346,13.65
2022-09-14,1011010504,辣椒类,70.053,70.053,469.0022,7.0489999999999995,63.004,107,0,10,6.694962385622315,9.24
2022-09-14,1011010801,食用菌,53.107,53.107,482.1533,17.005,36.102,95,0,9,9.078902969476717,9.45
2022-09-15,1011010101,花叶类,201.569,201.569,1055.4448,83.0,118.569,232,0,14,5.236146431246868,12.83
2022-09-15,1011010201,花菜类,27.431,27.431,319.3748,5.882,21.549,66,0,2,11.642842040027706,15.51
2022-09-15,1011010402,水生根茎类,29.546,29.546,273.6982,7.723,21.823,46,0,4,9.263460366885534,13.65
2022-09-15,1011010504,辣椒类,66.529,66.529,359.5448,0.754,65.775,84,0,11,5.404331945467391,9.24
2022-09-15,1011010801,食用菌,56.663000000000004,56.663000000000004,456.2685,12.678,43.985,90,0,11,8.052318091170605,9.45
2022-09-16,1011010101,花叶类,193.806,193.806,1066.168,63.673,130.133,235,0,19,5.501212552758943,12.83
2022-09-16,1011010201,花菜类,41.283,41.283,456.446,4.07,37.213,89,0,2,11.056512365864885,15.51
2022-09-16,1011010402,水生根茎类,26.977,26.977,284.8322,13.84,13.137,48,0,4,10.558334877858917,13.65
2022-09-16,1011010504,辣椒类,107.825,107.825,625.4736,17.662,90.163,131,0,12,5.800821701831672,9.24
2022-09-16,1011010801,食用菌,74.425,74.425,595.2238,41.306,33.119,130,0,10,7.99763251595566,9.45
2022-09-17,1011010101,花叶类,360.256,359.256,1974.8288,88.211,271.045,416,0,19,5.496996013984457,12.83
2022-09-17,1011010201,花菜类,69.613,69.613,773.1366,7.036,62.577,161,0,2,11.106210046973985,15.51
2022-09-17,1011010402,水生根茎类,50.024,50.024,436.579,7.255,42.769,59,0,6,8.727390852390853,13.65
2022-09-17,1011010504,辣椒类,168.436,168.436,1119.3328000000001,17.374,151.062,230,0,13,6.645448716426418,9.24
2022-09-17,1011010801,食用菌,90.05,90.05,996.3704,5.107,84.943,179,0,9,11.064635202665187,9.45
2022-09-18,1011010101,花叶类,378.496,377.496,1962.9705000000001,69.239,308.257,460,0,19,5.199976953398182,12.83
2022-09-18,1011010201,花菜类,57.716,57.716,668.776,0.0,57.716,127,0,2,11.587358791323028,15.51
2022-09-18,1011010402,水生根茎类,58.668,58.668,358.5917,4.041,54.627,45,0,5,6.112219608645258,13.65
2022-09-18,1011010504,辣椒类,177.806,177.806,1036.3175,23.313,154.493,230,0,12,5.828360685241218,9.24
2022-09-18,1011010801,食用菌,80.373,80.373,920.1772,10.12,70.253,174,0,8,11.448834807709055,9.45
2022-09-19,1011010101,花叶类,212.507,212.507,1053.7772,60.899,151.608,281,0,18,4.958788181095211,12.83
2022-09-19,1011010201,花菜类,38.815,38.815,442.169,1.56,37.255,85,0,2,11.3917042380523,15.51
2022-09-19,1011010402,水生根茎类,9.274000000000001,9.274000000000001,83.83,1.8519999999999999,7.422,12,0,3,9.03924951477248,13.65
2022-09-19,1011010504,辣椒类,45.683,45.683,210.7014,8.0,37.683,52,0,11,4.612249633342819,9.24
2022-09-19,1011010801,食用菌,30.316,30.316,302.9322,10.454,19.862000000000002,60,0,5,9.992485816070722,9.45
2022-09-20,1011010101,花叶类,262.543,262.543,1196.8922,83.906,178.637,343,0,19,4.558842551505848,12.83
2022-09-20,1011010201,花菜类,42.297,42.297,440.849,4.147,38.15,92,0,2,10.422701373619878,15.51
2022-09-20,1011010402,水生根茎类,14.946,14.946,138.0888,0.0,14.946,21,0,3,9.239181051786431,13.65
2022-09-20,1011010504,辣椒类,67.862,67.862,341.1082,4.0,63.862,72,0,11,5.0264978927824115,9.24
2022-09-20,1011010801,食用菌,47.235,47.235,510.5666,20.695,26.54,101,0,6,10.809073780035991,9.45
2022-09-21,1011010101,花叶类,213.475,213.475,1014.2253000000001,50.917,162.558,280,0,20,4.751026115470196,12.83
2022-09-21,1011010201,花菜类,32.068,32.068,344.4064,0.0,32.068,65,0,2,10.73987775976051,15.51
2022-09-21,1011010402,水生根茎类,18.429,18.429,250.3084,5.17,13.259,37,0,3,13.58231048890336,13.65
2022-09-21,1011010504,辣椒类,86.458,86.458,518.1682,10.0,76.458,124,0,11,5.99329385366305,9.24
2022-09-21,1011010801,食用菌,46.791,46.791,445.88800000000003,9.486,37.305,89,0,6,9.529353935585904,9.45
2022-09-22,1011010101,花叶类,226.528,226.528,1002.3548000000001,73.519,153.00900000000001,284,0,18,4.42486050289589,12.83
2022-09-22,1011010201,花菜类,50.388,50.388,517.8931,2.271,48.117,108,0,2,10.278103913630229,15.51
2022-09-22,1011010402,水生根茎类,20.182,20.182,215.60680000000002,2.488,17.694,30,0,3,10.683123575463286,13.65
2022-09-22,1011010504,辣椒类,73.801,73.801,453.346,8.0,65.801,104,0,10,6.14281649300145,9.24
2022-09-22,1011010801,食用菌,50.943,50.943,521.3978,9.458,41.485,103,0,8,10.234925308678326,9.45
2022-09-23,1011010101,花叶类,243.19,243.19,1090.289,78.855,164.335,323,0,17,4.48328056252313,12.83
2022-09-23,1011010201,花菜类,65.746,65.003,607.6908999999999,12.413,52.59,146,0,2,9.34865929264803,15.51
2022-09-23,1011010402,水生根茎类,30.662,30.662,292.5312,5.0,25.662,35,0,3,9.540512686713196,13.65
2022-09-23,1011010504,辣椒类,88.776,87.3,564.2708,13.592,73.708,133,0,12,6.463583046964491,9.24
2022-09-23,1011010801,食用菌,87.179,87.179,689.4262,44.174,43.005,143,0,8,7.908168251528465,9.45
2022-09-24,1011010101,花叶类,345.852,345.852,1700.3086,62.898,282.954,462,0,19,4.916289626776772,12.83
2022-09-24,1011010201,花菜类,75.743,75.743,750.887,6.985,68.758,151,0,2,9.91361577967601,15.51
2022-09-24,1011010402,水生根茎类,49.291,49.291,495.4082,3.614,45.677,57,0,2,10.050682680408189,13.65
2022-09-24,1011010504,辣椒类,193.743,193.743,1260.3078,12.446,181.297,255,0,12,6.505049472755145,9.24
2022-09-24,1011010801,食用菌,101.607,101.607,791.0069000000001,10.029,91.578,175,0,7,7.78496461857943,9.45
2022-09-25,1011010101,花叶类,320.644,320.644,1379.648,71.755,248.889,383,0,19,4.302740734272277,12.83
2022-09-25,1011010201,花菜类,55.324,55.324,572.498,5.798,49.526,110,0,2,10.348094859373871,15.51
2022-09-25,1011010402,水生根茎类,14.038,14.038,213.43210000000002,1.026,13.012,40,0,3,15.203882319418721,13.65
2022-09-25,1011010504,辣椒类,132.468,132.468,821.0926000000001,14.145,118.323,186,0,13,6.198422260470454,9.24
2022-09-25,1011010801,食用菌,118.404,118.404,1031.2088,23.343,95.061,220,0,8,8.709239552717815,9.45
2022-09-26,1011010101,花叶类,196.445,196.445,893.2804,61.684,134.761,242,0,19,4.547228995393112,12.83
2022-09-26,1011010201,花菜类,30.76,30.76,317.4007,3.013,27.747,61,0,2,10.318618335500648,15.51
2022-09-26,1011010402,水生根茎类,34.863,34.863,351.9594,2.295,32.568,63,0,4,10.095499526718871,13.65
2022-09-26,1011010504,辣椒类,59.178,59.178,399.3745,13.455,45.723,90,0,13,6.748698840785427,9.24
2022-09-26,1011010801,食用菌,58.142,58.142,508.38520000000005,24.318,33.824,104,0,9,8.743854700560696,9.45
2022-09-27,1011010101,花叶类,158.187,158.187,689.4802,62.296,95.891,197,0,16,4.358640090525769,12.83
2022-09-27,1011010201,花菜类,29.389,29.389,261.1885,8.275,21.114,73,0,2,8.887287760726801,15.51
2022-09-27,1011010402,水生根茎类,35.665,35.665,292.5142,0.423,35.242,52,0,4,8.20171596803589,13.65
2022-09-27,1011010504,辣椒类,63.594,63.594,408.798,10.172,53.422,92,0,11,6.428247947919615,9.24
2022-09-27,1011010801,食用菌,37.499,37.499,323.7912,4.945,32.554,67,0,7,8.634662257660203,9.45
2022-09-28,1011010101,花叶类,142.124,142.124,588.2332,39.0,103.124,173,0,17,4.138873096732431,12.83
2022-09-28,1011010201,花菜类,32.625,32.625,329.3771,1.42,31.205,74,0,2,10.095849808429119,15.51
2022-09-28,1011010402,水生根茎类,62.641,62.641,442.73380000000003,1.31,61.331,79,0,3,7.067795852556633,13.65
2022-09-28,1011010504,辣椒类,77.96,77.96,515.8229,8.207,69.753,116,0,12,6.6165071831708575,9.24
2022-09-28,1011010801,食用菌,53.384,53.384,457.2556,9.902000000000001,43.482,105,0,8,8.565405364903341,9.45
2022-09-29,1011010101,花叶类,175.757,175.757,688.9396,58.0,117.757,212,0,19,3.919841599481102,12.83
2022-09-29,1011010201,花菜类,31.877,31.877,284.048,7.445,24.432,72,0,2,8.91075069799542,15.51
2022-09-29,1011010402,水生根茎类,43.663000000000004,43.663000000000004,391.8551,3.4859999999999998,40.177,69,0,4,8.974534502897189,13.65
2022-09-29,1011010504,辣椒类,84.368,84.368,471.7934,18.0,66.368,111,0,14,5.592089417788736,9.24
2022-09-29,1011010801,食用菌,44.333,44.333,333.297,16.719,27.614,89,0,8,7.518033970180228,9.45
2022-09-30,1011010101,花叶类,200.098,200.098,863.7442,27.0,173.098,267,0,18,4.316605863127068,12.83
2022-09-30,1011010201,花菜类,53.33,53.33,477.5613,14.999,38.331,122,0,2,8.954834052128259,15.51
2022-09-30,1011010402,水生根茎类,70.235,70.235,553.0966,11.169,59.066,101,0,5,7.874942692389833,13.65
2022-09-30,1011010504,辣椒类,107.477,107.477,631.245,13.246,94.231,149,0,11,5.873303125319835,9.24
2022-09-30,1011010801,食用菌,53.895,53.895,435.2726,13.3,40.595,110,0,7,8.076307635216624,9.45
2022-10-01,1011010101,花叶类,318.485,318.485,1372.6009,50.005,268.48,412,0,21,4.30978193635493,12.83
2022-10-01,1011010201,花菜类,76.799,76.799,763.2776,12.424,64.375,157,0,2,9.9386398260394,15.51
2022-10-01,1011010402,水生根茎类,102.731,102.731,766.3892000000001,12.0,90.731,130,0,3,7.460155162511803,13.65
2022-10-01,1011010504,辣椒类,169.374,169.374,1052.366,9.0,160.374,249,0,11,6.21326767980918,9.24
2022-10-01,1011010801,食用菌,122.01,122.01,865.7402,17.721,104.289,216,0,7,7.095649536923203,9.45
2022-10-02,1011010101,花叶类,253.861,253.861,1199.859,17.388,236.473,332,0,16,4.726440847550431,12.83
2022-10-02,1011010201,花菜类,61.869,61.869,603.1703,10.523,51.346,132,0,2,9.749152241025392,15.51
2022-10-02,1011010402,水生根茎类,81.611,81.611,700.1124,4.74,76.871,119,0,4,8.578652387545796,13.65
2022-10-02,1011010504,辣椒类,178.918,178.918,1069.9759000000001,16.752,162.166,255,0,11,5.980258554198013,9.24
2022-10-02,1011010801,食用菌,91.23,91.23,767.817,18.0,73.23,183,0,7,8.4162775402828,9.45
2022-10-03,1011010101,花叶类,254.587,253.67,1111.7917,4.243,249.427,312,0,17,4.3828269010919705,12.83
2022-10-03,1011010201,花菜类,59.161,59.161,532.7191,16.881,42.28,126,0,2,9.004565507682425,15.51
2022-10-03,1011010402,水生根茎类,93.09,93.09,730.5584,17.0,76.09,114,0,3,7.84787195187453,13.65
2022-10-03,1011010504,辣椒类,118.323,117.323,786.0075,8.324,108.999,190,0,12,6.699517571149733,9.24
2022-10-03,1011010801,食用菌,82.32300000000001,82.006,658.1608,10.0,72.006,171,0,6,8.02576396849011,9.45
2022-10-04,1011010101,花叶类,328.918,328.918,1582.7668,3.0,325.918,387,0,19,4.812040690992892,12.83
2022-10-04,1011010201,花菜类,49.869,49.869,526.8417,3.593,46.275999999999996,107,0,2,10.564513024123201,15.51
2022-10-04,1011010402,水生根茎类,104.984,104.984,853.3291,17.03,87.954,144,0,4,8.128182389697479,13.65
2022-10-04,1011010504,辣椒类,115.099,115.099,851.41,7.0,108.099,187,0,10,7.397197195457823,9.24
2022-10-04,1011010801,食用菌,117.054,117.054,1032.6342,2.528,114.526,221,0,8,8.82186170485417,9.45
2022-10-05,1011010101,花叶类,373.666,373.666,1752.4306,0.0,373.666,441,0,20,4.689831560805639,12.83
2022-10-05,1011010201,花菜类,40.769,40.769,482.9232,0.852,39.917,95,0,2,11.845353086904266,15.51
2022-10-05,1011010402,水生根茎类,118.421,118.421,979.7786,25.548000000000002,92.873,141,0,3,8.273689632750948,13.65
2022-10-05,1011010504,辣椒类,162.721,162.721,994.2322,0.0,162.721,241,0,12,6.110042342414316,9.24
2022-10-05,1011010801,食用菌,88.379,87.935,841.1554,3.222,84.713,191,0,7,9.565649627565815,9.45
2022-10-06,1011010101,花叶类,353.217,353.217,1476.3984,0.0,353.217,419,0,16,4.179862237661268,12.83
2022-10-06,1011010201,花菜类,71.588,71.588,761.2072,0.0,71.588,140,0,2,10.633167569983796,15.51
2022-10-06,1011010402,水生根茎类,132.357,132.357,1154.9626,12.0,120.357,185,0,4,8.726116487983258,13.65
2022-10-06,1011010504,辣椒类,208.677,208.677,1228.9714000000001,3.0,205.677,287,0,12,5.889347652113075,9.24
2022-10-06,1011010801,食用菌,185.198,184.89,1535.1174,0.0,184.89,318,0,11,8.30286873276002,9.45
2022-10-07,1011010101,花叶类,471.807,470.332,2050.1075,13.559000000000001,456.773,532,0,14,4.3588518323227,12.83
2022-10-07,1011010201,花菜类,88.233,87.818,833.5187,3.308,84.51,184,0,2,9.49143341911681,15.51
2022-10-07,1011010402,水生根茎类,110.302,110.302,928.4508000000001,14.666,95.636,154,0,4,8.41735235988468,13.65
2022-10-07,1011010504,辣椒类,170.39,170.183,1101.6856,0.0,170.183,277,0,12,6.47353495942603,9.24
2022-10-07,1011010801,食用菌,154.165,154.165,1191.0013,6.802,147.363,271,0,10,7.72549735672818,9.45
2022-10-08,1011010101,花叶类,361.239,360.779,1455.6582,53.0,307.779,410,0,17,4.034764218538219,12.83
2022-10-08,1011010201,花菜类,37.814,37.814,356.9464,2.784,35.03,78,0,2,9.439530332681016,15.51
2022-10-08,1011010402,水生根茎类,81.908,81.908,607.3938,7.032,74.876,118,0,4,7.415561361527568,13.65
2022-10-08,1011010504,辣椒类,114.629,114.629,712.9150999999999,6.207,108.422,182,0,9,6.219325825052996,9.24
2022-10-08,1011010801,食用菌,108.094,108.094,763.4728,5.893,102.201,185,0,7,7.063045127389125,9.45
2022-10-09,1011010101,花叶类,342.075,342.075,1389.7198,74.0,268.075,395,0,16,4.06261726229628,12.83
2022-10-09,1011010201,花菜类,53.058,53.058,467.202,11.452,41.606,102,0,2,8.80549587244148,15.51
2022-10-09,1011010402,水生根茎类,66.479,66.479,564.835,3.761,62.718,111,0,4,8.496442485596956,13.65
2022-10-09,1011010504,辣椒类,110.966,110.966,682.8895,16.283,94.683,181,0,12,6.1540426797397405,9.24
2022-10-09,1011010801,食用菌,121.547,121.547,913.9244,9.018,112.529,223,0,7,7.51910289846726,9.45
2022-10-10,1011010101,花叶类,288.07,288.07,1199.6836,57.42,230.65,329,0,15,4.164555837122922,12.83
2022-10-10,1011010201,花菜类,47.046,47.046,432.9513,5.186999999999999,41.859,93,0,2,9.202722866981253,15.51
2022-10-10,1011010402,水生根茎类,46.834,46.834,351.5464,4.0,42.834,60,0,3,7.506221975487893,13.65
2022-10-10,1011010504,辣椒类,134.737,134.737,730.2017,14.461,120.276,189,0,12,5.419459391258526,9.24
2022-10-10,1011010801,食用菌,103.327,103.327,720.1328,19.773,83.554,170,0,7,6.969454256873808,9.45
2022-10-11,1011010101,花叶类,244.75900000000001,244.75900000000001,918.1318,87.0,157.759,285,0,13,3.751166657814421,12.83
2022-10-11,1011010201,花菜类,29.66,29.66,300.48629999999997,4.412,25.248,65,0,2,10.131028320971003,15.51
2022-10-11,1011010402,水生根茎类,51.596000000000004,51.596000000000004,357.0864,4.0,47.596000000000004,66,0,3,6.9208155670982245,13.65
2022-10-11,1011010504,辣椒类,119.426,119.426,640.2038,31.128,88.298,169,0,13,5.360673555172241,9.24
2022-10-11,1011010801,食用菌,89.443,89.443,557.7182,19.696,69.747,145,0,7,6.235459454624733,9.45
2022-10-12,1011010101,花叶类,240.312,240.312,920.9144,63.0,177.312,266,0,14,3.8321615233529744,12.83
2022-10-12,1011010201,花菜类,29.309,29.309,297.42,4.04,25.269000000000002,68,0,2,10.147736190248729,15.51
2022-10-12,1011010402,水生根茎类,39.206,39.206,306.2788,5.966,33.24,58,0,4,7.812038973626485,13.65
2022-10-12,1011010504,辣椒类,125.31700000000001,123.31700000000001,646.4619,50.725,72.592,178,0,12,5.242277220496768,9.24
2022-10-12,1011010801,食用菌,82.773,82.773,548.1518,9.575,73.198,123,0,7,6.622350283304942,9.45
2022-10-13,1011010101,花叶类,153.046,152.506,640.5705,10.421,142.085,183,0,15,4.200297037493607,12.83
2022-10-13,1011010201,花菜类,30.605,30.605,315.7141,2.609,27.996,72,0,2,10.315768665250776,15.51
2022-10-13,1011010402,水生根茎类,61.838,61.838,492.0706,7.961,53.877,91,0,4,7.957414534752094,13.65
2022-10-13,1011010504,辣椒类,84.845,84.845,468.0356,13.385,71.46,126,0,10,5.516360421945901,9.24
2022-10-13,1011010801,食用菌,70.046,70.046,501.5954,2.0,68.046,110,0,8,7.16094280901122,9.45
2022-10-14,1011010101,花叶类,135.637,135.637,426.5692,79.0,56.637,149,0,17,3.1449324299416825,12.83
2022-10-14,1011010201,花菜类,11.595,11.595,115.9248,2.424,9.171,26,0,2,9.997826649417853,15.51
2022-10-14,1011010402,水生根茎类,13.046,13.046,142.604,6.192,6.854,25,0,4,10.930860033726814,13.65
2022-10-14,1011010504,辣椒类,49.262,49.262,292.4712,4.0,45.262,78,0,9,5.937054930778288,9.24
2022-10-14,1011010801,食用菌,65.579,65.579,407.415,13.558,52.021,102,0,8,6.212583296482107,9.45
2022-10-15,1011010101,花叶类,379.486,377.25600000000003,1539.7934,54.682,322.574,459,0,15,4.081561061984435,12.83
2022-10-15,1011010201,花菜类,60.965,60.965,644.794,4.214,56.751,125,0,2,10.57646190437136,15.51
2022-10-15,1011010402,水生根茎类,101.798,101.798,701.7256,12.0,89.798,138,0,3,6.893314210495294,13.65
2022-10-15,1011010501,茄类,12.033,12.033,121.37100000000001,0.0,12.033,25,0,2,10.086512091747695,6.68
2022-10-15,1011010504,辣椒类,205.45,204.274,1156.8456,17.546,186.728,312,0,11,5.663205302681693,9.24
2022-10-15,1011010801,食用菌,223.125,223.125,1224.3402,19.617,203.508,303,0,10,5.487238991596639,9.45
2022-10-16,1011010101,花叶类,367.681,367.681,1506.0988,54.099000000000004,313.582,446,0,16,4.096210573839823,12.83
2022-10-16,1011010201,花菜类,62.74,62.74,621.2737,9.563,53.177,131,0,2,9.902354160025501,15.51
2022-10-16,1011010402,水生根茎类,86.333,86.333,574.4729,2.3970000000000002,83.93599999999999,114,0,3,6.654151946532612,13.65
2022-10-16,1011010501,茄类,2.55,2.55,25.5,0.0,2.55,7,0,1,10.0,6.68
2022-10-16,1011010504,辣椒类,178.909,178.909,997.467,24.0,154.909,272,0,10,5.5752756988189525,9.24
2022-10-16,1011010801,食用菌,209.72,209.72,1247.3768,25.167,184.553,323,0,10,5.947819950410071,9.45
2022-10-17,1011010101,花叶类,247.302,247.302,904.474,60.72,186.582,289,0,15,3.6573662970780667,12.83
2022-10-17,1011010201,花菜类,35.261,35.261,343.5816,5.578,29.683,76,0,2,9.743955077848046,15.51
2022-10-17,1011010402,水生根茎类,38.615,38.615,301.3024,4.592,34.023,59,0,3,7.802729509258059,13.65
2022-10-17,1011010501,茄类,5.7620000000000005,5.7620000000000005,57.620000000000005,0.0,5.7620000000000005,11,0,1,10.0,6.68
2022-10-17,1011010504,辣椒类,111.662,111.662,625.6062000000001,19.0,92.662,170,0,10,5.602677723845176,9.24
2022-10-17,1011010801,食用菌,104.537,104.537,652.343,36.736,67.801,172,0,8,6.240307259630561,9.45
2022-10-18,1011010101,花叶类,273.91,273.91,1070.6236,68.406,205.504,350,0,16,3.9086692709284065,12.83
2022-10-18,1011010201,花菜类,56.159,56.159,537.5874,8.854,47.305,132,0,2,9.572595665877241,15.51
2022-10-18,1011010402,水生根茎类,41.022,41.022,298.442,3.294,37.728,61,0,3,7.275169421286139,13.65
2022-10-18,1011010501,茄类,7.187,7.187,59.1,0.0,7.187,16,0,2,8.223180743008209,6.68
2022-10-18,1011010504,辣椒类,155.233,155.233,788.345,34.258,120.975,219,0,8,5.0784626980088,9.24
2022-10-18,1011010801,食用菌,156.31,156.31,937.657,45.432,110.878,227,0,9,5.998701298701299,9.45
2022-10-19,1011010101,花叶类,225.807,225.807,849.1465000000001,61.985,163.822,286,0,14,3.760496795936353,12.83
2022-10-19,1011010201,花菜类,33.063,33.063,347.933,5.186,27.877,54,0,2,10.52333424069201,15.51
2022-10-19,1011010402,水生根茎类,38.515,38.515,259.084,2.0,36.515,48,0,2,6.726833701155394,13.65
2022-10-19,1011010501,茄类,13.004,13.004,104.032,0.0,13.004,24,0,1,8.0,6.68
2022-10-19,1011010504,辣椒类,96.132,96.132,491.1184,26.0,70.132,144,0,8,5.108792077560022,9.24
2022-10-19,1011010801,食用菌,105.856,105.856,633.408,17.0,88.856,140,0,8,5.983675937122128,9.45
2022-10-20,1011010101,花叶类,242.853,242.853,868.2706000000001,65.331,177.522,281,0,18,3.5752928726431215,12.83
2022-10-20,1011010201,花菜类,30.363,30.363,335.2528,0.0,30.363,69,0,2,11.041491288739584,15.51
2022-10-20,1011010402,水生根茎类,52.368,52.368,391.8608,6.0,46.368,63,0,2,7.482829208677054,13.65
2022-10-20,1011010501,茄类,4.7010000000000005,4.7010000000000005,37.608000000000004,0.0,4.7010000000000005,9,0,1,8.0,6.68
2022-10-20,1011010504,辣椒类,105.947,105.947,512.9576,26.0,79.947,143,0,10,4.841643463241054,9.24
2022-10-20,1011010801,食用菌,88.041,88.041,546.431,18.393,69.648,132,0,8,6.2065514930543735,9.45
2022-10-21,1011010101,花叶类,616.352,613.973,2548.446,0.0,613.973,670,0,20,4.15074604257842,12.83
2022-10-21,1011010201,花菜类,95.213,95.213,1025.7456,0.0,95.213,200,0,2,10.773167529644061,15.51
2022-10-21,1011010402,水生根茎类,99.046,98.057,903.3832,6.0,92.057,134,0,3,9.212837431289964,13.65
2022-10-21,1011010501,茄类,38.486,38.486,384.056,0.0,38.486,63,0,2,9.97910928649379,6.68
2022-10-21,1011010504,辣椒类,400.974,399.685,2565.1578,15.0,384.685,612,0,11,6.417948634549708,9.24
2022-10-21,1011010801,食用菌,290.383,289.383,1958.1246,3.0,286.383,409,0,11,6.766550212002779,9.45
2022-10-22,1011010101,花叶类,299.448,299.448,1188.7245,15.344,284.104,345,0,17,3.9697192834816066,12.83
2022-10-22,1011010201,花菜类,56.496,56.496,586.1904,0.0,56.496,124,0,2,10.375785896346644,15.51
2022-10-22,1011010402,水生根茎类,77.747,77.747,525.8072,14.0,63.747,89,0,3,6.763054523004103,13.65
2022-10-22,1011010501,茄类,7.952,7.952,79.52,0.0,7.952,13,0,1,10.0,6.68
2022-10-22,1011010504,辣椒类,155.908,155.908,804.1622,0.0,155.908,203,0,9,5.157927752264156,9.24
2022-10-22,1011010801,食用菌,157.648,157.648,1218.338,21.694,135.954,191,0,8,7.728217294225109,9.45
2022-10-23,1011010101,花叶类,242.892,242.892,957.4434,42.0,200.892,298,0,14,3.9418482288424483,12.83
2022-10-23,1011010201,花菜类,38.944,38.944,414.522,0.284,38.66,87,0,2,10.644052999178307,15.51
2022-10-23,1011010402,水生根茎类,61.265,61.265,417.484,4.0,57.265,74,0,2,6.814396474332816,13.65
2022-10-23,1011010501,茄类,14.581,14.581,145.81,0.0,14.581,23,0,1,10.0,6.68
2022-10-23,1011010504,辣椒类,138.434,138.434,812.8202,0.0,138.434,214,0,11,5.871535894361212,9.24
2022-10-23,1011010801,食用菌,152.181,152.181,832.673,18.25,133.931,204,0,9,5.471596322799823,9.45
2022-10-24,1011010101,花叶类,199.326,199.326,745.5516,36.0,163.326,228,0,15,3.7403630233888205,12.83
2022-10-24,1011010201,花菜类,30.369,30.369,294.623,7.338,23.031,69,0,2,9.70143896736804,15.51
2022-10-24,1011010402,水生根茎类,37.236,37.236,262.4278,5.8309999999999995,31.405,57,0,3,7.047690407132882,13.65
2022-10-24,1011010501,茄类,3.223,3.223,32.230000000000004,0.0,3.223,7,0,1,10.000000000000002,6.68
2022-10-24,1011010504,辣椒类,73.345,73.345,375.7242,12.0,61.345,102,0,11,5.1226968436839595,9.24
2022-10-24,1011010801,食用菌,85.05,85.05,444.201,14.968,70.082,122,0,9,5.222821869488537,9.45
2022-10-25,1011010101,花叶类,217.397,217.397,812.7172,54.489,162.908,252,0,15,3.7384011738892444,12.83
2022-10-25,1011010201,花菜类,36.506,36.506,375.17379999999997,2.522,33.984,88,0,2,10.277044869336546,15.51
2022-10-25,1011010402,水生根茎类,36.981,36.981,305.911,6.947,30.034,55,0,3,8.272112706524972,13.65
2022-10-25,1011010501,茄类,4.156,4.156,41.56,0.0,4.156,9,0,1,10.000000000000002,6.68
2022-10-25,1011010504,辣椒类,125.16,125.16,551.6129,32.227,92.93299999999999,160,0,10,4.407261904761905,9.24
2022-10-25,1011010801,食用菌,89.459,89.459,480.687,19.488,69.971,131,0,9,5.3732659654143236,9.45
2022-10-26,1011010101,花叶类,226.633,226.633,807.9788,61.542,165.091,269,0,16,3.5651418813676736,12.83
2022-10-26,1011010201,花菜类,38.152,38.152,348.533,8.277,29.875,96,0,2,9.135379534493605,15.51
2022-10-26,1011010402,水生根茎类,35.475,35.475,270.058,6.99,28.485,47,0,3,7.612628611698379,13.65
2022-10-26,1011010501,茄类,4.56,4.56,36.48,0.0,4.56,10,0,1,8.0,6.68
2022-10-26,1011010504,辣椒类,117.386,117.386,571.6953,39.499,77.887,168,0,12,4.870217061659823,9.24
2022-10-26,1011010801,食用菌,104.795,104.795,497.446,33.587,71.208,146,0,9,4.74684860918937,9.45
2022-10-27,1011010101,花叶类,209.0,209.0,729.427,63.012,145.988,252,0,17,3.4900813397129187,12.83
2022-10-27,1011010201,花菜类,31.661,31.661,274.6546,10.464,21.197,72,0,2,8.674855500457976,15.51
2022-10-27,1011010402,水生根茎类,35.991,35.991,283.948,0.872,35.119,53,0,3,7.889416798644105,13.65
2022-10-27,1011010501,茄类,2.299,2.299,18.392,0.0,2.299,5,0,1,8.0,6.68
2022-10-27,1011010504,辣椒类,114.668,114.668,535.159,33.858,80.81,158,0,11,4.6670300345344815,9.24
2022-10-27,1011010801,食用菌,116.582,116.582,666.39,24.089,92.493,180,0,9,5.716062513938687,9.45
2022-10-28,1011010101,花叶类,229.524,229.524,842.3097,59.561,169.963,267,0,15,3.6698110001568462,12.83
2022-10-28,1011010201,花菜类,40.855,40.855,344.5014,3.3040000000000003,37.551,86,0,2,8.43229470077102,15.51
2022-10-28,1011010402,水生根茎类,63.12,63.12,507.1256,15.308,47.812,85,0,3,8.034309252217998,13.65
2022-10-28,1011010501,茄类,11.885,11.885,95.08,0.0,11.885,16,0,1,8.0,6.68
2022-10-28,1011010504,辣椒类,136.101,136.101,681.5889,31.631,104.47,187,0,10,5.007963938545639,9.24
2022-10-28,1011010801,食用菌,164.567,164.567,814.638,25.362,139.205,220,0,8,4.950190499917967,9.45
2022-10-29,1011010101,花叶类,369.131,368.131,1368.4806,79.0,289.131,440,0,16,3.7173739782849045,12.83
2022-10-29,1011010201,花菜类,64.94,64.488,572.235,0.0,64.488,137,0,2,8.873511350949014,15.51
2022-10-29,1011010402,水生根茎类,98.462,98.462,748.094,14.869,83.593,125,0,3,7.5977940728402835,13.65
2022-10-29,1011010501,茄类,11.396,11.396,91.168,0.0,11.396,19,0,1,8.0,6.68
2022-10-29,1011010504,辣椒类,168.485,167.485,808.4482,19.728,147.757,263,0,11,4.82698868555393,9.24
2022-10-29,1011010801,食用菌,249.276,248.053,1318.111,27.847,220.206,341,0,9,5.313828093189763,9.45
2022-10-30,1011010101,花叶类,221.196,221.196,1061.6493,18.299,202.897,398,0,18,4.799586339716813,12.83
2022-10-30,1011010201,花菜类,76.791,76.791,626.6171999999999,0.0,76.791,173,0,2,8.160034379028792,15.51
2022-10-30,1011010402,水生根茎类,67.588,67.588,478.598,7.631,59.957,94,0,3,7.081109072616441,13.65
2022-10-30,1011010501,茄类,10.805,10.805,75.635,0.0,10.805,21,0,1,7.000000000000001,6.68
2022-10-30,1011010504,辣椒类,203.145,203.145,965.0404,27.248,175.897,293,0,13,4.750500381500898,9.24
2022-10-30,1011010801,食用菌,197.429,197.429,1053.016,9.0,188.429,278,0,8,5.333643993536917,9.45
2022-10-31,1011010101,花叶类,85.398,85.398,494.393,0.0,85.398,173,0,15,5.789280779409354,12.83
2022-10-31,1011010201,花菜类,47.777,47.777,349.751,0.0,47.777,105,0,2,7.320488938192017,15.51
2022-10-31,1011010402,水生根茎类,32.213,32.213,214.7248,1.0,31.213,39,0,3,6.665780895911588,13.65
2022-10-31,1011010501,茄类,3.319,3.319,23.233,0.0,3.319,6,0,1,7.0,6.68
2022-10-31,1011010504,辣椒类,83.714,83.714,411.5556,11.0,72.714,127,0,11,4.916209952934993,9.24
2022-10-31,1011010801,食用菌,62.844,61.844,362.514,1.488,60.356,88,0,8,5.861748916628938,9.45
2022-11-01,1011010101,花叶类,96.786,96.786,499.346,1.242,95.544,182,0,17,5.159279234600046,12.83
2022-11-01,1011010201,花菜类,39.603,39.603,316.9736,1.754,37.849000000000004,97,0,2,8.00377749160417,15.51
2022-11-01,1011010402,水生根茎类,29.485,29.485,232.32440000000003,3.439,26.046,37,0,3,7.879409869425133,13.65
2022-11-01,1011010501,茄类,3.305,3.305,23.135,0.0,3.305,8,0,1,7.0,6.68
2022-11-01,1011010504,辣椒类,101.963,101.963,426.6304,32.0,69.963,142,0,10,4.184168767101792,9.24
2022-11-01,1011010801,食用菌,96.659,96.659,457.801,20.729,75.93,131,0,10,4.73624804725892,9.45
2022-11-03,1011010101,花叶类,83.973,83.973,450.6502,3.0,80.973,175,0,18,5.366608314577305,12.83
2022-11-03,1011010201,花菜类,63.801,63.801,440.0036,0.0,63.801,146,0,2,6.896500054858074,15.51
2022-11-03,1011010402,水生根茎类,13.926,13.926,121.1152,3.0,10.926,17,0,2,8.697055866724114,13.65
2022-11-03,1011010501,茄类,4.0120000000000005,4.0120000000000005,24.072000000000003,0.0,4.0120000000000005,10,0,1,6.0,6.68
2022-11-03,1011010504,辣椒类,129.249,129.249,568.2546,30.622,98.627,175,0,12,4.396587981338347,9.24
2022-11-03,1011010801,食用菌,120.855,120.855,705.783,17.749,103.106,179,0,8,5.839915601340449,9.45
2022-11-05,1011010101,花叶类,190.421,190.421,923.401,21.57,168.851,374,0,16,4.849260323178641,12.83
2022-11-05,1011010201,花菜类,73.537,73.537,515.7019,2.779,70.758,158,0,2,7.01282211675755,15.51
2022-11-05,1011010402,水生根茎类,74.216,74.216,578.5548,0.6659999999999999,73.55,103,0,3,7.795553519456721,13.65
2022-11-05,1011010501,茄类,9.815999999999999,9.815999999999999,58.896,0.0,9.815999999999999,22,0,1,6.000000000000001,6.68
2022-11-05,1011010504,辣椒类,158.362,158.362,702.2452,24.298000000000002,134.064,221,0,12,4.434429976888395,9.24
2022-11-05,1011010801,食用菌,176.843,176.843,989.375,9.193,167.65,246,0,10,5.594651753250059,9.45
2022-11-06,1011010101,花叶类,162.064,162.064,726.2628,0.0,162.064,315,0,17,4.481333300424524,12.83
2022-11-06,1011010201,花菜类,75.888,75.888,519.408,0.0,75.888,144,0,2,6.844402277039848,15.51
2022-11-06,1011010402,水生根茎类,60.306,60.306,400.99440000000004,1.5,58.806,77,0,3,6.649328425032336,13.65
2022-11-06,1011010501,茄类,4.647,4.647,27.881999999999998,0.0,4.647,10,0,1,5.999999999999999,6.68
2022-11-06,1011010504,辣椒类,135.245,135.245,584.8703,7.273,127.972,202,0,11,4.324524381677696,9.24
2022-11-06,1011010801,食用菌,165.482,165.482,951.641,15.638,149.844,232,0,8,5.750722132920801,9.45
2022-11-07,1011010101,花叶类,102.677,102.677,441.9412,0.0,102.677,192,0,15,4.304188864107833,12.83
2022-11-07,1011010201,花菜类,47.225,47.225,298.7728,0.0,47.225,97,0,2,6.326581259925887,15.51
2022-11-07,1011010402,水生根茎类,22.799,22.799,174.59040000000002,0.0,22.799,31,0,3,7.657809553050574,13.65
2022-11-07,1011010501,茄类,3.256,3.256,19.536,0.0,3.256,7,0,1,6.000000000000001,6.68
2022-11-07,1011010504,辣椒类,108.169,108.169,444.1212,18.0,90.169,152,0,11,4.105808503360482,9.24
2022-11-07,1011010801,食用菌,86.0,86.0,523.076,8.937,77.063,130,0,9,6.082279069767442,9.45
2022-11-08,1011010101,花叶类,96.371,96.371,400.1634,0.0,96.371,158,0,18,4.152321756545019,12.83
2022-11-08,1011010201,花菜类,41.117,41.117,259.1152,0.0,41.117,86,0,2,6.301899457645257,15.51
2022-11-08,1011010402,水生根茎类,31.054,31.054,264.9056,0.21,30.844,38,0,3,8.530482385521994,13.65
2022-11-08,1011010501,茄类,3.86,3.86,23.16,0.0,3.86,7,0,1,6.0,6.68
2022-11-08,1011010504,辣椒类,77.122,77.122,357.4596,12.0,65.122,126,0,11,4.634988719172221,9.24
2022-11-08,1011010801,食用菌,82.087,82.087,470.8135,13.579,68.508,128,0,8,5.735542777784545,9.45
2022-11-09,1011010101,花叶类,129.325,128.56,408.733,34.0,94.56,164,0,18,3.1793170504044803,12.83
2022-11-09,1011010201,花菜类,35.22,35.22,212.3214,5.67,29.55,75,0,2,6.028432708688245,15.51
2022-11-09,1011010402,水生根茎类,21.313,21.313,166.51600000000002,1.0,20.313,36,0,3,7.812884155210436,13.65
2022-11-09,1011010501,茄类,2.871,2.871,17.226,0.0,2.871,5,0,1,6.0,6.68
2022-11-09,1011010504,辣椒类,75.307,75.307,313.0386,13.0,62.307,111,0,11,4.15683269815555,9.24
2022-11-09,1011010801,食用菌,68.901,68.901,400.7908,6.106,62.795,97,0,9,5.8169083177312375,9.45
2022-11-10,1011010101,花叶类,122.883,122.883,367.5026,20.823999999999998,102.059,160,0,22,2.9906708006803218,12.83
2022-11-10,1011010201,花菜类,39.756,39.756,242.7966,8.022,31.734,84,0,2,6.107168729248416,15.51
2022-11-10,1011010402,水生根茎类,17.046,17.046,145.102,1.3780000000000001,15.668,25,0,3,8.512378270562008,13.65
2022-11-10,1011010501,茄类,6.897,6.897,41.382,0.0,6.897,12,0,1,5.999999999999999,6.68
2022-11-10,1011010504,辣椒类,88.303,88.303,355.1883,11.551,76.752,129,0,11,4.022380893061391,9.24
2022-11-10,1011010801,食用菌,74.627,74.627,312.931,7.079,67.548,87,0,8,4.193267852117867,9.45
2022-11-11,1011010101,花叶类,173.21,173.21,519.0468,26.0,147.21,214,0,22,2.996632988857456,12.83
2022-11-11,1011010201,花菜类,45.043,45.043,286.9112,1.029,44.014,96,0,2,6.369717825189264,15.51
2022-11-11,1011010402,水生根茎类,40.363,40.363,351.49080000000004,3.882,36.481,62,0,3,8.708242697520006,13.65
2022-11-11,1011010501,茄类,7.801,7.801,46.806000000000004,0.0,7.801,13,0,1,6.000000000000001,6.68
2022-11-11,1011010504,辣椒类,130.229,130.229,530.9987,14.293,115.936,190,0,11,4.077422847445653,9.24
2022-11-11,1011010801,食用菌,163.552,163.552,725.108,22.397,141.155,201,0,8,4.433501271766778,9.45
2022-11-12,1011010101,花叶类,293.677,293.677,883.9066,19.0,274.677,384,0,21,3.0097917099398317,12.83
2022-11-12,1011010201,花菜类,56.455,56.455,363.3371,4.053,52.402,128,0,2,6.435871047737137,15.51
2022-11-12,1011010402,水生根茎类,73.358,73.358,550.7916,2.0,71.358,96,0,3,7.508269036778538,13.65
2022-11-12,1011010501,茄类,10.572,10.572,63.432,0.0,10.572,19,0,1,6.000000000000001,6.68
2022-11-12,1011010504,辣椒类,204.119,204.119,788.468,21.39,182.729,295,0,11,3.8627859238973343,9.24
2022-11-12,1011010801,食用菌,257.066,257.066,1379.687,8.082,248.984,374,0,9,5.367053597130698,9.45
2022-11-13,1011010101,花叶类,312.032,312.032,844.2565999999999,30.0,282.032,403,0,20,2.705673136088606,12.83
2022-11-13,1011010201,花菜类,50.639,50.639,326.95,0.42,50.219,114,0,2,6.456486107545567,15.51
2022-11-13,1011010402,水生根茎类,54.616,54.616,393.779,2.443,52.173,76,0,3,7.209956789219277,13.65
2022-11-13,1011010501,茄类,7.366,7.366,44.196,0.0,7.366,16,0,1,6.0,6.68
2022-11-13,1011010504,辣椒类,188.274,188.274,776.341,11.556000000000001,176.718,268,0,10,4.12346367528177,9.24
2022-11-13,1011010801,食用菌,206.762,206.762,1152.246,18.023,188.739,308,0,8,5.57281318617541,9.45
2022-11-14,1011010101,花叶类,180.626,180.626,410.3548,48.994,131.632,218,0,16,2.2718479067243917,12.83
2022-11-14,1011010201,花菜类,38.303,38.303,233.554,1.428,36.875,91,0,2,6.097538051849725,15.51
2022-11-14,1011010402,水生根茎类,27.893,27.893,202.149,1.429,26.464,37,0,3,7.247302190513749,13.65
2022-11-14,1011010501,茄类,5.605,5.605,33.63,0.0,5.605,11,0,1,6.0,6.68
2022-11-14,1011010504,辣椒类,104.647,104.647,415.4957,15.869,88.778,154,0,11,3.970450180129387,9.24
2022-11-14,1011010801,食用菌,99.074,99.074,537.862,9.741999999999999,89.332,147,0,8,5.428891535619839,9.45
2022-11-15,1011010101,花叶类,165.843,165.843,414.29359999999997,38.0,127.843,187,0,19,2.49810724600978,12.83
2022-11-15,1011010201,花菜类,38.944,38.944,235.963,1.4489999999999998,37.495,91,0,2,6.059033483976992,15.51
2022-11-15,1011010402,水生根茎类,31.82,31.82,260.6024,0.0,31.82,42,0,3,8.189893148962916,13.65
2022-11-15,1011010501,茄类,7.266,7.266,43.596,0.0,7.266,15,0,1,5.999999999999999,6.68
2022-11-15,1011010504,辣椒类,93.884,93.884,400.7171,8.253,85.631,142,0,10,4.26821503131524,9.24
2022-11-15,1011010801,食用菌,102.92,102.92,574.95,9.705,93.215,152,0,9,5.586377769141081,9.45
2022-11-16,1011010101,花叶类,205.406,205.406,521.6956,56.0,149.406,235,0,20,2.53982648997595,12.83
2022-11-16,1011010201,花菜类,18.714,18.714,117.6756,0.777,17.937,43,0,2,6.288105161910869,15.51
2022-11-16,1011010402,水生根茎类,17.224,17.224,136.70520000000002,0.0,17.224,26,0,3,7.936901997213192,13.65
2022-11-16,1011010501,茄类,2.568,2.568,15.408,0.0,2.568,7,0,1,6.0,6.68
2022-11-16,1011010504,辣椒类,105.807,105.807,431.7127,7.587,98.22,148,0,10,4.080190346574423,9.24
2022-11-16,1011010801,食用菌,92.695,92.695,546.785,5.809,86.886,143,0,8,5.898753978100221,9.45
2022-11-17,1011010101,花叶类,232.975,232.975,585.1296,65.248,167.727,264,0,21,2.5115553170941087,12.83
2022-11-17,1011010201,花菜类,38.752,38.752,212.821,0.0,38.752,83,0,2,5.491871387283236,15.51
2022-11-17,1011010402,水生根茎类,40.679,40.679,397.0158,0.0,40.679,48,0,4,9.759723690356203,13.65
2022-11-17,1011010501,茄类,8.038,8.038,48.228,0.0,8.038,14,0,1,6.0,6.68
2022-11-17,1011010504,辣椒类,104.356,104.356,412.8383,16.955,87.401,153,0,9,3.9560571505232094,9.24
2022-11-17,1011010801,食用菌,90.18,90.18,518.164,12.063,78.117,145,0,9,5.745886005766245,9.45
2022-11-18,1011010101,花叶类,385.687,376.605,989.8714,89.639,286.966,429,0,21,2.6284074826409634,12.83
2022-11-18,1011010201,花菜类,68.424,68.424,404.817,0.0,68.424,143,0,2,5.916301297790248,15.51
2022-11-18,1011010402,水生根茎类,59.900999999999996,59.900999999999996,495.75340000000006,1.19,58.711,75,0,4,8.276212417154975,13.65
2022-11-18,1011010501,茄类,17.923,17.923,107.538,0.0,17.923,36,0,1,6.0,6.68
2022-11-18,1011010504,辣椒类,212.654,212.654,824.9563,10.293,202.361,313,0,10,3.879335916559294,9.24
2022-11-18,1011010801,食用菌,153.087,153.087,861.418,11.283,141.804,238,0,9,5.626983349337306,9.45
2022-11-19,1011010101,花叶类,1265.473,1265.473,3715.4856,52.0,1213.473,1434,0,25,2.936044941298629,12.83
2022-11-19,1011010201,花菜类,123.597,122.879,793.6712,0.0,122.879,258,0,2,6.458965323611031,15.51
2022-11-19,1011010402,水生根茎类,183.307,183.307,1229.2278000000001,0.784,182.523,221,0,4,6.705842111866978,13.65
2022-11-19,1011010501,茄类,35.948,35.948,216.492,0.0,35.948,61,0,2,6.022365639256704,6.68
2022-11-19,1011010504,辣椒类,436.061,436.061,1691.8145,12.293,423.76800000000003,633,0,12,3.879765674985839,9.24
2022-11-19,1011010801,食用菌,440.93,440.93,2479.598,8.18,432.75,608,0,10,5.623563830993581,9.45
2022-11-20,1011010101,花叶类,146.034,146.034,495.70120000000003,2.0,144.034,211,0,18,3.394423216511224,12.83
2022-11-20,1011010201,花菜类,97.969,97.969,581.4634,0.0,97.969,206,0,2,5.935177454092622,15.51
2022-11-20,1011010402,水生根茎类,69.057,67.057,574.9826,0.0,67.057,75,0,3,8.574535097007024,13.65
2022-11-20,1011010501,茄类,0.252,0.252,1.512,0.0,0.252,1,0,1,6.0,6.68
2022-11-20,1011010504,辣椒类,200.496,198.915,773.8634,0.288,198.627,288,0,8,3.8904225422919336,9.24
2022-11-20,1011010801,食用菌,156.828,156.828,807.455,11.0,145.828,215,0,8,5.148666054531079,9.45
2022-11-21,1011010101,花叶类,821.168,821.168,2810.9292,70.0,751.168,957,0,23,3.4230866278276797,12.83
2022-11-21,1011010201,花菜类,132.212,132.212,851.587,0.903,131.309,256,0,2,6.441071914803498,15.51
2022-11-21,1011010402,水生根茎类,264.657,264.657,2026.8300000000002,0.0,264.657,287,0,5,7.658327571158142,13.65
2022-11-21,1011010501,茄类,55.692,55.692,339.94,0.862,54.83,86,0,2,6.103928750987574,6.68
2022-11-21,1011010504,辣椒类,352.422,352.422,1511.3628,2.0,350.422,561,0,14,4.2885029878951935,9.24
2022-11-21,1011010801,食用菌,343.02,343.02,1871.1912,2.0,341.02,480,0,13,5.455049851320623,9.45
2022-11-22,1011010101,花叶类,173.192,173.192,518.9032,3.0,170.192,200,0,19,2.996115294008961,12.83
2022-11-22,1011010201,花菜类,36.972,36.972,202.5324,0.0,36.972,72,0,2,5.4779941577409925,15.51
2022-11-22,1011010402,水生根茎类,30.541,30.541,206.6936,0.0,30.541,32,0,3,6.767741724239547,13.65
2022-11-22,1011010501,茄类,4.816,4.816,28.896,0.0,4.816,8,0,1,6.0,6.68
2022-11-22,1011010504,辣椒类,82.219,82.219,332.4532,0.0,82.219,102,0,7,4.043508191537236,9.24
2022-11-22,1011010801,食用菌,36.489,36.489,219.577,4.0,32.489,48,0,8,6.017621749020253,9.45
2022-11-23,1011010101,花叶类,247.572,247.572,707.5224,3.0,244.572,251,0,20,2.857844990548204,12.83
2022-11-23,1011010201,花菜类,31.84,31.84,191.0482,0.0,31.84,62,0,2,6.000257537688443,15.51
2022-11-23,1011010402,水生根茎类,50.24,50.24,405.128,0.0,50.24,46,0,3,8.063853503184713,13.65
2022-11-23,1011010501,茄类,8.243,8.243,52.248,0.0,8.243,11,0,2,6.338469004003397,6.68
2022-11-23,1011010504,辣椒类,98.441,98.441,409.3136,0.0,98.441,127,0,9,4.157958574171331,9.24
2022-11-23,1011010801,食用菌,68.562,68.562,377.075,9.0,59.562,86,0,7,5.499766634578921,9.45
2022-11-24,1011010101,花叶类,260.618,260.618,831.5844,0.0,260.618,284,0,16,3.1908172113975244,12.83
2022-11-24,1011010201,花菜类,31.131,31.131,187.5174,0.0,31.131,61,0,2,6.023494266165558,15.51
2022-11-24,1011010402,水生根茎类,29.738,29.738,196.0608,0.0,29.738,29,0,3,6.592938328065102,13.65
2022-11-24,1011010501,茄类,8.455,8.455,52.238,0.0,8.455,10,0,2,6.178356002365464,6.68
2022-11-24,1011010504,辣椒类,105.612,105.612,429.1026,0.0,105.612,134,0,9,4.063009885240314,9.24
2022-11-24,1011010801,食用菌,43.262,43.262,341.701,0.0,43.262,70,0,7,7.898409689797051,9.45
2022-11-25,1011010101,花叶类,228.796,228.796,701.4182,0.0,228.796,226,0,18,3.0656925820381473,12.83
2022-11-25,1011010201,花菜类,46.435,46.435,277.921,0.0,46.435,88,0,2,5.985162054484763,15.51
2022-11-25,1011010402,水生根茎类,62.003,62.003,486.3288,0.0,62.003,55,0,3,7.843633372578746,13.65
2022-11-25,1011010501,茄类,16.927,16.927,105.782,0.0,16.927,22,0,2,6.249305842736456,6.68
2022-11-25,1011010504,辣椒类,103.304,103.304,434.2372,0.0,103.304,136,0,9,4.203488732285294,9.24
2022-11-25,1011010801,食用菌,32.969,32.969,252.108,0.0,32.969,48,0,7,7.646819739755528,9.45
2022-11-26,1011010101,花叶类,352.511,352.511,1096.8766,0.0,352.511,348,0,16,3.11160956679366,12.83
2022-11-26,1011010201,花菜类,47.408,47.408,265.7438,0.0,47.408,97,0,2,5.6054632129598385,15.51
2022-11-26,1011010402,水生根茎类,37.043,37.043,331.8968,0.0,37.043,38,0,3,8.959771076856626,13.65
2022-11-26,1011010501,茄类,9.863999999999999,9.863999999999999,60.013999999999996,0.0,9.863999999999999,16,0,2,6.084144363341444,6.68
2022-11-26,1011010504,辣椒类,89.276,89.276,388.2042,0.0,89.276,119,0,9,4.348360141583405,9.24
2022-11-26,1011010801,食用菌,57.284,57.284,294.802,0.0,57.284,68,0,7,5.146323580755534,9.45
2022-11-27,1011010101,花叶类,40.471,40.471,123.9824,0.0,40.471,39,0,10,3.0634874354476045,12.83
2022-11-27,1011010201,花菜类,3.192,3.192,15.3216,0.0,3.192,7,0,1,4.8,15.51
2022-11-27,1011010402,水生根茎类,3.165,3.165,17.723999999999997,0.0,3.165,2,0,1,5.599999999999999,13.65
2022-11-27,1011010501,茄类,4.146,4.146,24.875999999999998,0.0,4.146,5,0,1,6.0,6.68
2022-11-27,1011010504,辣椒类,17.031,17.031,62.924,0.0,17.031,19,0,4,3.6946744172391526,9.24
2022-11-27,1011010801,食用菌,8.596,8.596,54.778999999999996,0.0,8.596,12,0,4,6.37261516984644,9.45
2022-11-28,1011010101,花叶类,40.862,40.862,104.1144,0.0,40.862,33,0,10,2.547951642112476,12.83
2022-11-28,1011010201,花菜类,10.708,10.708,56.013999999999996,0.0,10.708,22,0,2,5.231042211430705,15.51
2022-11-28,1011010402,水生根茎类,1.8090000000000002,1.8090000000000002,15.330400000000001,0.0,1.8090000000000002,2,0,2,8.474516307352127,13.65
2022-11-28,1011010501,茄类,1.04,1.04,3.12,0.0,1.04,1,0,1,3.0,6.68
2022-11-28,1011010504,辣椒类,13.451,13.451,52.403999999999996,0.0,13.451,15,0,3,3.895918519069214,9.24
2022-11-28,1011010801,食用菌,3.012,3.012,21.750999999999998,0.0,3.012,5,0,3,7.22144754316069,9.45
2022-11-29,1011010101,花叶类,31.298,31.298,92.7414,0.0,31.298,35,0,11,2.963173365710269,12.83
2022-11-29,1011010201,花菜类,7.624,7.624,40.2934,0.0,7.624,15,0,2,5.285073452256033,15.51
2022-11-29,1011010402,水生根茎类,9.193999999999999,9.193999999999999,61.886399999999995,0.0,9.193999999999999,7,0,2,6.731172503806831,13.65
2022-11-29,1011010501,茄类,1.778,1.778,5.334,0.0,1.778,2,0,1,2.9999999999999996,6.68
2022-11-29,1011010504,辣椒类,6.066,6.066,24.064,0.0,6.066,7,0,2,3.9670293438839432,9.24
2022-11-29,1011010801,食用菌,8.283,8.283,47.893,0.0,8.283,8,0,4,5.78208378606785,9.45
2022-12-04,1011010101,花叶类,99.399,99.399,315.7424,13.0,86.399,121,0,11,3.1765148542741874,12.83
2022-12-04,1011010201,花菜类,24.722,24.722,125.0522,0.0,24.722,54,0,2,5.0583367041501495,15.51
2022-12-04,1011010402,水生根茎类,18.158,18.158,132.8848,0.0,18.158,16,0,2,7.318250908690384,13.65
2022-12-04,1011010501,茄类,1.168,1.168,9.344,0.0,1.168,1,0,1,8.0,6.68
2022-12-04,1011010504,辣椒类,53.403999999999996,53.403999999999996,199.4992,1.0,52.403999999999996,55,0,6,3.735660250168527,9.24
2022-12-04,1011010801,食用菌,30.0,30.0,127.6,4.0,26.0,30,0,3,4.253333333333333,9.45
2022-12-05,1011010101,花叶类,170.093,170.093,558.7841999999999,0.0,170.093,186,0,11,3.2851687018278235,12.83
2022-12-05,1011010201,花菜类,30.282,30.282,145.3536,0.0,30.282,71,0,1,4.8,15.51
2022-12-05,1011010402,水生根茎类,41.811,41.811,421.3416,0.0,41.811,44,0,2,10.077290665135969,13.65
2022-12-05,1011010504,辣椒类,118.657,118.657,458.3499,9.429,109.228,162,0,8,3.862813824721677,9.24
2022-12-05,1011010801,食用菌,114.0,114.0,408.4,0.0,114.0,114,0,3,3.582456140350877,9.45
2022-12-06,1011010101,花叶类,226.171,226.171,845.0966,17.0,209.171,294,0,14,3.7365382829805767,12.83
2022-12-06,1011010201,花菜类,38.551,38.551,237.2986,4.557,33.994,81,0,2,6.155446032528339,15.51
2022-12-06,1011010402,水生根茎类,67.863,67.863,497.3328,9.0,58.863,70,0,2,7.328482383625834,13.65
2022-12-06,1011010501,茄类,7.977,7.977,63.816,0.0,7.977,17,0,1,8.0,6.68
2022-12-06,1011010504,辣椒类,97.96300000000001,97.96300000000001,382.7088,4.202,93.761,155,0,8,3.906666802772475,9.24
2022-12-06,1011010801,食用菌,98.62,98.62,654.32,0.0,98.62,153,0,3,6.634759683634152,9.45
2022-12-07,1011010101,花叶类,272.787,272.787,851.332,37.0,235.787,305,0,13,3.1208671967505786,12.83
2022-12-07,1011010201,花菜类,25.636,25.636,172.1104,1.596,24.04,55,0,2,6.713621469808083,15.51
2022-12-07,1011010402,水生根茎类,64.331,64.331,469.6536,6.0,58.331,65,0,2,7.300579813775628,13.65
2022-12-07,1011010501,茄类,11.597,11.597,92.776,0.0,11.597,24,0,1,8.0,6.68
2022-12-07,1011010504,辣椒类,82.55,82.55,269.23220000000003,0.0,82.55,135,0,5,3.2614439733494858,9.24
2022-12-07,1011010801,食用菌,124.352,124.352,801.232,0.0,124.352,175,0,6,6.443257848687596,9.45
2022-12-08,1011010101,花叶类,173.924,173.924,506.353,23.0,150.924,197,0,15,2.9113463351808835,12.83
2022-12-08,1011010201,花菜类,46.357,46.357,270.54179999999997,1.092,45.265,97,0,2,5.836050650387212,15.51
2022-12-08,1011010402,水生根茎类,47.48,47.48,290.0,8.0,39.48,47,0,2,6.1078348778433025,13.65
2022-12-08,1011010501,茄类,4.524,4.524,36.192,0.0,4.524,8,0,1,8.0,6.68
2022-12-08,1011010504,辣椒类,131.273,131.273,454.1736,0.0,131.273,169,0,8,3.459764003260381,9.24
2022-12-08,1011010801,食用菌,82.678,82.678,554.07,0.0,82.678,126,0,6,6.701540917777402,9.45
2022-12-09,1011010101,花叶类,140.88,140.88,497.41179999999997,17.0,123.88,173,0,14,3.530748154457694,12.83
2022-12-09,1011010201,花菜类,41.33,41.33,215.55929999999998,5.439,35.891,96,0,2,5.215564964916525,15.51
2022-12-09,1011010402,水生根茎类,30.039,30.039,227.5038,3.0,27.039,31,0,3,7.57361430140817,13.65
2022-12-09,1011010501,茄类,4.422,4.422,35.376,0.0,4.422,11,0,1,8.0,6.68
2022-12-09,1011010504,辣椒类,99.447,99.447,353.8304,0.0,99.447,129,0,8,3.5579796273391855,9.24
2022-12-09,1011010801,食用菌,71.484,71.484,503.66,7.0,64.484,103,0,6,7.04577248055509,9.45
2022-12-10,1011010101,花叶类,231.009,231.009,796.966,10.0,221.009,279,0,17,3.4499348510231207,12.83
2022-12-10,1011010201,花菜类,55.053,55.053,304.71479999999997,0.0,55.053,114,0,2,5.534935425862351,15.51
2022-12-10,1011010402,水生根茎类,73.28,73.28,522.7422,4.0,69.28,84,0,4,7.1334907205240174,13.65
2022-12-10,1011010501,茄类,6.572,6.572,52.576,0.0,6.572,13,0,1,8.0,6.68
2022-12-10,1011010504,辣椒类,161.982,161.982,600.1038,6.0,155.982,224,0,9,3.7047560840093343,9.24
2022-12-10,1011010801,食用菌,149.336,149.336,1013.5400000000001,3.0,146.336,206,0,10,6.786977018267531,9.45
2022-12-11,1011010101,花叶类,204.481,204.481,679.5326,5.474,199.007,240,0,18,3.323206557088434,12.83
2022-12-11,1011010201,花菜类,62.536,62.536,326.8383,1.323,61.213,132,0,2,5.22640239222208,15.51
2022-12-11,1011010402,水生根茎类,63.385,63.385,498.61740000000003,1.0,62.385,71,0,3,7.866488916936184,13.65
2022-12-11,1011010501,茄类,3.629,3.629,29.9488,0.0,3.629,8,0,2,8.252631578947367,6.68
2022-12-11,1011010504,辣椒类,171.695,171.695,595.3558,2.0,169.695,221,0,9,3.467519729753342,9.24
2022-12-11,1011010801,食用菌,144.333,144.333,999.4730000000001,5.287,139.046,198,0,11,6.924771188848012,9.45
2022-12-12,1011010101,花叶类,173.035,173.035,549.5146,19.0,154.035,199,0,17,3.175742479845118,12.83
2022-12-12,1011010201,花菜类,27.823,27.823,128.5437,6.069,21.754,68,0,2,4.6200517557416525,15.51
2022-12-12,1011010402,水生根茎类,30.168,30.168,202.0678,0.0,30.168,36,0,4,6.698084062582869,13.65
2022-12-12,1011010501,茄类,3.379,3.379,27.032,0.0,3.379,6,0,1,8.0,6.68
2022-12-12,1011010504,辣椒类,96.585,96.205,334.243,8.0,88.205,131,0,8,3.474278883633907,9.24
2022-12-12,1011010801,食用菌,85.722,85.722,541.43,17.0,68.722,125,0,7,6.316114882993864,9.45
2022-12-13,1011010101,花叶类,185.802,185.802,558.141,6.0,179.802,219,0,17,3.0039558239416153,12.83
2022-12-13,1011010201,花菜类,37.876,37.876,208.146,2.3520000000000003,35.524,78,0,2,5.4954588657725205,15.51
2022-12-13,1011010402,水生根茎类,50.434,50.434,337.144,0.0,50.434,66,0,5,6.684855454653607,13.65
2022-12-13,1011010501,茄类,5.316,5.316,42.528,0.0,5.316,10,0,1,8.0,6.68
2022-12-13,1011010504,辣椒类,103.872,103.872,367.741,10.0,93.872,144,0,9,3.54032848120764,9.24
2022-12-13,1011010801,食用菌,91.195,91.195,559.413,13.502,77.693,123,0,9,6.134250781292835,9.45
2022-12-14,1011010101,花叶类,226.115,226.115,685.8872,7.0,219.115,232,0,18,3.0333555933927427,12.83
2022-12-14,1011010201,花菜类,40.701,40.701,250.3956,0.0,40.701,88,0,2,6.1520748875949,15.51
2022-12-14,1011010402,水生根茎类,29.923,29.923,182.5888,0.0,29.923,27,0,4,6.101955017879224,13.65
2022-12-14,1011010501,茄类,6.973,6.973,55.784,0.0,6.973,14,0,1,8.0,6.68
2022-12-14,1011010504,辣椒类,96.198,96.198,355.3038,3.0,93.198,132,0,10,3.693463481569264,9.24
2022-12-14,1011010801,食用菌,102.181,102.181,679.315,10.0,92.181,141,0,11,6.648153766355781,9.45
2022-12-15,1011010101,花叶类,291.759,291.759,879.483,0.0,291.759,313,0,16,3.014416007732409,12.83
2022-12-15,1011010201,花菜类,44.891,44.891,271.4558,0.0,44.891,94,0,2,6.046998284734134,15.51
2022-12-15,1011010402,水生根茎类,60.996,60.996,374.22040000000004,0.0,60.996,64,0,3,6.135162961505673,13.65
2022-12-15,1011010501,茄类,8.607,8.607,68.856,0.0,8.607,16,0,1,8.0,6.68
2022-12-15,1011010504,辣椒类,151.972,151.972,524.3136,7.0,144.972,187,0,10,3.4500671176269306,9.24
2022-12-15,1011010801,食用菌,94.034,94.034,669.01,0.0,94.034,139,0,11,7.114554310143139,9.45
2022-12-16,1011010101,花叶类,308.23199999999997,306.951,868.2426,0.0,306.951,325,0,15,2.828603262409961,12.83
2022-12-16,1011010201,花菜类,28.131,28.131,190.6338,0.0,28.131,53,0,2,6.776644982403754,15.51
2022-12-16,1011010402,水生根茎类,59.198,59.198,337.3272,0.0,59.198,62,0,3,5.698287104294064,13.65
2022-12-16,1011010501,茄类,6.8389999999999995,6.8389999999999995,55.2748,0.0,6.8389999999999995,12,0,2,8.08229273285568,6.68
2022-12-16,1011010504,辣椒类,147.869,147.869,532.4316,0.0,147.869,190,0,9,3.6006979150464264,9.24
2022-12-16,1011010801,食用菌,150.689,146.341,1002.7412,0.0,146.341,207,0,12,6.852086564940789,9.45
2022-12-17,1011010101,花叶类,265.09,265.09,951.5306,0.0,265.09,361,0,21,3.58946244671621,12.83
2022-12-17,1011010201,花菜类,43.945,43.945,306.2752,0.0,43.945,71,0,2,6.969511889862328,15.51
2022-12-17,1011010402,水生根茎类,97.791,97.791,735.7080000000001,0.0,97.791,113,0,3,7.523269012485812,13.65
2022-12-17,1011010501,茄类,16.786,16.786,139.1096,0.0,16.786,31,0,2,8.287239366138449,6.68
2022-12-17,1011010504,辣椒类,153.757,153.757,596.0876000000001,0.0,153.757,223,0,10,3.8768160148806237,9.24
2022-12-17,1011010801,食用菌,142.647,142.647,972.4026,0.0,142.647,204,0,10,6.81684578014259,9.45
2022-12-18,1011010101,花叶类,295.364,295.364,926.2246,0.0,295.364,352,0,15,3.135875055863274,12.83
2022-12-18,1011010201,花菜类,68.962,68.962,404.7022,0.0,68.962,145,0,2,5.86848119254082,15.51
2022-12-18,1011010402,水生根茎类,65.117,65.117,444.076,0.0,65.117,82,0,4,6.819663068016032,13.65
2022-12-18,1011010501,茄类,12.025,12.025,96.2,0.0,12.025,22,0,1,8.0,6.68
2022-12-18,1011010504,辣椒类,123.469,123.469,431.1906,0.0,123.469,178,0,8,3.492298471681151,9.24
2022-12-18,1011010801,食用菌,131.36,131.36,894.511,0.0,131.36,183,0,9,6.809614799025578,9.45
2022-12-19,1011010101,花叶类,201.178,201.178,791.6082,1.0,200.178,267,0,16,3.9348646472278284,12.83
2022-12-19,1011010201,花菜类,47.456,47.456,265.2482,0.0,47.456,103,0,2,5.589350134861767,15.51
2022-12-19,1011010402,水生根茎类,67.122,67.122,496.088,0.0,67.122,82,0,5,7.390840558982152,13.65
2022-12-19,1011010501,茄类,11.56,11.56,92.48,0.0,11.56,24,0,1,8.0,6.68
2022-12-19,1011010504,辣椒类,98.731,98.288,327.9576,5.0,93.288,142,0,6,3.336700309295133,9.24
2022-12-19,1011010801,食用菌,86.269,86.269,654.5388,0.46799999999999997,85.801,140,0,9,7.587184272450127,9.45
2022-12-20,1011010101,花叶类,252.224,252.224,785.5078,1.0,251.224,297,0,14,3.1143261545293073,12.83
2022-12-20,1011010201,花菜类,45.501,45.501,294.8592,0.0,45.501,96,0,2,6.48027955429551,15.51
2022-12-20,1011010402,水生根茎类,53.792,53.792,348.704,0.0,53.792,61,0,4,6.482450922070196,13.65
2022-12-20,1011010501,茄类,6.731,6.731,53.848,0.0,6.731,13,0,1,8.0,6.68
2022-12-20,1011010504,辣椒类,88.82,88.82,323.0694,1.0,87.82,128,0,8,3.637349696014411,9.24
2022-12-20,1011010801,食用菌,103.847,103.847,734.128,6.7219999999999995,97.125,157,0,9,7.069323138848499,9.45
2022-12-21,1011010101,花叶类,285.265,285.265,1019.3614,0.0,285.265,349,0,18,3.5733840464129845,12.83
2022-12-21,1011010201,花菜类,76.358,76.358,451.5748,3.864,72.494,182,0,2,5.913916027135335,15.51
2022-12-21,1011010402,水生根茎类,61.727000000000004,61.727000000000004,407.0017,0.207,61.52,73,0,5,6.593576554830139,13.65
2022-12-21,1011010501,茄类,17.740000000000002,17.740000000000002,141.92000000000002,0.0,17.740000000000002,34,0,1,8.0,6.68
2022-12-21,1011010504,辣椒类,137.998,137.998,492.6908,5.0,132.998,194,0,11,3.570274931520747,9.24
2022-12-21,1011010801,食用菌,128.851,128.851,856.6968,2.7560000000000002,126.095,182,0,9,6.648740017539639,9.45
2022-12-22,1011010101,花叶类,224.252,223.75,865.995,6.0,217.75,274,0,16,3.870368715083799,12.83
2022-12-22,1011010201,花菜类,33.671,33.671,213.7264,0.0,33.671,69,0,2,6.34749190698227,15.51
2022-12-22,1011010402,水生根茎类,45.018,45.018,270.321,0.0,45.018,51,0,4,6.004731440757031,13.65
2022-12-22,1011010501,茄类,8.883000000000001,8.883000000000001,71.06400000000001,0.0,8.883000000000001,17,0,1,8.0,6.68
2022-12-22,1011010504,辣椒类,93.949,93.949,323.8186,0.0,93.949,131,0,9,3.4467487679485678,9.24
2022-12-22,1011010801,食用菌,99.983,99.983,700.9346,6.3469999999999995,93.636,149,0,8,7.010537791424542,9.45
2022-12-23,1011010101,花叶类,210.784,210.784,783.8848,15.161,195.623,250,0,14,3.718900865340823,12.83
2022-12-23,1011010201,花菜类,29.486,29.486,185.7568,0.0,29.486,58,0,2,6.299830427999728,15.51
2022-12-23,1011010402,水生根茎类,54.487,54.487,373.116,0.0,54.487,61,0,5,6.847798557454071,13.65
2022-12-23,1011010501,茄类,8.921,8.921,71.368,0.0,8.921,17,0,1,8.0,6.68
2022-12-23,1011010504,辣椒类,91.649,91.649,284.3768,10.0,81.649,127,0,8,3.1028903752359547,9.24
2022-12-23,1011010801,食用菌,92.544,92.544,639.2466000000001,8.227,84.317,138,0,10,6.90748832987552,9.45
2022-12-24,1011010101,花叶类,285.085,285.085,967.0581,10.129999999999999,274.955,323,0,12,3.392174614588632,12.83
2022-12-24,1011010201,花菜类,47.279,47.279,325.6576,0.0,47.279,110,0,2,6.8879967850419845,15.51
2022-12-24,1011010402,水生根茎类,61.874,61.874,442.4368,0.0,61.874,72,0,4,7.15060930277661,13.65
2022-12-24,1011010501,茄类,11.582,11.582,92.656,0.0,11.582,24,0,1,8.0,6.68
2022-12-24,1011010504,辣椒类,117.564,117.564,369.88,9.0,108.564,166,0,9,3.1462012180599506,9.24
2022-12-24,1011010801,食用菌,139.067,139.067,891.8538,15.436,123.631,184,0,11,6.413123170845707,9.45
2022-12-25,1011010101,花叶类,362.94,362.94,1262.469,12.0,350.94,426,0,15,3.4784509836336586,12.83
2022-12-25,1011010201,花菜类,51.941,51.941,349.9588,0.252,51.689,122,0,2,6.7376215321229855,15.51
2022-12-25,1011010402,水生根茎类,105.129,105.129,714.1749,0.569,104.56,136,0,5,6.793319635875923,13.65
2022-12-25,1011010501,茄类,5.742,5.742,45.936,0.0,5.742,13,0,1,8.0,6.68
2022-12-25,1011010504,辣椒类,166.418,166.418,551.3066,1.0,165.418,230,0,10,3.3127822711485537,9.24
2022-12-25,1011010801,食用菌,160.777,160.777,1093.109,6.56,154.217,228,0,12,6.798914023772057,9.45
2022-12-26,1011010101,花叶类,253.075,253.075,933.2618,21.0,232.075,297,0,16,3.6876886298528104,12.83
2022-12-26,1011010201,花菜类,27.857,27.857,187.4023,0.315,27.542,71,0,2,6.727296550238719,15.51
2022-12-26,1011010402,水生根茎类,56.004,56.004,411.8712,0.0,56.004,74,0,5,7.354317548746518,13.65
2022-12-26,1011010501,茄类,12.022,12.022,99.688,0.0,12.022,25,0,2,8.292131092996174,6.68
2022-12-26,1011010504,辣椒类,114.691,114.691,372.8574,12.0,102.691,167,0,9,3.250973485277833,9.24
2022-12-26,1011010801,食用菌,115.933,115.933,725.348,8.405,107.528,162,0,11,6.256613733794518,9.45
2022-12-27,1011010101,花叶类,253.518,253.518,860.5306,24.926,228.592,292,0,13,3.394357008180879,12.83
2022-12-27,1011010201,花菜类,39.591,39.591,273.06989999999996,0.567,39.024,87,0,2,6.897272107297112,15.51
2022-12-27,1011010402,水生根茎类,72.514,72.514,560.8802000000001,2.0,70.514,97,0,6,7.734785007033126,13.65
2022-12-27,1011010501,茄类,6.541,6.541,53.364000000000004,0.0,6.541,15,0,2,8.15838556795597,6.68
2022-12-27,1011010504,辣椒类,121.716,121.716,404.8548,6.0,115.716,171,0,9,3.326224982746722,9.24
2022-12-27,1011010801,食用菌,102.06,102.06,648.2294,6.328,95.732,138,0,12,6.351454046639232,9.45
2022-12-28,1011010101,花叶类,257.429,257.429,957.806,7.0,250.429,302,0,16,3.720660842407033,12.83
2022-12-28,1011010201,花菜类,36.052,36.052,261.5405,1.365,34.687,76,0,2,7.2545351159436375,15.51
2022-12-28,1011010402,水生根茎类,60.286,60.286,428.6739,0.655,59.631,83,0,6,7.110670802508045,13.65
2022-12-28,1011010501,茄类,8.167,8.167,65.336,0.0,8.167,19,0,1,8.0,6.68
2022-12-28,1011010504,辣椒类,99.953,99.953,352.306,3.0,96.953,142,0,10,3.5247166168099002,9.24
2022-12-28,1011010801,食用菌,119.913,119.913,706.8052,8.394,111.519,165,0,12,5.894316712950222,9.45
2022-12-29,1011010101,花叶类,238.063,237.735,882.3608,15.1,222.635,278,0,16,3.711530906261173,12.83
2022-12-29,1011010201,花菜类,25.895,25.895,187.4054,1.086,24.809,61,0,2,7.237126858466885,15.51
2022-12-29,1011010402,水生根茎类,66.287,66.287,499.3456,1.694,64.593,88,0,6,7.533084918611491,13.65
2022-12-29,1011010501,茄类,3.656,3.656,29.248,0.0,3.656,10,0,1,8.0,6.68
2022-12-29,1011010504,辣椒类,129.853,129.853,449.756,6.0,123.853,171,0,11,3.4635780459442596,9.24
2022-12-29,1011010801,食用菌,123.439,123.439,794.3336,3.617,119.822,171,0,13,6.43502944774342,9.45
2022-12-30,1011010101,花叶类,244.088,244.088,876.406,15.738,228.35,279,0,16,3.590532922552522,12.83
2022-12-30,1011010201,花菜类,29.769,29.769,193.976,0.388,29.381,77,0,2,6.516040176022036,15.51
2022-12-30,1011010402,水生根茎类,62.525,62.525,434.072,1.86,60.665,81,0,5,6.942375049980008,13.65
2022-12-30,1011010501,茄类,6.173,6.173,50.856,0.0,6.173,16,0,2,8.238457800097198,6.68
2022-12-30,1011010504,辣椒类,118.877,118.877,434.766,6.0,112.877,170,0,10,3.6572760079746294,9.24
2022-12-30,1011010801,食用菌,131.883,131.883,781.099,2.0,129.883,166,0,11,5.922666302707703,9.45
2022-12-31,1011010101,花叶类,329.509,329.509,1187.588,22.0,307.509,371,0,14,3.6041139999210943,12.83
2022-12-31,1011010201,花菜类,39.573,39.573,318.0243,1.8210000000000002,37.752,86,0,2,8.036396027594572,15.51
2022-12-31,1011010402,水生根茎类,103.271,103.271,739.763,0.45,102.821,125,0,5,7.163317872393993,13.65
2022-12-31,1011010501,茄类,5.574,5.574,46.232,0.0,5.574,13,0,2,8.294223179045568,6.68
2022-12-31,1011010504,辣椒类,198.248,198.248,679.8118,12.538,185.71,249,0,11,3.4290978975828255,9.24
2022-12-31,1011010801,食用菌,178.021,178.021,1074.7548,3.288,174.733,243,0,12,6.03723605642031,9.45
2023-01-01,1011010101,花叶类,329.635,329.635,1295.5808,25.0,304.635,381,0,14,3.9303496291352555,12.83
2023-01-01,1011010201,花菜类,39.38,39.38,297.2144,0.0,39.38,93,0,2,7.547343829355002,15.51
2023-01-01,1011010402,水生根茎类,92.503,92.503,662.9435,0.9390000000000001,91.56400000000001,129,0,6,7.166724322454407,13.65
2023-01-01,1011010501,茄类,7.926,7.926,66.416,0.0,7.926,18,0,2,8.379510471864748,6.68
2023-01-01,1011010504,辣椒类,174.426,174.426,632.9768,9.0,165.426,220,0,10,3.6289131207503473,9.24
2023-01-01,1011010801,食用菌,159.047,159.047,1013.9092,5.234,153.813,222,0,13,6.374903016089584,9.45
2023-01-02,1011010101,花叶类,287.812,287.812,1110.4542,11.786,276.026,323,0,13,3.8582623379150274,12.83
2023-01-02,1011010201,花菜类,36.172,36.172,260.1511,1.125,35.047,84,0,2,7.192057392458255,15.51
2023-01-02,1011010402,水生根茎类,54.334,54.334,457.3587,1.675,52.659,85,0,5,8.417541502558251,13.65
2023-01-02,1011010501,茄类,17.834,17.834,147.42,0.0,17.834,27,0,2,8.266233038017269,6.68
2023-01-02,1011010504,辣椒类,154.451,154.451,583.331,8.0,146.451,210,0,12,3.7768029990093948,9.24
2023-01-02,1011010801,食用菌,132.934,132.934,856.8914,4.003,128.931,188,0,10,6.445991243775106,9.45
2023-01-03,1011010101,花叶类,215.984,215.984,837.3276,34.0,181.984,257,0,14,3.8768038373212828,12.83
2023-01-03,1011010201,花菜类,30.654,30.654,324.96639999999996,0.404,30.25,61,0,2,10.601109153780909,15.51
2023-01-03,1011010402,水生根茎类,50.818,50.818,397.9422,2.262,48.556,70,0,4,7.830733204769964,13.65
2023-01-03,1011010501,茄类,3.617,3.617,30.64,0.0,3.617,9,0,2,8.471108653580316,6.68
2023-01-03,1011010504,辣椒类,128.13400000000001,128.13400000000001,506.584,19.0,109.134,175,0,12,3.9535486287792465,9.24
2023-01-03,1011010801,食用菌,86.599,86.599,532.1046,10.212,76.387,120,0,11,6.144465871430386,9.45
2023-01-04,1011010101,花叶类,171.91,171.91,722.2416000000001,21.0,150.91,210,0,14,4.201277412599617,12.83
2023-01-04,1011010201,花菜类,27.843,27.843,288.6664,1.288,26.555,58,0,2,10.367647164457853,15.51
2023-01-04,1011010402,水生根茎类,48.908,48.908,421.39320000000004,8.328,40.58,70,0,5,8.616038275946677,13.65
2023-01-04,1011010501,茄类,3.9290000000000003,3.9290000000000003,36.1468,0.0,3.9290000000000003,10,0,1,9.2,6.68
2023-01-04,1011010504,辣椒类,123.447,123.447,473.742,31.0,92.447,157,0,11,3.8376145228316605,9.24
2023-01-04,1011010801,食用菌,88.495,88.495,494.9686,12.057,76.438,118,0,10,5.593181535679982,9.45
2023-01-05,1011010101,花叶类,186.069,186.069,819.328,21.0,165.069,232,0,14,4.403355744374399,12.83
2023-01-05,1011010201,花菜类,25.709,25.709,266.5671,1.157,24.552,51,0,2,10.368629662764013,15.51
2023-01-05,1011010402,水生根茎类,32.701,32.701,271.0648,4.955,27.746,53,0,4,8.28918993302957,13.65
2023-01-05,1011010501,茄类,5.835,5.835,54.947599999999994,0.0,5.835,12,0,2,9.416898029134533,6.68
2023-01-05,1011010504,辣椒类,108.643,108.643,511.55580000000003,11.0,97.643,142,0,11,4.708594203031949,9.24
2023-01-05,1011010801,食用菌,101.317,101.317,553.6942,20.359,80.958,134,0,9,5.464968366611724,9.45
2023-01-06,1011010101,花叶类,202.912,202.912,838.3876,41.0,161.912,235,0,14,4.131779293486832,12.83
2023-01-06,1011010201,花菜类,27.047,27.047,291.3,0.0,27.047,62,0,2,10.7701408659001,15.51
2023-01-06,1011010402,水生根茎类,61.74,60.705,437.3566,0.9450000000000001,59.76,74,0,6,7.204622354007084,13.65
2023-01-06,1011010501,茄类,6.648,6.648,62.2844,0.0,6.648,14,0,2,9.368892900120336,6.68
2023-01-06,1011010504,辣椒类,106.774,106.774,531.5872,17.244,89.53,158,0,12,4.9786202633599945,9.24
2023-01-06,1011010801,食用菌,115.083,115.083,676.0552,19.373,95.71,147,0,13,5.8745010123128525,9.45
2023-01-07,1011010101,花叶类,187.324,187.324,897.7194000000001,28.0,159.324,242,0,20,4.79233520531272,12.83
2023-01-07,1011010201,花菜类,24.605999999999998,24.605999999999998,262.2632,1.692,22.914,54,0,2,10.658506055433634,15.51
2023-01-07,1011010402,水生根茎类,53.524,53.524,383.1018,2.819,50.705,70,0,5,7.1575704356924,13.65
2023-01-07,1011010501,茄类,11.499,11.499,106.97999999999999,0.8109999999999999,10.688,27,0,2,9.303417688494651,6.68
2023-01-07,1011010504,辣椒类,112.31,112.31,554.8998,7.207,105.103,157,0,13,4.940787107114238,9.24
2023-01-07,1011010801,食用菌,108.037,108.037,681.4932,16.864,91.173,149,0,10,6.307961161453946,9.45
2023-01-08,1011010101,花叶类,219.372,219.372,940.967,23.086,196.286,270,0,18,4.289366920117426,12.83
2023-01-08,1011010201,花菜类,34.433,34.433,378.66179999999997,1.038,33.395,70,0,2,10.997060958963784,15.51
2023-01-08,1011010402,水生根茎类,56.788,56.788,412.06100000000004,0.0,56.788,76,0,5,7.256128055222935,13.65
2023-01-08,1011010501,茄类,15.154,15.154,139.4168,0.0,15.154,32,0,1,9.2,6.68
2023-01-08,1011010504,辣椒类,124.983,124.983,720.5418,2.0,122.983,183,0,14,5.765118456110031,9.24
2023-01-08,1011010801,食用菌,115.9,115.9,739.2962,5.644,110.256,160,0,9,6.378742018981881,9.45
2023-01-09,1011010101,花叶类,185.585,185.585,815.8495,27.719,157.866,204,0,17,4.396096128458658,12.83
2023-01-09,1011010201,花菜类,31.341,31.341,339.9208,0.9279999999999999,30.413,65,0,2,10.845882390478925,15.51
2023-01-09,1011010402,水生根茎类,39.959,39.959,256.1364,1.16,38.799,55,0,5,6.409980229735478,13.65
2023-01-09,1011010501,茄类,11.607,11.607,106.78439999999999,0.0,11.607,23,0,1,9.2,6.68
2023-01-09,1011010504,辣椒类,91.474,90.474,531.856,0.0,90.474,141,0,12,5.878550743860115,9.24
2023-01-09,1011010801,食用菌,100.363,100.363,620.1946,7.297,93.066,132,0,10,6.179514362862808,9.45
2023-01-10,1011010101,花叶类,200.196,200.196,880.1237,25.393,174.803,236,0,19,4.3963101160862355,12.83
2023-01-10,1011010201,花菜类,15.292,15.292,166.1978,0.382,14.91,35,0,2,10.868284070102014,15.51
2023-01-10,1011010402,水生根茎类,45.848,45.848,361.4746,2.0,43.848,58,0,5,7.88419560286163,13.65
2023-01-10,1011010501,茄类,9.913,9.913,98.5976,0.853,9.06,20,0,2,9.946292746898012,6.68
2023-01-10,1011010504,辣椒类,119.602,119.602,608.3964,20.314,99.288,169,0,11,5.08684135716794,9.24
2023-01-10,1011010801,食用菌,102.017,101.017,589.8936,29.644,71.373,136,0,9,5.839547798885336,9.45
2023-01-11,1011010101,花叶类,185.254,185.254,841.5398,28.423000000000002,156.831,210,0,20,4.542626879851447,12.83
2023-01-11,1011010201,花菜类,31.198999999999998,31.198999999999998,327.5489,0.983,30.216,65,0,2,10.498698676239623,15.51
2023-01-11,1011010402,水生根茎类,44.885,44.885,247.2916,8.214,36.671,64,0,5,5.509448590843266,13.65
2023-01-11,1011010501,茄类,9.782,9.782,97.82000000000001,0.0,9.782,21,0,1,10.0,6.68
2023-01-11,1011010504,辣椒类,126.782,126.451,658.3926,20.596,105.855,181,0,14,5.206701410032345,9.24
2023-01-11,1011010801,食用菌,88.976,88.976,621.5388,16.555,72.421,124,0,9,6.985465743571301,9.45
2023-01-12,1011010101,花叶类,202.709,202.709,887.0167,35.35,167.359,234,0,16,4.375813111406005,12.83
2023-01-12,1011010201,花菜类,27.908,27.908,309.1988,0.382,27.526,53,0,2,11.079217428694282,15.51
2023-01-12,1011010402,水生根茎类,43.65,43.65,254.916,6.0,37.65,61,0,5,5.84,13.65
2023-01-12,1011010501,茄类,9.159,9.159,91.59,0.0,9.159,19,0,1,10.0,6.68
2023-01-12,1011010504,辣椒类,113.15,113.15,669.705,10.481,102.669,172,0,16,5.9187361908970395,9.24
2023-01-12,1011010801,食用菌,87.742,87.742,620.8452,22.088,65.654,124,0,9,7.075804061908777,9.45
2023-01-13,1011010101,花叶类,215.635,215.635,986.3282,18.653,196.982,261,0,16,4.574063579660074,12.83
2023-01-13,1011010201,花菜类,29.708000000000002,29.708000000000002,300.9008,0.808,28.9,61,0,2,10.12861182173152,15.51
2023-01-13,1011010402,水生根茎类,31.759,31.759,188.7671,3.977,27.782,48,0,4,5.943735633993514,13.65
2023-01-13,1011010501,茄类,15.213000000000001,15.213000000000001,154.622,0.0,15.213000000000001,28,0,2,10.163807270097942,6.68
2023-01-13,1011010504,辣椒类,137.769,137.769,815.3246,6.547,131.222,194,0,14,5.918055585799418,9.24
2023-01-13,1011010801,食用菌,123.264,123.264,764.909,34.069,89.19500000000001,158,0,9,6.205453335929388,9.45
2023-01-14,1011010101,花叶类,447.993,447.993,2151.747,20.0,427.993,513,0,15,4.8030817445808305,12.83
2023-01-14,1011010201,花菜类,55.134,55.134,573.5493,2.315,52.819,113,0,2,10.402824028730004,15.51
2023-01-14,1011010402,水生根茎类,112.724,112.724,933.1014,1.363,111.361,135,0,4,8.277752741208616,13.65
2023-01-14,1011010501,茄类,31.542,31.542,378.504,0.0,31.542,68,0,2,12.0,6.68
2023-01-14,1011010504,辣椒类,197.217,197.217,1420.3638,1.673,195.544,322,0,18,7.202035321498654,9.24
2023-01-14,1011010801,食用菌,204.679,204.679,1579.7132000000001,5.111,199.568,296,0,9,7.718003312503971,9.45
2023-01-15,1011010101,花叶类,278.968,278.968,1373.092,10.788,268.18,335,0,14,4.922041237704683,12.83
2023-01-15,1011010201,花菜类,61.584,61.584,626.2273,1.617,59.967,126,0,2,10.16866881008054,15.51
2023-01-15,1011010402,水生根茎类,92.61,92.61,866.9470000000001,0.0,92.61,81,0,3,9.361267681675846,13.65
2023-01-15,1011010501,茄类,21.246,21.246,264.668,0.0,21.246,38,0,2,12.457309611220937,6.68
2023-01-15,1011010504,辣椒类,154.044,154.044,1050.345,4.0,150.044,244,0,17,6.818473942509932,9.24
2023-01-15,1011010801,食用菌,179.148,179.046,1177.5844,10.0,169.046,230,0,10,6.576993621750835,9.45
2023-01-16,1011010101,花叶类,216.173,216.173,1016.6856,9.0,207.173,256,0,13,4.703110934297993,12.83
2023-01-16,1011010201,花菜类,46.516,46.516,447.3712,4.192,42.324,100,0,2,9.617576747785709,15.51
2023-01-16,1011010402,水生根茎类,61.379,61.379,504.96360000000004,1.0,60.379,68,0,4,8.226976653252741,13.65
2023-01-16,1011010501,茄类,21.066,21.066,261.404,0.0,21.066,34,0,2,12.408810405392575,6.68
2023-01-16,1011010504,辣椒类,121.081,121.081,1134.9328,3.0,118.081,229,0,16,9.373335205358396,9.24
2023-01-16,1011010801,食用菌,144.546,144.546,1052.4412,18.0,126.54599999999999,193,0,11,7.2810122729096625,9.45
2023-01-17,1011010101,花叶类,180.232,180.232,990.5854,8.734,171.498,224,0,14,5.496168272004971,12.83
2023-01-17,1011010201,花菜类,39.869,39.869,407.7638,0.917,38.952,80,0,2,10.227590358423837,15.51
2023-01-17,1011010402,水生根茎类,86.319,86.319,721.0308,0.0,86.319,84,0,4,8.35309491537205,13.65
2023-01-17,1011010501,茄类,22.71,22.71,286.23,0.0,22.71,41,0,2,12.603698811096434,6.68
2023-01-17,1011010504,辣椒类,117.137,117.137,1234.2638,1.0,116.137,231,0,15,10.536925138939873,9.24
2023-01-17,1011010801,食用菌,166.406,166.406,1114.4494,29.223,137.183,205,0,11,6.697170775092244,9.45
2023-01-18,1011010101,花叶类,281.893,281.893,1466.7079,20.349,261.544,349,0,13,5.203066056979067,12.83
2023-01-18,1011010201,花菜类,58.399,58.399,641.0414,1.442,56.957,106,0,3,10.976924262401752,15.51
2023-01-18,1011010402,水生根茎类,84.28,84.28,727.4232000000001,1.0,83.28,84,0,4,8.631029900332226,13.65
2023-01-18,1011010501,茄类,41.459,41.459,509.272,0.0,41.459,65,0,2,12.283750211051881,6.68
2023-01-18,1011010504,辣椒类,218.267,218.267,2625.645,0.0,218.267,459,0,16,12.029509728910005,9.24
2023-01-18,1011010801,食用菌,212.899,212.899,1765.2814,11.844,201.055,282,0,12,8.291637818871859,9.45
2023-01-19,1011010101,花叶类,371.074,371.074,2154.6867,7.645,363.429,447,0,14,5.80662266825485,12.83
2023-01-19,1011010201,花菜类,104.101,104.101,1145.8716,0.0,104.101,171,0,3,11.007306365933085,15.51
2023-01-19,1011010402,水生根茎类,157.124,157.124,1355.2014000000001,1.0,156.124,163,0,4,8.625043914360633,13.65
2023-01-19,1011010501,茄类,61.759,61.759,877.47,0.0,61.759,96,0,2,14.207969688628378,6.68
2023-01-19,1011010504,辣椒类,350.275,350.275,4398.7011999999995,0.0,350.275,744,0,17,12.557850831489544,9.24
2023-01-19,1011010801,食用菌,386.359,385.359,3179.0694000000003,11.0,374.359,507,0,11,8.24963060418986,9.45
2023-01-20,1011010101,花叶类,594.071,594.071,3911.2804,15.415,578.656,777,0,15,6.583860178328853,12.83
2023-01-20,1011010201,花菜类,139.43,138.786,1563.1508,0.0,138.786,240,0,3,11.263029412188548,15.51
2023-01-20,1011010402,水生根茎类,252.074,252.074,2054.9944,0.0,252.074,287,0,4,8.15234573974309,13.65
2023-01-20,1011010501,茄类,75.97,75.97,1078.53,0.0,75.97,126,0,2,14.196788205870739,6.68
2023-01-20,1011010504,辣椒类,604.231,604.231,6036.3912,0.0,604.231,1140,0,15,9.990204408578839,9.24
2023-01-20,1011010801,食用菌,456.255,455.941,3738.4468,6.05,449.891,607,0,12,8.199409134076559,9.45
2023-01-22,1011010101,花叶类,219.378,219.378,1536.4592,8.0,211.378,300,0,13,7.003706843895013,12.83
2023-01-22,1011010201,花菜类,34.134,34.134,373.1716,0.0,34.134,56,0,2,10.932548192418118,15.51
2023-01-22,1011010402,水生根茎类,39.08,39.08,291.06,3.0,36.08,41,0,2,7.447799385875128,13.65
2023-01-22,1011010501,茄类,17.629,17.629,246.806,0.0,17.629,29,0,1,14.0,6.68
2023-01-22,1011010504,辣椒类,91.232,91.232,753.4644,0.0,91.232,172,0,10,8.25877323746054,9.24
2023-01-22,1011010801,食用菌,91.901,91.901,804.4158000000001,1.0,90.901,124,0,7,8.753069063448713,9.45
2023-01-23,1011010101,花叶类,291.352,291.352,2027.2952,7.368,283.984,387,0,14,6.9582333397402465,12.83
2023-01-23,1011010201,花菜类,66.018,66.018,725.884,0.0,66.018,110,0,2,10.995243721409313,15.51
2023-01-23,1011010402,水生根茎类,46.756,46.756,383.29200000000003,2.0,44.756,56,0,2,8.19770724612884,13.65
2023-01-23,1011010501,茄类,31.043,31.043,434.602,0.0,31.043,51,0,1,14.0,6.68
2023-01-23,1011010504,辣椒类,124.14,124.14,998.1356,0.0,124.14,246,0,10,8.040402771064926,9.24
2023-01-23,1011010801,食用菌,146.538,146.538,1196.0968,9.0,137.538,191,0,5,8.162366075693676,9.45
2023-01-24,1011010101,花叶类,205.447,205.447,1126.55,2.0,203.447,289,0,9,5.483409346449449,12.83
2023-01-24,1011010201,花菜类,89.421,89.421,1008.12,0.0,89.421,161,0,2,11.273861844533162,15.51
2023-01-24,1011010402,水生根茎类,84.834,84.834,690.6168,0.0,84.834,92,0,3,8.14080203691916,13.65
2023-01-24,1011010501,茄类,31.05,31.05,452.4212,0.251,30.799,57,0,3,14.570731078904991,6.68
2023-01-24,1011010504,辣椒类,181.951,181.951,1615.442,0.0,181.951,369,0,8,8.878445295711483,9.24
2023-01-24,1011010801,食用菌,48.517,48.517,774.4204000000001,4.0,44.517,131,0,3,15.961836057464394,9.45
2023-01-25,1011010101,花叶类,245.072,245.072,1957.5438000000001,0.0,245.072,352,0,10,7.987627309525364,12.83
2023-01-25,1011010201,花菜类,114.337,114.337,1308.594,0.0,114.337,190,0,3,11.445061528639023,15.51
2023-01-25,1011010402,水生根茎类,97.229,97.229,765.29,10.0,87.229,109,0,3,7.871005564183525,13.65
2023-01-25,1011010501,茄类,38.923,38.246,557.6659999999999,0.0,38.246,77,0,2,14.581028081367984,6.68
2023-01-25,1011010504,辣椒类,140.698,140.698,1486.757,0.0,140.698,328,0,9,10.567008770558218,9.24
2023-01-25,1011010801,食用菌,165.671,165.671,2140.7524,0.0,165.671,325,0,7,12.921708687700322,9.45
2023-01-26,1011010101,花叶类,272.125,272.125,2322.2886,0.0,272.125,416,0,10,8.533903904455672,12.83
2023-01-26,1011010201,花菜类,60.15,60.15,665.7484,0.0,60.15,114,0,3,11.068136325852036,15.51
2023-01-26,1011010402,水生根茎类,72.927,72.927,550.8716000000001,6.0,66.927,86,0,3,7.553740041411275,13.65
2023-01-26,1011010501,茄类,32.835,32.835,467.186,0.0,32.835,65,0,2,14.228292980051773,6.68
2023-01-26,1011010504,辣椒类,226.705,226.705,2139.901,2.0,224.705,422,0,12,9.439143380163648,9.24
2023-01-26,1011010801,食用菌,204.906,204.906,1922.9354,1.0,203.906,332,0,9,9.38447580841947,9.45
2023-01-27,1011010101,花叶类,283.135,283.135,2021.0304,0.0,283.135,456,0,10,7.138045102159747,12.83
2023-01-27,1011010201,花菜类,69.283,69.283,738.0592,0.0,69.283,124,0,3,10.65281815163893,15.51
2023-01-27,1011010402,水生根茎类,89.434,88.434,662.7912,1.0,87.434,104,0,3,7.494755410814845,13.65
2023-01-27,1011010501,茄类,31.75,31.75,444.5,0.0,31.75,60,0,2,14.0,6.68
2023-01-27,1011010504,辣椒类,284.492,284.492,2056.3072,2.0,282.492,456,0,18,7.227996569323566,9.24
2023-01-27,1011010801,食用菌,215.811,215.811,1751.7204000000002,5.0,210.811,320,0,12,8.116918970766088,9.45
2023-01-28,1011010101,花叶类,235.443,235.443,1705.154,0.0,235.443,332,0,10,7.242321920804611,12.83
2023-01-28,1011010201,花菜类,43.626,43.626,484.664,0.0,43.626,80,0,2,11.109521844771466,15.51
2023-01-28,1011010402,水生根茎类,63.873,63.873,456.6448,4.0,59.873,76,0,3,7.149261816416952,13.65
2023-01-28,1011010501,茄类,30.240000000000002,30.240000000000002,423.36,0.0,30.240000000000002,62,0,2,14.0,6.68
2023-01-28,1011010504,辣椒类,246.343,246.343,1553.0586,0.0,246.343,349,0,14,6.3044559821062505,9.24
2023-01-28,1011010801,食用菌,163.237,163.237,1295.633,5.0,158.237,233,0,10,7.937128224605941,9.45
2023-01-29,1011010101,花叶类,229.694,229.694,1388.4644,0.0,229.694,312,0,13,6.044844009856592,12.83
2023-01-29,1011010201,花菜类,40.249,40.249,436.3428,0.0,40.249,87,0,2,10.841084250540385,15.51
2023-01-29,1011010402,水生根茎类,48.473,48.473,375.852,0.0,48.473,57,0,4,7.753842345223114,13.65
2023-01-29,1011010501,茄类,15.298,15.298,214.172,0.0,15.298,35,0,2,14.0,6.68
2023-01-29,1011010504,辣椒类,194.121,194.121,1256.2296000000001,1.0,193.121,271,0,13,6.471374039902948,9.24
2023-01-29,1011010801,食用菌,122.262,122.262,905.3756000000001,3.0,119.262,172,0,11,7.405208486692513,9.45
2023-01-30,1011010101,花叶类,218.18,217.18,1192.4548,6.0,211.18,255,0,11,5.490628971360162,12.83
2023-01-30,1011010201,花菜类,42.686,42.686,406.0313,1.267,41.419,91,0,2,9.512048446797545,15.51
2023-01-30,1011010402,水生根茎类,52.383,52.383,397.5072,4.0,48.383,63,0,4,7.588477177710326,13.65
2023-01-30,1011010501,茄类,15.248,15.248,213.472,0.0,15.248,35,0,2,14.000000000000002,6.68
2023-01-30,1011010504,辣椒类,153.832,153.832,1039.4452,2.0,151.832,239,0,13,6.75701544542098,9.24
2023-01-30,1011010801,食用菌,113.826,113.826,844.9528,7.556,106.27,166,0,11,7.423196809164867,9.45
2023-01-31,1011010101,花叶类,202.836,202.836,1262.7896,13.0,189.836,257,0,15,6.225668027371867,12.83
2023-01-31,1011010201,花菜类,37.502,37.502,358.2106,1.005,36.497,81,0,2,9.5517732387606,15.51
2023-01-31,1011010402,水生根茎类,40.683,40.683,295.0536,0.0,40.683,57,0,4,7.2525035026915425,13.65
2023-01-31,1011010501,茄类,13.52,13.52,189.28,0.0,13.52,32,0,2,14.0,6.68
2023-01-31,1011010504,辣椒类,157.934,157.934,995.2484000000001,4.0,153.934,214,0,12,6.301672850684463,9.24
2023-01-31,1011010801,食用菌,104.426,104.426,710.6556,11.262,93.164,145,0,11,6.805351157757647,9.45
2023-02-01,1011010101,花叶类,156.42,156.42,1026.3592,6.0,150.42,221,0,15,6.561559902825727,12.83
2023-02-01,1011010201,花菜类,33.307,33.307,317.3828,1.528,31.779,59,0,2,9.529011919416337,15.51
2023-02-01,1011010402,水生根茎类,34.281,33.281,225.5728,2.0,31.281,43,0,4,6.7778251855413005,13.65
2023-02-01,1011010501,茄类,12.689,12.689,177.64600000000002,0.0,12.689,30,0,2,14.000000000000002,6.68
2023-02-01,1011010504,辣椒类,136.909,136.909,802.7760000000001,13.0,123.909,180,0,10,5.863573614590714,9.24
2023-02-01,1011010801,食用菌,92.321,92.321,656.5018,11.129999999999999,81.191,135,0,10,7.111077652971697,9.45
2023-02-02,1011010101,花叶类,204.688,204.688,1144.1902,19.0,185.688,261,0,15,5.589923200187603,12.83
2023-02-02,1011010201,花菜类,41.747,41.747,404.3669,0.371,41.376,89,0,2,9.686130739933407,15.51
2023-02-02,1011010402,水生根茎类,32.252,32.252,236.2056,0.0,32.252,40,0,4,7.323750465087436,13.65
2023-02-02,1011010501,茄类,15.701,15.701,193.772,0.0,15.701,34,0,2,12.341379529966243,6.68
2023-02-02,1011010504,辣椒类,142.663,142.663,930.3378,12.484,130.179,200,0,12,6.521226947421545,9.24
2023-02-02,1011010801,食用菌,125.853,125.853,855.0310000000001,14.665,111.188,170,0,10,6.79388651839845,9.45
2023-02-03,1011010101,花叶类,189.282,189.282,1177.8684,10.0,179.282,263,0,14,6.222823089358735,12.83
2023-02-03,1011010201,花菜类,53.285000000000004,53.285000000000004,514.7936,0.502,52.783,107,0,2,9.661135403959838,15.51
2023-02-03,1011010402,水生根茎类,54.97,54.97,338.7464,1.0,53.97,67,0,4,6.162386756412588,13.65
2023-02-03,1011010501,茄类,14.786,14.786,177.43200000000002,0.0,14.786,35,0,2,12.000000000000002,6.68
2023-02-03,1011010504,辣椒类,187.654,187.654,1212.2277000000001,10.658,176.996,267,0,10,6.459908661685869,9.24
2023-02-03,1011010801,食用菌,125.441,125.441,729.289,24.57,100.871,152,0,11,5.81380091038815,9.45
2023-02-04,1011010101,花叶类,252.725,252.725,1719.3176,8.0,244.725,353,0,18,6.803116430903156,12.83
2023-02-04,1011010201,花菜类,39.93,39.93,402.7608,1.032,38.898,87,0,2,10.086671675432006,15.51
2023-02-04,1011010402,水生根茎类,85.605,85.605,543.6184000000001,5.0,80.605,108,0,4,6.350311313591496,13.65
2023-02-04,1011010501,茄类,20.698,20.698,248.376,0.0,20.698,49,0,2,12.0,6.68
2023-02-04,1011010504,辣椒类,232.871,232.871,1562.6496,11.084,221.787,355,0,13,6.710365824855821,9.24
2023-02-04,1011010801,食用菌,126.55,126.55,762.755,0.0,126.55,131,0,11,6.027301461872778,9.45
2023-02-05,1011010101,花叶类,281.351,281.351,1788.4028,9.0,272.351,372,0,17,6.3564828275001695,12.83
2023-02-05,1011010201,花菜类,39.59,39.59,391.1804,2.23,37.36,83,0,3,9.880788077797423,15.51
2023-02-05,1011010402,水生根茎类,83.513,83.513,483.5876,4.0,79.513,97,0,5,5.790566738112629,13.65
2023-02-05,1011010501,茄类,15.281,15.281,183.372,0.0,15.281,36,0,2,12.0,6.68
2023-02-05,1011010504,辣椒类,140.199,140.199,1154.9584,7.0,133.199,253,0,13,8.237993138324809,9.24
2023-02-05,1011010801,食用菌,112.777,112.777,972.5326,0.0,112.777,195,0,12,8.6235012458214,9.45
2023-02-06,1011010101,花叶类,179.662,179.662,912.0412,11.620000000000001,168.042,227,0,19,5.076427959167771,12.83
2023-02-06,1011010201,花菜类,34.646,34.646,350.6188,1.236,33.410000000000004,71,0,2,10.120036945101887,15.51
2023-02-06,1011010402,水生根茎类,11.684,11.684,69.692,3.1109999999999998,8.573,23,0,3,5.96473810338925,13.65
2023-02-06,1011010501,茄类,12.377,12.377,148.524,0.0,12.377,28,0,2,12.0,6.68
2023-02-06,1011010504,辣椒类,91.363,91.363,550.9554,10.0,81.363,131,0,11,6.030399614723685,9.24
2023-02-06,1011010801,食用菌,79.476,79.476,616.9757,11.941,67.535,129,0,14,7.763044189440837,9.45
2023-02-07,1011010101,花叶类,154.543,154.543,784.7646,11.203,143.34,188,0,17,5.077969238334961,12.83
2023-02-07,1011010201,花菜类,33.83,33.83,372.68420000000003,3.838,29.992,74,0,2,11.01638190954774,15.51
2023-02-07,1011010402,水生根茎类,25.653,25.653,150.2208,3.254,22.399,47,0,4,5.855876505671851,13.65
2023-02-07,1011010501,茄类,12.441,12.441,149.292,0.0,12.441,27,0,2,12.0,6.68
2023-02-07,1011010504,辣椒类,99.937,99.937,643.4482,6.995,92.942,161,0,10,6.438538279115844,9.24
2023-02-07,1011010801,食用菌,63.807,63.807,471.551,11.95,51.857,103,0,10,7.390270659958938,9.45
2023-02-08,1011010101,花叶类,161.297,161.297,903.4744000000001,19.721,141.576,208,0,17,5.601309385791429,12.83
2023-02-08,1011010201,花菜类,35.924,35.924,389.99920000000003,4.64,31.284,79,0,2,10.856229818505735,15.51
2023-02-08,1011010402,水生根茎类,41.347,40.347,251.2956,1.671,38.676,59,0,5,6.2283589857982005,13.65
2023-02-08,1011010501,茄类,8.429,8.429,101.148,0.0,8.429,19,0,2,12.0,6.68
2023-02-08,1011010504,辣椒类,93.975,93.975,579.297,8.0,85.975,135,0,12,6.164373503591381,9.24
2023-02-08,1011010801,食用菌,75.372,75.372,481.1622,21.394,53.978,106,0,9,6.383832192326063,9.45
2023-02-09,1011010101,花叶类,203.645,203.645,1068.3908000000001,25.0,178.645,254,0,17,5.246339463281691,12.83
2023-02-09,1011010201,花菜类,30.833,30.833,319.5675,7.167,23.666,73,0,2,10.36446339960432,15.51
2023-02-09,1011010402,水生根茎类,42.757,42.757,286.5624,3.8560000000000003,38.900999999999996,62,0,5,6.702116612484506,13.65
2023-02-09,1011010501,茄类,13.362,13.362,160.344,0.0,13.362,30,0,2,12.0,6.68
2023-02-09,1011010504,辣椒类,138.13,138.13,864.0664,6.432,131.698,212,0,12,6.255457901976399,9.24
2023-02-09,1011010801,食用菌,88.67,88.67,606.5442,21.804000000000002,66.866,130,0,11,6.840466899740612,9.45
2023-02-10,1011010101,花叶类,175.847,175.847,960.4128000000001,9.0,166.847,206,0,18,5.461638811011846,12.83
2023-02-10,1011010201,花菜类,31.996,31.996,358.9261,2.741,29.255,72,0,2,11.21784285535692,15.51
2023-02-10,1011010402,水生根茎类,49.257,49.257,335.394,4.311,44.946,72,0,4,6.809062671295451,13.65
2023-02-10,1011010501,茄类,12.794,12.794,153.528,0.0,12.794,27,0,2,11.999999999999998,6.68
2023-02-10,1011010504,辣椒类,125.468,125.468,785.3334,10.532,114.936,192,0,12,6.259232633021965,9.24
2023-02-10,1011010801,食用菌,103.7,103.7,770.8558,12.471,91.229,153,0,10,7.433517839922855,9.45
2023-02-11,1011010101,花叶类,243.908,243.908,1427.4924,3.0,240.908,327,0,19,5.852585401052857,12.83
2023-02-11,1011010201,花菜类,53.417,53.417,534.17,0.0,53.417,109,0,2,9.999999999999998,15.51
2023-02-11,1011010402,水生根茎类,77.149,77.149,482.5978,4.9879999999999995,72.161,101,0,4,6.255399292278578,13.65
2023-02-11,1011010501,茄类,16.919,16.919,176.416,0.0,16.919,39,0,2,10.427093799869969,6.68
2023-02-11,1011010504,辣椒类,164.9,164.9,1042.9868,0.0,164.9,260,0,12,6.324965433596118,9.24
2023-02-11,1011010801,食用菌,143.531,143.531,1021.111,17.51,126.021,211,0,12,7.114219227901986,9.45
2023-02-12,1011010101,花叶类,309.307,309.307,1602.2994,2.0,307.307,377,0,18,5.1802881926370885,12.83
2023-02-12,1011010201,花菜类,48.809,48.809,482.39,1.4249999999999998,47.384,107,0,2,9.883218258927657,15.51
2023-02-12,1011010402,水生根茎类,74.087,74.087,422.05,2.349,71.738,92,0,4,5.696680929177858,13.65
2023-02-12,1011010501,茄类,28.032,28.032,286.478,0.0,28.032,55,0,2,10.219677511415526,6.68
2023-02-12,1011010504,辣椒类,158.806,158.806,1143.26,5.0,153.806,294,0,13,7.199098270846189,9.24
2023-02-12,1011010801,食用菌,109.179,109.179,793.2570000000001,4.0,105.179,165,0,10,7.265655483197318,9.45
2023-02-13,1011010101,花叶类,226.189,226.189,1089.286,13.0,213.189,276,0,19,4.81582216641835,12.83
2023-02-13,1011010201,花菜类,33.601,33.601,322.3692,0.0,33.601,73,0,2,9.594035891788934,15.51
2023-02-13,1011010402,水生根茎类,30.456,30.456,260.6152,1.3639999999999999,29.092,33,0,3,8.557105332282639,13.65
2023-02-13,1011010501,茄类,14.143,14.143,143.554,0.0,14.143,32,0,2,10.150180301209078,6.68
2023-02-13,1011010504,辣椒类,107.056,107.056,650.209,3.0,104.056,170,0,13,6.073540950530563,9.24
2023-02-13,1011010801,食用菌,103.147,103.147,714.7214,16.448,86.699,152,0,12,6.929153538154284,9.45
2023-02-14,1011010101,花叶类,160.285,160.285,806.7142,7.2509999999999994,153.034,199,0,15,5.032998721028169,12.83
2023-02-14,1011010201,花菜类,37.56,37.56,351.0848,1.607,35.953,86,0,2,9.347305644302448,15.51
2023-02-14,1011010402,水生根茎类,39.561,39.561,237.60000000000002,2.0,37.561,60,0,3,6.005914916205354,13.65
2023-02-14,1011010501,茄类,14.301,14.301,149.062,0.0,14.301,34,0,3,10.423187189707015,6.68
2023-02-14,1011010504,辣椒类,108.672,108.672,632.6418,0.0,108.672,150,0,10,5.821571333922262,9.24
2023-02-14,1011010801,食用菌,75.069,75.069,530.242,17.0,58.069,122,0,9,7.063395009924203,9.45
2023-02-15,1011010101,花叶类,184.475,184.475,902.4196000000001,20.645,163.83,217,0,19,4.891825992681936,12.83
2023-02-15,1011010201,花菜类,31.355,31.355,286.94919999999996,2.64,28.715,70,0,2,9.151624940200923,15.51
2023-02-15,1011010402,水生根茎类,41.209,41.209,221.06,2.37,38.839,55,0,3,5.36436215389842,13.65
2023-02-15,1011010501,茄类,6.735,6.735,75.498,0.0,6.735,16,0,2,11.209799554565702,6.68
2023-02-15,1011010504,辣椒类,105.647,105.647,627.5458,0.0,105.647,157,0,9,5.9400247995683735,9.24
2023-02-15,1011010801,食用菌,72.725,72.525,549.644,5.0,67.525,120,0,10,7.578683212685281,9.45
2023-02-16,1011010101,花叶类,155.351,155.351,772.8698,10.616,144.735,197,0,19,4.974990827223514,12.83
2023-02-16,1011010201,花菜类,34.159,34.159,315.6092,1.657,32.502,74,0,2,9.239415673760941,15.51
2023-02-16,1011010402,水生根茎类,32.783,32.783,226.0328,4.0,28.783,43,0,3,6.89481743586615,13.65
2023-02-16,1011010501,茄类,7.394,7.394,87.924,0.0,7.394,18,0,3,11.891263186367325,6.68
2023-02-16,1011010504,辣椒类,105.95,105.95,619.7962,9.232,96.718,150,0,12,5.849893345917885,9.24
2023-02-16,1011010801,食用菌,74.701,74.701,527.0584,17.548000000000002,57.153,115,0,10,7.05557355323222,9.45
2023-02-17,1011010101,花叶类,160.609,160.609,858.3024,25.0,135.609,205,0,21,5.3440492126842205,12.83
2023-02-17,1011010201,花菜类,38.594,38.594,359.7896,1.436,37.158,86,0,3,9.322423174586723,15.51
2023-02-17,1011010402,水生根茎类,28.471,28.471,190.9744,7.0,21.471,33,0,3,6.707681500474167,13.65
2023-02-17,1011010501,茄类,8.283,8.283,100.256,0.0,8.283,19,0,3,12.103827115779307,6.68
2023-02-17,1011010504,辣椒类,136.319,136.319,746.06,14.408,121.911,190,0,12,5.472898128654113,9.24
2023-02-17,1011010801,食用菌,104.876,104.876,608.1616,22.332,82.544,110,0,11,5.798863419657501,9.45
2023-02-18,1011010101,花叶类,285.815,285.815,1782.7636,3.0,282.815,379,0,21,6.237473890453615,12.83
2023-02-18,1011010201,花菜类,48.488,48.488,445.8096,2.54,45.948,115,0,2,9.194225375350602,15.51
2023-02-18,1011010402,水生根茎类,65.745,65.745,425.9464,8.0,57.745,88,0,3,6.47876492508936,13.65
2023-02-18,1011010501,茄类,21.074,21.074,252.888,0.0,21.074,46,0,2,12.0,6.68
2023-02-18,1011010504,辣椒类,181.095,181.095,1069.3938,5.0,176.095,250,0,10,5.905153648637456,9.24
2023-02-18,1011010801,食用菌,134.317,134.317,1023.206,15.0,119.31700000000001,222,0,12,7.617844353283649,9.45
2023-02-19,1011010101,花叶类,230.404,230.404,1225.1448,49.0,181.404,274,0,21,5.317376434436903,12.83
2023-02-19,1011010201,花菜类,45.805,45.805,385.0444,10.746,35.059,109,0,2,8.406165265800677,15.51
2023-02-19,1011010402,水生根茎类,48.268,48.268,332.6368,2.0,46.268,60,0,3,6.891456037126046,13.65
2023-02-19,1011010501,茄类,17.567,17.567,212.15200000000002,0.0,17.567,38,0,3,12.076734786816191,6.68
2023-02-19,1011010504,辣椒类,162.066,162.066,956.3342,4.273,157.793,216,0,10,5.900893463156986,9.24
2023-02-19,1011010801,食用菌,105.097,105.097,776.8798,13.056000000000001,92.041,167,0,10,7.392026413694017,9.45
2023-02-20,1011010101,花叶类,140.164,139.164,662.304,31.0,108.164,165,0,20,4.759161852203156,12.83
2023-02-20,1011010201,花菜类,29.447,29.447,250.5572,5.904,23.543,63,0,2,8.508751315923524,15.51
2023-02-20,1011010402,水生根茎类,24.15,24.15,156.9848,3.0,21.15,31,0,3,6.50040579710145,13.65
2023-02-20,1011010501,茄类,7.391,7.391,91.786,0.0,7.391,15,0,2,12.418617237180355,6.68
2023-02-20,1011010504,辣椒类,61.627,61.627,450.39,15.06,46.567,107,0,8,7.308322650786181,9.24
2023-02-20,1011010801,食用菌,66.776,65.776,410.53340000000003,22.898,42.878,104,0,9,6.241385915835564,9.45
2023-02-21,1011010101,花叶类,150.154,150.154,763.9846,26.107,124.047,174,0,17,5.088006979501046,12.83
2023-02-21,1011010201,花菜类,29.466,29.466,253.49499999999998,0.742,28.724,72,0,3,8.602966130455439,15.51
2023-02-21,1011010402,水生根茎类,24.144,24.144,161.428,3.0,21.144,38,0,3,6.686050364479788,13.65
2023-02-21,1011010501,茄类,12.593,12.593,151.116,0.0,12.593,26,0,2,12.000000000000002,6.68
2023-02-21,1011010504,辣椒类,101.221,101.221,655.904,11.616,89.605,159,0,11,6.479920174667312,9.24
2023-02-21,1011010801,食用菌,55.615,55.615,394.94,13.0,42.615,97,0,8,7.101321585903084,9.45
2023-02-22,1011010101,花叶类,138.874,138.874,722.1778,30.0,108.874,169,0,18,5.200237625473451,12.83
2023-02-22,1011010201,花菜类,29.54,29.54,239.25719999999998,4.884,24.656,66,0,2,8.099431279620854,15.51
2023-02-22,1011010402,水生根茎类,31.124,31.124,202.9924,3.0,28.124,37,0,3,6.522053720601465,13.65
2023-02-22,1011010501,茄类,9.991,9.991,119.892,0.0,9.991,26,0,2,12.0,6.68
2023-02-22,1011010504,辣椒类,82.293,82.293,618.312,11.586,70.707,146,0,11,7.5135430717071925,9.24
2023-02-22,1011010801,食用菌,74.474,74.474,457.1504,16.208,58.266,107,0,9,6.1383892365120705,9.45
2023-02-23,1011010101,花叶类,154.467,154.467,781.4976,28.0,126.467,194,0,19,5.059317524131368,12.83
2023-02-23,1011010201,花菜类,33.284,33.284,250.22459999999998,7.382,25.902,64,0,3,7.517864439370268,15.51
2023-02-23,1011010402,水生根茎类,22.517,22.517,127.3514,3.818,18.699,29,0,3,5.655788959452858,13.65
2023-02-23,1011010501,茄类,11.31,11.31,139.09,0.0,11.31,27,0,3,12.297966401414676,6.68
2023-02-23,1011010504,辣椒类,104.048,104.048,658.6238,12.483,91.565,155,0,11,6.3299996155620475,9.24
2023-02-23,1011010801,食用菌,77.906,77.906,494.1822,23.004,54.902,114,0,9,6.343313737067748,9.45
2023-02-24,1011010101,花叶类,134.956,134.956,704.118,15.0,119.956,163,0,16,5.217389371350663,12.83
2023-02-24,1011010201,花菜类,31.17,31.17,267.2292,2.199,28.971,63,0,2,8.573282001924927,15.51
2023-02-24,1011010402,水生根茎类,35.391,35.391,209.1016,6.0,29.391,47,0,3,5.908326975784804,13.65
2023-02-24,1011010501,茄类,11.328,11.328,151.482,0.0,11.328,28,0,3,13.372351694915254,6.68
2023-02-24,1011010504,辣椒类,134.183,134.183,864.0634,10.69,123.493,197,0,11,6.4394401675324,9.24
2023-02-24,1011010801,食用菌,83.785,83.785,615.6348,14.350999999999999,69.434,144,0,9,7.3477925643014865,9.45
2023-02-25,1011010101,花叶类,219.47,219.47,1136.8502,39.0,180.47,266,0,17,5.179979951701828,12.83
2023-02-25,1011010201,花菜类,44.994,44.994,381.9428,2.84,42.154,98,0,2,8.488749611059252,15.51
2023-02-25,1011010402,水生根茎类,41.824,41.824,263.336,5.0,36.824,53,0,3,6.296289211935731,13.65
2023-02-25,1011010501,茄类,10.979000000000001,10.979000000000001,146.848,0.0,10.979000000000001,29,0,2,13.375352946534292,6.68
2023-02-25,1011010504,辣椒类,170.605,170.605,1135.4308,14.484,156.121,258,0,13,6.6553195979015864,9.24
2023-02-25,1011010801,食用菌,115.867,115.867,828.0384,14.188,101.679,189,0,9,7.146455850242088,9.45
2023-02-26,1011010101,花叶类,243.01,243.01,1119.8628,47.0,196.01,296,0,20,4.608299246944571,12.83
2023-02-26,1011010201,花菜类,47.396,47.396,399.69719999999995,4.7989999999999995,42.597,97,0,2,8.433142037302725,15.51
2023-02-26,1011010402,水生根茎类,34.64,34.64,208.272,0.0,34.64,48,0,2,6.012471131639723,13.65
2023-02-26,1011010501,茄类,14.041,14.041,187.376,0.0,14.041,32,0,3,13.34491845310163,6.68
2023-02-26,1011010504,辣椒类,149.738,149.738,1029.0994,27.214,122.524,226,0,12,6.872666924895484,9.24
2023-02-26,1011010801,食用菌,92.628,92.628,565.7202,15.443999999999999,77.184,130,0,9,6.107442673921492,9.45
2023-02-27,1011010101,花叶类,136.926,136.926,716.2076,8.0,128.926,164,0,15,5.230617998042739,12.83
2023-02-27,1011010201,花菜类,13.221,13.221,121.63319999999999,0.0,13.221,33,0,1,9.2,15.51
2023-02-27,1011010402,水生根茎类,13.331,13.331,102.8589,1.295,12.036,16,0,3,7.715767759357888,13.65
2023-02-27,1011010501,茄类,8.846,8.846,122.39,0.0,8.846,21,0,3,13.83563192403346,6.68
2023-02-27,1011010504,辣椒类,88.884,88.884,630.237,11.326,77.558,136,0,13,7.090556230592682,9.24
2023-02-27,1011010801,食用菌,65.006,65.006,484.6718,13.656,51.35,111,0,9,7.45580100298434,9.45
2023-02-28,1011010101,花叶类,115.968,115.968,595.5288,8.0,107.968,149,0,20,5.13528559602649,12.83
2023-02-28,1011010201,花菜类,27.118,27.118,232.05519999999999,0.302,26.816,56,0,2,8.557238734419942,15.51
2023-02-28,1011010402,水生根茎类,21.011,21.011,147.9436,0.0,21.011,30,0,3,7.041245062110324,13.65
2023-02-28,1011010501,茄类,7.007,7.007,95.172,0.0,7.007,15,0,3,13.582417582417582,6.68
2023-02-28,1011010504,辣椒类,96.706,96.706,640.2149,7.61,89.096,144,0,13,6.620219014332099,9.24
2023-02-28,1011010801,食用菌,61.482,61.482,467.255,14.205,47.277,101,0,9,7.599866627630852,9.45
2023-03-01,1011010101,花叶类,139.125,139.125,646.8802000000001,22.0,117.125,168,0,17,4.649633063791555,12.83
2023-03-01,1011010201,花菜类,23.98,23.98,201.8208,2.2359999999999998,21.744,55,0,2,8.416213511259382,15.51
2023-03-01,1011010402,水生根茎类,15.748,15.748,103.2176,1.0,14.748,23,0,3,6.554330708661418,13.65
2023-03-01,1011010501,茄类,9.504,9.504,127.974,0.0,9.504,22,0,2,13.465277777777779,6.68
2023-03-01,1011010504,辣椒类,105.906,105.906,692.6093,13.291,92.615,151,0,14,6.53984948916964,9.24
2023-03-01,1011010801,食用菌,73.717,73.717,451.175,20.98,52.737,105,0,9,6.120365722967565,9.45
2023-03-02,1011010101,花叶类,131.001,131.001,596.3764,36.0,95.001,153,0,17,4.552456851474416,12.83
2023-03-02,1011010201,花菜类,28.182,28.182,229.31879999999998,5.115,23.067,61,0,2,8.137066212476048,15.51
2023-03-02,1011010402,水生根茎类,21.735,21.735,125.4508,2.0,19.735,30,0,3,5.771833448355188,13.65
2023-03-02,1011010501,茄类,7.568,7.568,101.838,0.0,7.568,17,0,3,13.456395348837209,6.68
2023-03-02,1011010504,辣椒类,114.103,114.103,691.0814,27.188,86.915,162,0,11,6.056645311692068,9.24
2023-03-02,1011010801,食用菌,62.87,62.87,420.9732,18.509,44.361,101,0,9,6.695931286782249,9.45
2023-03-03,1011010101,花叶类,152.142,152.142,653.421,34.0,118.142,166,0,16,4.294810111606263,12.83
2023-03-03,1011010201,花菜类,34.915,34.915,296.80899999999997,5.514,29.401,78,0,2,8.50090219103537,15.51
2023-03-03,1011010402,水生根茎类,29.054,29.054,202.7784,0.0,29.054,40,0,3,6.979362566255937,13.65
2023-03-03,1011010501,茄类,13.904,13.904,191.194,0.0,13.904,27,0,3,13.751006904487916,6.68
2023-03-03,1011010504,辣椒类,128.818,128.818,806.4022,27.884999999999998,100.93299999999999,178,0,11,6.260011799593224,9.24
2023-03-03,1011010801,食用菌,90.386,90.386,571.3522,23.679,66.707,134,0,10,6.32124665324276,9.45
2023-03-04,1011010101,花叶类,163.918,163.918,806.0904,21.0,142.918,192,0,19,4.917644187947633,12.83
2023-03-04,1011010201,花菜类,33.769,33.769,300.7808,1.428,32.341,67,0,2,8.907009387307886,15.51
2023-03-04,1011010402,水生根茎类,34.038,34.038,215.8544,0.0,34.038,48,0,3,6.341571185146014,13.65
2023-03-04,1011010501,茄类,12.627,12.627,174.536,0.0,12.627,28,0,3,13.822443969272195,6.68
2023-03-04,1011010504,辣椒类,142.301,142.301,1150.7004,10.507,131.794,233,0,12,8.086383089366906,9.24
2023-03-04,1011010801,食用菌,105.25,105.25,766.8696,23.189,82.061,174,0,10,7.286171971496437,9.45
2023-03-05,1011010101,花叶类,178.491,178.491,905.5032,26.0,152.491,207,0,17,5.073102845521623,12.83
2023-03-05,1011010201,花菜类,47.699,47.699,418.282,4.132,43.567,100,0,2,8.769198515692153,15.51
2023-03-05,1011010402,水生根茎类,31.386,31.386,224.15200000000002,0.0,31.386,37,0,3,7.141782960555663,13.65
2023-03-05,1011010501,茄类,16.645,16.193,195.19,0.0,16.193,34,0,3,12.053973939356512,6.68
2023-03-05,1011010504,辣椒类,132.344,132.344,909.4034,6.586,125.758,199,0,10,6.87151211992988,9.24
2023-03-05,1011010801,食用菌,86.307,85.307,626.9672,10.544,74.763,146,0,9,7.349539897077614,9.45
2023-03-06,1011010101,花叶类,107.018,107.018,564.683,17.0,90.018,124,0,15,5.276523575473285,12.83
2023-03-06,1011010201,花菜类,23.166,23.166,193.05349999999999,4.543,18.623,52,0,2,8.333484416817749,15.51
2023-03-06,1011010402,水生根茎类,18.411,18.411,171.57920000000001,2.644,15.767,29,0,4,9.319385150181956,13.65
2023-03-06,1011010501,茄类,11.021,10.569,126.828,0.0,10.569,25,0,2,12.0,6.68
2023-03-06,1011010504,辣椒类,96.609,96.609,623.4412,7.257,89.352,139,0,11,6.453241416431181,9.24
2023-03-06,1011010801,食用菌,54.979,54.979,385.4932,9.644,45.335,88,0,9,7.011644446061224,9.45
2023-03-07,1011010101,花叶类,125.449,125.449,656.1414,19.043,106.406,152,0,20,5.230343805052252,12.83
2023-03-07,1011010201,花菜类,31.21,31.21,262.6922,5.662,25.548000000000002,74,0,2,8.416924062800385,15.51
2023-03-07,1011010402,水生根茎类,19.542,19.542,117.2768,0.0,19.542,28,0,3,6.001269061508545,13.65
2023-03-07,1011010501,茄类,8.469,8.469,102.358,0.0,8.469,18,0,3,12.086196717440076,6.68
2023-03-07,1011010504,辣椒类,100.437,100.437,612.61,5.897,94.54,139,0,10,6.099445423499309,9.24
2023-03-07,1011010801,食用菌,71.957,71.957,435.3456,24.552,47.405,104,0,8,6.0500799088344435,9.45
2023-03-08,1011010101,花叶类,119.807,119.807,643.408,15.0,104.807,153,0,15,5.370370679509545,12.83
2023-03-08,1011010201,花菜类,22.18,22.18,182.4823,4.44,17.74,49,0,2,8.227335437330929,15.51
2023-03-08,1011010402,水生根茎类,17.906,17.906,165.754,2.0,15.906,28,0,4,9.256897129453815,13.65
2023-03-08,1011010501,茄类,14.0,11.717,143.67000000000002,0.0,11.717,23,0,2,12.261671076214048,6.68
2023-03-08,1011010504,辣椒类,105.092,105.092,650.0384,8.134,96.958,149,0,11,6.185422296654361,9.24
2023-03-08,1011010801,食用菌,65.41,65.41,514.4908,10.972,54.438,115,0,10,7.865629108698976,9.45
2023-03-09,1011010101,花叶类,121.336,121.336,654.349,22.0,99.336,152,0,19,5.392867739170568,12.83
2023-03-09,1011010201,花菜类,22.245,22.245,192.2475,2.455,19.79,52,0,2,8.642279163857046,15.51
2023-03-09,1011010402,水生根茎类,22.284,22.284,193.61960000000002,0.0,22.284,23,0,3,8.68872733800036,13.65
2023-03-09,1011010501,茄类,7.751,7.751,94.816,0.0,7.751,16,0,3,12.232744162043607,6.68
2023-03-09,1011010504,辣椒类,105.856,105.856,572.2188,26.004,79.852,141,0,11,5.405634068923821,9.24
2023-03-09,1011010801,食用菌,44.888,44.888,306.0208,10.741,34.147,75,0,9,6.817430048119765,9.45
2023-03-10,1011010101,花叶类,131.927,131.927,648.4096,34.165,97.762,175,0,16,4.914912034685849,12.83
2023-03-10,1011010201,花菜类,12.423,12.423,89.0407,5.823,6.6,28,0,2,7.167407228527731,15.51
2023-03-10,1011010402,水生根茎类,21.612,21.612,199.67610000000002,1.565,20.047,35,0,4,9.23913103831205,13.65
2023-03-10,1011010501,茄类,14.024000000000001,14.024000000000001,168.288,0.0,14.024000000000001,28,0,2,12.0,6.68
2023-03-10,1011010504,辣椒类,150.26,150.26,873.9848,20.79,129.47,201,0,12,5.816483428723546,9.24
2023-03-10,1011010801,食用菌,71.433,71.433,392.6698,2.52,68.913,113,0,8,5.4970363837442076,9.45
2023-03-11,1011010101,花叶类,222.762,222.762,1083.1219,41.631,181.131,272,0,17,4.862238173476626,12.83
2023-03-11,1011010201,花菜类,15.802,15.802,134.5872,1.016,14.786,35,0,1,8.517099101379571,15.51
2023-03-11,1011010402,水生根茎类,38.49,38.49,282.375,0.335,38.155,58,0,4,7.336321122369446,13.65
2023-03-11,1011010501,茄类,20.211,20.211,243.464,0.0,20.211,43,0,3,12.046113502548119,6.68
2023-03-11,1011010504,辣椒类,179.657,179.657,979.7096,15.982,163.675,234,0,10,5.453222529598067,9.24
2023-03-11,1011010801,食用菌,116.774,116.774,800.9232000000001,9.545,107.229,189,0,10,6.8587459537225755,9.45
2023-03-12,1011010101,花叶类,195.971,195.971,1100.2228,9.0,186.971,259,0,16,5.614212306922963,12.83
2023-03-12,1011010201,花菜类,19.536,19.536,148.20520000000002,5.389,14.147,48,0,1,7.586261261261262,15.51
2023-03-12,1011010402,水生根茎类,33.314,33.314,245.4164,0.0,33.314,51,0,4,7.366764723539653,13.65
2023-03-12,1011010501,茄类,18.27,18.27,222.062,0.0,18.27,43,0,3,12.154460864805694,6.68
2023-03-12,1011010504,辣椒类,157.361,157.361,1132.8704,2.95,154.411,244,0,9,7.199181499863372,9.24
2023-03-12,1011010801,食用菌,109.272,109.272,754.2054,5.578,103.694,185,0,10,6.90209202723479,9.45
2023-03-13,1011010101,花叶类,135.094,135.094,808.0492,2.138,132.956,175,0,14,5.981384813537241,12.83
2023-03-13,1011010201,花菜类,10.596,10.596,82.5348,3.06,7.536,24,0,1,7.789241223103058,15.51
2023-03-13,1011010402,水生根茎类,18.418,18.418,168.4948,1.0,17.418,30,0,4,9.148376588120318,13.65
2023-03-13,1011010501,茄类,12.188,12.188,147.89000000000001,0.0,12.188,26,0,3,12.134066294716115,6.68
2023-03-13,1011010504,辣椒类,93.967,93.967,645.86,1.01,92.957,133,0,11,6.873264018219162,9.24
2023-03-13,1011010801,食用菌,55.527,55.527,368.9812,4.788,50.739,102,0,8,6.645077169665208,9.45
2023-03-14,1011010101,花叶类,140.076,140.076,775.7157,10.329,129.747,197,0,17,5.53782018332905,12.83
2023-03-14,1011010201,花菜类,9.076,9.076,75.3118,1.302,7.774,20,0,1,8.297906566769502,15.51
2023-03-14,1011010402,水生根茎类,9.612,9.612,73.21600000000001,0.0,9.612,13,0,3,7.617145235122764,13.65
2023-03-14,1011010501,茄类,11.759,11.759,141.882,0.0,11.759,24,0,3,12.065821923632962,6.68
2023-03-14,1011010504,辣椒类,104.067,104.067,674.1788,13.0,91.067,144,0,12,6.478314931726676,9.24
2023-03-14,1011010801,食用菌,46.835,46.835,318.1024,1.948,44.887,77,0,8,6.7919803565709405,9.45
2023-03-15,1011010101,花叶类,171.809,171.809,783.2144000000001,42.996,128.813,243,0,18,4.558634297388379,12.83
2023-03-15,1011010201,花菜类,9.683,9.683,74.5004,3.06,6.623,21,0,1,7.69393782918517,15.51
2023-03-15,1011010402,水生根茎类,17.683,17.683,170.4624,1.3820000000000001,16.301000000000002,29,0,4,9.639902731436974,13.65
2023-03-15,1011010501,茄类,8.036999999999999,8.036999999999999,97.33200000000001,0.0,8.036999999999999,19,0,3,12.110488988428521,6.68
2023-03-15,1011010504,辣椒类,105.56099999999999,105.56099999999999,789.2112,15.0,90.56099999999999,156,0,9,7.476352061841021,9.24
2023-03-15,1011010801,食用菌,81.886,81.886,569.4752,19.15,62.736,131,0,9,6.954487946657548,9.45
2023-03-16,1011010101,花叶类,190.911,190.911,941.0738,27.0,163.911,244,0,14,4.929384896627224,12.83
2023-03-16,1011010201,花菜类,31.584,31.584,270.4886,3.847,27.737000000000002,72,0,2,8.564102077001014,15.51
2023-03-16,1011010402,水生根茎类,25.921,25.921,218.994,1.658,24.263,38,0,4,8.448516646734308,13.65
2023-03-16,1011010501,茄类,11.892,11.892,142.704,0.0,11.892,27,0,2,12.000000000000002,6.68
2023-03-16,1011010504,辣椒类,102.213,102.213,770.1924,8.489,93.724,143,0,10,7.53517067300637,9.24
2023-03-16,1011010801,食用菌,89.875,89.875,550.5578,14.279,75.596,136,0,10,6.125816968011127,9.45
2023-03-17,1011010101,花叶类,238.58,238.58,1216.5276000000001,37.0,201.58,310,0,14,5.0990342861933105,12.83
2023-03-17,1011010201,花菜类,49.121,48.607,434.4821,7.228,41.379,121,0,2,8.938673442096817,15.51
2023-03-17,1011010402,水生根茎类,46.065,46.065,387.4644,5.854,40.211,64,0,4,8.411253663301856,13.65
2023-03-17,1011010501,茄类,16.576,16.576,199.714,0.0,16.576,42,0,3,12.048383204633204,6.68
2023-03-17,1011010504,辣椒类,158.632,158.456,1162.8716,14.0,144.456,252,0,10,7.338766597667491,9.24
2023-03-17,1011010801,食用菌,136.726,136.726,771.3922,25.622,111.104,197,0,9,5.64188376753507,9.45
2023-03-18,1011010101,花叶类,295.075,292.075,1636.733,10.0,282.075,412,0,13,5.603810665068903,12.83
2023-03-18,1011010201,花菜类,59.217,59.217,568.8216,0.0,59.217,137,0,2,9.605714575206445,15.51
2023-03-18,1011010402,水生根茎类,54.936,53.936,421.13,0.0,53.936,90,0,4,7.807957579353308,13.65
2023-03-18,1011010501,茄类,30.312,29.936,362.628,0.0,29.936,67,0,3,12.113442009620524,6.68
2023-03-18,1011010504,辣椒类,192.58,189.58,1365.1498,10.0,179.58,267,0,9,7.200916763371663,9.24
2023-03-18,1011010801,食用菌,147.687,147.687,967.3797000000001,3.7750000000000004,143.912,235,0,9,6.550202116638567,9.45
2023-03-19,1011010101,花叶类,255.654,251.51,1191.7716,8.0,243.51,338,0,10,4.738466064967596,12.83
2023-03-19,1011010201,花菜类,49.399,49.399,478.3444,0.0,49.399,104,0,2,9.683281038077693,15.51
2023-03-19,1011010402,水生根茎类,41.768,41.768,349.794,0.0,41.768,64,0,4,8.374688756943113,13.65
2023-03-19,1011010501,茄类,26.328,26.328,317.498,0.0,26.328,56,0,3,12.059328471589183,6.68
2023-03-19,1011010504,辣椒类,173.777,173.558,1226.3552,7.147,166.411,245,0,8,7.065967572799871,9.24
2023-03-19,1011010801,食用菌,127.629,126.374,992.3509,7.625,118.749,212,0,9,7.852492601326222,9.45
2023-03-20,1011010101,花叶类,199.663,197.663,925.2564,17.623,180.04,253,0,13,4.680979242448005,12.83
2023-03-20,1011010201,花菜类,37.566,37.566,341.82710000000003,4.806,32.76,91,0,2,9.099374434328915,15.51
2023-03-20,1011010402,水生根茎类,22.99,22.99,253.93,0.48,22.509999999999998,32,0,4,11.045237059591127,13.65
2023-03-20,1011010501,茄类,11.707,10.568999999999999,127.72999999999999,0.0,10.568999999999999,24,0,3,12.08534393036238,6.68
2023-03-20,1011010504,辣椒类,120.4,119.843,874.9172,9.282,110.56099999999999,184,0,8,7.300528191049956,9.24
2023-03-20,1011010801,食用菌,75.43900000000001,74.725,593.1306000000001,3.193,71.532,131,0,9,7.937512211441955,9.45
2023-03-21,1011010101,花叶类,195.648,194.386,884.3768,34.178,160.208,245,0,16,4.5495910199294185,12.83
2023-03-21,1011010201,花菜类,37.629,36.716,331.4956,3.071,33.645,84,0,2,9.028641464211788,15.51
2023-03-21,1011010402,水生根茎类,12.706,12.402,159.7684,0.0,12.402,26,0,4,12.882470569263024,13.65
2023-03-21,1011010501,茄类,10.702,10.702,118.3222,0.0,10.702,23,0,3,11.056082975144832,6.68
2023-03-21,1011010504,辣椒类,118.7,116.7,808.4142,12.914,103.786,179,0,9,6.927285347043702,9.24
2023-03-21,1011010801,食用菌,80.883,80.883,601.1272,11.096,69.787,139,0,8,7.432058652621689,9.45
2023-03-22,1011010101,花叶类,170.723,170.723,744.1032,46.625,124.098,225,0,17,4.358541028449594,12.83
2023-03-22,1011010201,花菜类,27.368,27.368,277.3474,1.8960000000000001,25.472,60,0,2,10.134003215434085,15.51
2023-03-22,1011010402,水生根茎类,17.709,17.709,174.8676,0.372,17.337,27,0,4,9.874504489242758,13.65
2023-03-22,1011010501,茄类,12.133000000000001,12.133000000000001,129.6864,0.0,12.133000000000001,25,0,2,10.688733206956234,6.68
2023-03-22,1011010504,辣椒类,125.395,125.241,830.3291,10.474,114.767,205,0,10,6.629850448335609,9.24
2023-03-22,1011010801,食用菌,89.191,89.191,601.9092,14.834,74.357,135,0,8,6.74854189324035,9.45
2023-03-23,1011010101,花叶类,179.648,179.648,850.4426,40.375,139.273,228,0,18,4.733938591022444,12.83
2023-03-23,1011010201,花菜类,29.488,29.488,310.89910000000003,4.062,25.426,65,0,2,10.543241318502442,15.51
2023-03-23,1011010402,水生根茎类,25.455,25.455,229.62120000000002,0.496,24.959,38,0,4,9.020671773718327,13.65
2023-03-23,1011010501,茄类,10.903,10.903,118.2402,0.0,10.903,23,0,2,10.844739979822068,6.68
2023-03-23,1011010504,辣椒类,108.067,108.067,674.7666,32.0,76.06700000000001,164,0,10,6.243965317812099,9.24
2023-03-23,1011010801,食用菌,70.785,70.785,481.24060000000003,9.436,61.349,112,0,8,6.798624002260366,9.45
2023-03-24,1011010101,花叶类,202.72,202.72,954.9208,73.306,129.414,251,0,13,4.710540647198106,12.83
2023-03-24,1011010201,花菜类,33.301,33.301,336.9051,8.103,25.198,72,0,2,10.11696645746374,15.51
2023-03-24,1011010402,水生根茎类,22.479,22.479,246.0747,0.723,21.756,44,0,4,10.946870412384893,13.65
2023-03-24,1011010501,茄类,18.402,18.402,194.046,0.0,18.402,37,0,3,10.544832083469187,6.68
2023-03-24,1011010504,辣椒类,153.262,153.262,1025.1014,25.954,127.308,246,0,10,6.688555545405906,9.24
2023-03-24,1011010801,食用菌,105.586,105.586,680.8918,18.943,86.643,166,0,9,6.448693955638058,9.45
2023-03-25,1011010101,花叶类,253.903,253.903,1374.2118,48.816,205.087,358,0,15,5.412349598074855,12.83
2023-03-25,1011010201,花菜类,28.459,28.459,300.9446,3.9779999999999998,24.481,65,0,2,10.574672335640745,15.51
2023-03-25,1011010402,水生根茎类,40.776,40.776,421.2706,0.0,40.776,65,0,4,10.331337061016283,13.65
2023-03-25,1011010501,茄类,22.364,22.364,234.502,0.0,22.364,48,0,3,10.485691289572527,6.68
2023-03-25,1011010504,辣椒类,187.221,187.221,1255.7712000000001,21.357,165.864,274,0,10,6.707427051452562,9.24
2023-03-25,1011010801,食用菌,114.197,113.197,776.2463,13.188,100.009,186,0,8,6.857481205332297,9.45
2023-03-26,1011010101,花叶类,264.043,264.043,1321.4752,74.775,189.268,342,0,14,5.004772707475676,12.83
2023-03-26,1011010201,花菜类,48.675,48.675,499.6972,7.781000000000001,40.894,102,0,2,10.265992809450438,15.51
2023-03-26,1011010402,水生根茎类,30.047,30.047,239.4442,0.0,30.047,44,0,4,7.96898858455087,13.65
2023-03-26,1011010501,茄类,20.143,20.143,210.772,0.0,20.143,44,0,3,10.463783944794717,6.68
2023-03-26,1011010504,辣椒类,179.458,179.458,1182.332,30.0,149.458,281,0,10,6.588349363082171,9.24
2023-03-26,1011010801,食用菌,120.223,120.223,778.5114,13.522,106.70100000000001,196,0,9,6.475561248679537,9.45
2023-03-27,1011010101,花叶类,152.435,150.898,859.5914,36.091,114.807,203,0,13,5.696506249254464,12.83
2023-03-27,1011010201,花菜类,20.459,20.459,219.77370000000002,2.342,18.117,49,0,2,10.742152597878686,15.51
2023-03-27,1011010402,水生根茎类,15.436,15.436,174.6189,0.281,15.155000000000001,29,0,4,11.312444933920705,13.65
2023-03-27,1011010501,茄类,12.216,12.216,129.188,0.0,12.216,22,0,3,10.575311067452521,6.68
2023-03-27,1011010504,辣椒类,105.211,105.211,694.1376,27.153,78.058,158,0,8,6.597576299056183,9.24
2023-03-27,1011010801,食用菌,74.574,74.574,443.7746,16.248,58.326,113,0,8,5.950795183307855,9.45
2023-03-28,1011010101,花叶类,145.975,145.975,663.203,48.459,97.516,185,0,15,4.543264257578352,12.83
2023-03-28,1011010201,花菜类,18.519,18.519,190.70850000000002,2.547,15.972,44,0,2,10.297991252227444,15.51
2023-03-28,1011010402,水生根茎类,14.815999999999999,14.815999999999999,167.2837,1.532,13.283999999999999,33,0,4,11.290746490280778,13.65
2023-03-28,1011010501,茄类,15.485,15.485,148.3248,0.0,15.485,34,0,3,9.578611559573782,6.68
2023-03-28,1011010504,辣椒类,92.394,92.394,629.5912,22.786,69.608,139,0,9,6.81420005628071,9.24
2023-03-28,1011010801,食用菌,79.756,79.756,484.9176,29.197,50.559,122,0,8,6.0800140428306335,9.45
2023-03-29,1011010101,花叶类,130.475,130.475,669.0892,34.0,96.475,164,0,15,5.128102701666986,12.83
2023-03-29,1011010201,花菜类,26.46,26.46,281.6009,2.9749999999999996,23.485,60,0,2,10.642513227513229,15.51
2023-03-29,1011010402,水生根茎类,23.049,23.049,187.7318,4.672,18.377,31,0,4,8.144899995661417,13.65
2023-03-29,1011010501,茄类,8.567,8.567,76.4642,0.0,8.567,22,0,2,8.925434807984125,6.68
2023-03-29,1011010504,辣椒类,101.237,101.237,718.0232,18.147,83.09,162,0,9,7.092497802186948,9.24
2023-03-29,1011010801,食用菌,86.112,86.112,551.6066000000001,15.657,70.455,127,0,9,6.405687941285769,9.45
2023-03-30,1011010101,花叶类,179.795,179.795,778.7428,58.214,121.581,211,0,15,4.331281737534415,12.83
2023-03-30,1011010201,花菜类,27.493000000000002,26.709,276.2299,3.382,23.327,64,0,2,10.34220300273316,15.51
2023-03-30,1011010402,水生根茎类,13.154,13.154,136.453,1.612,11.542,28,0,4,10.37349855557245,13.65
2023-03-30,1011010501,茄类,14.654,14.654,137.1094,0.0,14.654,33,0,3,9.356448751194213,6.68
2023-03-30,1011010504,辣椒类,86.212,86.212,551.4024000000001,23.068,63.144,127,0,11,6.395889203359162,9.24
2023-03-30,1011010801,食用菌,63.924,63.7,393.8684,11.478,52.222,97,0,9,6.183177394034537,9.45
2023-03-31,1011010101,花叶类,208.892,208.892,872.301,62.661,146.231,247,0,15,4.175846849089482,12.83
2023-03-31,1011010201,花菜类,34.604,34.604,354.3944,7.093,27.511,81,0,2,10.241428736562249,15.51
2023-03-31,1011010402,水生根茎类,22.161,22.161,286.6594,2.238,19.923000000000002,46,0,4,12.935309778439601,13.65
2023-03-31,1011010501,茄类,21.134,21.134,189.8748,0.0,21.134,41,0,3,8.984328570076654,6.68
2023-03-31,1011010504,辣椒类,138.204,138.204,850.969,26.248,111.956,203,0,12,6.157339874388585,9.24
2023-03-31,1011010801,食用菌,104.745,104.745,618.2814000000001,10.783,93.962,159,0,7,5.902729485894315,9.45
2023-04-01,1011010101,花叶类,208.377,208.377,964.649,31.235,177.142,282,0,14,4.6293448893112,12.83
2023-04-01,1011010201,花菜类,35.079,35.079,376.3456,1.6360000000000001,33.443,76,0,2,10.72851563613558,15.51
2023-04-01,1011010402,水生根茎类,26.836,26.836,237.257,0.0,26.836,41,0,4,8.840997167983307,13.65
2023-04-01,1011010501,茄类,23.388,23.388,200.756,0.0,23.388,53,0,3,8.583718146057807,6.68
2023-04-01,1011010504,辣椒类,154.887,154.887,909.672,22.517,132.37,231,0,12,5.873133316546902,9.24
2023-04-01,1011010801,食用菌,101.324,101.324,674.1888,7.32,94.004,172,0,8,6.653791796612846,9.45
2023-04-02,1011010101,花叶类,185.985,185.985,990.3634000000001,17.151,168.834,321,0,16,5.3249638411699864,12.83
2023-04-02,1011010201,花菜类,39.362,39.362,422.0366,1.7280000000000002,37.634,83,0,2,10.721929779990854,15.51
2023-04-02,1011010402,水生根茎类,27.876,27.876,231.8548,0.0,27.876,42,0,4,8.3173626058258,13.65
2023-04-02,1011010501,茄类,20.488,20.488,182.944,0.0,20.488,44,0,3,8.929324482623974,6.68
2023-04-02,1011010504,辣椒类,165.351,165.351,1014.9422,14.072,151.279,259,0,11,6.138107419973268,9.24
2023-04-02,1011010801,食用菌,109.447,109.447,670.462,14.057,95.39,175,0,9,6.125905689511819,9.45
2023-04-03,1011010101,花叶类,170.821,170.821,904.2344,17.672,153.149,247,0,17,5.293461576738223,12.83
2023-04-03,1011010201,花菜类,16.457,16.457,176.8345,0.735,15.722,37,0,2,10.745245184420003,15.51
2023-04-03,1011010402,水生根茎类,29.721,29.721,351.3286,2.067,27.654,55,0,4,11.820887587900812,13.65
2023-04-03,1011010501,茄类,19.201,19.201,163.756,0.0,19.201,43,0,3,8.528514139888546,6.68
2023-04-03,1011010504,辣椒类,114.41,114.41,621.8568,19.783,94.627,165,0,10,5.435336072021677,9.24
2023-04-03,1011010801,食用菌,93.459,93.459,554.6454,22.065,71.394,141,0,9,5.934638718582479,9.45
2023-04-04,1011010101,花叶类,171.641,170.641,856.105,14.0,156.641,221,0,14,5.016994743350074,12.83
2023-04-04,1011010201,花菜类,20.022,20.022,211.9288,1.877,18.145,45,0,2,10.584796723604036,15.51
2023-04-04,1011010402,水生根茎类,14.977,14.977,124.5466,0.0,14.977,29,0,4,8.315857648394203,13.65
2023-04-04,1011010501,茄类,20.162,20.162,174.996,0.0,20.162,47,0,3,8.679496081737923,6.68
2023-04-04,1011010504,辣椒类,121.552,121.552,675.9494,20.0,101.552,178,0,9,5.560989535342898,9.24
2023-04-04,1011010801,食用菌,90.507,90.507,599.5222,9.486,81.021,152,0,9,6.624042339266576,9.45
2023-04-05,1011010101,花叶类,217.271,217.271,1005.0602,14.0,203.271,286,0,15,4.625836858117283,12.83
2023-04-05,1011010201,花菜类,45.417,45.417,468.6689,9.824,35.593,101,0,2,10.319239491820243,15.51
2023-04-05,1011010402,水生根茎类,24.199,24.199,181.184,0.0,24.199,44,0,4,7.487251539319806,13.65
2023-04-05,1011010501,茄类,22.225,22.225,191.004,0.0,22.225,45,0,3,8.5941057367829,6.68
2023-04-05,1011010504,辣椒类,139.304,139.304,800.5732,9.0,130.304,202,0,9,5.746950554183656,9.24
2023-04-05,1011010801,食用菌,115.412,115.412,696.686,13.471,101.941,175,0,8,6.036512667660209,9.45
2023-04-06,1011010101,花叶类,136.403,136.403,633.1124,14.0,122.403,178,0,13,4.641484424829366,12.83
2023-04-06,1011010201,花菜类,23.05,23.05,284.2376,1.097,21.953,51,0,2,12.33134924078091,15.51
2023-04-06,1011010402,水生根茎类,9.889,9.889,141.0192,0.0,9.889,23,0,3,14.260208312266156,13.65
2023-04-06,1011010501,茄类,12.387,12.387,104.602,0.0,12.387,25,0,3,8.444498264309356,6.68
2023-04-06,1011010504,辣椒类,109.473,109.473,653.6626,22.0,87.473,163,0,10,5.970993761018699,9.24
2023-04-06,1011010801,食用菌,73.004,73.004,460.1498,21.502,51.502,116,0,9,6.303076543751027,9.45
2023-04-07,1011010101,花叶类,131.267,131.267,541.1458,34.0,97.267,170,0,14,4.122481659518386,12.83
2023-04-07,1011010201,花菜类,31.899,31.899,377.835,3.203,28.696,66,0,2,11.84472867488009,15.51
2023-04-07,1011010402,水生根茎类,16.629,16.629,194.48760000000001,0.0,16.629,31,0,4,11.695688255457334,13.65
2023-04-07,1011010501,茄类,9.746,9.746,80.512,0.0,9.746,20,0,2,8.261030166222039,6.68
2023-04-07,1011010504,辣椒类,97.645,97.645,572.8382,23.0,74.645,150,0,10,5.8665389932920275,9.24
2023-04-07,1011010801,食用菌,88.025,88.025,543.142,22.348,65.677,140,0,9,6.170315251349049,9.45
2023-04-08,1011010101,花叶类,183.926,183.926,864.6234000000001,28.502,155.424,250,0,16,4.700930809129759,12.83
2023-04-08,1011010201,花菜类,35.691,35.691,408.7952,3.4459999999999997,32.245,76,0,2,11.453733434199098,15.51
2023-04-08,1011010402,水生根茎类,20.73,20.73,202.1526,0.372,20.358,34,0,4,9.751693198263386,13.65
2023-04-08,1011010501,茄类,19.815,19.815,166.732,0.0,19.815,45,0,3,8.414433509967196,6.68
2023-04-08,1011010504,辣椒类,137.92,137.92,788.443,23.0,114.92,207,0,10,5.716669083526683,9.24
2023-04-08,1011010801,食用菌,128.855,128.855,803.4252,29.415,99.44,197,0,8,6.23511078343875,9.45
2023-04-09,1011010101,花叶类,197.616,197.616,856.8702,26.0,171.616,259,0,14,4.3360365557444736,12.83
2023-04-09,1011010201,花菜类,30.536,30.536,321.2385,3.14,27.396,64,0,2,10.519992795389047,15.51
2023-04-09,1011010402,水生根茎类,32.522,31.303,355.38800000000003,0.0,31.303,44,0,4,11.353161038878063,13.65
2023-04-09,1011010501,茄类,15.846,15.846,144.424,0.0,15.846,35,0,2,9.114224409945727,6.68
2023-04-09,1011010504,辣椒类,136.063,136.063,851.2884,33.243,102.82,211,0,10,6.256575262929673,9.24
2023-04-09,1011010801,食用菌,83.908,83.908,526.8012,20.824,63.084,129,0,7,6.278319111407732,9.45
2023-04-10,1011010101,花叶类,123.411,123.411,508.0788,20.0,103.411,157,0,12,4.11696526241583,12.83
2023-04-10,1011010201,花菜类,18.365,18.365,185.7665,0.7849999999999999,17.58,42,0,2,10.11524639259461,15.51
2023-04-10,1011010402,水生根茎类,17.868,17.868,191.16320000000002,0.0,17.868,29,0,4,10.6986344302664,13.65
2023-04-10,1011010501,茄类,12.818,12.818,116.62400000000001,0.0,12.818,26,0,2,9.09845529723826,6.68
2023-04-10,1011010504,辣椒类,73.788,73.788,445.889,24.0,49.788,116,0,10,6.042838944001735,9.24
2023-04-10,1011010801,食用菌,51.773,51.773,304.2354,23.0,28.773,80,0,7,5.876333223881174,9.45
2023-04-11,1011010101,花叶类,158.881,158.881,632.6656,59.206,99.675,190,0,14,3.982009176679402,12.83
2023-04-11,1011010201,花菜类,15.788,15.788,155.89010000000002,2.125,13.663,34,0,2,9.873961236382064,15.51
2023-04-11,1011010402,水生根茎类,7.577,7.577,67.3862,1.0,6.577,12,0,4,8.89351986274251,13.65
2023-04-11,1011010501,茄类,13.366,13.366,111.53999999999999,0.0,13.366,26,0,3,8.345054616190334,6.68
2023-04-11,1011010504,辣椒类,85.563,85.563,554.8014000000001,19.0,66.563,134,0,11,6.484127485011045,9.24
2023-04-11,1011010801,食用菌,62.405,62.405,366.0297,12.135,50.27,88,0,7,5.865390593702427,9.45
2023-04-12,1011010101,花叶类,119.342,118.761,533.045,20.672,98.089,161,0,13,4.488384233881493,12.83
2023-04-12,1011010201,花菜类,17.265,17.265,172.9556,0.876,16.389,33,0,2,10.017700550246163,15.51
2023-04-12,1011010402,水生根茎类,19.088,19.088,196.649,0.0,19.088,35,0,4,10.302231768650461,13.65
2023-04-12,1011010501,茄类,8.998,8.998,79.34,0.0,8.998,20,0,3,8.817515003334075,6.68
2023-04-12,1011010504,辣椒类,84.989,84.989,527.99,17.0,67.989,130,0,11,6.212451023073574,9.24
2023-04-12,1011010801,食用菌,63.48,63.48,345.8908,21.32,42.16,93,0,8,5.448815374921235,9.45
2023-04-13,1011010101,花叶类,92.251,92.251,482.1886,10.431000000000001,81.82000000000001,141,0,14,5.226920033387172,12.83
2023-04-13,1011010201,花菜类,19.775,19.775,198.0155,2.992,16.783,42,0,2,10.013426042983566,15.51
2023-04-13,1011010402,水生根茎类,15.052000000000001,15.052000000000001,141.9922,0.0,15.052000000000001,23,0,4,9.433444060589954,13.65
2023-04-13,1011010501,茄类,9.198,9.198,83.3806,0.0,9.198,21,0,3,9.065079365079365,6.68
2023-04-13,1011010504,辣椒类,76.901,76.901,521.4986,9.216,67.685,120,0,12,6.781428069856049,9.24
2023-04-13,1011010801,食用菌,51.532,51.532,342.8034,24.201,27.331,76,0,8,6.6522432663199575,9.45
2023-04-14,1011010101,花叶类,131.729,131.729,513.8882,38.642,93.087,168,0,10,3.9011015038450148,12.83
2023-04-14,1011010201,花菜类,18.183,18.183,198.6295,2.839,15.344,35,0,2,10.92391244569103,15.51
2023-04-14,1011010402,水生根茎类,26.338,26.338,289.3534,0.0,26.338,35,0,4,10.986156883590251,13.65
2023-04-14,1011010501,茄类,19.025000000000002,19.025000000000002,164.1136,0.792,18.233,40,0,3,8.62620762155059,6.68
2023-04-14,1011010504,辣椒类,89.822,89.822,608.9578,23.171,66.651,145,0,10,6.779606332524326,9.24
2023-04-14,1011010801,食用菌,83.023,83.023,419.8508,33.874,49.149,119,0,7,5.057042024499236,9.45
2023-04-15,1011010101,花叶类,208.169,208.169,878.7444,20.378,187.791,267,0,13,4.221302883714674,12.83
2023-04-15,1011010201,花菜类,20.852,20.852,227.964,0.0,20.852,45,0,2,10.932476501055055,15.51
2023-04-15,1011010402,水生根茎类,29.033,28.541,287.7264,1.0,27.541,46,0,4,10.081160435864195,13.65
2023-04-15,1011010501,茄类,16.674,16.674,153.079,0.0,16.674,34,0,3,9.180700491783616,6.68
2023-04-15,1011010504,辣椒类,138.985,138.985,869.606,14.0,124.985,196,0,10,6.256833471237902,9.24
2023-04-15,1011010801,食用菌,106.142,106.142,615.7620000000001,34.524,71.618,153,0,8,5.801303913625144,9.45
2023-04-16,1011010101,花叶类,204.874,204.874,935.1982,29.659,175.215,308,0,17,4.564748089069379,12.83
2023-04-16,1011010201,花菜类,23.472,23.472,243.264,0.0,23.472,50,0,2,10.3640081799591,15.51
2023-04-16,1011010402,水生根茎类,16.458,16.458,192.3828,0.0,16.458,35,0,3,11.689318264673716,13.65
2023-04-16,1011010501,茄类,20.902,20.902,189.941,0.0,20.902,42,0,3,9.087216534302938,6.68
2023-04-16,1011010504,辣椒类,133.274,133.274,888.8754,16.0,117.274,200,0,10,6.66953344238186,9.24
2023-04-16,1011010801,食用菌,85.949,85.949,493.6934,21.232,64.717,116,0,8,5.744027271986876,9.45
2023-04-17,1011010101,花叶类,106.884,106.884,437.6244,17.0,89.884,161,0,15,4.094386437633322,12.83
2023-04-17,1011010201,花菜类,14.475,14.475,155.816,0.9550000000000001,13.52,33,0,2,10.764490500863559,15.51
2023-04-17,1011010402,水生根茎类,7.066,7.066,89.6074,0.753,6.313,15,0,3,12.681488819699972,13.65
2023-04-17,1011010501,茄类,9.19,9.19,81.884,0.0,9.19,20,0,3,8.910119695321002,6.68
2023-04-17,1011010504,辣椒类,68.456,68.456,490.2658,6.0,62.456,95,0,9,7.161765221456117,9.24
2023-04-17,1011010801,食用菌,39.144999999999996,39.144999999999996,260.3386,2.0,37.144999999999996,57,0,9,6.650622046238345,9.45
2023-04-18,1011010101,花叶类,182.607,182.607,722.3488,30.847,151.76,234,0,16,3.955756351070879,12.83
2023-04-18,1011010201,花菜类,16.779,16.779,178.784,0.0,16.779,38,0,2,10.655223791644318,15.51
2023-04-18,1011010402,水生根茎类,15.097,15.097,139.608,0.0,15.097,20,0,3,9.247400145724317,13.65
2023-04-18,1011010501,茄类,16.152,16.152,135.032,0.0,16.152,33,0,3,8.360079247152056,6.68
2023-04-18,1011010504,辣椒类,78.486,78.486,575.4947999999999,14.258,64.228,130,0,11,7.332451647427566,9.24
2023-04-18,1011010801,食用菌,66.338,66.338,384.99260000000004,10.841,55.497,95,0,9,5.80350025626338,9.45
2023-04-19,1011010101,花叶类,156.553,156.553,641.0214,29.582,126.971,208,0,15,4.094596718044368,12.83
2023-04-19,1011010201,花菜类,19.103,19.103,206.372,0.0,19.103,41,0,2,10.803119928806993,15.51
2023-04-19,1011010402,水生根茎类,12.216,12.216,123.2812,0.0,12.216,15,0,4,10.091781270464965,13.65
2023-04-19,1011010501,茄类,13.945,13.945,123.932,0.0,13.945,28,0,2,8.887199713158838,6.68
2023-04-19,1011010504,辣椒类,76.651,76.651,514.4062,7.715,68.93599999999999,114,0,11,6.711017468787101,9.24
2023-04-19,1011010801,食用菌,58.407000000000004,58.407000000000004,321.5311,17.779,40.628,91,0,9,5.505009673498039,9.45
2023-04-20,1011010101,花叶类,122.087,122.087,540.9514,18.612000000000002,103.475,194,0,16,4.430868151400231,12.83
2023-04-20,1011010201,花菜类,19.807,19.807,197.78,2.664,17.143,44,0,2,9.985358711566619,15.51
2023-04-20,1011010402,水生根茎类,12.171,12.171,132.9264,0.0,12.171,21,0,4,10.921567660833128,13.65
2023-04-20,1011010501,茄类,10.307,10.307,86.816,0.0,10.307,25,0,3,8.423013485980402,6.68
2023-04-20,1011010504,辣椒类,70.384,70.384,420.6166,15.354,55.03,108,0,9,5.976025801318482,9.24
2023-04-20,1011010801,食用菌,55.919,55.919,342.255,24.239,31.68,87,0,7,6.120549366047319,9.45
2023-04-21,1011010101,花叶类,215.684,215.684,912.5602,23.133,192.551,283,0,17,4.231005545149385,12.83
2023-04-21,1011010201,花菜类,26.17,26.17,271.5984,0.88,25.29,58,0,2,10.378234619793657,15.51
2023-04-21,1011010402,水生根茎类,28.934,28.934,254.1484,3.114,25.82,45,0,4,8.783728485518767,13.65
2023-04-21,1011010501,茄类,30.95,30.95,255.632,0.0,30.95,57,0,3,8.25951534733441,6.68
2023-04-21,1011010504,辣椒类,125.533,125.533,737.4068,28.09,97.443,171,0,9,5.874206782280356,9.24
2023-04-21,1011010801,食用菌,89.492,89.492,460.9556,20.965,68.527,133,0,8,5.150802306351405,9.45
2023-04-22,1011010101,花叶类,330.85,330.85,1502.8518,28.476,302.374,468,0,15,4.542396252077981,12.83
2023-04-22,1011010201,花菜类,40.026,40.026,409.3104,1.947,38.079,88,0,2,10.226113026532753,15.51
2023-04-22,1011010402,水生根茎类,27.103,27.103,223.03660000000002,1.706,25.397000000000002,47,0,4,8.229221857358965,13.65
2023-04-22,1011010501,茄类,39.651,39.651,326.304,0.0,39.651,76,0,3,8.22940152833472,6.68
2023-04-22,1011010504,辣椒类,185.589,185.589,1211.1192,11.0,174.589,264,0,9,6.525813491101305,9.24
2023-04-22,1011010801,食用菌,158.776,158.568,856.4276,25.0,133.568,224,0,9,5.401011553402956,9.45
2023-04-23,1011010101,花叶类,279.352,279.352,1107.6842,35.866,243.486,354,0,14,3.965191586242447,12.83
2023-04-23,1011010201,花菜类,22.853,22.853,260.3618,1.0899999999999999,21.763,49,0,2,11.392893711985296,15.51
2023-04-23,1011010402,水生根茎类,10.291,10.291,109.7128,0.0,10.291,23,0,3,10.661043630356621,13.65
2023-04-23,1011010501,茄类,21.876,21.876,166.114,0.0,21.876,46,0,3,7.593435728652405,6.68
2023-04-23,1011010504,辣椒类,154.222,154.222,997.8494000000001,6.0,148.222,190,0,9,6.4702143663031215,9.24
2023-04-23,1011010801,食用菌,81.715,81.715,409.083,10.0,71.715,115,0,9,5.0062167288747474,9.45
2023-04-24,1011010101,花叶类,190.222,189.222,779.8858,19.392,169.83,240,0,12,4.12153872171312,12.83
2023-04-24,1011010201,花菜类,17.855999999999998,17.855999999999998,180.2669,1.033,16.823,41,0,2,10.095592517921148,15.51
2023-04-24,1011010402,水生根茎类,13.28,13.28,111.2124,0.763,12.517,23,0,3,8.374427710843374,13.65
2023-04-24,1011010501,茄类,25.565,25.565,175.724,0.0,25.565,49,0,3,6.8736162722472125,6.68
2023-04-24,1011010504,辣椒类,75.395,74.395,519.7543000000001,2.833,71.562,138,0,7,6.9864144095705365,9.24
2023-04-24,1011010801,食用菌,60.294,60.294,387.5364,4.0,56.294,92,0,8,6.427445516966863,9.45
2023-04-25,1011010101,花叶类,163.704,163.704,665.733,17.697,146.007,217,0,12,4.066687435859844,12.83
2023-04-25,1011010201,花菜类,15.89,15.89,158.16,0.0,15.89,36,0,2,9.953429830081811,15.51
2023-04-25,1011010402,水生根茎类,9.993,9.993,80.5844,0.6719999999999999,9.321,17,0,3,8.06408485940158,13.65
2023-04-25,1011010501,茄类,19.3,19.3,117.912,0.0,19.3,37,0,3,6.109430051813471,6.68
2023-04-25,1011010504,辣椒类,70.192,70.192,441.5806,1.29,68.902,82,0,8,6.291038864827901,9.24
2023-04-25,1011010801,食用菌,68.882,68.882,343.6434,18.473,50.409,92,0,8,4.988870822566127,9.45
2023-04-26,1011010101,花叶类,148.39,148.39,617.9542,21.932,126.458,214,0,13,4.16439247927758,12.83
2023-04-26,1011010201,花菜类,21.236,21.236,203.6784,0.0,21.236,48,0,2,9.591184780561312,15.51
2023-04-26,1011010402,水生根茎类,4.702,4.702,84.04920000000001,0.0,4.702,14,0,4,17.875202041684393,13.65
2023-04-26,1011010501,茄类,18.526,18.526,111.156,0.0,18.526,35,0,2,6.0,6.68
2023-04-26,1011010504,辣椒类,47.263,47.263,276.2925,2.641,44.622,52,0,9,5.845851934917378,9.24
2023-04-26,1011010801,食用菌,45.674,45.674,241.7646,4.0,41.674,59,0,9,5.293265315058895,9.45
2023-04-27,1011010101,花叶类,144.223,142.945,567.5628,35.996,106.949,203,0,13,3.9704977438875098,12.83
2023-04-27,1011010201,花菜类,14.24,14.24,145.2768,0.0,14.24,35,0,2,10.202022471910112,15.51
2023-04-27,1011010402,水生根茎类,11.675,11.675,163.7852,1.332,10.343,23,0,4,14.028710920770877,13.65
2023-04-27,1011010501,茄类,18.48,18.48,114.274,0.0,18.48,38,0,3,6.183658008658009,6.68
2023-04-27,1011010504,辣椒类,66.698,66.698,392.4996,6.059,60.639,75,0,9,5.884728177756455,9.24
2023-04-27,1011010801,食用菌,62.808,62.808,333.966,21.825,40.983,90,0,9,5.317252579289263,9.45
2023-04-28,1011010101,花叶类,164.327,164.327,682.6212,29.988,134.339,219,0,13,4.1540416364930906,12.83
2023-04-28,1011010201,花菜类,22.806,22.806,229.644,0.0,22.806,53,0,2,10.069455406471981,15.51
2023-04-28,1011010402,水生根茎类,14.882,14.48,145.4296,0.571,13.908999999999999,22,0,4,10.043480662983425,13.65
2023-04-28,1011010501,茄类,22.141000000000002,22.141000000000002,163.365,0.0,22.141000000000002,44,0,3,7.378393026511901,6.68
2023-04-28,1011010504,辣椒类,84.338,84.338,491.0937,18.118,66.22,95,0,9,5.822923237449312,9.24
2023-04-28,1011010801,食用菌,81.778,81.778,449.7696,27.571,54.207,117,0,8,5.499885054660178,9.45
2023-04-29,1011010101,花叶类,169.132,169.132,812.491,16.578,152.554,228,0,13,4.803886904902679,12.83
2023-04-29,1011010201,花菜类,27.577,27.577,266.744,0.0,27.577,66,0,2,9.672698263045291,15.51
2023-04-29,1011010402,水生根茎类,24.692999999999998,24.692999999999998,198.04760000000002,1.687,23.006,44,0,4,8.02039444376949,13.65
2023-04-29,1011010501,茄类,37.234,37.234,270.513,0.0,37.234,69,0,3,7.265214588816672,6.68
2023-04-29,1011010504,辣椒类,161.482,161.482,925.179,21.917,139.565,239,0,10,5.729301098574454,9.24
2023-04-29,1011010801,食用菌,127.524,127.524,601.6332,25.444,102.08,156,0,9,4.717803707537405,9.45
2023-04-30,1011010101,花叶类,132.248,132.248,648.9182,14.582,117.666,196,0,13,4.906828080575888,12.83
2023-04-30,1011010201,花菜类,25.487000000000002,25.487000000000002,257.3088,0.637,24.85,52,0,2,10.095687997802802,15.51
2023-04-30,1011010402,水生根茎类,16.983,16.983,224.7064,0.594,16.389,37,0,4,13.23125478419596,13.65
2023-04-30,1011010501,茄类,43.783,43.783,315.075,0.0,43.783,83,0,3,7.196286229815224,6.68
2023-04-30,1011010504,辣椒类,117.501,117.501,764.0254,22.507,94.994,188,0,10,6.502288491161777,9.24
2023-04-30,1011010801,食用菌,97.254,97.254,440.4814,22.377,74.877,124,0,8,4.529185431961667,9.45
2023-05-01,1011010101,花叶类,179.89,179.89,864.4678,19.035,160.855,254,0,14,4.805535605092001,12.83
2023-05-01,1011010201,花菜类,29.389,29.389,293.397,0.0,29.389,66,0,2,9.98322501616251,15.51
2023-05-01,1011010402,水生根茎类,22.754,22.754,265.0604,0.5,22.254,44,0,5,11.648958424892326,13.65
2023-05-01,1011010501,茄类,31.862000000000002,31.862000000000002,254.89600000000002,0.0,31.862000000000002,68,0,3,8.0,6.68
2023-05-01,1011010504,辣椒类,138.857,138.857,906.1024,26.274,112.583,208,0,10,6.525435519995391,9.24
2023-05-01,1011010801,食用菌,83.717,83.717,404.846,16.81,66.907,105,0,8,4.835887573611094,9.45
2023-05-02,1011010101,花叶类,199.057,199.057,982.9722,20.966,178.091,282,0,14,4.9381443506131415,12.83
2023-05-02,1011010201,花菜类,22.365,22.365,231.51600000000002,0.725,21.64,47,0,2,10.351710261569417,15.51
2023-05-02,1011010402,水生根茎类,20.191,20.191,203.09,0.0,20.191,45,0,4,10.058441880045565,13.65
2023-05-02,1011010501,茄类,35.967,35.967,287.736,0.0,35.967,75,0,3,8.0,6.68
2023-05-02,1011010504,辣椒类,103.643,103.643,722.945,19.818,83.825,157,0,10,6.975338421311618,9.24
2023-05-02,1011010801,食用菌,66.312,66.312,376.2025,18.115,48.197,104,0,7,5.673219025214139,9.45
2023-05-03,1011010101,花叶类,252.366,252.366,1246.6628,13.0,239.366,351,0,14,4.939899986527504,12.83
2023-05-03,1011010201,花菜类,32.371,32.371,336.015,0.0,32.371,70,0,2,10.380124185227517,15.51
2023-05-03,1011010402,水生根茎类,11.586,11.586,108.98440000000001,0.0,11.586,19,0,3,9.40655964094597,13.65
2023-05-03,1011010501,茄类,22.717,22.717,181.736,0.0,22.717,44,0,1,8.0,6.68
2023-05-03,1011010504,辣椒类,95.795,95.795,712.0877,3.485,92.31,177,0,8,7.433453729317814,9.24
2023-05-03,1011010801,食用菌,72.027,72.027,401.5384,4.0,68.027,106,0,8,5.5748316603495915,9.45
2023-05-04,1011010101,花叶类,121.428,121.428,645.0344,13.0,108.428,179,0,11,5.312072997990579,12.83
2023-05-04,1011010201,花菜类,32.652,32.652,332.925,0.536,32.116,72,0,2,10.196159500183755,15.51
2023-05-04,1011010402,水生根茎类,9.037,9.037,92.9884,0.0,9.037,24,0,4,10.28974217107447,13.65
2023-05-04,1011010501,茄类,25.655,25.655,205.24,0.0,25.655,56,0,1,8.0,6.68
2023-05-04,1011010504,辣椒类,76.542,76.542,558.0575,2.285,74.257,149,0,8,7.290866452405215,9.24
2023-05-04,1011010801,食用菌,55.952,55.952,242.3238,14.224,41.728,70,0,8,4.330922933943381,9.45
2023-05-05,1011010101,花叶类,115.371,115.371,677.5214,7.0,108.371,192,0,13,5.872545093654384,12.83
2023-05-05,1011010201,花菜类,28.675,28.675,296.607,0.0,28.675,57,0,2,10.343748910200524,15.51
2023-05-05,1011010402,水生根茎类,13.454,13.454,107.6232,0.0,13.454,28,0,4,7.999345919429166,13.65
2023-05-05,1011010501,茄类,22.324,22.324,178.592,0.0,22.324,46,0,1,8.0,6.68
2023-05-05,1011010504,辣椒类,66.977,66.977,533.9982,1.0,65.977,135,0,7,7.972859339773355,9.24
2023-05-05,1011010801,食用菌,63.126,63.126,292.5426,15.44,47.686,85,0,6,4.634264803725881,9.45
2023-05-06,1011010101,花叶类,163.827,163.827,908.4752,3.084,160.743,231,0,15,5.545332576437339,12.83
2023-05-06,1011010201,花菜类,34.087,34.087,334.0515,1.831,32.256,72,0,2,9.799967729632996,15.51
2023-05-06,1011010402,水生根茎类,17.781,17.781,146.7472,0.0,17.781,36,0,3,8.253034137562567,13.65
2023-05-06,1011010501,茄类,23.097,23.097,184.776,0.0,23.097,46,0,1,8.0,6.68
2023-05-06,1011010504,辣椒类,94.505,94.505,689.4476,3.0,91.505,182,0,9,7.295355801280356,9.24
2023-05-06,1011010801,食用菌,99.697,99.697,456.2262,20.0,79.697,130,0,8,4.576127666830496,9.45
2023-05-07,1011010101,花叶类,238.132,238.132,1246.103,4.0,234.132,335,0,15,5.2328246518737505,12.83
2023-05-07,1011010201,花菜类,54.158,54.158,570.003,0.0,54.158,113,0,2,10.524816278296836,15.51
2023-05-07,1011010402,水生根茎类,18.818,18.818,161.2712,0.0,18.818,42,0,4,8.57004995217345,13.65
2023-05-07,1011010501,茄类,39.966,39.966,319.728,0.0,39.966,83,0,1,8.0,6.68
2023-05-07,1011010504,辣椒类,134.833,134.833,946.574,6.0,128.833,242,0,10,7.020343684409602,9.24
2023-05-07,1011010801,食用菌,115.423,115.423,553.0402,23.811,91.612,155,0,8,4.791421120573889,9.45
2023-05-08,1011010101,花叶类,142.341,142.341,824.9606,0.652,141.689,213,0,13,5.795663933792793,12.83
2023-05-08,1011010201,花菜类,17.863,17.863,202.356,0.0,17.863,40,0,2,11.328220343727258,15.51
2023-05-08,1011010402,水生根茎类,9.628,9.628,137.184,0.494,9.134,22,0,5,14.248442044038221,13.65
2023-05-08,1011010501,茄类,21.757,21.757,174.056,0.0,21.757,43,0,1,8.0,6.68
2023-05-08,1011010504,辣椒类,85.984,85.984,645.836,4.0,81.984,150,0,9,7.511118347599554,9.24
2023-05-08,1011010801,食用菌,58.128,58.128,327.79380000000003,9.254999999999999,48.873,84,0,8,5.639172171758878,9.45
2023-05-09,1011010101,花叶类,145.033,145.033,707.6812,10.479,134.554,209,0,12,4.879449504595506,12.83
2023-05-09,1011010201,花菜类,25.81,25.81,257.9568,0.0,25.81,60,0,2,9.994451762882603,15.51
2023-05-09,1011010402,水生根茎类,7.406,7.406,106.79,0.0,7.406,16,0,5,14.419389684039968,13.65
2023-05-09,1011010501,茄类,17.224,17.224,137.792,0.0,17.224,31,0,1,8.0,6.68
2023-05-09,1011010504,辣椒类,81.721,81.721,630.7936,0.0,81.721,135,0,9,7.71886785526364,9.24
2023-05-09,1011010801,食用菌,49.033,49.033,293.8002,1.572,47.461,80,0,8,5.991887096445251,9.45
2023-05-10,1011010101,花叶类,159.328,159.328,820.7446,12.494,146.834,235,0,13,5.151289164490861,12.83
2023-05-10,1011010201,花菜类,26.422,26.422,264.2208,0.0,26.422,55,0,2,10.000030277798803,15.51
2023-05-10,1011010402,水生根茎类,10.336,10.336,81.3416,0.0,10.336,19,0,5,7.8697368421052625,13.65
2023-05-10,1011010501,茄类,28.106,28.106,224.848,0.0,28.106,55,0,1,8.0,6.68
2023-05-10,1011010504,辣椒类,99.29,99.29,681.2656,12.0,87.29,146,0,9,6.86137173934938,9.24
2023-05-10,1011010801,食用菌,78.595,78.595,348.3464,13.0,65.595,98,0,7,4.432169985368026,9.45
2023-05-11,1011010101,花叶类,158.484,158.484,802.3572,9.935,148.549,245,0,14,5.062701597637616,12.83
2023-05-11,1011010201,花菜类,23.274,23.274,227.2545,1.76,21.514,48,0,2,9.76430781129157,15.51
2023-05-11,1011010402,水生根茎类,9.518,9.518,145.5552,0.0,9.518,16,0,4,15.292624500945577,13.65
2023-05-11,1011010501,茄类,13.908,13.908,111.264,0.0,13.908,31,0,1,8.0,6.68
2023-05-11,1011010504,辣椒类,76.412,76.077,538.174,1.469,74.608,128,0,9,7.074069692548339,9.24
2023-05-11,1011010801,食用菌,42.217,42.217,279.7074,4.0,38.217,63,0,8,6.625468413198475,9.45
2023-05-12,1011010101,花叶类,142.706,142.706,756.074,9.0,133.706,229,0,12,5.298123414572618,12.83
2023-05-12,1011010201,花菜类,21.507,21.507,200.636,0.405,21.102,48,0,2,9.328869670339888,15.51
2023-05-12,1011010402,水生根茎类,16.347,16.347,284.1632,0.0,16.347,39,0,5,17.383201810729798,13.65
2023-05-12,1011010501,茄类,24.496,24.496,171.472,0.0,24.496,46,0,1,7.000000000000001,6.68
2023-05-12,1011010504,辣椒类,88.881,88.881,673.0775,7.907,80.974,163,0,8,7.572793960463991,9.24
2023-05-12,1011010801,食用菌,67.921,67.921,382.12,6.18,61.741,96,0,6,5.625947792288099,9.45
2023-05-13,1011010101,花叶类,179.071,179.071,963.18,8.087,170.984,280,0,16,5.378760379961021,12.83
2023-05-13,1011010201,花菜类,45.087,45.087,393.5408,0.531,44.556,93,0,2,8.728476057400137,15.51
2023-05-13,1011010402,水生根茎类,20.655,20.655,362.9852,0.0,20.655,42,0,5,17.57372064875333,13.65
2023-05-13,1011010501,茄类,33.208,33.208,232.45600000000002,0.0,33.208,64,0,1,7.000000000000001,6.68
2023-05-13,1011010504,辣椒类,135.703,135.703,968.972,12.0,123.703,224,0,8,7.1403874637996205,9.24
2023-05-13,1011010801,食用菌,95.606,95.606,611.7762,13.413,82.193,141,0,8,6.3989310294332995,9.45
2023-05-14,1011010101,花叶类,199.50900000000001,199.50900000000001,1060.6856,12.728,186.781,318,0,14,5.31647995829762,12.83
2023-05-14,1011010201,花菜类,43.642,43.642,374.47,0.0,43.642,81,0,2,8.580495852619038,15.51
2023-05-14,1011010402,水生根茎类,15.86,15.86,178.3172,0.0,15.86,29,0,4,11.243203026481716,13.65
2023-05-14,1011010501,茄类,32.974000000000004,32.974000000000004,230.818,0.0,32.974000000000004,60,0,1,7.0,6.68
2023-05-14,1011010504,辣椒类,110.866,110.866,797.4962,18.135,92.731,199,0,8,7.1933342954557755,9.24
2023-05-14,1011010801,食用菌,97.677,97.677,583.2122,18.071,79.606,139,0,8,5.970824247263941,9.45
2023-05-15,1011010101,花叶类,171.35,171.35,822.9846,25.014,146.336,245,0,16,4.80294484972279,12.83
2023-05-15,1011010201,花菜类,27.764,27.764,278.7225,1.229,26.535,59,0,2,10.038989338712001,15.51
2023-05-15,1011010402,水生根茎类,7.475,7.475,73.4192,0.0,7.475,16,0,4,9.821966555183947,13.65
2023-05-15,1011010501,茄类,21.584,21.584,150.601,0.0,21.584,45,0,2,6.977436990363232,6.68
2023-05-15,1011010504,辣椒类,78.687,78.687,548.8491,14.015,64.672,132,0,8,6.9750924549163145,9.24
2023-05-15,1011010801,食用菌,61.585,61.585,360.1954,18.86,42.725,89,0,7,5.848752131200779,9.45
2023-05-16,1011010101,花叶类,194.936,194.936,965.6315999999999,23.662,171.274,276,0,15,4.953582714326753,12.83
2023-05-16,1011010201,花菜类,26.009,26.009,274.1805,0.615,25.394,48,0,2,10.54175477719251,15.51
2023-05-16,1011010402,水生根茎类,9.603,9.603,97.964,0.0,9.603,20,0,4,10.201395397271686,13.65
2023-05-16,1011010501,茄类,14.181000000000001,14.181000000000001,99.267,0.0,14.181000000000001,32,0,1,6.999999999999999,6.68
2023-05-16,1011010504,辣椒类,80.294,80.294,601.9476,11.0,69.294,132,0,7,7.496794281017261,9.24
2023-05-16,1011010801,食用菌,57.535,57.535,316.2348,6.481,51.054,77,0,7,5.496390023463979,9.45
2023-05-17,1011010101,花叶类,150.478,150.478,777.1946,10.008,140.47,238,0,14,5.164838713964832,12.83
2023-05-17,1011010201,花菜类,19.914,19.914,203.108,3.324,16.59,45,0,2,10.19925680425831,15.51
2023-05-17,1011010402,水生根茎类,12.893,12.893,175.1852,0.0,12.893,29,0,5,13.58762118979291,13.65
2023-05-17,1011010501,茄类,14.296,14.296,100.072,0.0,14.296,27,0,1,7.000000000000001,6.68
2023-05-17,1011010504,辣椒类,67.717,67.717,529.9516,4.0,63.717,126,0,8,7.825975752026817,9.24
2023-05-17,1011010801,食用菌,54.7,54.7,328.5598,7.232,47.468,77,0,7,6.006577696526508,9.45
2023-05-18,1011010101,花叶类,112.688,112.688,590.9668,8.702,103.986,184,0,15,5.244274456907568,12.83
2023-05-18,1011010201,花菜类,22.684,22.684,233.8863,2.277,20.407,48,0,2,10.310628636924704,15.51
2023-05-18,1011010402,水生根茎类,8.812,8.812,108.29560000000001,0.0,8.812,18,0,5,12.289559691330005,13.65
2023-05-18,1011010501,茄类,11.595,11.595,81.165,0.0,11.595,24,0,1,7.0,6.68
2023-05-18,1011010504,辣椒类,53.892,53.892,385.6616,0.0,53.892,106,0,8,7.156193869219921,9.24
2023-05-18,1011010801,食用菌,49.756,49.756,298.3416,11.0,38.756,64,0,6,5.996092933515556,9.45
2023-05-19,1011010101,花叶类,141.327,141.327,678.326,20.0,121.327,198,0,13,4.799691495609474,12.83
2023-05-19,1011010201,花菜类,20.153,20.153,200.5884,1.97,18.183,42,0,2,9.953277427678263,15.51
2023-05-19,1011010402,水生根茎类,9.66,9.66,103.8612,0.0,9.66,16,0,5,10.75167701863354,13.65
2023-05-19,1011010501,茄类,15.232,15.232,106.624,0.0,15.232,26,0,1,7.0,6.68
2023-05-19,1011010504,辣椒类,71.713,71.713,569.158,4.487,67.226,125,0,8,7.936608425250653,9.24
2023-05-19,1011010801,食用菌,60.947,60.947,349.9492,10.0,50.947,78,0,6,5.741860961162978,9.45
2023-05-20,1011010101,花叶类,177.822,177.822,821.468,30.0,147.822,270,0,12,4.619608372417361,12.83
2023-05-20,1011010201,花菜类,27.242,27.242,274.2789,2.794,24.448,57,0,2,10.068236546509068,15.51
2023-05-20,1011010402,水生根茎类,11.094,11.094,182.85320000000002,0.0,11.094,25,0,6,16.48217054263566,13.65
2023-05-20,1011010501,茄类,33.825,33.825,236.775,0.0,33.825,65,0,1,7.0,6.68
2023-05-20,1011010504,辣椒类,92.262,92.262,638.8076,5.611,86.651,154,0,8,6.92384296893629,9.24
2023-05-20,1011010801,食用菌,82.754,82.754,479.896,14.0,68.754,105,0,7,5.799067114580564,9.45
2023-05-21,1011010101,花叶类,197.446,197.446,1081.8488,3.0,194.446,314,0,13,5.4792135571244795,12.83
2023-05-21,1011010201,花菜类,29.13,29.13,298.572,0.0,29.13,62,0,2,10.249639546858909,15.51
2023-05-21,1011010402,水生根茎类,13.615,13.615,232.0232,0.0,13.615,29,0,6,17.041733382298936,13.65
2023-05-21,1011010501,茄类,38.276,38.276,267.932,0.0,38.276,71,0,1,7.0,6.68
2023-05-21,1011010504,辣椒类,117.485,117.485,826.6532,0.0,117.485,197,0,8,7.036244626973656,9.24
2023-05-21,1011010801,食用菌,94.76,94.76,648.2868,3.201,91.559,136,0,8,6.841355002110594,9.45
2023-05-22,1011010101,花叶类,154.18,154.18,749.1462,19.439,134.741,231,0,12,4.858906472953691,12.83
2023-05-22,1011010201,花菜类,14.808,14.808,155.788,0.7769999999999999,14.031,35,0,2,10.520529443544032,15.51
2023-05-22,1011010402,水生根茎类,8.411,8.411,81.5396,0.0,8.411,14,0,5,9.694400190227084,13.65
2023-05-22,1011010501,茄类,25.981,25.981,180.55180000000001,0.0,25.981,52,0,2,6.949378391901774,6.68
2023-05-22,1011010504,辣椒类,90.848,90.848,627.6112,3.0,87.848,151,0,8,6.908365621697782,9.24
2023-05-22,1011010801,食用菌,70.154,70.154,396.934,16.78,53.374,103,0,8,5.658038030618354,9.45
2023-05-23,1011010101,花叶类,150.721,150.721,697.8402,28.129,122.592,189,0,10,4.63001307050776,12.83
2023-05-23,1011010201,花菜类,20.181,20.181,216.45520000000002,0.514,19.667,40,0,2,10.725692483028592,15.51
2023-05-23,1011010402,水生根茎类,14.637,14.637,159.81719999999999,0.0,14.637,27,0,5,10.918712850994055,13.65
2023-05-23,1011010501,茄类,23.022,23.022,161.154,0.0,23.022,48,0,1,7.0,6.68
2023-05-23,1011010504,辣椒类,69.361,69.361,512.4632,10.042,59.319,117,0,8,7.388347918859301,9.24
2023-05-23,1011010801,食用菌,49.994,49.994,324.5468,1.641,48.353,72,0,7,6.491715005800696,9.45
2023-05-24,1011010101,花叶类,135.51,135.51,656.304,15.0,120.51,200,0,12,4.8432145229134385,12.83
2023-05-24,1011010201,花菜类,15.923,15.923,178.796,0.0,15.923,35,0,2,11.228788544872197,15.51
2023-05-24,1011010402,水生根茎类,9.414,9.414,137.686,0.0,9.414,23,0,6,14.625663904822606,13.65
2023-05-24,1011010501,茄类,15.749,15.749,110.243,0.0,15.749,30,0,1,6.999999999999999,6.68
2023-05-24,1011010504,辣椒类,62.956,62.956,467.04040000000003,14.909,48.047,125,0,7,7.418520871719932,9.24
2023-05-24,1011010801,食用菌,47.818,47.818,296.83320000000003,9.517,38.301,65,0,7,6.207562005939187,9.45
2023-05-25,1011010101,花叶类,114.768,114.768,597.0716,6.013,108.755,189,0,11,5.202422277986895,12.83
2023-05-25,1011010201,花菜类,14.565,14.565,131.4464,0.487,14.078,32,0,2,9.02481290765534,15.51
2023-05-25,1011010402,水生根茎类,13.962,13.962,212.8628,0.0,13.962,29,0,6,15.245867354247242,13.65
2023-05-25,1011010501,茄类,21.865,21.865,165.283,0.0,21.865,44,0,2,7.559249942831008,6.68
2023-05-25,1011010504,辣椒类,76.118,76.118,521.1328,11.361,64.757,150,0,8,6.846380619564361,9.24
2023-05-25,1011010801,食用菌,50.69,50.69,274.86,15.0,35.69,64,0,6,5.422371276385875,9.45
2023-05-26,1011010101,花叶类,154.12,154.12,783.0974,5.304,148.816,256,0,16,5.081088762003633,12.83
2023-05-26,1011010201,花菜类,24.236,24.236,252.9304,0.9319999999999999,23.304,55,0,2,10.436144578313252,15.51
2023-05-26,1011010402,水生根茎类,20.081,20.081,296.9576,0.0,20.081,37,0,6,14.787988645983766,13.65
2023-05-26,1011010501,茄类,18.213,18.213,152.022,0.0,18.213,42,0,3,8.346895074946467,6.68
2023-05-26,1011010504,辣椒类,90.26,90.26,660.8418,7.0,83.26,152,0,9,7.321535563926434,9.24
2023-05-26,1011010801,食用菌,53.736,53.736,405.5428,2.638,51.098,74,0,7,7.54694804228078,9.45
2023-05-27,1011010101,花叶类,274.537,273.537,1365.2152,10.0,263.537,408,0,15,4.990970874141341,12.83
2023-05-27,1011010201,花菜类,41.279,41.279,429.4078,0.0,41.279,86,0,2,10.402572736742654,15.51
2023-05-27,1011010402,水生根茎类,24.97,24.97,340.204,0.992,23.978,52,0,6,13.624509411293554,13.65
2023-05-27,1011010501,茄类,24.313,24.313,170.191,0.0,24.313,48,0,1,7.0,6.68
2023-05-27,1011010504,辣椒类,127.658,127.658,862.666,0.372,127.286,216,0,8,6.757633677482023,9.24
2023-05-27,1011010801,食用菌,91.754,91.754,537.696,0.0,91.754,118,0,6,5.860191381302178,9.45
2023-05-28,1011010101,花叶类,262.277,262.277,1353.1002,10.572,251.705,388,0,15,5.159050164520718,12.83
2023-05-28,1011010201,花菜类,36.971000000000004,36.971000000000004,399.0036,3.86,33.111,78,0,2,10.792339942116794,15.51
2023-05-28,1011010402,水生根茎类,22.807,22.807,296.5116,0.0,22.807,53,0,6,13.000903231464024,13.65
2023-05-28,1011010501,茄类,38.881,38.881,233.286,0.0,38.881,76,0,2,6.0,6.68
2023-05-28,1011010504,辣椒类,131.518,131.518,889.4558000000001,7.0,124.518,235,0,9,6.762996700071474,9.24
2023-05-28,1011010801,食用菌,109.635,109.635,593.14,25.0,84.635,139,0,6,5.410133625210927,9.45
2023-05-29,1011010101,花叶类,146.434,146.434,746.1758,13.83,132.604,229,0,16,5.095645819959845,12.83
2023-05-29,1011010201,花菜类,16.312,16.312,214.2842,0.0,16.312,39,0,2,13.136598822952427,15.51
2023-05-29,1011010402,水生根茎类,12.75,12.75,169.808,0.0,12.75,24,0,6,13.31827450980392,13.65
2023-05-29,1011010501,茄类,28.536,28.536,215.766,0.0,28.536,69,0,3,7.5611858704793935,6.68
2023-05-29,1011010504,辣椒类,61.995,61.995,431.80400000000003,2.0,59.995,130,0,9,6.965142350189532,9.24
2023-05-29,1011010801,食用菌,53.849,53.849,263.876,13.0,40.849,68,0,6,4.900295270107152,9.45
2023-05-30,1011010101,花叶类,156.287,156.287,771.4639999999999,22.0,134.287,245,0,14,4.936200707672422,12.83
2023-05-30,1011010201,花菜类,14.652000000000001,14.652000000000001,201.923,0.0,14.652000000000001,33,0,2,13.78125853125853,15.51
2023-05-30,1011010402,水生根茎类,8.852,8.852,125.03320000000001,0.0,8.852,23,0,5,14.124853140533213,13.65
2023-05-30,1011010501,茄类,23.886,23.886,210.0594,0.0,23.886,53,0,3,8.7942476764632,6.68
2023-05-30,1011010504,辣椒类,59.897,59.897,399.4408,1.0,58.897,116,0,8,6.66879476434546,9.24
2023-05-30,1011010801,食用菌,46.299,46.299,270.876,8.0,38.299,66,0,6,5.850579926132314,9.45
2023-05-31,1011010101,花叶类,136.132,136.132,722.856,3.0,133.132,200,0,13,5.309963858607822,12.83
2023-05-31,1011010201,花菜类,16.723,16.723,228.404,0.0,16.723,43,0,2,13.658075704120074,15.51
2023-05-31,1011010402,水生根茎类,7.86,7.86,121.5896,0.0,7.86,18,0,4,15.46941475826972,13.65
2023-05-31,1011010501,茄类,17.471,17.471,116.2056,0.0,17.471,29,0,2,6.651342224257341,6.68
2023-05-31,1011010504,辣椒类,61.96,61.96,446.141,0.0,61.96,119,0,7,7.20046804389929,9.24
2023-05-31,1011010801,食用菌,46.711,46.711,251.964,4.0,42.711,63,0,6,5.39410417246473,9.45
2023-06-01,1011010101,花叶类,136.982,136.982,706.9904,13.0,123.982,209,0,13,5.1611919814282174,12.83
2023-06-01,1011010201,花菜类,19.364,19.364,265.101,0.0,19.364,47,0,2,13.69040487502582,15.51
2023-06-01,1011010402,水生根茎类,9.741,9.741,150.5268,0.0,9.741,23,0,6,15.452910378811211,13.65
2023-06-01,1011010501,茄类,18.475,18.475,166.3782,0.0,18.475,45,0,3,9.00558592692828,6.68
2023-06-01,1011010504,辣椒类,67.854,67.854,493.165,0.0,67.854,109,0,7,7.268031361452531,9.24
2023-06-01,1011010801,食用菌,44.867,44.867,241.508,7.0,37.867,59,0,6,5.3827534713709415,9.45
2023-06-02,1011010101,花叶类,161.142,161.142,853.786,17.0,144.142,241,0,13,5.298345558575666,12.83
2023-06-02,1011010201,花菜类,16.172,16.172,223.033,0.0,16.172,49,0,2,13.791305960920107,15.51
2023-06-02,1011010402,水生根茎类,11.988,11.988,193.018,0.0,11.988,25,0,5,16.100934267600934,13.65
2023-06-02,1011010501,茄类,22.501,22.501,200.38459999999998,0.0,22.501,55,0,4,8.905586418381404,6.68
2023-06-02,1011010504,辣椒类,72.847,72.847,508.8586,0.0,72.847,118,0,9,6.9853061896852315,9.24
2023-06-02,1011010801,食用菌,68.385,68.385,351.7756,18.0,50.385,90,0,8,5.144046208963954,9.45
2023-06-03,1011010101,花叶类,222.081,222.081,1197.6974,20.0,202.081,337,0,15,5.393065593184469,12.83
2023-06-03,1011010201,花菜类,33.243,33.243,457.14799999999997,0.0,33.243,81,0,2,13.751707126312304,15.51
2023-06-03,1011010402,水生根茎类,29.041,29.041,414.3926,0.858,28.183,62,0,7,14.269226266313144,13.65
2023-06-03,1011010501,茄类,39.399,39.399,334.3932,0.0,39.399,77,0,4,8.487352470874894,6.68
2023-06-03,1011010504,辣椒类,123.664,123.664,808.3244,3.0,120.664,203,0,8,6.536456850821581,9.24
2023-06-03,1011010801,食用菌,94.541,94.541,504.484,17.0,77.541,128,0,6,5.336139875821073,9.45
2023-06-04,1011010101,花叶类,215.285,215.285,1140.6152,14.0,201.285,321,0,15,5.298163829342499,12.83
2023-06-04,1011010201,花菜类,25.117,25.117,346.953,0.0,25.117,63,0,2,13.813472946609865,15.51
2023-06-04,1011010402,水生根茎类,21.047,21.047,250.0524,0.0,21.047,47,0,6,11.880667078443484,13.65
2023-06-04,1011010501,茄类,34.741,34.741,305.3196,0.0,34.741,76,0,3,8.788451685328575,6.68
2023-06-04,1011010504,辣椒类,123.69800000000001,123.69800000000001,782.4572000000001,0.521,123.177,199,0,9,6.325544471212146,9.24
2023-06-04,1011010801,食用菌,95.926,95.926,480.624,18.0,77.926,119,0,6,5.010362154160499,9.45
2023-06-05,1011010101,花叶类,145.142,145.142,787.4456,19.519,125.623,243,0,16,5.4253462126744845,12.83
2023-06-05,1011010201,花菜类,22.57,22.57,308.696,0.0,22.57,56,0,2,13.677270713336288,15.51
2023-06-05,1011010402,水生根茎类,12.58,12.58,159.032,0.0,12.58,24,0,5,12.641653418124006,13.65
2023-06-05,1011010501,茄类,19.989,19.989,160.0238,0.0,19.989,42,0,3,8.005593076191905,6.68
2023-06-05,1011010504,辣椒类,74.896,74.896,439.0545,3.3209999999999997,71.575,137,0,8,5.862188901944029,9.24
2023-06-05,1011010801,食用菌,49.192,49.192,273.608,10.0,39.192,66,0,7,5.562042608554236,9.45
2023-06-06,1011010101,花叶类,152.439,152.439,835.3906,16.046,136.393,215,0,14,5.480163212826114,12.83
2023-06-06,1011010201,花菜类,21.351,21.351,297.789,0.0,21.351,53,0,2,13.94730925951946,15.51
2023-06-06,1011010402,水生根茎类,14.408,14.408,185.6728,0.0,14.408,30,0,5,12.886785119378123,13.65
2023-06-06,1011010501,茄类,19.081,19.081,157.2814,0.0,19.081,40,0,3,8.242827944028091,6.68
2023-06-06,1011010504,辣椒类,84.745,84.745,489.583,7.557,77.188,148,0,8,5.777131394182548,9.24
2023-06-06,1011010801,食用菌,56.608,56.608,270.092,16.0,40.608,70,0,6,4.771269078575466,9.45
2023-06-07,1011010101,花叶类,135.735,135.735,719.88,11.822,123.913,209,0,15,5.303569455188418,12.83
2023-06-07,1011010201,花菜类,11.835,11.835,179.892,0.0,11.835,32,0,1,15.2,15.51
2023-06-07,1011010402,水生根茎类,14.142,14.142,214.79160000000002,0.0,14.142,30,0,6,15.188205345778535,13.65
2023-06-07,1011010501,茄类,17.873,17.873,170.6024,0.0,17.873,38,0,3,9.545258210708889,6.68
2023-06-07,1011010504,辣椒类,66.121,66.121,478.548,6.306,59.815,122,0,8,7.237458598629785,9.24
2023-06-07,1011010801,食用菌,44.446,44.446,239.904,14.0,30.445999999999998,63,0,6,5.397651082212123,9.45
2023-06-08,1011010101,花叶类,119.287,119.287,625.0968,13.989,105.298,179,0,14,5.240275973073344,12.83
2023-06-08,1011010201,花菜类,15.446,15.446,232.016,0.0,15.446,35,0,2,15.021105787906254,15.51
2023-06-08,1011010402,水生根茎类,9.254,9.254,136.19320000000002,0.0,9.254,24,0,6,14.717224983790796,13.65
2023-06-08,1011010501,茄类,24.509,24.509,228.762,0.0,24.509,53,0,4,9.33379574850055,6.68
2023-06-08,1011010504,辣椒类,78.363,77.363,526.9816,3.868,73.495,141,0,8,6.811804092395589,9.24
2023-06-08,1011010801,食用菌,49.993,49.993,246.632,14.0,35.993,64,0,6,4.933330666293281,9.45
2023-06-09,1011010101,花叶类,140.024,140.024,721.6428,27.201,112.823,217,0,15,5.153707935782437,12.83
2023-06-09,1011010201,花菜类,13.684,13.684,203.456,0.0,13.684,26,0,2,14.868167202572348,15.51
2023-06-09,1011010402,水生根茎类,15.815999999999999,15.815999999999999,187.2744,1.188,14.628,41,0,6,11.840819423368742,13.65
2023-06-09,1011010501,茄类,21.798,21.798,189.91,0.0,21.798,43,0,3,8.712267180475273,6.68
2023-06-09,1011010504,辣椒类,74.296,74.296,456.88169999999997,8.605,65.691,130,0,8,6.1494791105846875,9.24
2023-06-09,1011010801,食用菌,55.465,55.465,232.63,13.0,42.465,66,0,6,4.194176507707563,9.45
2023-06-10,1011010101,花叶类,240.235,240.235,1288.7028,28.076,212.159,367,0,16,5.364342414718921,12.83
2023-06-10,1011010201,花菜类,26.766,26.766,390.0342,0.455,26.311,60,0,2,14.572001793319885,15.51
2023-06-10,1011010402,水生根茎类,19.118,19.118,222.5999,0.9650000000000001,18.153,45,0,6,11.643472120514698,13.65
2023-06-10,1011010501,茄类,38.116,38.116,307.584,0.0,38.116,78,0,4,8.069682023297304,6.68
2023-06-10,1011010504,辣椒类,146.968,146.968,824.6054,7.136,139.832,229,0,8,5.610781938925481,9.24
2023-06-10,1011010801,食用菌,98.844,98.844,422.568,26.0,72.844,124,0,7,4.2751001578244505,9.45
2023-06-11,1011010101,花叶类,213.908,213.908,1148.2452,21.789,192.119,340,0,14,5.36793948800419,12.83
2023-06-11,1011010201,花菜类,25.472,25.472,365.76419999999996,0.47,25.002,56,0,2,14.35946136934673,15.51
2023-06-11,1011010402,水生根茎类,21.247,21.247,304.3095,1.316,19.931,51,0,6,14.322469054454748,13.65
2023-06-11,1011010501,茄类,43.303,43.303,360.96999999999997,0.0,43.303,79,0,4,8.335912061519988,6.68
2023-06-11,1011010504,辣椒类,119.69,119.69,715.1913,5.5329999999999995,114.157,202,0,9,5.9753638566296265,9.24
2023-06-11,1011010801,食用菌,79.626,79.626,380.072,22.0,57.626,99,0,7,4.773214779092256,9.45
2023-06-12,1011010101,花叶类,127.399,127.399,645.9176,22.168,105.231,182,0,14,5.07003665648867,12.83
2023-06-12,1011010201,花菜类,17.143,17.143,231.93519999999998,1.418,15.725,36,0,2,13.529440587995099,15.51
2023-06-12,1011010402,水生根茎类,10.351,10.351,142.9268,0.0,10.351,18,0,5,13.808018548932468,13.65
2023-06-12,1011010501,茄类,23.087,23.087,175.2404,0.0,23.087,44,0,4,7.590436176203058,6.68
2023-06-12,1011010504,辣椒类,67.12,67.12,415.306,6.704,60.416,110,0,9,6.187514898688915,9.24
2023-06-12,1011010801,食用菌,36.153999999999996,36.153999999999996,185.588,13.0,23.154,53,0,7,5.133263262709521,9.45
2023-06-13,1011010101,花叶类,140.865,140.865,775.7412,18.461,122.404,204,0,15,5.506983281865616,12.83
2023-06-13,1011010201,花菜类,10.189,10.189,154.87279999999998,0.0,10.189,27,0,1,15.199999999999998,15.51
2023-06-13,1011010402,水生根茎类,12.054,12.054,178.6952,1.133,10.921,31,0,6,14.824556163928985,13.65
2023-06-13,1011010501,茄类,17.659,17.659,130.944,0.0,17.659,40,0,2,7.4151424202956,6.68
2023-06-13,1011010504,辣椒类,84.891,84.891,455.6876,8.825,76.066,132,0,8,5.367914148731902,9.24
2023-06-13,1011010801,食用菌,54.24,54.24,268.28,13.0,41.24,76,0,7,4.946165191740413,9.45
2023-06-14,1011010101,花叶类,115.605,115.605,635.9628,17.917,97.688,174,0,15,5.501170364603607,12.83
2023-06-14,1011010201,花菜类,9.175,9.175,138.8506,0.0,9.175,21,0,2,15.133580381471386,15.51
2023-06-14,1011010402,水生根茎类,7.284,7.284,107.2968,0.0,7.284,15,0,3,14.730477759472818,13.65
2023-06-14,1011010501,茄类,28.361,28.361,193.9656,0.0,28.361,56,0,4,6.8391664609851555,6.68
2023-06-14,1011010504,辣椒类,82.127,82.127,462.9276,8.245,73.882,132,0,9,5.636728481498167,9.24
2023-06-14,1011010801,食用菌,43.778,43.778,225.916,9.0,34.778,61,0,7,5.160491571108776,9.45
2023-06-15,1011010101,花叶类,118.42,118.42,593.5972,17.0,101.42,176,0,14,5.012643134605641,12.83
2023-06-15,1011010201,花菜类,9.804,9.804,143.0932,0.343,9.461,20,0,2,14.595389636882905,15.51
2023-06-15,1011010402,水生根茎类,16.733,16.733,197.4948,2.5,14.233,35,0,6,11.802713201458197,13.65
2023-06-15,1011010501,茄类,15.908,15.908,134.462,0.0,15.908,35,0,3,8.452476741262258,6.68
2023-06-15,1011010504,辣椒类,63.624,63.624,392.0405,8.516,55.108,103,0,8,6.161833584810763,9.24
2023-06-15,1011010801,食用菌,34.886,34.886,206.092,10.0,24.886,49,0,6,5.907584704465974,9.45
2023-06-16,1011010101,花叶类,172.11,172.11,900.0056000000001,29.0,143.11,210,0,15,5.2292464121782585,12.83
2023-06-16,1011010201,花菜类,22.692,22.692,310.35,0.0,22.692,43,0,3,13.676626123744052,15.51
2023-06-16,1011010402,水生根茎类,15.49,15.49,255.28459999999998,2.12,13.37,39,0,5,16.480606843124594,13.65
2023-06-16,1011010501,茄类,24.133,24.133,195.85320000000002,0.0,24.133,52,0,4,8.115576181991464,6.68
2023-06-16,1011010504,辣椒类,86.159,86.159,495.78,9.185,76.974,136,0,10,5.754245058554532,9.24
2023-06-16,1011010801,食用菌,58.503,58.503,270.466,17.0,41.503,74,0,6,4.623113344614806,9.45
2023-06-17,1011010101,花叶类,244.334,244.334,1294.141,13.862,230.472,403,0,17,5.296606284839605,12.83
2023-06-17,1011010201,花菜类,26.791,26.791,407.22319999999996,0.0,26.791,56,0,1,15.2,15.51
2023-06-17,1011010402,水生根茎类,22.626,22.626,312.8232,4.411,18.215,58,0,5,13.825828692654467,13.65
2023-06-17,1011010501,茄类,46.628,46.628,334.5324,0.0,46.628,92,0,4,7.174496010980526,6.68
2023-06-17,1011010504,辣椒类,169.193,169.193,882.9504,9.0,160.193,254,0,10,5.218598878204181,9.24
2023-06-17,1011010801,食用菌,93.35,93.35,530.2,6.0,87.35,130,0,5,5.679700053561865,9.45
2023-06-18,1011010101,花叶类,253.447,253.447,1301.4759999999999,11.531,241.916,374,0,16,5.135101224319088,12.83
2023-06-18,1011010201,花菜类,23.098,23.098,348.2312,0.0,23.098,51,0,2,15.076249025889688,15.51
2023-06-18,1011010402,水生根茎类,23.373,23.373,358.4731,1.8,21.573,56,0,4,15.337059855388695,13.65
2023-06-18,1011010501,茄类,54.553,54.553,376.11400000000003,0.0,54.553,111,0,4,6.894469598372226,6.68
2023-06-18,1011010504,辣椒类,149.877,149.877,785.4832,9.425,140.452,228,0,9,5.2408521654423295,9.24
2023-06-18,1011010801,食用菌,72.039,72.039,456.236,5.0,67.039,112,0,5,6.333180638265384,9.45
2023-06-19,1011010101,花叶类,128.701,128.701,630.4718,11.952,116.749,206,0,15,4.898732721579475,12.83
2023-06-19,1011010201,花菜类,12.363,12.363,187.9176,0.0,12.363,25,0,1,15.2,15.51
2023-06-19,1011010402,水生根茎类,11.51,11.51,199.9592,3.314,8.196,22,0,4,17.37264986967854,13.65
2023-06-19,1011010501,茄类,21.207,21.207,162.26,0.0,21.207,45,0,4,7.65124722968831,6.68
2023-06-19,1011010504,辣椒类,77.049,77.049,416.4558,6.33,70.719,131,0,9,5.40507728847876,9.24
2023-06-19,1011010801,食用菌,43.293,43.293,257.032,10.0,33.293,67,0,6,5.937033700598249,9.45
2023-06-20,1011010101,花叶类,126.228,126.228,620.0676,25.762,100.466,191,0,14,4.912282536362772,12.83
2023-06-20,1011010201,花菜类,13.919,13.919,209.518,0.0,13.919,28,0,2,15.052661829154394,15.51
2023-06-20,1011010402,水生根茎类,11.657,11.657,221.8696,0.0,11.657,29,0,5,19.033164622115468,13.65
2023-06-20,1011010501,茄类,21.592,21.592,153.984,0.0,21.592,44,0,4,7.1315301963690265,6.68
2023-06-20,1011010504,辣椒类,66.666,66.666,393.0572,6.592,60.074,110,0,10,5.895916959169592,9.24
2023-06-20,1011010801,食用菌,39.223,39.223,205.352,13.0,26.223,53,0,6,5.235499579328455,9.45
2023-06-21,1011010101,花叶类,126.263,126.263,566.102,20.126,106.137,208,0,16,4.483514568796876,12.83
2023-06-21,1011010201,花菜类,16.697,16.697,220.4004,0.0,16.697,36,0,1,13.2,15.51
2023-06-21,1011010402,水生根茎类,27.178,27.178,456.21639999999996,7.8919999999999995,19.286,71,0,6,16.786238869673998,13.65
2023-06-21,1011010501,茄类,24.123,24.123,175.453,0.0,24.123,44,0,5,7.273266177506943,6.68
2023-06-21,1011010504,辣椒类,91.365,91.365,436.4906,8.0,83.365,124,0,10,4.777437749685328,9.24
2023-06-21,1011010801,食用菌,63.364,63.364,282.236,17.0,46.364,77,0,6,4.454201123666436,9.45
2023-06-22,1011010101,花叶类,171.919,171.919,859.332,8.0,163.919,278,0,15,4.998470209808107,12.83
2023-06-22,1011010201,花菜类,17.912,17.912,250.768,0.0,17.912,38,0,1,14.0,15.51
2023-06-22,1011010402,水生根茎类,38.77,38.77,640.237,9.763,29.007,88,0,6,16.513721949961308,13.65
2023-06-22,1011010501,茄类,33.866,33.866,269.683,0.0,33.866,63,0,5,7.963237465304435,6.68
2023-06-22,1011010504,辣椒类,114.288,114.288,623.7628,7.364,106.924,178,0,10,5.457815343693126,9.24
2023-06-22,1011010801,食用菌,77.476,77.476,491.124,13.0,64.476,114,0,6,6.339046930662399,9.45
2023-06-23,1011010101,花叶类,178.718,178.718,855.5916,30.721,147.99699999999999,260,0,13,4.7873834756431926,12.83
2023-06-23,1011010201,花菜类,9.279,9.279,129.906,0.0,9.279,22,0,1,14.0,15.51
2023-06-23,1011010402,水生根茎类,18.677,18.677,294.7358,6.45,12.227,50,0,5,15.78068212239653,13.65
2023-06-23,1011010501,茄类,25.398,25.398,187.924,0.0,25.398,51,0,5,7.399165288605403,6.68
2023-06-23,1011010504,辣椒类,88.349,88.349,467.087,5.0,83.349,137,0,8,5.2868396925828245,9.24
2023-06-23,1011010801,食用菌,55.417,55.417,292.508,17.0,38.417,73,0,5,5.278308100402403,9.45
2023-06-24,1011010101,花叶类,161.495,161.495,810.902,14.839,146.656,252,0,14,5.021220471222019,12.83
2023-06-24,1011010201,花菜类,11.548,11.548,161.672,0.0,11.548,27,0,2,14.0,15.51
2023-06-24,1011010402,水生根茎类,16.054,16.054,258.3204,3.364,12.69,39,0,5,16.090718823969105,13.65
2023-06-24,1011010501,茄类,28.369,28.369,212.934,0.0,28.369,57,0,4,7.505869082449152,6.68
2023-06-24,1011010504,辣椒类,94.187,94.187,544.6812,5.247,88.94,164,0,10,5.782976419251065,9.24
2023-06-24,1011010801,食用菌,54.18,54.18,295.62,15.0,39.18,80,0,6,5.456256921373201,9.45
2023-06-25,1011010101,花叶类,108.895,108.895,522.7804,21.0,87.895,174,0,13,4.800775058542633,12.83
2023-06-25,1011010201,花菜类,10.681,10.681,149.534,0.0,10.681,26,0,1,14.0,15.51
2023-06-25,1011010402,水生根茎类,16.5,16.5,256.7524,6.63,9.870000000000001,43,0,6,15.560751515151516,13.65
2023-06-25,1011010501,茄类,23.315,23.315,156.08,0.0,23.315,45,0,4,6.69440274501394,6.68
2023-06-25,1011010504,辣椒类,69.658,69.658,385.57,3.505,66.153,109,0,9,5.535186195411869,9.24
2023-06-25,1011010801,食用菌,35.271,35.271,199.204,7.0,28.271,52,0,5,5.647812650619489,9.45
2023-06-26,1011010101,花叶类,80.524,80.524,430.56419999999997,15.927,64.597,168,0,14,5.347029457056281,12.83
2023-06-26,1011010201,花菜类,8.083,8.083,113.162,0.0,8.083,20,0,1,14.0,15.51
2023-06-26,1011010402,水生根茎类,10.384,10.384,186.5424,0.991,9.393,23,0,5,17.964406779661015,13.65
2023-06-26,1011010501,茄类,21.224,21.224,134.97,0.0,21.224,37,0,3,6.359310214851112,6.68
2023-06-26,1011010504,辣椒类,72.185,72.185,425.565,6.385,65.8,115,0,10,5.895476899632888,9.24
2023-06-26,1011010801,食用菌,39.582,39.582,216.668,12.0,27.582,57,0,8,5.473902278813602,9.45
2023-06-27,1011010101,花叶类,127.278,127.278,642.0896,19.215,108.063,196,0,16,5.0447807162274705,12.83
2023-06-27,1011010201,花菜类,14.272,14.272,171.264,0.0,14.272,28,0,1,12.0,15.51
2023-06-27,1011010402,水生根茎类,16.454,16.454,263.04359999999997,7.7330000000000005,8.721,47,0,7,15.986605080831406,13.65
2023-06-27,1011010501,茄类,8.415,8.415,67.124,0.0,8.415,21,0,5,7.9767082590612,6.68
2023-06-27,1011010504,辣椒类,67.12,67.12,422.8367,3.2920000000000003,63.828,108,0,9,6.299712455303933,9.24
2023-06-27,1011010801,食用菌,38.708,38.708,193.892,13.0,25.708,57,0,6,5.009093727394854,9.45
2023-06-28,1011010101,花叶类,130.182,130.182,630.4388,22.557,107.625,194,0,12,4.842749381634943,12.83
2023-06-28,1011010201,花菜类,16.069,16.069,198.16400000000002,0.0,16.069,36,0,2,12.332067956935717,15.51
2023-06-28,1011010402,水生根茎类,14.946,14.946,209.4314,8.96,5.986,37,0,5,14.012538471831927,13.65
2023-06-28,1011010501,茄类,15.651,15.651,121.6408,0.0,15.651,29,0,4,7.772078461440164,6.68
2023-06-28,1011010504,辣椒类,68.534,68.534,415.4488,8.42,60.114,106,0,9,6.061937140689293,9.24
2023-06-28,1011010801,食用菌,53.742,53.742,247.908,2.0,51.742,72,0,6,4.612928435860221,9.45
2023-06-29,1011010101,花叶类,135.09,135.09,646.1398,19.0,116.09,200,0,13,4.783032052705604,12.83
2023-06-29,1011010201,花菜类,24.367,24.367,292.502,1.095,23.272000000000002,52,0,2,12.004021832806664,15.51
2023-06-29,1011010402,水生根茎类,22.945,22.945,391.5526,4.3870000000000005,18.558,54,0,7,17.064833297014598,13.65
2023-06-29,1011010501,茄类,11.511,11.511,86.3524,0.0,11.511,23,0,5,7.501728781165842,6.68
2023-06-29,1011010504,辣椒类,89.113,89.113,556.428,3.21,85.903,134,0,9,6.244072133134335,9.24
2023-06-29,1011010801,食用菌,48.314,48.314,225.936,5.0,43.314,66,0,6,4.6764084944322555,9.45
2023-06-30,1011010101,花叶类,130.464,130.464,667.7684,10.36,120.104,194,0,12,5.118411209222468,12.83
2023-06-30,1011010201,花菜类,28.087,28.087,323.3425,4.007,24.080000000000002,61,0,2,11.512176451739238,15.51
2023-06-30,1011010402,水生根茎类,19.419,19.419,280.9766,9.079,10.34,51,0,7,14.469159071012927,13.65
2023-06-30,1011010501,茄类,24.53,24.53,198.8132,0.0,24.53,47,0,3,8.104900122299226,6.68
2023-06-30,1011010504,辣椒类,82.286,82.286,501.6192,3.26,79.026,132,0,8,6.096045499842014,9.24
2023-06-30,1011010801,食用菌,39.572,39.572,258.828,9.0,30.572,69,0,7,6.540685333063782,9.45
