销售日期,分类编码,分类名称,批发价均值,覆盖单品数,售出量,批发价加权
2020-07-01,1011010101,花叶类,8.192876331126145,100,205.40200000000002,4.828037458252597
2020-07-01,1011010201,花菜类,7.964822140822141,5,47.076,8.408451865069251
2020-07-01,1011010402,水生根茎类,7.746195026037954,19,4.85,9.234160824742268
2020-07-01,1011010501,茄类,5.201967804180148,10,35.374,4.091376434669531
2020-07-01,1011010504,辣椒类,6.239267015141655,45,76.715,5.319110343479111
2020-07-01,1011010801,食用菌,8.370130665782211,72,35.364999999999995,6.5019485366888174
2020-07-02,1011010101,花叶类,8.20109671739224,100,198.362,4.162575241225638
2020-07-02,1011010201,花菜类,7.796822140822141,5,43.943,7.835918803905059
2020-07-02,1011010402,水生根茎类,7.757773973406375,19,4.6,7.093747826086957
2020-07-02,1011010501,茄类,4.900967804180148,10,32.199,2.472960650951893
2020-07-02,1011010504,辣椒类,6.188556148230789,45,66.06400000000001,5.704405273674013
2020-07-02,1011010801,食用菌,8.366102888004432,72,48.510000000000005,7.312903937332508
2020-07-03,1011010101,花叶类,8.20109671739224,100,191.779,4.389518977573144
2020-07-03,1011010201,花菜类,7.668822140822141,5,42.076,7.426066165985359
2020-07-03,1011010402,水生根茎类,7.7498792365642695,19,9.572000000000001,5.61
2020-07-03,1011010501,茄类,5.1869678041801475,10,35.896,3.964099621127702
2020-07-03,1011010504,辣椒类,6.151445037119677,45,64.253,6.253733677804927
2020-07-03,1011010801,食用菌,8.3652695546711,72,42.44199999999999,7.357773667593423
2020-07-04,1011010101,花叶类,8.20679671739224,100,236.587,4.807090372674745
2020-07-04,1011010201,花菜类,7.708822140822141,5,55.662,8.217534763393338
2020-07-04,1011010402,水生根茎类,7.52566871024848,19,5.439,14.01511858797573
2020-07-04,1011010501,茄类,4.974967804180148,10,57.067,3.114950146319239
2020-07-04,1011010504,辣椒类,6.12077837045301,45,81.28200000000001,5.714687261632341
2020-07-04,1011010801,食用菌,8.37638066578221,72,47.262,7.335156785578267
2020-07-05,1011010101,花叶类,8.21899671739224,100,223.899,4.273393271073117
2020-07-05,1011010201,花菜类,7.792822140822141,5,55.474000000000004,8.397157587338214
2020-07-05,1011010402,水生根茎类,7.5261950260379535,19,4.019,5.42
2020-07-05,1011010501,茄类,5.280747146903153,10,61.816,4.021894978646305
2020-07-05,1011010504,辣椒类,6.1761117037863436,45,98.496,6.041138015756985
2020-07-05,1011010801,食用菌,8.378576036152582,72,73.213,5.885503803969241
2020-07-06,1011010101,花叶类,8.19379671739224,100,195.74,4.8642002145703485
2020-07-06,1011010201,花菜类,7.92882214082214,5,42.721000000000004,7.819140937712131
2020-07-06,1011010402,水生根茎类,7.527773973406375,19,3.089,5.449999999999999
2020-07-06,1011010501,茄类,5.023747146903153,10,30.727000000000004,3.3203700328701142
2020-07-06,1011010504,辣椒类,6.202111703786343,45,58.682,6.224900310146212
2020-07-06,1011010801,食用菌,8.37857603615258,72,40.578,7.178352555571984
2020-07-07,1011010101,花叶类,8.18129671739224,100,175.052,4.79319522199118
2020-07-07,1011010201,花菜类,7.832822140822141,5,45.749,7.314270475857396
2020-07-07,1011010402,水生根茎类,7.528300289195849,19,3.117,5.460000000000001
2020-07-07,1011010501,茄类,5.049747146903153,10,32.112,3.2775784753363224
2020-07-07,1011010504,辣椒类,6.234556148230788,45,42.213,6.812150522350934
2020-07-07,1011010801,食用菌,8.410339974003476,72,52.56,6.96486111111111
2020-07-08,1011010101,花叶类,8.19439671739224,100,158.57,4.843609699186479
2020-07-08,1011010201,花菜类,7.784822140822141,5,45.43300000000001,7.34181167873572
2020-07-08,1011010402,水生根茎类,7.697515697847347,19,10.605,8.21244884488449
2020-07-08,1011010501,茄类,5.096747146903153,10,39.67,3.5347244769347115
2020-07-08,1011010504,辣椒类,6.242778370453011,45,65.88,6.454160595021251
2020-07-08,1011010801,食用菌,8.410062196225699,72,43.968,7.607784297671032
2020-07-09,1011010101,花叶类,8.192296717392239,100,187.439,4.544924695500937
2020-07-09,1011010201,花菜类,7.760822140822141,5,41.131,7.550888867277722
2020-07-09,1011010402,水生根茎类,7.697515697847347,19,2.106,5.47
2020-07-09,1011010501,茄类,4.983747146903153,10,25.921,3.898585316924501
2020-07-09,1011010504,辣椒类,6.197667259341899,45,58.86,5.690378015630309
2020-07-09,1011010801,食用菌,8.409506640670141,72,37.837,7.209311520469382
2020-07-10,1011010101,花叶类,8.18620290295925,100,179.833,4.470994033353167
2020-07-10,1011010201,花菜类,7.6168221408221415,5,62.344,6.545884768381881
2020-07-10,1011010402,水生根茎类,7.695936750478926,19,9.025,7.98426592797784
2020-07-10,1011010501,茄类,5.413747146903153,10,37.86,4.636425250924458
2020-07-10,1011010504,辣椒类,6.21188948156412,45,58.936,6.610760825302023
2020-07-10,1011010801,食用菌,8.406833029559031,72,41.429,6.769435902387216
2020-07-11,1011010101,花叶类,8.188102902959251,100,271.12,4.794547801711419
2020-07-11,1011010201,花菜类,7.466822140822141,5,76.564,6.282039731466487
2020-07-11,1011010402,水生根茎类,7.694357803110504,19,8.928,8.411317204301074
2020-07-11,1011010501,茄类,5.413747146903153,10,68.277,3.7996306223179106
2020-07-11,1011010504,辣椒类,6.279222814897455,45,85.93599999999999,7.074474609011357
2020-07-11,1011010801,食用菌,8.408777474003475,72,52.238,7.928451318963208
2020-07-12,1011010101,花叶类,8.19160290295925,100,300.189,4.488165722261641
2020-07-12,1011010201,花菜类,7.30682214082214,5,71.615,6.32656705997347
2020-07-12,1011010402,水生根茎类,7.619094645215769,19,13.994,11.493803773045592
2020-07-12,1011010501,茄类,5.103747146903153,10,81.706,4.2824853743911095
2020-07-12,1011010504,辣椒类,6.279889481564121,45,72.459,6.623485557349674
2020-07-12,1011010801,食用菌,8.405684253664493,72,55.96,7.232089349535382
2020-07-13,1011010101,花叶类,8.18460290295925,100,190.832,4.682125639305777
2020-07-13,1011010201,花菜类,7.23682214082214,5,32.028000000000006,5.749602847508429
2020-07-13,1011010402,水生根茎类,7.618568329426294,19,11.605,8.038965962947007
2020-07-13,1011010501,茄类,5.032747146903153,10,44.379,4.0283665697739925
2020-07-13,1011010504,辣椒类,6.2965561482307875,45,61.24,6.436648758981058
2020-07-13,1011010801,食用菌,8.399156475886715,72,42.113,7.48280388478617
2020-07-14,1011010101,花叶类,8.17050290295925,100,190.59900000000002,4.34060021301266
2020-07-14,1011010201,花菜类,7.06482214082214,5,57.575,5.248857490230134
2020-07-14,1011010402,水生根茎类,7.5575156978473474,19,9.007,7.594595314755192
2020-07-14,1011010501,茄类,5.052747146903153,10,34.747,3.842482516476242
2020-07-14,1011010504,辣椒类,6.303667259341898,45,66.745,6.189588283766573
2020-07-14,1011010801,食用菌,8.389695949570926,72,44.836,6.569703809438845
2020-07-15,1011010101,花叶类,8.16420290295925,100,218.094,4.088843663741323
2020-07-15,1011010201,花菜类,7.038822140822141,5,37.962,5.2916848427374745
2020-07-15,1011010402,水生根茎类,7.5575156978473474,19,10.238000000000001,7.510435631959366
2020-07-15,1011010501,茄类,5.079747146903153,10,38.17,4.082695834424942
2020-07-15,1011010504,辣椒类,6.324778370453011,45,73.35400000000001,6.117863647517517
2020-07-15,1011010801,食用菌,8.397057060682037,72,42.196,6.440664043985213
2020-07-16,1011010101,花叶类,8.162302902959249,100,215.526,4.280146850032015
2020-07-16,1011010201,花菜类,7.024822140822141,5,39.45,5.735707984790874
2020-07-16,1011010402,水生根茎类,7.558568329426295,19,11.354000000000001,7.30329575480007
2020-07-16,1011010501,茄类,5.124747146903153,10,26.586,4.1349868351764085
2020-07-16,1011010504,辣椒类,6.379445037119677,45,72.656,6.389405692578727
2020-07-16,1011010801,食用菌,8.38650951313449,72,53.685,6.810458787370774
2020-07-17,1011010101,花叶类,8.17050290295925,100,201.67000000000002,4.109126295433132
2020-07-17,1011010201,花菜类,7.100822140822141,5,44.198,5.78053441332187
2020-07-17,1011010402,水生根茎类,7.566989382057874,19,10.727,7.298178428265125
2020-07-17,1011010501,茄类,5.117747146903153,10,37.251000000000005,4.571652841534454
2020-07-17,1011010504,辣椒类,6.396111703786343,45,61.025000000000006,6.622583039737813
2020-07-17,1011010801,食用菌,8.392065068690044,72,51.908,7.217681474917161
2020-07-18,1011010101,花叶类,8.163002902959251,100,275.265,4.503703812689591
2020-07-18,1011010201,花菜类,7.104822140822141,5,61.087999999999994,5.8223133839706644
2020-07-18,1011010402,水生根茎类,7.568568329426295,19,10.418,7.548891341908235
2020-07-18,1011010501,茄类,5.066747146903152,10,56.585,3.898665193955995
2020-07-18,1011010504,辣椒类,6.451000592675233,45,85.051,6.6111048664918695
2020-07-18,1011010801,食用菌,8.395676179801155,72,71.884,7.206324773245785
2020-07-19,1011010101,花叶类,8.16270290295925,100,321.164,4.4439764108056945
2020-07-19,1011010201,花菜类,7.140822140822141,5,76.351,5.966778169244673
2020-07-19,1011010402,水生根茎类,7.567515697847347,19,11.123999999999999,7.43235436893204
2020-07-19,1011010501,茄类,5.071747146903153,10,71.772,4.300859388062197
2020-07-19,1011010504,辣椒类,6.391445037119677,45,103.77600000000001,6.5608185900400855
2020-07-19,1011010801,食用菌,8.397203957578933,72,80.322,8.17521911804985
2020-07-20,1011010101,花叶类,8.15320290295925,100,204.99699999999999,4.153171948857788
2020-07-20,1011010201,花菜类,7.160822140822141,5,47.431,4.967849296873354
2020-07-20,1011010402,水生根茎类,7.568042013636822,19,9.548,7.34954335986594
2020-07-20,1011010501,茄类,5.069747146903152,10,33.947,4.396937284590686
2020-07-20,1011010504,辣椒类,6.391445037119677,45,67.35,6.605645731254641
2020-07-20,1011010801,食用菌,8.3988706242456,72,52.617000000000004,6.8095014919132595
2020-07-21,1011010101,花叶类,8.15550290295925,100,214.99,4.462177915251872
2020-07-21,1011010201,花菜类,7.140822140822141,5,49.004999999999995,5.350965207631874
2020-07-21,1011010402,水生根茎类,7.358568329426294,19,12.744,10.006125235404896
2020-07-21,1011010501,茄类,5.102747146903153,10,27.094,4.246234590684284
2020-07-21,1011010504,辣椒类,6.366556148230789,45,56.992999999999995,6.077609530995034
2020-07-21,1011010801,食用菌,8.399565068690045,72,45.905,7.0825764077987134
2020-07-22,1011010101,花叶类,8.15060290295925,100,232.78300000000002,4.206683692537685
2020-07-22,1011010201,花菜类,7.136822140822142,5,53.675,5.592273684210527
2020-07-22,1011010402,水生根茎类,7.3590946452157695,19,11.049999999999999,8.66569411764706
2020-07-22,1011010501,茄类,5.0837471469031525,10,48.247,4.124189068750389
2020-07-22,1011010504,辣椒类,6.342556148230788,45,81.36,5.9572626597836775
2020-07-22,1011010801,食用菌,8.398453957578933,72,66.794,6.642299308321108
2020-07-23,1011010101,花叶类,8.15840290295925,100,200.441,4.1540515662963164
2020-07-23,1011010201,花菜类,7.518822140822141,5,39.425,6.355172606214332
2020-07-23,1011010402,水生根茎类,7.411090673021131,19,30.417,3.5717480356379654
2020-07-23,1011010501,茄类,5.128747146903153,10,44.141999999999996,4.355991572651896
2020-07-23,1011010504,辣椒类,6.370556148230788,45,57.638999999999996,6.502984784607644
2020-07-23,1011010801,食用菌,8.400815068690044,72,56.759,6.482759209993128
2020-07-24,1011010101,花叶类,8.16650290295925,100,176.325,4.545642932085638
2020-07-24,1011010201,花菜类,7.578822140822142,5,38.284000000000006,6.6024838052450106
2020-07-24,1011010402,水生根茎类,7.536880146705342,19,11.739999999999998,9.249458262350938
2020-07-24,1011010501,茄类,5.161747146903153,10,34.97,4.823580211609951
2020-07-24,1011010504,辣椒类,6.419445037119677,45,58.738,6.642362014368891
2020-07-24,1011010801,食用菌,8.396509513134488,72,49.201,6.808140484949492
2020-07-25,1011010101,花叶类,8.17530290295925,100,227.137,4.737772049467943
2020-07-25,1011010201,花菜类,7.682822140822141,5,57.421,6.929751832953101
2020-07-25,1011010402,水生根茎类,7.538985409863237,19,10.424,7.803664620107445
2020-07-25,1011010501,茄类,5.217747146903153,10,61.874,4.6914940039434985
2020-07-25,1011010504,辣椒类,6.4423339260085655,45,94.20600000000002,6.967990361548096
2020-07-25,1011010801,食用菌,8.3951206242456,72,67.013,7.111905749630668
2020-07-26,1011010101,花叶类,8.17640290295925,100,250.825,4.783940795375263
2020-07-26,1011010201,花菜类,7.728822140822141,5,64.119,7.285019105101453
2020-07-26,1011010402,水生根茎类,7.547406462494815,19,12.988,10.575737603942102
2020-07-26,1011010501,茄类,5.243747146903153,10,69.521,4.626420937558435
2020-07-26,1011010504,辣椒类,6.505222814897455,45,102.061,6.848482280204976
2020-07-26,1011010801,食用菌,8.393453957578934,72,71.295,7.358265797040466
2020-07-27,1011010101,花叶类,8.18230290295925,100,198.00900000000001,4.603104454848012
2020-07-27,1011010201,花菜类,7.730822140822141,5,42.876000000000005,7.073823117828154
2020-07-27,1011010402,水生根茎类,7.50530119933692,19,17.265,9.106492325514045
2020-07-27,1011010501,茄类,5.303747146903153,10,36.121,4.809065086791616
2020-07-27,1011010504,辣椒类,6.529667259341899,45,71.402,6.873508585193692
2020-07-27,1011010801,食用菌,8.399426179801155,72,52.777,7.220750895276351
2020-07-28,1011010101,花叶类,8.18200290295925,100,165.443,4.624895885592016
2020-07-28,1011010201,花菜类,7.6988221408221404,5,34.937,6.925682800469416
2020-07-28,1011010402,水生根茎类,7.479511725652711,19,13.959,7.253192205745397
2020-07-28,1011010501,茄类,5.289747146903153,10,40.34,4.978804412493802
2020-07-28,1011010504,辣椒类,6.58877837045301,45,66.001,6.862747382615415
2020-07-28,1011010801,食用菌,8.401926179801157,72,47.728,6.6819648843446195
2020-07-29,1011010101,花叶类,8.18390290295925,100,193.72899999999998,4.66470063852082
2020-07-29,1011010201,花菜类,7.69282214082214,5,42.22,7.489350071056371
2020-07-29,1011010402,水生根茎类,7.479511725652711,19,18.597,7.287741571221165
2020-07-29,1011010501,茄类,5.262747146903154,10,40.777,4.8942207617039015
2020-07-29,1011010504,辣椒类,6.573667259341899,45,82.494,6.805390573859916
2020-07-29,1011010801,食用菌,8.406787290912266,72,54.315,7.073603056245973
2020-07-30,1011010101,花叶类,8.18640290295925,100,201.743,4.614850279811443
2020-07-30,1011010201,花菜类,7.702822140822141,5,38.198,6.496471804806535
2020-07-30,1011010402,水生根茎类,7.517406462494816,19,10.645000000000001,7.382646312822922
2020-07-30,1011010501,茄类,5.258747146903152,10,46.311,4.7999291744941806
2020-07-30,1011010504,辣椒类,6.514797960290782,45,68.219,6.376542165672321
2020-07-30,1011010801,食用菌,8.4063706242456,72,50.774,6.58864379406783
2020-07-31,1011010101,花叶类,8.18720290295925,100,197.166,4.409464157106195
2020-07-31,1011010201,花菜类,7.724822140822141,5,37.549,6.65987429758449
2020-07-31,1011010402,水生根茎类,7.530564357231658,19,19.062,7.519586612107858
2020-07-31,1011010501,茄类,5.247747146903153,10,34.092,4.781426141030154
2020-07-31,1011010504,辣椒类,6.471686849179671,45,41.104,6.683364636045154
2020-07-31,1011010801,食用菌,8.411509513134488,72,45.587,6.658733849562374
2020-08-01,1011010101,花叶类,8.19880290295925,100,229.89,4.5884899299665065
2020-08-01,1011010201,花菜类,7.81282214082214,5,54.361999999999995,7.458768625142563
2020-08-01,1011010402,水生根茎类,7.534248567757973,19,21.432000000000002,7.570720418066442
2020-08-01,1011010501,茄类,5.171747146903153,10,48.80499999999999,4.4196440938428445
2020-08-01,1011010504,辣椒类,6.533909071401893,45,66.15599999999999,6.81567068746599
2020-08-01,1011010801,食用菌,8.410676179801156,72,53.797,7.362882130973846
2020-08-02,1011010101,花叶类,8.25020290295925,100,243.138,4.979678865500251
2020-08-02,1011010201,花菜类,7.862822140822141,5,49.219,7.584032995387959
2020-08-02,1011010402,水生根茎类,7.52951172565271,19,56.153999999999996,7.726564447768637
2020-08-02,1011010501,茄类,5.110747146903153,10,50.893,4.277458393099248
2020-08-02,1011010504,辣椒类,6.421686849179671,45,67.963,6.378277445080411
2020-08-02,1011010801,食用菌,8.410259513134488,72,54.961,6.432346209130111
2020-08-03,1011010101,花叶类,8.25780290295925,100,207.843,4.81632395606299
2020-08-03,1011010201,花菜类,7.726822140822141,5,44.426,7.08276864898933
2020-08-03,1011010402,水生根茎类,7.5189854098632365,19,15.555000000000001,8.151981356477016
2020-08-03,1011010501,茄类,5.029747146903153,10,45.191,3.828926777455688
2020-08-03,1011010504,辣椒类,6.336131293624116,45,86.474,6.117907694798436
2020-08-03,1011010801,食用菌,8.412203957578933,72,48.575,7.298326505404014
2020-08-04,1011010101,花叶类,8.21955290295925,100,180.012,4.268836466457792
2020-08-04,1011010201,花菜类,7.630822140822142,5,44.534000000000006,6.714342075717428
2020-08-04,1011010402,水生根茎类,7.493722251968499,19,26.208,7.904755799755801
2020-08-04,1011010501,茄类,4.973747146903153,10,30.591,3.832533751757053
2020-08-04,1011010504,辣椒类,6.320131293624115,45,73.36500000000001,6.084101683364002
2020-08-04,1011010801,食用菌,8.4176206242456,72,45.301,7.3882550054082685
2020-08-05,1011010101,花叶类,8.23805290295925,100,244.39499999999998,4.602231715051454
2020-08-05,1011010201,花菜类,7.6008221408221415,5,43.631,6.2307132543375126
2020-08-05,1011010402,水生根茎类,7.493195936179026,19,21.451999999999998,7.854242028715271
2020-08-05,1011010501,茄类,5.033747146903153,10,49.472,4.047677271992238
2020-08-05,1011010504,辣椒类,6.400797960290782,45,82.229,6.310636636709677
2020-08-05,1011010801,食用菌,8.4176206242456,72,62.84,7.116848504137492
2020-08-06,1011010101,花叶类,8.22085290295925,100,234.77700000000002,4.508040182811775
2020-08-06,1011010201,花菜类,7.584822140822141,5,40.827,5.841604820339482
2020-08-06,1011010402,水生根茎类,7.472669620389551,19,19.115,7.563980120324354
2020-08-06,1011010501,茄类,5.061747146903153,10,31.596,4.703914419546779
2020-08-06,1011010504,辣椒类,6.369909071401893,45,74.047,6.318931759558119
2020-08-06,1011010801,食用菌,8.415537290912265,72,48.611000000000004,7.237069181872416
2020-08-07,1011010101,花叶类,8.213352902959251,100,204.941,4.747591941095242
2020-08-07,1011010201,花菜类,7.584822140822141,5,40.272000000000006,6.611704410011919
2020-08-07,1011010402,水生根茎类,7.400357958882843,19,25.415,7.963666732244738
2020-08-07,1011010501,茄类,4.983747146903153,10,51.799,3.8550806000115836
2020-08-07,1011010504,辣椒类,6.337242404735226,45,78.61099999999999,6.40644731653331
2020-08-07,1011010801,食用菌,8.411725882571902,72,68.177,6.2865409155580325
2020-08-08,1011010101,花叶类,8.207852902959251,100,311.161,4.787488117084083
2020-08-08,1011010201,花菜类,7.560822140822141,5,58.156,6.385648256413783
2020-08-08,1011010402,水生根茎类,7.4045684851986335,19,27.461,7.905122173263902
2020-08-08,1011010501,茄类,4.779747146903153,10,63.763999999999996,2.6097374694184805
2020-08-08,1011010504,辣椒类,6.379909071401893,45,100.292,6.397059286882303
2020-08-08,1011010801,食用菌,8.409781438127458,72,92.144,5.43509930109394
2020-08-09,1011010101,花叶类,8.249775644392273,100,250.58999999999997,4.715229857536214
2020-08-09,1011010201,花菜类,7.82882214082214,5,54.876,8.195718711276331
2020-08-09,1011010402,水生根茎类,7.4045684851986335,19,25.900000000000002,7.749451737451737
2020-08-09,1011010501,茄类,4.760747146903153,10,51.834999999999994,2.824915404649368
2020-08-09,1011010504,辣椒类,6.416131293624115,45,73.684,6.4144593127408935
2020-08-09,1011010801,食用菌,8.397559215905236,72,73.07300000000001,7.76752480396316
2020-08-10,1011010101,花叶类,8.237575644392273,100,210.292,4.847087906339756
2020-08-10,1011010201,花菜类,7.970822140822141,5,50.7,7.997339447731756
2020-08-10,1011010402,水生根茎类,7.286856814718084,19,30.683,7.154028615194082
2020-08-10,1011010501,茄类,4.688747146903153,10,47.664,2.679369754951326
2020-08-10,1011010504,辣椒类,6.403020182513004,45,78.905,6.485397123122742
2020-08-10,1011010801,食用菌,8.398531438127456,72,36.094,7.832290131323765
2020-08-11,1011010101,花叶类,8.239275644392272,100,216.71300000000002,4.614124302649126
2020-08-11,1011010201,花菜类,7.768822140822141,5,56.278999999999996,7.060191368005828
2020-08-11,1011010402,水生根茎类,7.245277867349664,19,20.458,7.942237266594975
2020-08-11,1011010501,茄类,4.693747146903153,10,33.572,2.562754080781603
2020-08-11,1011010504,辣椒类,6.2827979602907815,45,73.292,6.478282350051847
2020-08-11,1011010801,食用菌,8.39964254923857,72,40.016999999999996,7.4855516405527665
2020-08-12,1011010101,花叶类,8.235475644392272,100,206.877,4.653922137308642
2020-08-12,1011010201,花菜类,7.656822140822141,5,50.065,6.963807849795266
2020-08-12,1011010402,水生根茎类,7.245277867349664,19,27.354999999999997,7.368476695302503
2020-08-12,1011010501,茄类,4.895747146903153,10,36.009,3.400698158793635
2020-08-12,1011010504,辣椒类,6.193020182513004,45,85.166,6.404095061409482
2020-08-12,1011010801,食用菌,8.413670327016346,72,34.195,7.958467319783594
2020-08-13,1011010101,花叶类,8.213175644392273,100,188.208,4.449628336733826
2020-08-13,1011010201,花菜类,7.724822140822141,5,47.468,6.971333529957023
2020-08-13,1011010402,水生根茎类,7.244225235770716,19,19.324,7.9606939557027525
2020-08-13,1011010501,茄类,4.706747146903153,10,31.109,2.733816258960429
2020-08-13,1011010504,辣椒类,6.130131293624115,45,61.767999999999994,6.282368054656133
2020-08-13,1011010801,食用菌,8.416031438127456,72,35.65,8.000002805049087
2020-08-14,1011010101,花叶类,8.22767564439227,100,217.758,4.331022465305523
2020-08-14,1011010201,花菜类,7.508822140822142,5,58.582,6.260324673107781
2020-08-14,1011010402,水生根茎类,7.169488393665453,19,29.991,4.9466473275315925
2020-08-14,1011010501,茄类,5.121747146903153,10,37.826,5.277188706180934
2020-08-14,1011010504,辣椒类,6.129686849179671,45,76.489,6.371628077239865
2020-08-14,1011010801,食用菌,8.420892549238568,72,53.795,6.338636118598383
2020-08-15,1011010101,花叶类,8.225175644392271,100,245.136,4.579194528751388
2020-08-15,1011010201,花菜类,7.544822140822141,5,79.38,5.0877299067775255
2020-08-15,1011010402,水生根茎类,7.152646288402294,19,25.642,7.111601669136573
2020-08-15,1011010501,茄类,5.1447471469031525,10,43.278999999999996,5.118564430786294
2020-08-15,1011010504,辣椒类,6.066575738068559,45,94.285,6.204685262767142
2020-08-15,1011010801,食用菌,8.425059215905236,72,58.015,6.7242952684650525
2020-08-16,1011010101,花叶类,8.226275644392272,100,241.48000000000002,4.319783211860194
2020-08-16,1011010201,花菜类,7.580822140822141,5,60.230999999999995,6.801165346748353
2020-08-16,1011010402,水生根茎类,7.138962077875979,19,24.454,6.457267931626727
2020-08-16,1011010501,茄类,5.151747146903153,10,48.366,4.205691601538271
2020-08-16,1011010504,辣椒类,6.061020182513004,45,95.285,6.024927848034843
2020-08-16,1011010801,食用菌,8.42575366034968,72,55.092999999999996,7.4153749115132594
2020-08-17,1011010101,花叶类,8.228475644392272,100,215.63299999999998,4.055047696781106
2020-08-17,1011010201,花菜类,7.484822140822141,5,51.749,6.309950723685481
2020-08-17,1011010402,水生根茎类,7.359488393665452,19,15.916,7.231236491580799
2020-08-17,1011010501,茄类,5.1687471469031525,10,35.013999999999996,5.113562860570059
2020-08-17,1011010504,辣椒类,5.979242404735227,45,72.953,5.8889787945663645
2020-08-17,1011010801,食用菌,8.421725882571902,72,47.418,6.581810493905269
2020-08-18,1011010101,花叶类,8.232975644392273,100,225.113,4.3204066846428235
2020-08-18,1011010201,花菜类,7.42882214082214,5,55.92,6.1524159513590835
2020-08-18,1011010402,水生根茎类,7.418435762086506,19,21.753,6.438444352503103
2020-08-18,1011010501,茄类,5.164747146903153,10,34.019000000000005,4.707815338487315
2020-08-18,1011010504,辣椒类,5.884131293624115,45,76.92,5.66486869474779
2020-08-18,1011010801,食用菌,8.423809215905235,72,45.716,6.642989544142095
2020-08-19,1011010101,花叶类,8.290775644392273,100,214.173,4.191523207874008
2020-08-19,1011010201,花菜类,7.344822140822141,5,64.061,6.499252587377654
2020-08-19,1011010402,水生根茎类,7.25475155156019,19,17.95,6.955723676880223
2020-08-19,1011010501,茄类,5.212747146903153,10,30.347,4.834250502520843
2020-08-19,1011010504,辣椒类,5.844131293624115,45,80.919,5.5123876963383145
2020-08-19,1011010801,食用菌,8.422975882571901,72,50.126,7.236692534812273
2020-08-20,1011010101,花叶类,8.286275644392271,100,233.53199999999998,4.205669843961427
2020-08-20,1011010201,花菜类,7.332822140822141,5,69.58699999999999,6.1452483940966
2020-08-20,1011010402,水生根茎类,7.197383130507558,19,22.966,6.395067491073761
2020-08-20,1011010501,茄类,5.3627471469031525,10,37.957,5.668412150591459
2020-08-20,1011010504,辣椒类,5.7747979602907815,45,75.953,5.429537213803273
2020-08-20,1011010801,食用菌,8.424225882571902,72,54.411,6.546413041480583
2020-08-21,1011010101,花叶类,8.306575644392272,100,207.076,4.548196169522301
2020-08-21,1011010201,花菜类,7.296822140822141,5,50.062,6.06687547441173
2020-08-21,1011010402,水生根茎类,7.129488393665452,19,34.598,4.58936354702584
2020-08-21,1011010501,茄类,5.408747146903153,10,29.694,5.3631400282885435
2020-08-21,1011010504,辣椒类,5.794353515846337,45,85.19800000000001,5.418251602150284
2020-08-21,1011010801,食用菌,8.426864771460792,72,50.0,7.158644399999999
2020-08-22,1011010101,花叶类,8.309475644392272,100,273.081,4.3971543241748785
2020-08-22,1011010201,花菜类,7.2548221408221405,5,55.886,5.9174199262784954
2020-08-22,1011010402,水生根茎类,7.133172604191769,19,42.772,4.276464977087815
2020-08-22,1011010501,茄类,5.467747146903153,10,30.422,5.634206166589967
2020-08-22,1011010504,辣椒类,5.824797960290781,45,116.801,5.6620526365356465
2020-08-22,1011010801,食用菌,8.431725882571902,72,49.895,7.164489427798376
2020-08-23,1011010101,花叶类,8.313675644392271,100,261.552,4.491076114883464
2020-08-23,1011010201,花菜类,7.3668221408221415,5,71.556,6.364462379115657
2020-08-23,1011010402,水生根茎类,7.159488393665453,19,46.056999999999995,4.3130377575612835
2020-08-23,1011010501,茄类,5.736747146903153,10,47.316,6.478981317102037
2020-08-23,1011010504,辣椒类,5.8019090714018935,45,93.71400000000001,5.582958469385576
2020-08-23,1011010801,食用菌,8.491448104794124,72,55.226,7.4108396407489225
2020-08-24,1011010101,花叶类,8.340394260744473,100,260.694,4.1804778399195985
2020-08-24,1011010201,花菜类,7.58682214082214,5,41.784,6.691903838789967
2020-08-24,1011010402,水生根茎类,7.153172604191769,19,20.305,6.46401181974883
2020-08-24,1011010501,茄类,5.498747146903153,10,26.874000000000002,5.742249386023665
2020-08-24,1011010504,辣椒类,5.828353515846337,45,97.07900000000001,5.5878001421522665
2020-08-24,1011010801,食用菌,8.471725882571901,72,39.576,7.0275138973115014
2020-08-25,1011010101,花叶类,8.304794260744474,100,343.427,3.676580437764066
2020-08-25,1011010201,花菜类,7.636822140822142,5,47.760999999999996,6.8385850380017175
2020-08-25,1011010402,水生根茎类,7.157909446297032,19,20.062,6.933096401156415
2020-08-25,1011010501,茄类,5.673747146903153,10,23.272,6.352522774149193
2020-08-25,1011010504,辣椒类,5.801686849179671,45,107.213,5.408331732159347
2020-08-25,1011010801,食用菌,8.476725882571902,72,54.488,6.875529107326384
2020-08-26,1011010101,花叶类,8.314894260744474,100,241.686,3.9768413561397846
2020-08-26,1011010201,花菜类,7.6988221408221404,5,82.544,7.611070580538864
2020-08-26,1011010402,水生根茎类,7.160014709454926,19,18.95,6.794974670184697
2020-08-26,1011010501,茄类,5.818747146903153,10,30.722,6.791631729705097
2020-08-26,1011010504,辣椒类,5.787686849179671,45,82.32,5.369109329446065
2020-08-26,1011010801,食用菌,8.474781438127458,72,42.811,7.669818037420289
2020-08-27,1011010101,花叶类,8.316394260744474,100,199.007,4.643743737657469
2020-08-27,1011010201,花菜类,7.63482214082214,5,92.506,7.714117138347783
2020-08-27,1011010402,水生根茎类,7.326289334565187,19,19.487000000000002,7.273429465797711
2020-08-27,1011010501,茄类,5.866388104349961,10,19.129,5.977482879397773
2020-08-27,1011010504,辣椒类,5.774353515846338,45,89.92,5.297943838967971
2020-08-27,1011010801,食用菌,8.511170327016346,72,50.458,6.997326687542114
2020-08-28,1011010101,花叶类,8.331294260744473,100,195.032,4.45118206243078
2020-08-28,1011010201,花菜类,7.668822140822141,5,39.93,6.6446907087402955
2020-08-28,1011010402,水生根茎类,7.32786828193361,19,20.997,7.093983426203743
2020-08-28,1011010501,茄类,5.945388104349961,10,24.597,6.407604585925112
2020-08-28,1011010504,辣椒类,5.725464626957448,45,156.11,4.50388335148293
2020-08-28,1011010801,食用菌,8.512281438127458,72,55.659,6.654662857758853
2020-08-29,1011010101,花叶类,8.345194260744472,100,267.031,4.790600866566054
2020-08-29,1011010201,花菜类,7.676822140822141,5,56.803,7.134021618576484
2020-08-29,1011010402,水生根茎类,7.3073419661441354,19,65.814,5.585443522654755
2020-08-29,1011010501,茄类,5.930388104349961,10,30.675,6.454486063569682
2020-08-29,1011010504,辣椒类,5.831909071401892,45,145.627,4.5064297829386035
2020-08-29,1011010801,食用菌,8.524781438127457,72,62.431,6.735199980778781
2020-08-30,1011010101,花叶类,8.323494260744473,100,266.387,4.640230153873875
2020-08-30,1011010201,花菜类,7.596822140822141,5,80.779,6.7795242575421835
2020-08-30,1011010402,水生根茎类,7.29365775561782,19,30.005000000000003,6.043767372104648
2020-08-30,1011010501,茄类,5.988388104349961,10,21.641,6.382616330114135
2020-08-30,1011010504,辣椒类,5.776131293624115,45,155.81099999999998,4.463104979751109
2020-08-30,1011010801,食用菌,8.52825366034968,72,73.195,6.348204385545461
2020-08-31,1011010101,花叶类,8.326194260744474,100,224.882,4.6569471989754625
2020-08-31,1011010201,花菜类,7.37882214082214,5,54.722,6.162697452578488
2020-08-31,1011010402,水生根茎类,7.316289334565187,19,52.949,5.833093920565072
2020-08-31,1011010501,茄类,6.155388104349962,10,15.943,7.534722448723578
2020-08-31,1011010504,辣椒类,5.80857573806856,45,117.96499999999999,4.4286345950069945
2020-08-31,1011010801,食用菌,8.550808712163152,72,44.775999999999996,8.099713239235305
2020-09-01,1011010101,花叶类,8.327694260744472,100,191.655,4.700576139417182
2020-09-01,1011010201,花菜类,7.5208221408221405,5,55.858000000000004,6.5938823445164525
2020-09-01,1011010402,水生根茎类,7.327341966144135,19,47.658,6.134646019556003
2020-09-01,1011010501,茄类,6.180388104349961,10,26.328999999999997,7.324091685973642
2020-09-01,1011010504,辣椒类,5.828797960290782,45,102.504,4.412019530945134
2020-09-01,1011010801,食用菌,8.560114267718708,72,47.282,7.306233873355612
2020-09-02,1011010101,花叶类,8.286894260744473,100,179.819,4.384668027294112
2020-09-02,1011010201,花菜类,7.468822140822141,5,38.715999999999994,6.481278024589317
2020-09-02,1011010402,水生根茎类,7.328394597723083,19,17.941,5.980076918789365
2020-09-02,1011010501,茄类,6.237388104349962,10,13.873000000000001,7.509674187270236
2020-09-02,1011010504,辣椒类,5.692797960290782,45,83.96900000000001,4.0493731019781105
2020-09-02,1011010801,食用菌,8.53733648994093,72,51.011,6.357373507674815
2020-09-03,1011010101,花叶类,8.281894260744474,100,193.463,4.140028584277097
2020-09-03,1011010201,花菜类,7.326822140822141,5,38.893,6.004768981564806
2020-09-03,1011010402,水生根茎类,7.321552492459926,19,15.996,5.687573143285821
2020-09-03,1011010501,茄类,6.198388104349961,10,14.172,7.062293959920971
2020-09-03,1011010504,辣椒类,5.753464626957449,45,87.119,4.377179030980613
2020-09-03,1011010801,食用菌,8.565530934385373,72,48.163,6.740690571600607
2020-09-04,1011010101,花叶类,8.264694260744474,100,176.316,4.2602956623335375
2020-09-04,1011010201,花菜类,7.258822140822142,5,46.612,5.8006191538659575
2020-09-04,1011010402,水生根茎类,7.289973545091503,19,16.634999999999998,5.576317403065825
2020-09-04,1011010501,茄类,6.222388104349962,10,20.233,6.971780754213414
2020-09-04,1011010504,辣椒类,5.901020182513004,45,91.579,4.801013223555619
2020-09-04,1011010801,食用菌,8.538030934385374,72,54.43,6.767311960316002
2020-09-05,1011010101,花叶类,8.265394260744474,100,249.559,4.374646636667081
2020-09-05,1011010201,花菜类,7.30682214082214,5,57.828,6.024575119319361
2020-09-05,1011010402,水生根茎类,7.264710387196767,19,42.553999999999995,5.222208723034264
2020-09-05,1011010501,茄类,6.532135472771015,10,33.731,7.389405887759034
2020-09-05,1011010504,辣椒类,5.784938757576617,45,110.439,4.912835773594473
2020-09-05,1011010801,食用菌,8.55344760105204,72,62.594,7.109903984407451
2020-09-06,1011010101,花叶类,8.252694260744473,100,276.111,4.42384276613391
2020-09-06,1011010201,花菜类,7.368822140822141,5,53.202,6.320060899966167
2020-09-06,1011010402,水生根茎类,7.263131439828346,19,46.963,5.197158614228222
2020-09-06,1011010501,茄类,6.442135472771014,10,33.397,7.46709973949756
2020-09-06,1011010504,辣椒类,5.919383202021062,45,126.5,5.576498814229249
2020-09-06,1011010801,食用菌,8.554419823274262,72,78.472,6.569662172494649
2020-09-07,1011010101,花叶类,8.254794260744474,100,148.221,4.401764189959588
2020-09-07,1011010201,花菜类,7.3588221408221415,5,26.256999999999998,6.336548349011692
2020-09-07,1011010402,水生根茎类,7.266815650354661,19,38.925999999999995,5.196719159430715
2020-09-07,1011010501,茄类,6.315135472771014,10,17.365000000000002,6.660099625683846
2020-09-07,1011010504,辣椒类,5.9344943131321735,45,56.473000000000006,5.473873355408779
2020-09-07,1011010801,食用菌,8.54719760105204,72,41.804,7.019984212037125
2020-09-08,1011010101,花叶类,8.242894260744473,100,158.329,4.3010763031409285
2020-09-08,1011010201,花菜类,7.4648221408221405,5,33.239,6.600994013056952
2020-09-08,1011010402,水生根茎类,7.266815650354661,19,19.127,5.2
2020-09-08,1011010501,茄类,6.294135472771014,10,20.623,6.670808805702371
2020-09-08,1011010504,辣椒类,5.9163469972769915,45,50.259,5.351699795061582
2020-09-08,1011010801,食用菌,8.514975378829819,72,32.388999999999996,8.257636234524067
2020-09-09,1011010101,花叶类,8.236794260744473,100,131.492,4.1796603595656014
2020-09-09,1011010201,花菜类,7.540822140822141,5,32.730000000000004,6.6891200733272225
2020-09-09,1011010402,水生根茎类,7.301552492459926,19,12.161000000000001,5.583772716059533
2020-09-09,1011010501,茄类,6.304135472771014,10,12.041,6.605254546964537
2020-09-09,1011010504,辣椒类,5.975013663943658,45,39.795,5.621368262344515
2020-09-09,1011010801,食用菌,8.502197601052039,72,33.45,7.32586038863976
2020-09-10,1011010101,花叶类,8.235794260744473,100,119.91900000000001,4.003337419424779
2020-09-10,1011010201,花菜类,7.740822140822141,5,57.319,7.699827282401996
2020-09-10,1011010402,水生根茎类,7.301552492459926,19,14.491999999999999,5.5876207562793265
2020-09-10,1011010501,茄类,6.212135472771014,10,16.916,6.623111846772287
2020-09-10,1011010504,辣椒类,6.099680330610325,45,49.321,5.7309922750958
2020-09-10,1011010801,食用菌,8.535808712163153,72,35.789,7.589664701444578
2020-09-11,1011010101,花叶类,8.216894260744473,100,151.957,4.1340990543377405
2020-09-11,1011010201,花菜类,7.636822140822142,5,31.538,6.588202802967848
2020-09-11,1011010402,水生根茎类,7.283657755617821,19,13.364,5.473133792277761
2020-09-11,1011010501,茄类,6.113135472771014,10,22.019000000000002,5.216767337299603
2020-09-11,1011010504,辣椒类,6.167013663943659,45,50.22,5.901512146555158
2020-09-11,1011010801,食用菌,8.470669823274262,72,48.467,7.087426909030888
2020-09-12,1011010101,花叶类,8.236494260744474,100,231.88400000000001,4.188410239602559
2020-09-12,1011010201,花菜类,7.700822140822142,5,43.337,7.309143226342386
2020-09-12,1011010402,水生根茎类,7.28944722930203,19,16.957,5.6
2020-09-12,1011010501,茄类,6.049135472771014,10,21.411,5.982636495259446
2020-09-12,1011010504,辣椒类,6.325753978481441,45,74.51,6.753574151120654
2020-09-12,1011010801,食用菌,8.48330871216315,72,73.173,6.654900714744509
2020-09-13,1011010101,花叶类,8.206394260744473,100,263.345,4.010322656591163
2020-09-13,1011010201,花菜类,7.62882214082214,5,41.704,6.978710915020142
2020-09-13,1011010402,水生根茎类,7.284184071407293,19,18.739,5.539931693260045
2020-09-13,1011010501,茄类,5.9361354727710145,10,28.737,6.266981939659673
2020-09-13,1011010504,辣椒类,6.362865089592552,45,83.723,7.119892980423541
2020-09-13,1011010801,食用菌,8.494975378829817,72,74.834,7.799806772322741
2020-09-14,1011010101,花叶类,8.131289609581682,100,175.844,3.9603021428083984
2020-09-14,1011010201,花菜类,7.400822140822141,5,64.257,6.678420872434132
2020-09-14,1011010402,水生根茎类,7.2926051240388725,19,17.360999999999997,5.584844191002823
2020-09-14,1011010501,茄类,5.711135472771014,10,16.134,5.457121606545185
2020-09-14,1011010504,辣椒类,6.189976200703663,45,48.550000000000004,7.087794850669412
2020-09-14,1011010801,食用菌,8.500392045496485,72,31.147000000000002,8.979643304331073
2020-09-15,1011010101,花叶类,8.134289609581684,100,156.048,4.030844740079975
2020-09-15,1011010201,花菜类,7.404822140822141,5,29.878,6.428712095856483
2020-09-15,1011010402,水生根茎类,7.32944722930203,19,19.219,5.719120141526615
2020-09-15,1011010501,茄类,5.658135472771014,10,13.243,4.118304009665484
2020-09-15,1011010504,辣椒类,6.2775317562592186,45,49.991,6.800949570922766
2020-09-15,1011010801,食用菌,8.506364267718707,72,41.578,7.719006205204675
2020-09-16,1011010101,花叶类,8.166991895295968,100,176.949,4.206062255226082
2020-09-16,1011010201,花菜类,7.424822140822141,5,59.448,6.771633023819136
2020-09-16,1011010402,水生根茎类,7.373131439828346,19,18.817999999999998,5.703762355191837
2020-09-16,1011010501,茄类,5.748135472771014,10,15.193999999999999,5.508230880610768
2020-09-16,1011010504,辣椒类,6.31553175625922,45,46.894999999999996,7.218537370721827
2020-09-16,1011010801,食用菌,8.501919823274262,72,35.413,7.366024058961399
2020-09-17,1011010101,花叶类,8.13459189529597,100,143.534,4.079734766675491
2020-09-17,1011010201,花菜类,7.444822140822142,5,32.647999999999996,6.466968267581476
2020-09-17,1011010402,水生根茎类,7.367868281933609,19,17.437,5.5
2020-09-17,1011010501,茄类,5.8241354727710135,10,22.924,5.109232681905427
2020-09-17,1011010504,辣椒类,6.317087311814775,45,46.145,7.243059703109761
2020-09-17,1011010801,食用菌,8.471086489940928,72,39.259,5.7373853129218775
2020-09-18,1011010101,花叶类,8.121191895295969,100,154.388,4.017427002098609
2020-09-18,1011010201,花菜类,7.398822140822141,5,27.705,6.296827287493232
2020-09-18,1011010402,水生根茎类,7.378394597723083,19,11.389,5.700239704978488
2020-09-18,1011010501,茄类,5.711135472771014,10,13.805,4.728621513944224
2020-09-18,1011010504,辣椒类,6.360198422925886,45,48.075,7.880048465938638
2020-09-18,1011010801,食用菌,8.50886460332972,72,38.541,7.648651565864923
2020-09-19,1011010101,花叶类,8.128291895295968,100,235.87400000000002,3.8607891077439644
2020-09-19,1011010201,花菜类,7.326822140822141,5,82.76,6.359189221846301
2020-09-19,1011010402,水生根茎类,7.384710387196767,19,39.431,5.613876645279095
2020-09-19,1011010501,茄类,5.724135472771014,10,30.406,4.950634085377886
2020-09-19,1011010504,辣椒类,6.246865089592552,45,84.269,7.884111832346414
2020-09-19,1011010801,食用菌,8.522059047774166,72,60.52,6.207611202908129
2020-09-20,1011010101,花叶类,8.091391895295969,100,317.998,3.7218380933213413
2020-09-20,1011010201,花菜类,7.1248221408221415,5,53.497,5.317999700917809
2020-09-20,1011010402,水生根茎类,7.402605124038873,19,39.551,5.769192687921923
2020-09-20,1011010501,茄类,5.580135472771014,10,41.474000000000004,4.719592756907942
2020-09-20,1011010504,辣椒类,6.2179762007036645,45,99.148,6.935151894138056
2020-09-20,1011010801,食用菌,8.470392381107498,72,50.42,7.007603530345101
2020-09-21,1011010101,花叶类,8.079391895295968,100,212.997,3.337763865218759
2020-09-21,1011010201,花菜类,7.224822140822141,5,39.191,5.6798430762164775
2020-09-21,1011010402,水生根茎类,7.40523670298624,19,16.289,5.77
2020-09-21,1011010501,茄类,5.640135472771014,10,20.868000000000002,4.165073797201456
2020-09-21,1011010504,辣椒类,6.292865089592553,45,56.561,7.304113435052422
2020-09-21,1011010801,食用菌,8.440531269996388,72,63.528999999999996,5.259778368933873
2020-09-22,1011010101,花叶类,8.09949189529597,100,232.243,4.018113656816352
2020-09-22,1011010201,花菜类,7.362822140822141,5,40.905,6.635478547854785
2020-09-22,1011010402,水生根茎类,7.482605124038873,19,37.808,5.889192234447736
2020-09-22,1011010501,茄类,5.576135472771014,10,25.819000000000003,3.98144893295635
2020-09-22,1011010504,辣椒类,6.582198422925886,45,77.009,8.186488202677609
2020-09-22,1011010801,食用菌,8.510027797774164,72,49.058,8.406745688776551
2020-09-23,1011010101,花叶类,8.163891895295968,100,179.262,3.9317732704086756
2020-09-23,1011010201,花菜类,7.49282214082214,5,31.971999999999998,6.71162329538346
2020-09-23,1011010402,水生根茎类,7.809973545091505,19,18.629,6.464727038488378
2020-09-23,1011010501,茄类,5.641135472771014,10,22.515,4.1735203197868085
2020-09-23,1011010504,辣椒类,6.665531756259219,45,54.327,8.458622047968783
2020-09-23,1011010801,食用菌,8.522250019996386,72,56.265,6.3795270594508136
2020-09-24,1011010101,花叶类,8.232891895295968,100,162.861,4.481345810230811
2020-09-24,1011010201,花菜类,8.06882214082214,5,38.952,8.084886013555145
2020-09-24,1011010402,水生根茎类,7.434710387196766,19,51.886,5.637131403461434
2020-09-24,1011010501,茄类,5.633135472771015,10,18.9,4.297906878306878
2020-09-24,1011010504,辣椒类,6.593753978481441,45,50.486000000000004,7.971355029116982
2020-09-24,1011010801,食用菌,8.474055575551942,72,61.336,7.455656710577801
2020-09-25,1011010101,花叶类,8.17349189529597,100,173.781,4.488537757292224
2020-09-25,1011010201,花菜类,8.054822140822141,5,41.561,8.51269339043815
2020-09-25,1011010402,水生根茎类,7.441026176670451,19,22.732,5.966971229984163
2020-09-25,1011010501,茄类,5.628135472771015,10,26.529,3.8831784085340573
2020-09-25,1011010504,辣椒类,6.616420645148107,45,53.937999999999995,7.925245281619637
2020-09-25,1011010801,食用菌,8.547666686663053,72,64.509,6.962663814351486
2020-09-26,1011010101,花叶类,8.184191895295967,100,227.77100000000002,4.669182117126411
2020-09-26,1011010201,花菜类,7.886822140822142,5,86.643,7.718901007582839
2020-09-26,1011010402,水生根茎类,7.445236702986241,19,65.744,5.900303449744463
2020-09-26,1011010501,茄类,5.626135472771014,10,33.516999999999996,4.096949010949668
2020-09-26,1011010504,辣椒类,6.597087311814774,45,68.09400000000001,7.594319617000028
2020-09-26,1011010801,食用菌,8.557111131107497,72,94.495,7.024634848404677
2020-09-27,1011010101,花叶类,8.198191895295968,100,199.81300000000002,4.357024768158228
2020-09-27,1011010201,花菜类,7.87682214082214,5,35.964,7.198963963963963
2020-09-27,1011010402,水生根茎类,7.442605124038872,19,28.289,5.892052034359644
2020-09-27,1011010501,茄类,5.632135472771014,10,20.532,4.398872004675629
2020-09-27,1011010504,辣椒类,6.5835317562592195,45,54.459,7.300704750362658
2020-09-27,1011010801,食用菌,8.570166686663054,72,72.522,6.37144397562119
2020-09-28,1011010101,花叶类,8.207591895295968,100,114.933,4.731228019802841
2020-09-28,1011010201,花菜类,7.912822140822141,5,24.576,7.5516796875
2020-09-28,1011010402,水生根茎类,7.443131439828346,19,11.860999999999999,5.968269960374336
2020-09-28,1011010501,茄类,5.6251354727710146,10,18.401,3.879257649040813
2020-09-28,1011010504,辣椒类,6.659976200703664,45,37.410000000000004,7.5627647687784005
2020-09-28,1011010801,食用菌,8.575166686663053,72,46.913000000000004,6.758522158037217
2020-09-29,1011010101,花叶类,8.201491895295968,100,157.957,4.94701032559494
2020-09-29,1011010201,花菜类,7.808822140822142,5,28.105,7.341980074719801
2020-09-29,1011010402,水生根茎类,7.435763018775714,19,24.134999999999998,5.869363579863269
2020-09-29,1011010501,茄类,5.613135472771014,10,24.719,4.100160200655366
2020-09-29,1011010504,辣椒类,6.630642867370331,45,57.017,7.156440535278952
2020-09-29,1011010801,食用菌,8.575537571436717,72,45.485,6.80707398043311
2020-09-30,1011010101,花叶类,8.188191895295967,100,177.12900000000002,4.62865233812645
2020-09-30,1011010201,花菜类,7.710822140822141,5,60.771,7.441046058152739
2020-09-30,1011010402,水生根茎类,7.416815650354662,19,36.839,5.856822932218572
2020-09-30,1011010501,茄类,5.573135472771014,10,25.865000000000002,3.8482296539725493
2020-09-30,1011010504,辣椒类,6.582198422925886,45,53.628,7.170787648243454
2020-09-30,1011010801,食用菌,8.594148682547827,72,110.358,7.232545986697837
2020-10-01,1011010101,花叶类,8.174591895295968,100,248.415,4.820694160980617
2020-10-01,1011010201,花菜类,7.716822140822141,5,93.92800000000001,7.603587428668767
2020-10-01,1011010402,水生根茎类,7.379447229302031,19,55.356,5.833075005419466
2020-10-01,1011010501,茄类,5.497135472771014,10,32.482,3.6501964164768177
2020-10-01,1011010504,辣椒类,6.55064286737033,45,64.092,7.051293297135369
2020-10-01,1011010801,食用菌,8.575815349214494,72,103.929,7.9804933175533295
2020-10-02,1011010101,花叶类,8.155691895295968,100,244.124,4.80806110828923
2020-10-02,1011010201,花菜类,7.670822140822141,5,67.14500000000001,7.655150495196961
2020-10-02,1011010402,水生根茎类,7.36365775561782,19,21.930999999999997,5.916416032100679
2020-10-02,1011010501,茄类,5.520135472771014,10,38.762,3.770921521077344
2020-10-02,1011010504,辣椒类,6.5515317562592195,45,69.054,6.887582037246213
2020-10-02,1011010801,食用菌,8.562204238103384,72,89.316,6.19741479690089
2020-10-03,1011010101,花叶类,8.156191895295969,100,298.341,4.636338082931947
2020-10-03,1011010201,花菜类,7.708822140822141,5,44.493,7.690449958420426
2020-10-03,1011010402,水生根茎类,7.36365775561782,19,18.497,5.833164296913013
2020-10-03,1011010501,茄类,5.1781354727710145,10,63.535,3.6950287243251756
2020-10-03,1011010504,辣椒类,6.570865089592553,45,84.72800000000001,6.344424511377585
2020-10-03,1011010801,食用菌,8.573176460325605,72,60.052,7.501703024045828
2020-10-04,1011010101,花叶类,8.143291895295969,100,232.776,4.328173222325326
2020-10-04,1011010201,花菜类,7.356822140822141,5,34.491,6.448410020005219
2020-10-04,1011010402,水生根茎类,7.332605124038872,19,19.254,5.8056985561441765
2020-10-04,1011010501,茄类,5.209135472771014,10,43.849000000000004,3.788943419462245
2020-10-04,1011010504,辣椒类,6.5693095340369965,45,75.21,7.139422151309668
2020-10-04,1011010801,食用菌,8.599218126992271,72,122.501,5.251581701373866
2020-10-05,1011010101,花叶类,8.137491895295968,100,294.623,3.892528519497799
2020-10-05,1011010201,花菜类,7.404822140822141,5,92.279,5.944842163439136
2020-10-05,1011010402,水生根茎类,7.332078808249399,19,79.752,5.804634366536263
2020-10-05,1011010501,茄类,5.193135472771014,10,31.128,3.8640500514006684
2020-10-05,1011010504,辣椒类,6.57464286737033,45,87.93299999999999,6.760069825890167
2020-10-05,1011010801,食用菌,8.581301460325605,72,126.518,5.662593623041781
2020-10-06,1011010101,花叶类,8.191848611713878,100,287.297,4.286657117895419
2020-10-06,1011010201,花菜类,7.30082214082214,5,108.157,4.499320432334477
2020-10-06,1011010402,水生根茎类,7.331552492459926,19,25.784,5.802316552901023
2020-10-06,1011010501,茄类,5.229135472771015,10,42.318,4.074001843187297
2020-10-06,1011010504,辣椒类,6.628198422925886,45,81.727,6.865263499210787
2020-10-06,1011010801,食用菌,8.59060701588116,72,124.059,5.3965432576435415
2020-10-07,1011010101,花叶类,8.20654861171388,100,255.378,4.127948452881611
2020-10-07,1011010201,花菜类,7.238822140822141,5,56.266000000000005,5.845440230334482
2020-10-07,1011010402,水生根茎类,7.331552492459926,19,52.907,5.801561419093882
2020-10-07,1011010501,茄类,5.256135472771014,10,29.085,4.2660096269554755
2020-10-07,1011010504,辣椒类,6.711309534036998,45,63.150999999999996,7.579124796123578
2020-10-07,1011010801,食用菌,8.587412571436715,72,80.421,6.799905248629089
2020-10-08,1011010101,花叶类,8.20874861171388,100,252.73,4.43669853203023
2020-10-08,1011010201,花菜类,7.31282214082214,5,49.58,5.598063735377169
2020-10-08,1011010402,水生根茎类,7.32944722930203,19,31.951999999999998,5.803036429644466
2020-10-08,1011010501,茄类,5.285135472771015,10,33.49,3.865510600179158
2020-10-08,1011010504,辣椒类,6.79264286737033,45,72.023,7.523460561209615
2020-10-08,1011010801,食用菌,8.589773682547827,72,328.488,2.368610695063442
2020-10-09,1011010101,花叶类,8.211348611713879,100,162.518,4.700217206709411
2020-10-09,1011010201,花菜类,7.31282214082214,5,55.845,6.656710538096518
2020-10-09,1011010402,水生根茎类,7.317341966144135,19,51.476000000000006,5.797976532753128
2020-10-09,1011010501,茄类,5.310135472771014,10,24.289,4.352412614763884
2020-10-09,1011010504,辣椒类,6.82353175625922,45,51.243,7.778071541478835
2020-10-09,1011010801,食用菌,8.592968126992272,72,57.257999999999996,5.539397813405988
2020-10-10,1011010101,花叶类,8.218248611713879,100,175.163,4.712012525476271
2020-10-10,1011010201,花菜类,7.37882214082214,5,37.393,5.959170700398471
2020-10-10,1011010402,水生根茎类,7.307868281933609,19,22.07,5.79588672405981
2020-10-10,1011010501,茄类,5.334135472771014,10,26.814,4.011765495636608
2020-10-10,1011010504,辣椒类,6.835531756259219,45,52.510999999999996,7.5450913142008345
2020-10-10,1011010801,食用菌,8.595468126992271,72,75.63000000000001,6.14917043501256
2020-10-11,1011010101,花叶类,8.213548611713879,100,238.081,4.649329303892373
2020-10-11,1011010201,花菜类,7.406822140822141,5,60.47,6.678156110468
2020-10-11,1011010402,水生根茎类,7.301552492459926,19,57.223000000000006,5.687269629344844
2020-10-11,1011010501,茄类,5.387135472771014,10,34.726,4.490205609629672
2020-10-11,1011010504,辣椒类,6.863753978481441,45,70.214,7.582100720654002
2020-10-11,1011010801,食用菌,8.593107015881161,72,163.664,4.0674819752664
2020-10-12,1011010101,花叶类,8.205248611713879,100,170.21200000000002,4.608595927431673
2020-10-12,1011010201,花菜类,7.354822140822141,5,34.815,5.607696395231941
2020-10-12,1011010402,水生根茎类,7.30944722930203,19,38.333000000000006,5.785144131688101
2020-10-12,1011010501,茄类,5.474135472771015,10,17.875999999999998,4.572098344148579
2020-10-12,1011010504,辣椒类,6.8575317562592195,45,48.979,7.300563302639906
2020-10-12,1011010801,食用菌,8.583940349214494,72,102.38499999999999,4.0175739610294485
2020-10-13,1011010101,花叶类,8.181248611713878,100,178.246,4.051463707460476
2020-10-13,1011010201,花菜类,7.174822140822141,5,47.321,5.109950127850214
2020-10-13,1011010402,水生根茎类,7.277341966144136,19,50.519,5.78510342643362
2020-10-13,1011010501,茄类,5.506135472771014,10,23.119,4.718035814697867
2020-10-13,1011010504,辣椒类,6.741309534036996,45,49.116,7.299830808697777
2020-10-13,1011010801,食用菌,8.542690349214494,72,48.021,5.798570000624727
2020-10-14,1011010101,花叶类,8.16374861171388,100,182.96,4.354769129864451
2020-10-14,1011010201,花菜类,7.022822140822141,5,48.259,5.277669657473218
2020-10-14,1011010402,水生根茎类,7.269973545091504,19,46.207,5.660000000000001
2020-10-14,1011010501,茄类,5.470135472771014,10,13.742,4.748997234754767
2020-10-14,1011010504,辣椒类,6.7953095340369964,45,46.36,7.329732743744607
2020-10-14,1011010801,食用菌,8.555884793658938,72,73.831,5.361975322019206
2020-10-15,1011010101,花叶类,8.137359138029668,100,190.238,4.050653497198247
2020-10-15,1011010201,花菜类,6.9388221408221415,5,59.623999999999995,5.457836777136724
2020-10-15,1011010402,水生根茎类,7.277341966144136,19,42.162,5.8
2020-10-15,1011010501,茄类,5.480135472771014,10,19.447,4.647573918856379
2020-10-15,1011010504,辣椒类,6.78264286737033,45,45.236,7.062233398178441
2020-10-15,1011010801,食用菌,8.568953064394462,72,72.91,5.362051844740091
2020-10-16,1011010101,花叶类,8.125759138029668,100,170.77,4.000740469637524
2020-10-16,1011010201,花菜类,6.94282214082214,5,88.36099999999999,5.096572017066353
2020-10-16,1011010402,水生根茎类,7.277341966144136,19,58.973,5.8
2020-10-16,1011010501,茄类,5.479135472771015,10,20.139,4.607858880778589
2020-10-16,1011010504,辣椒类,6.74264286737033,45,44.67,6.729507947168121
2020-10-16,1011010801,食用菌,8.557425286616684,72,69.80499999999999,6.409001504190244
2020-10-17,1011010101,花叶类,8.129659138029668,100,249.493,4.0999149074322725
2020-10-17,1011010201,花菜类,6.87682214082214,5,109.31099999999999,5.50719287171465
2020-10-17,1011010402,水生根茎类,7.277341966144136,19,87.12,5.8
2020-10-17,1011010501,茄类,5.443135472771014,10,30.556,4.592331456996989
2020-10-17,1011010504,辣椒类,6.644198422925886,45,97.15499999999999,6.195786217899234
2020-10-17,1011010801,食用菌,8.547564175505574,72,115.896,6.210677245116311
2020-10-18,1011010101,花叶类,8.123659138029668,100,226.73499999999999,4.215059871656338
2020-10-18,1011010201,花菜类,6.89282214082214,5,91.597,5.538271449938317
2020-10-18,1011010402,水生根茎类,7.277341966144136,19,79.338,5.8
2020-10-18,1011010501,茄类,5.425135472771014,10,36.361,4.441137757487419
2020-10-18,1011010504,辣椒类,6.585087311814775,45,88.24700000000001,5.9168607431414095
2020-10-18,1011010801,食用菌,8.54436973106113,72,113.125,6.740028729281768
2020-10-19,1011010101,花叶类,8.117859138029669,100,152.709,3.7793691269014915
2020-10-19,1011010201,花菜类,6.87682214082214,5,57.412,5.261062495645509
2020-10-19,1011010402,水生根茎类,7.271552492459925,19,40.6,5.69
2020-10-19,1011010501,茄类,5.4491354727710135,10,20.03,4.468746380429356
2020-10-19,1011010504,辣椒类,6.6188650895925525,45,56.69,6.678198976891868
2020-10-19,1011010801,食用菌,8.542147508838907,72,58.338,5.277669957831945
2020-10-20,1011010101,花叶类,8.114159138029668,100,186.078,3.915299766764475
2020-10-20,1011010201,花菜类,6.9228221408221415,5,30.898999999999997,4.933993656752646
2020-10-20,1011010402,水生根茎类,7.272605124038873,19,49.434,5.709999999999999
2020-10-20,1011010501,茄类,5.453135472771015,10,13.777,4.5287050881904625
2020-10-20,1011010504,辣椒类,6.601531756259219,45,49.296,6.181938088283025
2020-10-20,1011010801,食用菌,8.588397508838908,72,45.419,6.349654329685815
2020-10-21,1011010101,花叶类,8.114759138029669,100,168.76500000000001,3.7104662696649187
2020-10-21,1011010201,花菜类,6.9568221408221405,5,40.555,5.3315731722352355
2020-10-21,1011010402,水生根茎类,7.277341966144136,19,21.201,5.8
2020-10-21,1011010501,茄类,5.4571354727710135,10,15.327,4.350324916813467
2020-10-21,1011010504,辣椒类,6.659087311814774,45,48.047,6.636441817387142
2020-10-21,1011010801,食用菌,8.588119731061129,72,56.114000000000004,5.250648857682574
2020-10-22,1011010101,花叶类,8.129759138029668,100,117.235,4.031967074679064
2020-10-22,1011010201,花菜类,7.06482214082214,5,26.166,5.394761904761905
2020-10-22,1011010402,水生根茎类,7.277341966144136,19,35.917,5.8
2020-10-22,1011010501,茄类,5.420135472771014,10,14.725,4.434647877758914
2020-10-22,1011010504,辣椒类,6.759309534036997,45,50.037,6.611254471690948
2020-10-22,1011010801,食用菌,8.599508619950019,72,94.688,6.455807071645826
2020-10-23,1011010101,花叶类,8.123859138029667,100,211.914,3.507939730267939
2020-10-23,1011010201,花菜类,7.07082214082214,5,23.854,5.523168022134652
2020-10-23,1011010402,水生根茎类,7.288394597723084,19,30.801000000000002,5.794606019285087
2020-10-23,1011010501,茄类,5.405135472771014,10,14.427,4.396867678658072
2020-10-23,1011010504,辣椒类,6.827087311814775,45,43.758,6.975188536953243
2020-10-23,1011010801,食用菌,8.567425286616686,72,115.306,5.5622180979307245
2020-10-24,1011010101,花叶类,8.114959138029668,100,282.107,3.6088209083787355
2020-10-24,1011010201,花菜类,7.048822140822141,5,31.113,5.314382091087327
2020-10-24,1011010402,水生根茎类,7.27786828193361,19,67.932,5.6
2020-10-24,1011010501,茄类,5.358135472771014,10,22.221,4.269430268664777
2020-10-24,1011010504,辣椒类,7.135309534036997,45,77.097,6.66452339260931
2020-10-24,1011010801,食用菌,8.558397508838906,72,115.39,4.702956842014039
2020-10-25,1011010101,花叶类,8.092359138029668,100,223.397,3.8767610129052765
2020-10-25,1011010201,花菜类,7.1648221408221415,5,43.114,5.556353388690449
2020-10-25,1011010402,水生根茎类,7.287341966144136,19,71.16,5.78
2020-10-25,1011010501,茄类,5.4041354727710145,10,30.136,4.480353729758428
2020-10-25,1011010504,辣椒类,7.147309534036998,45,72.537,6.837430552683457
2020-10-25,1011010801,食用菌,8.582841953283351,72,104.16,5.14729982718894
2020-10-26,1011010101,花叶类,8.129622176004352,100,157.832,3.5422676009934615
2020-10-26,1011010201,花菜类,7.224822140822141,5,22.371,6.153363282821511
2020-10-26,1011010402,水生根茎类,7.288394597723084,19,20.666,5.8
2020-10-26,1011010501,茄类,5.421135472771014,10,10.797,4.610559414652219
2020-10-26,1011010504,辣椒类,7.154865089592552,45,45.43900000000001,6.833053544312154
2020-10-26,1011010801,食用菌,8.584508619950018,72,62.363,5.147482160896685
2020-10-27,1011010101,花叶类,8.109922176004352,100,154.566,3.3337734689388356
2020-10-27,1011010201,花菜类,7.218822140822141,5,23.305,6.977631409568761
2020-10-27,1011010402,水生根茎类,7.288394597723084,19,21.273,5.8
2020-10-27,1011010501,茄类,5.420135472771014,10,13.444,4.635479024099969
2020-10-27,1011010504,辣椒类,7.183753978481442,45,45.479,6.905439213703027
2020-10-27,1011010801,食用菌,8.580619731061129,72,56.508,5.157718907057408
2020-10-28,1011010101,花叶类,8.100822176004352,100,167.542,3.477371286005897
2020-10-28,1011010201,花菜类,7.18482214082214,5,30.296999999999997,5.759630986566327
2020-10-28,1011010402,水生根茎类,7.288394597723084,19,32.418,5.8
2020-10-28,1011010501,茄类,5.432135472771014,10,12.238,4.742740643896061
2020-10-28,1011010504,辣椒类,7.199976200703664,45,49.395,6.835628707359045
2020-10-28,1011010801,食用菌,8.570619731061129,72,75.211,4.804122402308173
2020-10-29,1011010101,花叶类,8.093122176004352,100,120.551,3.5120431186800607
2020-10-29,1011010201,花菜类,7.18482214082214,5,24.902,5.8452541964500835
2020-10-29,1011010402,水生根茎类,7.288394597723084,19,15.828,5.8
2020-10-29,1011010501,茄类,5.4361354727710145,10,14.436,4.334407037960654
2020-10-29,1011010504,辣椒类,7.214198422925886,45,52.654,6.7676607665134645
2020-10-29,1011010801,食用菌,8.565619731061128,72,81.051,4.8633019950401595
2020-10-30,1011010101,花叶类,8.08186384267102,100,148.243,3.405974582273699
2020-10-30,1011010201,花菜类,7.166822140822141,5,28.939,5.884086872386745
2020-10-30,1011010402,水生根茎类,7.288394597723084,19,18.769000000000002,5.8
2020-10-30,1011010501,茄类,5.426135472771014,10,12.192,4.667921587926509
2020-10-30,1011010504,辣椒类,7.2166428673703304,45,46.452,7.135079006286059
2020-10-30,1011010801,食用菌,8.593536397727796,72,74.23,5.323903273609052
2020-10-31,1011010101,花叶类,8.038963842671018,100,248.102,3.4745701364761263
2020-10-31,1011010201,花菜类,7.118822140822141,5,82.701,5.87830848478253
2020-10-31,1011010402,水生根茎类,7.288394597723084,19,79.265,5.8
2020-10-31,1011010501,茄类,5.409135472771014,10,16.499000000000002,4.257853203224437
2020-10-31,1011010504,辣椒类,7.196198422925886,45,81.292,7.222636544801456
2020-10-31,1011010801,食用菌,8.587286397727796,72,135.284,5.817217704976199
2020-11-01,1011010101,花叶类,8.00196384267102,100,206.956,3.148828929820832
2020-11-01,1011010201,花菜类,7.072822140822142,5,69.062,6.011714401552228
2020-11-01,1011010402,水生根茎类,7.288394597723084,19,71.332,5.8
2020-11-01,1011010501,茄类,5.403135472771014,10,15.407,4.250519893554878
2020-11-01,1011010504,辣椒类,7.269531756259219,45,73.72200000000001,7.068969642711809
2020-11-01,1011010801,食用菌,8.532841953283352,72,127.967,5.325143591707238
2020-11-02,1011010101,花叶类,8.004563842671018,100,144.442,2.8987091704628845
2020-11-02,1011010201,花菜类,7.032822140822141,5,32.726,5.622899223858706
2020-11-02,1011010402,水生根茎类,7.288394597723084,19,15.053,5.8
2020-11-02,1011010501,茄类,5.418135472771015,10,11.378,4.376182105818246
2020-11-02,1011010504,辣椒类,7.359753978481442,45,54.351,6.814535335136429
2020-11-02,1011010801,食用菌,8.533675286616685,72,78.321,4.893309712593047
2020-11-03,1011010101,花叶类,7.9919638426710184,100,135.067,2.8498096500255428
2020-11-03,1011010201,花菜类,6.596822140822141,5,52.370000000000005,4.920743937368722
2020-11-03,1011010402,水生根茎类,7.280499860880978,19,15.727,5.65
2020-11-03,1011010501,茄类,5.369135472771014,10,10.846,4.330511709385949
2020-11-03,1011010504,辣椒类,7.331309534036997,45,66.83399999999999,6.554326839632524
2020-11-03,1011010801,食用菌,8.532425286616684,72,65.34100000000001,4.7312944399381704
2020-11-04,1011010101,花叶类,7.987263842671018,100,122.11399999999999,2.706260707208019
2020-11-04,1011010201,花菜类,6.494822140822142,5,67.527,4.6758917173871195
2020-11-04,1011010402,水生根茎类,7.288394597723084,19,18.183,5.8
2020-11-04,1011010501,茄类,5.357135472771014,10,10.702,4.3310371893104085
2020-11-04,1011010504,辣椒类,7.299309534036997,45,59.731,6.100962984045136
2020-11-04,1011010801,食用菌,8.609647508838908,72,195.33999999999997,2.646963294768097
2020-11-05,1011010101,花叶类,7.9511638426710185,100,146.327,2.7329719053899826
2020-11-05,1011010201,花菜类,6.44282214082214,5,57.354,4.41745213934512
2020-11-05,1011010402,水生根茎类,7.288394597723084,19,8.347,5.8
2020-11-05,1011010501,茄类,5.349135472771014,10,9.067,4.240231609132017
2020-11-05,1011010504,辣椒类,7.3046428673703305,45,45.282,6.900568879466455
2020-11-05,1011010801,食用菌,8.609647508838908,72,129.089,3.146294417030111
2020-11-06,1011010101,花叶类,7.9366638426710185,100,142.586,2.745862987951131
2020-11-06,1011010201,花菜类,6.466822140822141,5,95.136,3.275416035990582
2020-11-06,1011010402,水生根茎类,7.278394597723082,19,13.443,5.610000000000001
2020-11-06,1011010501,茄类,5.302135472771014,10,7.22,4.323576177285319
2020-11-06,1011010504,辣椒类,7.292420645148108,45,49.287,6.253913608050804
2020-11-06,1011010801,食用菌,8.615341953283352,72,80.588,4.209822430138482
2020-11-07,1011010101,花叶类,7.927463842671018,100,224.29999999999998,2.8890348640214003
2020-11-07,1011010201,花菜类,6.4568221408221405,5,121.453,3.8565439305739666
2020-11-07,1011010402,水生根茎类,7.287868281933609,19,71.413,5.79
2020-11-07,1011010501,茄类,5.237135472771014,10,10.878,4.1047095054237905
2020-11-07,1011010504,辣椒类,7.183753978481442,45,69.738,6.881506352347358
2020-11-07,1011010801,食用菌,8.608536397727796,72,122.896,5.6359796087749
2020-11-08,1011010101,花叶类,7.925763842671018,100,209.80800000000002,2.728441765804926
2020-11-08,1011010201,花菜类,6.454822140822141,5,125.591,3.9457977084345215
2020-11-08,1011010402,水生根茎类,7.288394597723084,19,58.207,5.8
2020-11-08,1011010501,茄类,5.252135472771014,10,16.906,4.180983082929138
2020-11-08,1011010504,辣椒类,7.162420645148108,45,78.907,6.368690990659892
2020-11-08,1011010801,食用菌,8.595341953283352,72,124.492,5.845601564759181
2020-11-09,1011010101,花叶类,7.888063842671019,100,144.911,2.727136725300357
2020-11-09,1011010201,花菜类,6.43682214082214,5,57.592,4.2387074593693574
2020-11-09,1011010402,水生根茎类,7.288394597723084,19,14.579,5.8
2020-11-09,1011010501,茄类,5.2601354727710135,10,10.062999999999999,4.057434164762
2020-11-09,1011010504,辣椒类,7.123309534036997,45,64.616,5.840977621641699
2020-11-09,1011010801,食用菌,8.582147508838908,72,63.22,4.403438627016767
2020-11-10,1011010101,花叶类,7.883563842671018,100,157.962,2.4061462883478306
2020-11-10,1011010201,花菜类,6.43682214082214,5,25.698,3.6085103899136124
2020-11-10,1011010402,水生根茎类,7.288394597723084,19,12.103,5.8
2020-11-10,1011010501,茄类,5.3111354727710145,10,9.574,4.296469605180698
2020-11-10,1011010504,辣椒类,7.111753978481441,45,54.663,5.78763514625981
2020-11-10,1011010801,食用菌,8.581453064394463,72,64.18,4.437422094110314
2020-11-11,1011010101,花叶类,7.954294145701322,100,150.867,2.4187235777207743
2020-11-11,1011010201,花菜类,6.406822140822141,5,63.25,4.505629723320158
2020-11-11,1011010402,水生根茎类,7.253435083553042,19,17.155,6.197362285048091
2020-11-11,1011010501,茄类,5.325135472771014,10,15.585,4.1298036573628485
2020-11-11,1011010504,辣椒类,7.065309534036998,45,65.834,6.089706382720175
2020-11-11,1011010801,食用菌,8.584786397727795,72,64.52199999999999,3.82900793527789
2020-11-12,1011010101,花叶类,7.960094145701322,100,151.144,2.394046141428042
2020-11-12,1011010201,花菜类,6.298822140822141,5,13.405999999999999,3.9097948679695658
2020-11-12,1011010402,水生根茎类,7.263435083553042,19,15.951,6.231972917058491
2020-11-12,1011010501,茄类,5.286135472771014,10,15.508000000000001,4.2155603559453185
2020-11-12,1011010504,辣椒类,7.066642867370329,45,58.851,6.096328354658374
2020-11-12,1011010801,食用菌,8.553443805135204,72,68.656,3.6597774411559074
2020-11-13,1011010101,花叶类,7.9388941457013225,100,141.977,2.0463082048500816
2020-11-13,1011010201,花菜类,6.362822140822141,5,60.306,4.038886346300534
2020-11-13,1011010402,水生根茎类,7.263435083553042,19,13.766,6.005105331977336
2020-11-13,1011010501,茄类,5.318135472771014,10,8.044,4.030443809050223
2020-11-13,1011010504,辣椒类,7.01553175625922,45,70.24600000000001,5.705063348802778
2020-11-13,1011010801,食用菌,8.555943805135204,72,67.676,3.934293102429222
2020-11-14,1011010101,花叶类,7.961194145701321,100,207.145,2.5431357261821432
2020-11-14,1011010201,花菜类,6.322822140822141,5,84.001,4.222356757657646
2020-11-14,1011010402,水生根茎类,7.231856136184621,19,58.127,5.2
2020-11-14,1011010501,茄类,5.269135472771014,10,18.146,3.4930541166097204
2020-11-14,1011010504,辣椒类,7.03864286737033,45,71.84,6.777415785077951
2020-11-14,1011010801,食用菌,8.55511047180187,72,92.793,4.567500458008686
2020-11-15,1011010101,花叶类,7.9495941457013215,100,227.231,2.4936588757695914
2020-11-15,1011010201,花菜类,6.30682214082214,5,77.798,4.001676521247333
2020-11-15,1011010402,水生根茎类,7.231856136184621,19,45.353,5.2
2020-11-15,1011010501,茄类,5.2261354727710145,10,18.317999999999998,3.6623212141063437
2020-11-15,1011010504,辣椒类,6.947087311814774,45,74.078,6.3750226787980235
2020-11-15,1011010801,食用菌,8.56413824957965,72,73.108,3.5883931991026974
2020-11-16,1011010101,花叶类,7.953294145701322,100,140.087,2.664299256890361
2020-11-16,1011010201,花菜类,6.268822140822141,5,48.64,3.768155427631579
2020-11-16,1011010402,水生根茎类,7.231856136184621,19,14.450000000000001,5.200000000000001
2020-11-16,1011010501,茄类,5.161135472771014,10,15.672,3.5790900969882595
2020-11-16,1011010504,辣椒类,6.889531756259219,45,45.345,6.2982908810232665
2020-11-16,1011010801,食用菌,8.561221582912982,72,54.363,3.668793112962861
2020-11-17,1011010101,花叶类,7.953494145701321,100,222.517,2.253984279852775
2020-11-17,1011010201,花菜类,6.2948221408221405,5,43.621,3.9114676417321936
2020-11-17,1011010402,水生根茎类,7.263435083553042,19,24.762,5.8
2020-11-17,1011010501,茄类,5.204135472771014,10,12.224,3.857385471204188
2020-11-17,1011010504,辣椒类,6.917531756259219,45,43.486000000000004,6.011187278664397
2020-11-17,1011010801,食用菌,8.557332694024092,72,131.979,2.13842952287864
2020-11-18,1011010101,花叶类,7.942994145701322,100,203.322,2.383456487738661
2020-11-18,1011010201,花菜类,6.2708221408221405,5,50.438,3.6596451088465045
2020-11-18,1011010402,水生根茎类,7.263435083553042,19,19.171,5.8
2020-11-18,1011010501,茄类,5.219135472771014,10,15.946,3.9364630628370754
2020-11-18,1011010504,辣椒类,6.925531756259219,45,45.407,6.760791507917282
2020-11-18,1011010801,食用菌,8.554693805135203,72,99.089,2.7571034120840863
2020-11-19,1011010101,花叶类,7.928794145701321,100,207.79999999999998,1.993645909528393
2020-11-19,1011010201,花菜类,6.19082214082214,5,77.165,3.305000064796216
2020-11-19,1011010402,水生根茎类,7.185540346710938,19,22.976999999999997,6.406066066066066
2020-11-19,1011010501,茄类,5.334135472771014,10,12.808,4.493759369144285
2020-11-19,1011010504,辣椒类,6.92953175625922,45,59.111000000000004,6.267492344910423
2020-11-19,1011010801,食用菌,8.54663824957965,72,90.297,3.5368485110247296
2020-11-20,1011010101,花叶类,7.920394145701322,100,244.555,1.8445740222035942
2020-11-20,1011010201,花菜类,6.2308221408221405,5,52.70099999999999,3.37972903739967
2020-11-20,1011010402,水生根茎类,7.107645609868832,19,22.48,5.707677935943061
2020-11-20,1011010501,茄类,5.334135472771014,10,9.804,4.4299337005303965
2020-11-20,1011010504,辣椒类,6.873976200703664,45,53.492,6.690497457563749
2020-11-20,1011010801,食用菌,8.528999360690758,72,70.888,2.883052279652409
2020-11-21,1011010101,花叶类,7.8354808123679875,100,460.646,1.866482678672994
2020-11-21,1011010201,花菜类,6.092822140822141,5,114.066,2.972142969859555
2020-11-21,1011010402,水生根茎类,7.109750873026727,19,95.789,5.699318710916702
2020-11-21,1011010501,茄类,5.349135472771014,10,25.451,4.4655286629209066
2020-11-21,1011010504,辣椒类,6.913753978481441,45,79.774,6.663911926191492
2020-11-21,1011010801,食用菌,8.518166027357426,72,169.382,3.083060714833925
2020-11-22,1011010101,花叶类,7.922180812367987,100,371.968,1.81457961437543
2020-11-22,1011010201,花菜类,5.800822140822141,5,119.596,2.42186561423459
2020-11-22,1011010402,水生根茎类,7.107645609868832,19,67.538,5.6
2020-11-22,1011010501,茄类,5.492135472771014,10,26.933,4.678340325994133
2020-11-22,1011010504,辣椒类,6.8975317562592195,45,99.221,6.010215377793008
2020-11-22,1011010801,食用菌,8.450388249579648,72,160.154,5.724307479051413
2020-11-23,1011010101,花叶类,7.925376688656648,100,294.311,1.9989346983293184
2020-11-23,1011010201,花菜类,5.768822140822141,5,74.623,2.2687712903528405
2020-11-23,1011010402,水生根茎类,7.107645609868832,19,34.987,5.6
2020-11-23,1011010501,茄类,5.560135472771014,10,15.902,4.902947427996478
2020-11-23,1011010504,辣椒类,6.886865089592552,45,59.056,5.569436805743701
2020-11-23,1011010801,食用菌,8.482054916246314,72,195.788,3.675312276544017
2020-11-24,1011010101,花叶类,7.936876688656648,100,220.189,2.282107598472222
2020-11-24,1011010201,花菜类,5.82082214082214,5,60.92700000000001,2.351849262231851
2020-11-24,1011010402,水生根茎类,7.128698241447779,19,44.692,6.0
2020-11-24,1011010501,茄类,5.557135472771014,10,13.897,4.579638770957761
2020-11-24,1011010504,辣椒类,6.884198422925886,45,52.157,5.873246927545679
2020-11-24,1011010801,食用菌,8.488027138468537,72,117.661,4.41249657915537
2020-11-25,1011010101,花叶类,7.981176688656648,100,237.713,1.9928361511570676
2020-11-25,1011010201,花菜类,6.0128221408221405,5,37.137,2.611474001669494
2020-11-25,1011010402,水生根茎类,7.128698241447779,19,38.697,6.0
2020-11-25,1011010501,茄类,5.525135472771014,10,13.199,4.116974770815971
2020-11-25,1011010504,辣椒类,6.889976200703663,45,39.054,6.436680237619705
2020-11-25,1011010801,食用菌,8.527030969886162,72,95.581,5.478645755955681
2020-11-26,1011010101,花叶类,7.996176688656647,100,282.923,1.5246881660381093
2020-11-26,1011010201,花菜类,6.080822140822141,5,34.766000000000005,3.0661427831789676
2020-11-26,1011010402,水生根茎类,7.132382451974094,19,24.099,6.07
2020-11-26,1011010501,茄类,5.557135472771014,10,12.868,4.346669257071806
2020-11-26,1011010504,辣椒类,6.861753978481441,45,48.086,6.054423740797738
2020-11-26,1011010801,食用菌,8.53230874766394,72,110.276,4.79824522108165
2020-11-27,1011010101,花叶类,7.995576688656648,100,225.596,1.7075261529459742
2020-11-27,1011010201,花菜类,6.096822140822141,5,28.934,2.95981129467063
2020-11-27,1011010402,水生根茎类,7.139224557237253,19,23.178,6.200000000000001
2020-11-27,1011010501,茄类,5.652135472771014,10,13.175,4.966133586337761
2020-11-27,1011010504,辣椒类,6.842420645148108,45,53.11600000000001,6.1405090744785
2020-11-27,1011010801,食用菌,8.475780969886161,72,112.979,5.079139486099186
2020-11-28,1011010101,花叶类,8.083076688656648,100,400.295,1.541055321700246
2020-11-28,1011010201,花菜类,6.2388221408221405,5,79.441,3.7219531476189878
2020-11-28,1011010402,水生根茎类,7.138171925658305,19,30.289,6.18
2020-11-28,1011010501,茄类,5.967135472771014,10,18.759,5.358189135881444
2020-11-28,1011010504,辣椒类,6.826420645148109,45,82.485,5.785574710553433
2020-11-28,1011010801,食用菌,8.490642080997272,72,187.133,4.491936483677384
2020-11-29,1011010101,花叶类,8.088776688656647,100,287.707,1.7722312978134005
2020-11-29,1011010201,花菜类,6.28082214082214,5,77.33500000000001,3.9380177151354485
2020-11-29,1011010402,水生根茎类,7.128698241447779,19,31.494,6.0
2020-11-29,1011010501,茄类,6.092135472771014,10,20.701999999999998,5.537284320355522
2020-11-29,1011010504,辣椒类,6.841976200703664,45,66.151,6.173103656785234
2020-11-29,1011010801,食用菌,8.49953096988616,72,168.218,5.319355122519588
2020-11-30,1011010101,花叶类,8.095276688656648,100,207.35299999999998,1.8221690064768779
2020-11-30,1011010201,花菜类,6.31282214082214,5,41.156000000000006,3.478056176499173
2020-11-30,1011010402,水生根茎类,7.128698241447779,19,18.480999999999998,6.0
2020-11-30,1011010501,茄类,5.5691354727710145,10,18.29,5.194068890103883
2020-11-30,1011010504,辣椒类,6.83064286737033,45,54.214,5.989742133028369
2020-11-30,1011010801,食用菌,8.49841985877505,72,100.48599999999999,4.187831538721812
2020-12-01,1011010101,花叶类,8.094476688656648,100,287.79699999999997,1.5498422846659279
2020-12-01,1011010201,花菜类,6.394822140822141,5,25.82,3.67020604182804
2020-12-01,1011010402,水生根茎类,7.128698241447779,19,25.029,6.0
2020-12-01,1011010501,茄类,5.512135472771014,10,9.271,5.746478265559271
2020-12-01,1011010504,辣椒类,6.829753978481441,45,47.882,5.693980619021763
2020-12-01,1011010801,食用菌,8.497725414330606,72,99.477,4.316243855363551
2020-12-02,1011010101,花叶类,8.097176688656647,100,213.66500000000002,1.7239349448903656
2020-12-02,1011010201,花菜类,6.37882214082214,5,24.46,3.664683565004088
2020-12-02,1011010402,水生根茎类,7.159657993769761,19,22.979,5.9478180077462035
2020-12-02,1011010501,茄类,5.510135472771014,10,9.603,5.409175257731959
2020-12-02,1011010504,辣椒类,6.849531756259219,45,48.74,6.133719532211734
2020-12-02,1011010801,食用菌,8.502308747663939,72,185.141,4.137032910052339
2020-12-03,1011010101,花叶类,8.135533240380786,100,274.09700000000004,1.4811400343673953
2020-12-03,1011010201,花菜类,6.540822140822141,5,27.342,4.1776344086021515
2020-12-03,1011010402,水生根茎类,7.161763256927655,19,35.348,5.58675738372751
2020-12-03,1011010501,茄类,5.467135472771014,10,12.913,5.91024936110896
2020-12-03,1011010504,辣椒类,6.9297539784814415,45,48.794999999999995,6.941690132185675
2020-12-03,1011010801,食用菌,8.553836525441717,72,97.39500000000001,5.752618717593305
2020-12-04,1011010101,花叶类,8.142633240380786,100,242.529,1.9097075401292216
2020-12-04,1011010201,花菜类,6.638822140822141,5,27.457,4.452829151036166
2020-12-04,1011010402,水生根茎类,7.152815888506603,19,87.25,4.820981088825215
2020-12-04,1011010501,茄类,5.526135472771014,10,11.517,5.44
2020-12-04,1011010504,辣椒类,6.934420645148108,45,42.929,6.618602576346992
2020-12-04,1011010801,食用菌,8.593003192108384,72,110.875,5.5921790304396835
2020-12-05,1011010101,花叶类,8.164233240380787,100,306.959,1.8153970074179286
2020-12-05,1011010201,花菜类,6.6808221408221415,5,72.116,4.816236618780852
2020-12-05,1011010402,水生根茎类,7.1454474674539705,19,43.518,5.719445746587619
2020-12-05,1011010501,茄类,5.570135472771014,10,18.692999999999998,5.634852618627294
2020-12-05,1011010504,辣椒类,7.11464286737033,45,50.32,7.7968463831478525
2020-12-05,1011010801,食用菌,8.494392080997272,72,155.115,6.020040808432452
2020-12-06,1011010101,花叶类,8.168233240380786,100,367.129,1.6515339294907239
2020-12-06,1011010201,花菜类,6.75682214082214,5,67.968,4.744425612052731
2020-12-06,1011010402,水生根茎类,7.145973783243446,19,93.761,5.526292168385577
2020-12-06,1011010501,茄类,5.626135472771014,10,18.881,5.411336263969069
2020-12-06,1011010504,辣椒类,7.171531756259219,45,61.77,7.741678160919541
2020-12-06,1011010801,食用菌,8.489253192108384,72,234.205,5.188007130505326
2020-12-07,1011010101,花叶类,8.190833240380785,100,197.718,1.8633670682487178
2020-12-07,1011010201,花菜类,6.860822140822141,5,29.017,4.7070944618671815
2020-12-07,1011010402,水生根茎类,7.145973783243446,19,60.127,5.64571057927387
2020-12-07,1011010501,茄类,5.660135472771015,10,10.537,5.649546360444149
2020-12-07,1011010504,辣椒类,7.321976200703663,45,39.565999999999995,8.143930647525654
2020-12-07,1011010801,食用菌,8.444808747663938,72,91.333,5.728512585812356
2020-12-08,1011010101,花叶类,8.203733240380785,100,183.98,1.8495088053049245
2020-12-08,1011010201,花菜类,6.894822140822141,5,29.686,5.038023310651486
2020-12-08,1011010402,水生根茎类,7.291236941138182,19,78.345,5.538570553321846
2020-12-08,1011010501,茄类,5.696135472771014,10,10.904,5.810615370506237
2020-12-08,1011010504,辣椒类,7.363753978481441,45,38.132,8.43492657085912
2020-12-08,1011010801,食用菌,8.466492185819074,72,89.028,6.068057128094532
2020-12-09,1011010101,花叶类,8.212133240380785,100,180.673,1.9905484494085999
2020-12-09,1011010201,花菜类,6.926822140822141,5,20.825,5.060308763505403
2020-12-09,1011010402,水生根茎类,7.290710625348709,19,39.897,6.129972178359276
2020-12-09,1011010501,茄类,5.721135472771015,10,9.89,5.741771486349848
2020-12-09,1011010504,辣椒类,7.392420645148108,45,36.059,8.659488338556255
2020-12-09,1011010801,食用菌,8.452603296930185,72,80.164,7.005117883339154
2020-12-10,1011010101,花叶类,8.117933240380786,100,188.539,1.965005701738102
2020-12-10,1011010201,花菜类,6.94082214082214,5,20.405,4.8984611614800295
2020-12-10,1011010402,水生根茎类,7.29228957271713,19,48.448,5.990825421070013
2020-12-10,1011010501,茄类,5.7261354727710145,10,11.411,5.639112260099903
2020-12-10,1011010504,辣椒类,7.574420645148108,45,45.747,9.1949922399283
2020-12-10,1011010801,食用菌,8.442146566160956,72,89.363,6.387719302172039
2020-12-11,1011010101,花叶类,8.091933240380786,100,212.51,1.7065432685520683
2020-12-11,1011010201,花菜类,6.9308221408221415,5,30.644,5.166516446939042
2020-12-11,1011010402,水生根茎类,7.289131677980287,19,55.726,6.073733804687219
2020-12-11,1011010501,茄类,5.730135472771014,10,14.918,5.72325713902668
2020-12-11,1011010504,辣椒类,7.616865089592553,45,44.514,8.92761288583367
2020-12-11,1011010801,食用菌,8.465618788383177,72,94.15299999999999,5.582143744755876
2020-12-12,1011010101,花叶类,8.118333240380785,100,269.619,1.8599484828591455
2020-12-12,1011010201,花菜类,6.896822140822141,5,65.792,5.154288667315176
2020-12-12,1011010402,水生根茎类,7.27807904640134,19,71.47,5.967712326850427
2020-12-12,1011010501,茄类,5.713135472771014,10,11.965,5.694380275804429
2020-12-12,1011010504,辣椒类,7.753531756259219,45,55.182,10.199065818564025
2020-12-12,1011010801,食用菌,8.477530246716512,72,174.431,6.139716621472101
2020-12-13,1011010101,花叶类,8.141533240380786,100,375.781,1.7105302822654687
2020-12-13,1011010201,花菜类,6.802822140822141,5,78.67,4.823505783653235
2020-12-13,1011010402,水生根茎类,7.276500099032918,19,73.578,6.111679306314387
2020-12-13,1011010501,茄类,5.698135472771014,10,20.845000000000002,5.5459126888942185
2020-12-13,1011010504,辣椒类,7.8735317562592195,45,76.78399999999999,9.351926703479894
2020-12-13,1011010801,食用菌,8.459335802272067,72,197.615,5.8301521139589605
2020-12-14,1011010101,花叶类,8.145633240380786,100,197.654,1.9819392473716697
2020-12-14,1011010201,花菜类,6.784822140822141,5,33.376000000000005,4.573448585810162
2020-12-14,1011010402,水生根茎类,7.277026414822392,19,65.517,5.855702184165943
2020-12-14,1011010501,茄类,5.6941354727710145,10,12.715,5.197623279591034
2020-12-14,1011010504,辣椒类,7.870198422925886,45,48.394,10.012913377691449
2020-12-14,1011010801,食用菌,8.4814191356054,72,83.089,7.012196921373466
2020-12-15,1011010101,花叶类,8.169733240380786,100,203.80800000000002,2.072285582509028
2020-12-15,1011010201,花菜类,6.758822140822142,5,33.43,4.457719413700269
2020-12-15,1011010402,水生根茎类,7.348079046401341,19,51.769000000000005,5.810928741138519
2020-12-15,1011010501,茄类,5.600135472771013,10,10.295,5.499676542010684
2020-12-15,1011010504,辣椒类,7.869309534036996,45,41.065999999999995,9.706866020552283
2020-12-15,1011010801,食用菌,8.491974691160955,72,99.925,6.924840130097573
2020-12-16,1011010101,花叶类,8.151033240380785,100,152.029,2.3542020930217262
2020-12-16,1011010201,花菜类,6.726822140822141,5,26.065,4.7284718971801265
2020-12-16,1011010402,水生根茎类,7.3475527306118655,19,47.282000000000004,6.056204898269955
2020-12-16,1011010501,茄类,5.422135472771014,10,9.313,5.4167099753033385
2020-12-16,1011010504,辣椒类,8.009976200703663,45,34.839999999999996,10.519703214695753
2020-12-16,1011010801,食用菌,8.5026691356054,72,74.212,6.423089257801973
2020-12-17,1011010101,花叶类,8.153633240380785,100,167.799,1.871763121353524
2020-12-17,1011010201,花菜类,6.74882214082214,5,31.098000000000003,4.39269406392694
2020-12-17,1011010402,水生根茎类,7.347026414822392,19,47.929,5.727327505268209
2020-12-17,1011010501,茄类,5.4361354727710145,10,12.154,5.3158861280236955
2020-12-17,1011010504,辣椒类,8.055976200703665,45,33.18,10.342836648583484
2020-12-17,1011010801,食用菌,8.509474691160955,72,94.652,6.978038921523052
2020-12-18,1011010101,花叶类,8.157633240380786,100,151.08,2.3991395287265025
2020-12-18,1011010201,花菜类,6.804822140822141,5,26.454,4.758280033265291
2020-12-18,1011010402,水生根茎类,7.36351675683905,19,63.361999999999995,6.44260534705344
2020-12-18,1011010501,茄类,5.695135472771014,10,19.541,5.535544752059772
2020-12-18,1011010504,辣椒类,8.103087311814775,45,41.801,10.761390875816367
2020-12-18,1011010801,食用菌,8.51242494161633,72,86.25999999999999,7.627506955715281
2020-12-19,1011010101,花叶类,8.165833240380785,100,266.55,2.149415156631026
2020-12-19,1011010201,花菜类,6.802822140822141,5,60.29,4.828841267208493
2020-12-19,1011010402,水生根茎类,7.3735167568390505,19,86.825,6.695851655629138
2020-12-19,1011010501,茄类,5.714135472771014,10,14.524000000000001,5.4488488019829235
2020-12-19,1011010504,辣椒类,8.16064286737033,45,68.24,11.011943434935523
2020-12-19,1011010801,食用菌,8.508813830505218,72,154.68099999999998,6.6150056568033575
2020-12-20,1011010101,花叶类,8.162033240380786,100,276.911,2.122773670962873
2020-12-20,1011010201,花菜类,6.728822140822141,5,89.851,4.686726246786346
2020-12-20,1011010402,水生根茎类,7.386148335786419,19,77.313,6.2958195904957766
2020-12-20,1011010501,茄类,5.719135472771014,10,14.386,5.611798276101766
2020-12-20,1011010504,辣椒类,8.201753978481442,45,64.273,11.638239385122835
2020-12-20,1011010801,食用菌,8.520202719394106,72,142.972,6.6794046386705075
2020-12-21,1011010101,花叶类,8.165533240380785,100,136.041,2.2601775935196007
2020-12-21,1011010201,花菜类,6.796822140822141,5,37.057,4.846154032976226
2020-12-21,1011010402,水生根茎类,7.38351675683905,19,48.468,6.190469588181894
2020-12-21,1011010501,茄类,5.696135472771014,10,12.997,5.711180272370547
2020-12-21,1011010504,辣椒类,8.148642867370329,45,30.846,11.752941062050184
2020-12-21,1011010801,食用菌,8.523813830505217,72,84.045,7.158144803379142
2020-12-22,1011010101,花叶类,8.202233240380785,100,152.185,2.1095977264513586
2020-12-22,1011010201,花菜类,6.882822140822141,5,27.345999999999997,5.179956117896585
2020-12-22,1011010402,水生根茎类,7.370885177891682,19,38.698,5.903825520698745
2020-12-22,1011010501,茄类,5.691135472771014,10,11.078999999999999,5.541035291993862
2020-12-22,1011010504,辣椒类,8.165753978481442,45,38.615,11.150283050627994
2020-12-22,1011010801,食用菌,8.537841608282996,72,76.199,6.794075906507961
2020-12-23,1011010101,花叶类,8.230533240380787,100,143.966,2.828632593806871
2020-12-23,1011010201,花菜类,6.882822140822141,5,39.823,5.446159254702057
2020-12-23,1011010402,水生根茎类,7.36509570420747,19,43.83,5.847207620351357
2020-12-23,1011010501,茄类,5.712135472771014,10,9.4,5.663901063829787
2020-12-23,1011010504,辣椒类,8.150198422925886,45,41.738,11.276045330394366
2020-12-23,1011010801,食用菌,8.545202719394107,72,67.604,6.890415655878351
2020-12-24,1011010101,花叶类,8.252833240380786,100,218.53300000000002,1.91711320487066
2020-12-24,1011010201,花菜类,7.058822140822142,5,39.293,5.198427964268444
2020-12-24,1011010402,水生根茎类,7.359306230523261,19,61.82299999999999,5.8297720912928845
2020-12-24,1011010501,茄类,5.668135472771015,10,9.801,5.9079746964595445
2020-12-24,1011010504,辣椒类,8.103309534036997,45,37.463,11.509827563195687
2020-12-24,1011010801,食用菌,8.50006383050522,72,76.09,5.823431068471547
2020-12-25,1011010101,花叶类,8.257933240380787,100,159.654,2.5784130056246632
2020-12-25,1011010201,花菜类,7.182822140822141,5,33.711,5.697216338880485
2020-12-25,1011010402,水生根茎类,7.3619378094706285,19,65.984,6.137833262609117
2020-12-25,1011010501,茄类,5.659135472771014,10,10.328,5.696109604957397
2020-12-25,1011010504,辣椒类,8.27464286737033,45,53.083,11.19624512555809
2020-12-25,1011010801,食用菌,8.528258274949662,72,148.943,7.369371101696622
2020-12-26,1011010101,花叶类,8.249833240380786,100,285.224,2.015052870726166
2020-12-26,1011010201,花菜类,7.226822140822141,5,62.717,5.849400640974538
2020-12-26,1011010402,水生根茎类,7.40930623052326,19,103.905,6.020821904624416
2020-12-26,1011010501,茄类,5.592135472771014,10,16.19,5.355953057442865
2020-12-26,1011010504,辣椒类,8.354865089592552,45,52.907000000000004,13.371460109248304
2020-12-26,1011010801,食用菌,8.518674941616329,72,136.159,6.386893852040629
2020-12-27,1011010101,花叶类,8.247233240380785,100,288.755,1.9884376028120725
2020-12-27,1011010201,花菜类,7.25082214082214,5,51.016000000000005,5.8038364434687155
2020-12-27,1011010402,水生根茎类,7.408253598944314,19,93.232,5.792980092672044
2020-12-27,1011010501,茄类,5.691135472771014,10,11.874,5.92755432036382
2020-12-27,1011010504,辣椒类,8.412420645148108,45,52.745,13.053790122286475
2020-12-27,1011010801,食用菌,8.51964716383855,72,118.129,7.963270577080987
2020-12-28,1011010101,花叶类,8.243833240380786,100,251.45499999999998,1.880864329601718
2020-12-28,1011010201,花菜类,7.226822140822141,5,33.949,5.585903855783675
2020-12-28,1011010402,水生根茎类,7.407200967365366,19,63.262,6.062946476557808
2020-12-28,1011010501,茄类,6.022135472771014,10,13.266,6.049181365897783
2020-12-28,1011010504,辣椒类,8.539976200703663,45,45.863,13.63051719250812
2020-12-28,1011010801,食用菌,8.523258274949661,72,69.819,6.8718858763373865
2020-12-29,1011010101,花叶类,8.240633240380786,100,223.512,1.9371061509001755
2020-12-29,1011010201,花菜类,7.232822140822141,5,33.714,5.855651658064899
2020-12-29,1011010402,水生根茎类,7.392464125260102,19,54.92399999999999,6.21084917340325
2020-12-29,1011010501,茄类,5.8561354727710135,10,12.741000000000001,5.945356722392277
2020-12-29,1011010504,辣椒类,8.552865089592553,45,28.906000000000002,14.735243202103367
2020-12-29,1011010801,食用菌,8.542833820121002,72,79.647,6.577331224026014
2020-12-30,1011010101,花叶类,8.246433240380787,100,146.39,2.2558402896372707
2020-12-30,1011010201,花菜类,7.236822140822142,5,33.438,5.793924277767808
2020-12-30,1011010402,水生根茎类,7.393516756839051,19,75.742,6.260285178632726
2020-12-30,1011010501,茄类,5.854135472771015,10,16.318,6.036912611839686
2020-12-30,1011010504,辣椒类,8.555309534036997,45,32.167,14.589637827587278
2020-12-30,1011010801,食用菌,8.537556042343224,72,66.631,6.557398808362474
2020-12-31,1011010101,花叶类,8.239933240380786,100,179.177,2.8259024316737085
2020-12-31,1011010201,花菜类,7.230822140822141,5,23.092,5.83109431837866
2020-12-31,1011010402,水生根茎类,7.396148335786418,19,73.305,6.18352472546211
2020-12-31,1011010501,茄类,5.9041354727710145,10,20.724999999999998,6.627738480096503
2020-12-31,1011010504,辣椒类,8.559753978481442,45,45.583999999999996,15.5997485959986
2020-12-31,1011010801,食用菌,8.529639375676558,72,120.945,6.001025920873125
2021-01-01,1011010101,花叶类,8.220833240380786,100,224.797,2.722988874406687
2021-01-01,1011010201,花菜类,7.25682214082214,5,55.985,5.850312226489238
2021-01-01,1011010402,水生根茎类,7.401937809470629,19,91.56899999999999,5.935879609911652
2021-01-01,1011010501,茄类,5.933135472771014,10,18.037,6.517621001275156
2021-01-01,1011010504,辣椒类,8.501976200703664,45,67.733,15.076814255975668
2021-01-01,1011010801,食用菌,8.517694931232112,72,136.338,6.289636638354677
2021-01-02,1011010101,花叶类,8.248433240380786,100,212.911,2.8462140518808328
2021-01-02,1011010201,花菜类,7.292822140822141,5,31.833,5.6175044764866655
2021-01-02,1011010402,水生根茎类,7.408779914733787,19,102.214,6.3632364451053665
2021-01-02,1011010501,茄类,5.942135472771014,10,18.302,6.583326412413944
2021-01-02,1011010504,辣椒类,8.561087311814775,45,62.422,14.99334497452821
2021-01-02,1011010801,食用菌,8.50936159789878,72,115.296,5.9755180578684435
2021-01-03,1011010101,花叶类,8.246333240380785,100,224.88,2.6754552205620774
2021-01-03,1011010201,花菜类,7.304822140822141,5,50.09,6.209128368935915
2021-01-03,1011010402,水生根茎类,7.408253598944314,19,76.505,6.054975230377099
2021-01-03,1011010501,茄类,5.961135472771014,10,13.385,6.761253642136721
2021-01-03,1011010504,辣椒类,8.521531756259218,45,73.797,13.477831754678373
2021-01-03,1011010801,食用菌,8.513528264565446,72,103.871,6.477912603132732
2021-01-04,1011010101,花叶类,8.258633240380787,100,177.80100000000002,2.6079786952829287
2021-01-04,1011010201,花菜类,7.37682214082214,5,24.728,6.213264315755419
2021-01-04,1011010402,水生根茎类,7.465095704207471,19,68.24799999999999,6.832575313562303
2021-01-04,1011010501,茄类,5.922135472771014,10,9.866999999999999,6.436588628762541
2021-01-04,1011010504,辣椒类,8.468198422925886,45,58.505,12.902534997008804
2021-01-04,1011010801,食用菌,8.510056042343225,72,95.499,5.892545576393471
2021-01-05,1011010101,花叶类,8.244933240380787,100,154.654,2.9018770933826477
2021-01-05,1011010201,花菜类,7.368822140822141,5,49.049,6.052827172827174
2021-01-05,1011010402,水生根茎类,7.469832546312734,19,89.144,6.308316431840617
2021-01-05,1011010501,茄类,5.916135472771014,10,14.439,6.483092319412703
2021-01-05,1011010504,辣椒类,8.623976200703664,45,37.556,13.347983544573438
2021-01-05,1011010801,食用菌,8.507417153454334,72,83.705,6.368654321725106
2021-01-06,1011010101,花叶类,8.277433240380786,100,176.82399999999998,2.6996931412025518
2021-01-06,1011010201,花菜类,7.356822140822141,5,51.711,6.188554852932644
2021-01-06,1011010402,水生根茎类,7.488253598944313,19,49.852,6.521008184225306
2021-01-06,1011010501,茄类,6.149135472771015,10,13.689,6.506819343998831
2021-01-06,1011010504,辣椒类,8.672198422925884,45,44.528000000000006,14.09381782249371
2021-01-06,1011010801,食用菌,8.504917153454336,72,81.462,6.675159092583044
2021-01-07,1011010101,花叶类,8.314133240380785,100,161.628,3.0686233820872624
2021-01-07,1011010201,花菜类,7.37682214082214,5,42.427,6.114538619275462
2021-01-07,1011010402,水生根茎类,7.527727283154839,19,54.723,7.034699486504761
2021-01-07,1011010501,茄类,6.149135472771015,10,12.56,6.685622611464969
2021-01-07,1011010504,辣椒类,8.774420645148108,45,50.183,14.419242970727138
2021-01-07,1011010801,食用菌,8.501167153454336,72,96.002,7.064873335972168
2021-01-08,1011010101,花叶类,8.337133240380785,100,234.46200000000002,2.812603748155351
2021-01-08,1011010201,花菜类,7.546822140822141,5,29.703000000000003,6.227390499276167
2021-01-08,1011010402,水生根茎类,7.551937809470629,19,53.903999999999996,6.797337859899081
2021-01-08,1011010501,茄类,6.211135472771014,10,12.049,7.191351979417379
2021-01-08,1011010504,辣椒类,8.739976200703664,45,37.342,14.960983610947459
2021-01-08,1011010801,食用菌,8.501444931232113,72,90.415,6.072679865066638
2021-01-09,1011010101,花叶类,8.342233240380786,100,233.427,3.5639624379356283
2021-01-09,1011010201,花菜类,7.658822140822141,5,47.188,7.0285479359159115
2021-01-09,1011010402,水生根茎类,7.552464125260102,19,90.49000000000001,7.061444137473754
2021-01-09,1011010501,茄类,6.0371354727710145,10,17.965,7.175154467019204
2021-01-09,1011010504,辣椒类,8.69753175625922,45,78.49799999999999,13.928008102117253
2021-01-09,1011010801,食用菌,8.507833820121002,72,129.833,6.259101384085709
2021-01-10,1011010101,花叶类,8.309033240380787,100,250.645,2.8800871351912063
2021-01-10,1011010201,花菜类,7.786822140822141,5,57.696,7.435303487243483
2021-01-10,1011010402,水生根茎类,7.540358862102208,19,79.56299999999999,6.9185752171235375
2021-01-10,1011010501,茄类,6.179135472771014,10,23.755,6.692720269416965
2021-01-10,1011010504,辣椒类,8.66553175625922,45,68.36500000000001,14.067608864184889
2021-01-10,1011010801,食用菌,8.502694931232114,72,137.986,6.7370593393532685
2021-01-11,1011010101,花叶类,8.319233240380786,100,182.204,2.892505762771399
2021-01-11,1011010201,花菜类,7.868822140822141,5,28.862,7.169410297276697
2021-01-11,1011010402,水生根茎类,7.540358862102208,19,47.911,6.953743399219386
2021-01-11,1011010501,茄类,6.199135472771014,10,15.841000000000001,6.861136291900764
2021-01-11,1011010504,辣椒类,8.72064286737033,45,46.768,14.760619654464591
2021-01-11,1011010801,食用菌,8.508389375676558,72,81.67,6.371628015183053
2021-01-12,1011010101,花叶类,8.324133240380785,100,173.449,2.7308773184048336
2021-01-12,1011010201,花菜类,7.9308221408221415,5,18.847,7.574398578023027
2021-01-12,1011010402,水生根茎类,7.540358862102208,19,55.595,6.777878406331505
2021-01-12,1011010501,茄类,6.238135472771014,10,6.304,7.04
2021-01-12,1011010504,辣椒类,8.718642867370331,45,35.595,14.771062789717657
2021-01-12,1011010801,食用菌,8.529917153454335,72,73.283,6.808620007368694
2021-01-13,1011010101,花叶类,8.364233240380786,100,172.101,2.9549931726137557
2021-01-13,1011010201,花菜类,8.024822140822142,5,25.301,8.129477095766966
2021-01-13,1011010402,水生根茎类,7.540358862102208,19,40.616,6.936293578885169
2021-01-13,1011010501,茄类,6.298135472771014,10,0.0,6.298135472771014
2021-01-13,1011010504,辣椒类,8.726198422925886,45,37.065000000000005,14.473567246728717
2021-01-13,1011010801,食用菌,8.530889375676558,72,76.684,6.884439648427312
2021-01-14,1011010101,花叶类,8.409333240380786,100,148.947,3.4499675052199774
2021-01-14,1011010201,花菜类,8.338822140822142,5,34.119,8.606555584864738
2021-01-14,1011010402,水生根茎类,7.518253598944314,19,43.510000000000005,6.949415076993794
2021-01-14,1011010501,茄类,6.252135472771014,10,18.643,6.459068283001662
2021-01-14,1011010504,辣椒类,8.462865089592553,45,39.296,15.379860800081435
2021-01-14,1011010801,食用菌,8.538389375676557,72,75.963,7.311942129721048
2021-01-15,1011010101,花叶类,8.429233240380785,100,171.213,3.4284328292828237
2021-01-15,1011010201,花菜类,8.17882214082214,5,30.979,8.17898124535976
2021-01-15,1011010402,水生根茎类,7.538779914733787,19,51.428,6.870525783619819
2021-01-15,1011010501,茄类,6.272135472771014,10,14.644,6.478134389511062
2021-01-15,1011010504,辣椒类,8.51264286737033,45,39.211,14.605125092448548
2021-01-15,1011010801,食用菌,8.511306042343225,72,101.383,7.0300759496167995
2021-01-16,1011010101,花叶类,8.458433240380785,100,252.82500000000002,3.639674517947196
2021-01-16,1011010201,花菜类,8.224822140822141,5,45.807,8.216433296221101
2021-01-16,1011010402,水生根茎类,7.538779914733787,19,82.624,6.924633520526725
2021-01-16,1011010501,茄类,6.274135472771015,10,20.109,6.101648515590035
2021-01-16,1011010504,辣椒类,8.569309534036998,45,76.17399999999999,14.668483865886
2021-01-16,1011010801,食用菌,8.502139375676556,72,150.015,6.22745092157451
2021-01-17,1011010101,花叶类,8.475333240380786,100,228.99099999999999,3.445133040163151
2021-01-17,1011010201,花菜类,7.897250712250712,5,45.21,8.317481751824818
2021-01-17,1011010402,水生根茎类,7.534043072628523,19,67.482,7.086455054681249
2021-01-17,1011010501,茄类,6.258135472771015,10,24.613,6.022711981473205
2021-01-17,1011010504,辣椒类,8.384642867370331,45,74.534,14.704038022915714
2021-01-17,1011010801,食用菌,8.481167153454335,72,141.492,5.791854733836542
2021-01-18,1011010101,花叶类,8.603533240380786,100,167.11899999999997,4.1819693152783355
2021-01-18,1011010201,花菜类,7.925250712250713,5,33.17,8.480508290624057
2021-01-18,1011010402,水生根茎类,7.522464125260103,19,48.095,6.732391724711509
2021-01-18,1011010501,茄类,6.258135472771015,10,10.266,6.023500876680304
2021-01-18,1011010504,辣椒类,8.359087311814774,45,48.166,15.086509155836067
2021-01-18,1011010801,食用菌,8.511167153454336,72,72.532,6.50287707494623
2021-01-19,1011010101,花叶类,8.606633240380786,100,216.055,3.2400520700747495
2021-01-19,1011010201,花菜类,7.925250712250713,5,33.818,8.133678514400616
2021-01-19,1011010402,水生根茎类,7.528779914733787,19,42.265,6.735963563231988
2021-01-19,1011010501,茄类,6.284135472771014,10,9.304,6.267553740326741
2021-01-19,1011010504,辣椒类,8.421531756259219,45,50.827,15.836114663466269
2021-01-19,1011010801,食用菌,8.511306042343225,72,74.431,5.595376254517607
2021-01-20,1011010101,花叶类,8.614933240380786,100,197.824,4.115657756389518
2021-01-20,1011010201,花菜类,7.985250712250712,5,33.626999999999995,8.47318196687186
2021-01-20,1011010402,水生根茎类,7.529832546312735,19,44.546,6.853189062991066
2021-01-20,1011010501,茄类,6.288135472771014,10,19.320999999999998,6.342032503493608
2021-01-20,1011010504,辣椒类,8.460865089592552,45,51.058,16.344882486583884
2021-01-20,1011010801,食用菌,8.511167153454334,72,90.131,6.162356680831234
2021-01-21,1011010101,花叶类,8.588133240380786,100,219.93,3.528852589460283
2021-01-21,1011010201,花菜类,7.977250712250712,5,27.553,8.4754251805611
2021-01-21,1011010402,水生根茎类,7.532990441049575,19,48.089,6.84792280979018
2021-01-21,1011010501,茄类,6.306135472771014,10,23.411,6.517849301610354
2021-01-21,1011010504,辣椒类,8.579309534036998,45,57.724000000000004,16.890340239761624
2021-01-21,1011010801,食用菌,8.515194931232113,72,63.013,6.037799184295304
2021-01-22,1011010101,花叶类,8.673533240380785,100,218.136,4.058457521912935
2021-01-22,1011010201,花菜类,7.983250712250713,5,32.636,8.444205785022675
2021-01-22,1011010402,水生根茎类,7.533516756839051,19,48.728,6.830759317025119
2021-01-22,1011010501,茄类,6.339135472771014,10,12.332999999999998,6.315246898564827
2021-01-22,1011010504,辣椒类,8.752865089592554,45,54.45,16.579528374655645
2021-01-22,1011010801,食用菌,8.51825048678767,72,88.79599999999999,6.5330798684625435
2021-01-23,1011010101,花叶类,8.640433240380785,100,214.81500000000003,3.4964088634406347
2021-01-23,1011010201,花菜类,8.003250712250713,5,48.218,8.253360155958354
2021-01-23,1011010402,水生根茎类,7.535622019996945,19,66.893,7.125810772427608
2021-01-23,1011010501,茄类,6.376135472771014,10,20.333000000000002,6.7509536221905275
2021-01-23,1011010504,辣椒类,8.809753978481442,45,87.038,17.17660366736368
2021-01-23,1011010801,食用菌,8.527556042343225,72,117.521,6.695355808749075
2021-01-24,1011010101,花叶类,8.660233240380785,100,350.342,3.8002959679398987
2021-01-24,1011010201,花菜类,7.975250712250713,5,56.086,8.44111382519702
2021-01-24,1011010402,水生根茎类,7.95772728315484,19,88.664,7.059568483262654
2021-01-24,1011010501,茄类,6.367135472771014,10,23.807,6.501528121980931
2021-01-24,1011010504,辣椒类,8.727531756259218,45,99.11500000000001,15.696242849215558
2021-01-24,1011010801,食用菌,8.532000486787668,72,127.934,6.5321486078759365
2021-01-25,1011010101,花叶类,8.569033240380787,100,224.149,3.5750642652878217
2021-01-25,1011010201,花菜类,7.937250712250713,5,34.554,8.438447647160967
2021-01-25,1011010402,水生根茎类,7.957200967365365,19,86.892,7.121688302720618
2021-01-25,1011010501,茄类,6.374135472771014,10,20.041,6.6894935382465945
2021-01-25,1011010504,辣椒类,8.64264286737033,45,68.681,14.253823619341595
2021-01-25,1011010801,食用菌,8.563389375676557,72,79.116,7.522055968451388
2021-01-26,1011010101,花叶类,8.586033240380786,100,215.643,3.4677326414490617
2021-01-26,1011010201,花菜类,7.643250712250712,5,36.857,7.596152426947391
2021-01-26,1011010402,水生根茎类,7.952990441049576,19,59.222,6.780392421735166
2021-01-26,1011010501,茄类,6.402135472771015,10,16.078,6.914687150143053
2021-01-26,1011010504,辣椒类,8.690420645148109,45,57.954,14.461040652931635
2021-01-26,1011010801,食用菌,8.560472709009892,72,101.362,7.427020481048125
2021-01-27,1011010101,花叶类,8.554333240380785,100,208.029,3.7729640578957744
2021-01-27,1011010201,花菜类,7.585250712250712,5,50.986,7.510519750519752
2021-01-27,1011010402,水生根茎类,7.951937809470628,19,50.075,6.98701647528707
2021-01-27,1011010501,茄类,6.424135472771015,10,11.937000000000001,7.077250565468711
2021-01-27,1011010504,辣椒类,8.567087311814776,45,105.094,12.103450530001712
2021-01-27,1011010801,食用菌,8.588389375676558,72,108.756,7.461664551840818
2021-01-28,1011010101,花叶类,8.551133240380786,100,160.384,3.898733664205906
2021-01-28,1011010201,花菜类,7.3952507122507125,5,47.788,7.022517159119444
2021-01-28,1011010402,水生根茎类,7.952464125260104,19,58.18,7.102864214506703
2021-01-28,1011010501,茄类,6.4041354727710145,10,17.791999999999998,6.918292491007194
2021-01-28,1011010504,辣椒类,8.619753978481441,45,70.075,12.464012986086335
2021-01-28,1011010801,食用菌,8.594778264565447,72,80.927,6.846893867312516
2021-01-29,1011010101,花叶类,8.559433240380786,100,151.96200000000002,3.623128150458667
2021-01-29,1011010201,花菜类,7.365250712250713,5,56.588,6.953659079663534
2021-01-29,1011010402,水生根茎类,7.95772728315484,19,48.372,6.82714504258662
2021-01-29,1011010501,茄类,6.426135472771014,10,15.072,6.993598726114651
2021-01-29,1011010504,辣椒类,8.603309534036997,45,66.029,12.478986505929214
2021-01-29,1011010801,食用菌,8.590333820121002,72,69.324,7.870530552189718
2021-01-30,1011010101,花叶类,8.551533240380786,100,236.77700000000002,3.338331721408751
2021-01-30,1011010201,花菜类,7.171250712250712,5,63.123999999999995,6.582023160762943
2021-01-30,1011010402,水生根茎类,7.95772728315484,19,39.938,6.9169898342430765
2021-01-30,1011010501,茄类,6.71642934169279,10,23.084,8.184591058741987
2021-01-30,1011010504,辣椒类,8.901531756259219,45,91.796,12.138385441631446
2021-01-30,1011010801,食用菌,8.61047270900989,72,94.904,7.251620795751497
2021-01-31,1011010101,花叶类,8.562633240380785,100,249.269,3.7647656948918637
2021-01-31,1011010201,花菜类,7.179250712250711,5,37.907,6.46076291977735
2021-01-31,1011010402,水生根茎类,7.9614114936811555,19,47.573,6.783744771193743
2021-01-31,1011010501,茄类,6.749429341692791,10,24.61,7.959776919951239
2021-01-31,1011010504,辣椒类,8.813976200703664,45,84.45100000000001,12.060752507371136
2021-01-31,1011010801,食用菌,8.605889375676558,72,104.054,7.51204499586753
2021-02-01,1011010101,花叶类,8.528833240380786,100,181.621,3.141215718446655
2021-02-01,1011010201,花菜类,7.193250712250712,5,25.144,6.544405027044227
2021-02-01,1011010402,水生根茎类,7.962464125260103,19,50.34,7.116169249106078
2021-02-01,1011010501,茄类,6.858429341692791,10,13.664,8.419655298594849
2021-02-01,1011010504,辣椒类,8.690865089592553,45,71.64,13.075519821328866
2021-02-01,1011010801,食用菌,8.611861597898779,72,69.564,7.84480521534127
2021-02-02,1011010101,花叶类,8.524733240380785,100,193.791,3.012321986057144
2021-02-02,1011010201,花菜类,7.193250712250712,5,41.328,6.5272977158343
2021-02-02,1011010402,水生根茎类,7.999306230523261,19,47.32300000000001,7.039885045326796
2021-02-02,1011010501,茄类,6.89642934169279,10,24.133000000000003,8.922949073882236
2021-02-02,1011010504,辣椒类,8.727309534036996,45,92.145,12.54417353084812
2021-02-02,1011010801,食用菌,8.606306042343224,72,88.048,6.590377748500818
2021-02-03,1011010101,花叶类,8.422833240380786,100,223.102,2.957307823327447
2021-02-03,1011010201,花菜类,7.017250712250712,5,84.61500000000001,6.009481297642262
2021-02-03,1011010402,水生根茎类,8.011411493681155,19,36.091,7.090501232994375
2021-02-03,1011010501,茄类,6.889429341692789,10,14.937999999999999,8.638833846565806
2021-02-03,1011010504,辣椒类,8.646865089592552,45,79.053,13.508118603974548
2021-02-03,1011010801,食用菌,8.602278264565447,72,91.564,7.319873858721768
2021-02-04,1011010101,花叶类,8.398933240380787,100,197.832,3.371576034210846
2021-02-04,1011010201,花菜类,6.619250712250713,5,69.983,5.190931083263078
2021-02-04,1011010402,水生根茎类,8.00772728315484,19,61.4,6.961757003257329
2021-02-04,1011010501,茄类,6.85642934169279,10,27.715999999999998,8.58019339009958
2021-02-04,1011010504,辣椒类,8.52553175625922,45,96.194,12.235466141339375
2021-02-04,1011010801,食用菌,8.592833820121001,72,111.069,7.027350205727971
2021-02-05,1011010101,花叶类,8.337566909083625,100,194.292,3.5499901179667717
2021-02-05,1011010201,花菜类,6.601250712250713,5,58.169,5.12624335986522
2021-02-05,1011010402,水生根茎类,8.010358862102208,19,56.39,7.067761659868772
2021-02-05,1011010501,茄类,6.40142934169279,10,25.906,8.70024357291747
2021-02-05,1011010504,辣椒类,8.546420645148109,45,124.448,12.019047071869375
2021-02-05,1011010801,食用菌,8.584917153454334,72,95.222,7.800419230850014
2021-02-06,1011010101,花叶类,8.279266909083624,100,212.817,3.1796646414525154
2021-02-06,1011010201,花菜类,6.595250712250713,5,75.497,5.07123660542803
2021-02-06,1011010402,水生根茎类,8.017200967365365,19,55.471999999999994,7.391952696856071
2021-02-06,1011010501,茄类,6.41842934169279,10,39.051,8.208082763565594
2021-02-06,1011010504,辣椒类,8.481976200703665,45,194.842,10.63994841974523
2021-02-06,1011010801,食用菌,8.587139375676557,72,119.696,6.957411191685604
2021-02-07,1011010101,花叶类,8.272766909083623,100,193.778,3.0301853667599006
2021-02-07,1011010201,花菜类,6.649250712250712,5,53.682,5.06966767259044
2021-02-07,1011010402,水生根茎类,8.031937809470628,19,101.527,7.774291075280467
2021-02-07,1011010501,茄类,6.63842934169279,10,43.635000000000005,9.113318895382147
2021-02-07,1011010504,辣椒类,8.464865089592552,45,159.904,10.753174592255354
2021-02-07,1011010801,食用菌,8.59311159789878,72,147.812,6.750912375179281
2021-02-08,1011010101,花叶类,8.254266909083624,100,234.405,3.20128734455323
2021-02-08,1011010201,花菜类,6.5812507122507125,5,122.215,4.8325212944401255
2021-02-08,1011010402,水生根茎类,8.046674651575893,19,124.55000000000001,7.964312484945805
2021-02-08,1011010501,茄类,6.66042934169279,10,58.326,8.851017213592565
2021-02-08,1011010504,辣椒类,8.539753978481441,45,289.227,11.111236191641861
2021-02-08,1011010801,食用菌,8.582139375676556,72,240.205,6.508375429320788
2021-02-09,1011010101,花叶类,8.262266909083625,100,282.558,3.666089050743564
2021-02-09,1011010201,花菜类,6.483250712250713,5,139.056,4.466992218962144
2021-02-09,1011010402,水生根茎类,8.05772728315484,19,211.43099999999998,8.050037127951908
2021-02-09,1011010501,茄类,6.66742934169279,10,87.912,8.691692601692601
2021-02-09,1011010504,辣椒类,8.672198422925884,45,423.696,12.575596300177484
2021-02-09,1011010801,食用菌,8.631306042343224,72,326.993,6.960139299618035
2021-02-10,1011010101,花叶类,8.285966909083625,100,503.976,3.921421952632665
2021-02-10,1011010201,花菜类,6.6132507122507125,5,167.055,4.945079704289007
2021-02-10,1011010402,水生根茎类,7.875622019996945,19,296.79200000000003,8.875297986468636
2021-02-10,1011010501,茄类,6.69342934169279,10,118.93100000000001,8.705136255475864
2021-02-10,1011010504,辣椒类,8.841087311814775,45,505.888,14.233708350464926
2021-02-10,1011010801,食用菌,8.654083820121002,72,511.136,6.6409874280035055
2021-02-11,1011010101,花叶类,8.285966909083625,100,0.0,8.285966909083625
2021-02-11,1011010201,花菜类,6.6132507122507125,5,0.0,6.6132507122507125
2021-02-11,1011010402,水生根茎类,7.875622019996945,19,0.0,7.875622019996945
2021-02-11,1011010501,茄类,6.69342934169279,10,0.0,6.69342934169279
2021-02-11,1011010504,辣椒类,8.841087311814775,45,0.0,8.841087311814775
2021-02-11,1011010801,食用菌,8.654083820121002,72,0.0,8.654083820121002
2021-02-12,1011010101,花叶类,8.285966909083625,100,0.0,8.285966909083625
2021-02-12,1011010201,花菜类,6.6132507122507125,5,0.0,6.6132507122507125
2021-02-12,1011010402,水生根茎类,7.875622019996945,19,0.0,7.875622019996945
2021-02-12,1011010501,茄类,6.69342934169279,10,0.0,6.69342934169279
2021-02-12,1011010504,辣椒类,8.841087311814775,45,0.0,8.841087311814775
2021-02-12,1011010801,食用菌,8.654083820121002,72,0.0,8.654083820121002
2021-02-13,1011010101,花叶类,8.282366909083624,100,243.48499999999999,3.9357934164322237
2021-02-13,1011010201,花菜类,6.681250712250713,5,22.759,4.2
2021-02-13,1011010402,水生根茎类,7.875622019996945,19,50.0,8.5
2021-02-13,1011010501,茄类,6.70242934169279,10,28.967,8.839999999999998
2021-02-13,1011010504,辣椒类,8.874865089592552,45,104.485,14.84288778293535
2021-02-13,1011010801,食用菌,8.687139375676558,72,74.519,8.002503790979482
2021-02-14,1011010101,花叶类,8.280866909083624,100,195.74,3.8784816593440277
2021-02-14,1011010201,花菜类,6.689250712250713,5,16.607,5.358129704341542
2021-02-14,1011010402,水生根茎类,7.94351675683905,19,65.073,9.857520015982052
2021-02-14,1011010501,茄类,6.70242934169279,10,25.06,8.84
2021-02-14,1011010504,辣椒类,8.87353175625922,45,116.812,15.520691110502346
2021-02-14,1011010801,食用菌,8.70422270900989,72,164.586,5.123113387529924
2021-02-15,1011010101,花叶类,8.255766909083626,100,300.13,3.5384937860260552
2021-02-15,1011010201,花菜类,6.689250712250713,5,41.123,5.079229628188605
2021-02-15,1011010402,水生根茎类,7.964043072628523,19,68.394,9.83393367839284
2021-02-15,1011010501,茄类,6.6954293416927895,10,39.655,8.78
2021-02-15,1011010504,辣椒类,8.913976200703663,45,168.272,12.548709886374441
2021-02-15,1011010801,食用菌,8.616583820121,72,212.364,5.4704244128006625
2021-02-16,1011010101,花叶类,8.251166909083624,100,253.696,3.9723696077194752
2021-02-16,1011010201,花菜类,6.717250712250713,5,40.493,5.7150989059837505
2021-02-16,1011010402,水生根茎类,7.876148335786418,19,67.819,8.53
2021-02-16,1011010501,茄类,6.64142934169279,10,31.647,8.24
2021-02-16,1011010504,辣椒类,8.924865089592553,45,151.649,13.770874849158252
2021-02-16,1011010801,食用菌,8.639639375676557,72,174.61,5.430211213561651
2021-02-17,1011010101,花叶类,8.242266909083625,100,180.052,3.3725208828560644
2021-02-17,1011010201,花菜类,6.747250712250713,5,33.589,5.576151418619191
2021-02-17,1011010402,水生根茎类,7.8677272831548395,19,53.632,8.37
2021-02-17,1011010501,茄类,6.627429341692791,10,30.358,8.1
2021-02-17,1011010504,辣椒类,8.958642867370331,45,133.64600000000002,13.173414318423298
2021-02-17,1011010801,食用菌,8.638250486787669,72,144.793,6.386543133991284
2021-02-18,1011010101,花叶类,8.232766909083624,100,227.336,3.853755498469226
2021-02-18,1011010201,花菜类,6.729250712250712,5,56.001000000000005,5.303685648470563
2021-02-18,1011010402,水生根茎类,7.848253598944313,19,62.327,8.0
2021-02-18,1011010501,茄类,6.6134293416927905,10,18.169999999999998,7.96
2021-02-18,1011010504,辣椒类,8.958420645148108,45,105.697,13.453686386557802
2021-02-18,1011010801,食用菌,8.613944931232114,72,130.174,6.162532226097377
2021-02-19,1011010101,花叶类,8.201866909083625,100,184.16899999999998,3.8101152202596533
2021-02-19,1011010201,花菜类,6.593250712250712,5,47.197,4.893841981481874
2021-02-19,1011010402,水生根茎类,7.848253598944313,19,73.044,7.831006242812552
2021-02-19,1011010501,茄类,6.6134293416927905,10,13.768999999999998,8.725737526327258
2021-02-19,1011010504,辣椒类,8.878865089592551,45,116.07,9.393088567243904
2021-02-19,1011010801,食用菌,8.605056042343225,72,92.327,5.461697120019063
2021-02-20,1011010101,花叶类,8.220666909083626,100,175.262,4.186676689755908
2021-02-20,1011010201,花菜类,6.399250712250712,5,39.445,4.465959183673469
2021-02-20,1011010402,水生根茎类,7.852464125260103,19,60.611999999999995,7.993331353527355
2021-02-20,1011010501,茄类,6.51942934169279,10,21.798000000000002,8.321498761354253
2021-02-20,1011010504,辣椒类,8.837309534036997,45,119.306,7.333157091847855
2021-02-20,1011010801,食用菌,8.602000486787668,72,88.794,5.970771448521297
2021-02-21,1011010101,花叶类,8.220666909083626,100,144.855,4.4242619170895034
2021-02-21,1011010201,花菜类,6.479250712250712,5,35.248000000000005,4.704599977303676
2021-02-21,1011010402,水生根茎类,7.896148335786418,19,38.554,8.097628780411888
2021-02-21,1011010501,茄类,6.435429341692791,10,33.803,7.6407647250244075
2021-02-21,1011010504,辣椒类,8.804865089592552,45,80.423,7.507541374979794
2021-02-21,1011010801,食用菌,8.606583820121001,72,79.403,5.9172566527713055
2021-02-22,1011010101,花叶类,8.229947399868676,100,139.491,3.913257199389207
2021-02-22,1011010201,花菜类,6.517250712250712,5,30.813,4.714992048810568
2021-02-22,1011010402,水生根茎类,7.896148335786418,19,40.444,8.023747898328553
2021-02-22,1011010501,茄类,6.1954293416927895,10,15.47,6.552317388493859
2021-02-22,1011010504,辣椒类,8.805087311814775,45,72.834,7.473371639618859
2021-02-22,1011010801,食用菌,8.608250486787668,72,66.554,5.663337139766205
2021-02-23,1011010101,花叶类,8.344047399868677,100,136.05,4.1401486953325985
2021-02-23,1011010201,花菜类,6.517250712250712,5,24.456,4.713771671573438
2021-02-23,1011010402,水生根茎类,7.897727283154839,19,44.084,8.24630251338354
2021-02-23,1011010501,茄类,6.31742934169279,10,25.429,6.380239883597468
2021-02-23,1011010504,辣椒类,9.12064286737033,45,85.425,5.9716428446005265
2021-02-23,1011010801,食用菌,8.599639375676556,72,77.586,5.191070296187457
2021-02-24,1011010101,花叶类,8.194147399868678,100,190.158,2.9396979354010875
2021-02-24,1011010201,花菜类,6.203250712250712,5,37.41,3.9673985565356857
2021-02-24,1011010402,水生根茎类,7.7661483357864185,19,54.382,7.383585745283366
2021-02-24,1011010501,茄类,5.97542934169279,10,22.668,5.387489853538027
2021-02-24,1011010504,辣椒类,9.478198422925885,45,60.043,8.138231767233483
2021-02-24,1011010801,食用菌,8.574917153454335,72,88.233,5.59346140332982
2021-02-25,1011010101,花叶类,8.216908510979788,100,156.613,3.1285624437307247
2021-02-25,1011010201,花菜类,6.291250712250712,5,39.885000000000005,4.145100162968534
2021-02-25,1011010402,水生根茎类,8.24772728315484,19,74.027,7.855311440420387
2021-02-25,1011010501,茄类,5.94842934169279,10,34.617999999999995,4.947630712346179
2021-02-25,1011010504,辣椒类,9.419976200703664,45,100.118,5.8249533550410515
2021-02-25,1011010801,食用菌,9.180750486787668,72,110.55699999999999,4.8521028066969984
2021-02-26,1011010101,花叶类,8.214608510979788,100,276.322,3.050507704779207
2021-02-26,1011010201,花菜类,6.541250712250712,5,70.064,4.737056691025348
2021-02-26,1011010402,水生根茎类,8.24772728315484,19,72.508,7.71723065041099
2021-02-26,1011010501,茄类,5.95942934169279,10,31.286,5.128124720322189
2021-02-26,1011010504,辣椒类,8.989753978481442,45,135.777,5.675993209453738
2021-02-26,1011010801,食用菌,9.158250486787669,72,159.095,4.7201883151576105
2021-02-27,1011010101,花叶类,8.170908510979787,100,218.04000000000002,3.2728942395890663
2021-02-27,1011010201,花菜类,6.555250712250713,5,74.70400000000001,4.8804492396658805
2021-02-27,1011010402,水生根茎类,8.24772728315484,19,45.650999999999996,7.411543668265756
2021-02-27,1011010501,茄类,5.991429341692791,10,22.579,5.239838345365162
2021-02-27,1011010504,辣椒类,8.861087311814774,45,122.32199999999999,5.655556563823352
2021-02-27,1011010801,食用菌,9.12672270900989,72,116.814,4.855297310253908
2021-02-28,1011010101,花叶类,8.249308510979787,100,309.688,2.9815134909973913
2021-02-28,1011010201,花菜类,6.555250712250713,5,54.673,4.892317231540249
2021-02-28,1011010402,水生根茎类,8.24772728315484,19,49.705,7.556217281963585
2021-02-28,1011010501,茄类,5.97542934169279,10,27.705,5.337884497383144
2021-02-28,1011010504,辣椒类,8.60464286737033,45,114.677,5.0602694524621326
2021-02-28,1011010801,食用菌,9.125472709009891,72,111.764,4.872963655559929
2021-03-01,1011010101,花叶类,8.226908510979788,100,241.709,3.6103703627088772
2021-03-01,1011010201,花菜类,6.5572507122507115,5,28.579,4.797209489485286
2021-03-01,1011010402,水生根茎类,8.227200967365366,19,29.048,7.258193335169374
2021-03-01,1011010501,茄类,6.01342934169279,10,27.232,5.124133372502938
2021-03-01,1011010504,辣椒类,8.38353175625922,45,97.068,5.216914431120451
2021-03-01,1011010801,食用菌,9.122000486787668,72,79.404,5.364964107601633
2021-03-02,1011010101,花叶类,8.263208510979787,100,182.984,4.08949580291173
2021-03-02,1011010201,花菜类,6.599250712250712,5,40.61,5.249725683329229
2021-03-02,1011010402,水生根茎类,8.227200967365366,19,46.406,7.808085161401543
2021-03-02,1011010501,茄类,6.10042934169279,10,16.541,5.134841303427845
2021-03-02,1011010504,辣椒类,8.35464286737033,45,83.36300000000001,5.25780418171131
2021-03-02,1011010801,食用菌,9.11686159789878,72,62.044,5.83588485590871
2021-03-03,1011010101,花叶类,8.157808510979788,100,186.00799999999998,3.93540218700271
2021-03-03,1011010201,花菜类,6.519250712250712,5,22.009999999999998,4.806022716946842
2021-03-03,1011010402,水生根茎类,8.158253598944313,19,20.756999999999998,7.118996001348943
2021-03-03,1011010501,茄类,6.17242934169279,10,23.654,5.736921450917393
2021-03-03,1011010504,辣椒类,8.17064286737033,45,80.749,5.918476761322122
2021-03-03,1011010801,食用菌,9.044083820121001,72,71.027,4.684022695594632
2021-03-04,1011010101,花叶类,8.185808510979788,100,145.281,3.7198900062637232
2021-03-04,1011010201,花菜类,6.527250712250712,5,18.951999999999998,4.696485859012242
2021-03-04,1011010402,水生根茎类,8.148253598944313,19,28.177,7.0
2021-03-04,1011010501,茄类,6.21542934169279,10,20.344,5.537917322060558
2021-03-04,1011010504,辣椒类,7.966198422925886,45,93.076,4.249781146589884
2021-03-04,1011010801,食用菌,9.075889375676558,72,72.465,4.468028979507348
2021-03-05,1011010101,花叶类,8.167108510979787,100,211.185,3.0120666240500036
2021-03-05,1011010201,花菜类,6.585250712250712,5,41.955,4.7800703134310565
2021-03-05,1011010402,水生根茎类,8.132464125260103,19,35.138000000000005,6.845142011497524
2021-03-05,1011010501,茄类,6.20142934169279,10,22.986,5.1757661185069175
2021-03-05,1011010504,辣椒类,7.921087311814775,45,101.49799999999999,4.812732664683049
2021-03-05,1011010801,食用菌,9.07186159789878,72,82.58500000000001,5.019625597868862
2021-03-06,1011010101,花叶类,8.11900851097979,100,288.817,3.1206713247488893
2021-03-06,1011010201,花菜类,6.6452507122507125,5,64.332,4.923770751725425
2021-03-06,1011010402,水生根茎类,8.126674651575893,19,61.735,6.822445128371264
2021-03-06,1011010501,茄类,6.1584293416927895,10,38.176,4.8390632858340314
2021-03-06,1011010504,辣椒类,7.86953175625922,45,167.583,4.424418705954662
2021-03-06,1011010801,食用菌,9.068528264565447,72,151.214,4.960708333884429
2021-03-07,1011010101,花叶类,8.061108510979787,100,264.314,2.676156238413402
2021-03-07,1011010201,花菜类,6.503250712250713,5,84.586,4.4619279786253045
2021-03-07,1011010402,水生根茎类,8.12772728315484,19,36.888999999999996,6.71572257312478
2021-03-07,1011010501,茄类,6.18042934169279,10,26.748,5.0125766412442045
2021-03-07,1011010504,辣椒类,7.786420645148108,45,122.568,4.472856781541675
2021-03-07,1011010801,食用菌,9.059639375676557,72,125.428,4.602583952546481
2021-03-08,1011010101,花叶类,8.053608510979787,100,211.746,3.1293569654208344
2021-03-08,1011010201,花菜类,6.421250712250712,5,45.65,3.97201139101862
2021-03-08,1011010402,水生根茎类,8.127200967365367,19,26.921,6.644574867204041
2021-03-08,1011010501,茄类,6.35042934169279,10,19.815,5.792234670704012
2021-03-08,1011010504,辣椒类,7.732198422925886,45,80.39900000000002,4.564989241159715
2021-03-08,1011010801,食用菌,9.044639375676558,72,78.721,5.3575162917137735
2021-03-09,1011010101,花叶类,8.173862510979788,100,170.907,2.9803947175949492
2021-03-09,1011010201,花菜类,6.477250712250712,5,34.073,4.295924925894402
2021-03-09,1011010402,水生根茎类,8.127200967365367,19,42.608,6.693879083740142
2021-03-09,1011010501,茄类,6.37542934169279,10,20.838,5.875226029369421
2021-03-09,1011010504,辣椒类,7.652198422925886,45,66.895,5.345005157336124
2021-03-09,1011010801,食用菌,9.035056042343223,72,143.511,3.1555408296228165
2021-03-10,1011010101,花叶类,8.193562510979788,100,119.599,3.1139762874271524
2021-03-10,1011010201,花菜类,6.423250712250713,5,25.101,4.32993944464364
2021-03-10,1011010402,水生根茎类,8.127200967365367,19,24.891000000000002,6.6
2021-03-10,1011010501,茄类,6.4164293416927904,10,14.35,6.178801393728223
2021-03-10,1011010504,辣椒类,7.561753978481441,45,59.548,4.6226699469335655
2021-03-10,1011010801,食用菌,9.027833820121002,72,91.994,3.592291453790464
2021-03-11,1011010101,花叶类,8.204404935222213,100,158.357,3.4151360533478154
2021-03-11,1011010201,花菜类,6.345250712250712,5,30.749,4.168225308140103
2021-03-11,1011010402,水生根茎类,7.408253598944314,19,31.801000000000002,6.6330420427030585
2021-03-11,1011010501,茄类,6.33042934169279,10,16.37,5.393872327428222
2021-03-11,1011010504,辣椒类,7.553309534036997,45,57.357,4.643429223983123
2021-03-11,1011010801,食用菌,9.011861597898779,72,75.477,4.29816420896432
2021-03-12,1011010101,花叶类,8.222604935222213,100,152.44,3.852431120440829
2021-03-12,1011010201,花菜类,6.555250712250713,5,31.281999999999996,4.850760820919378
2021-03-12,1011010402,水生根茎类,7.414569388417997,19,21.764,6.647785333578387
2021-03-12,1011010501,茄类,6.3124293416927895,10,23.836000000000002,5.1636826648766565
2021-03-12,1011010504,辣椒类,7.533309534036998,45,102.131,4.441370005189413
2021-03-12,1011010801,食用菌,9.00547270900989,72,84.232,4.431454554088708
2021-03-13,1011010101,花叶类,8.241604935222213,100,169.055,4.038324923841353
2021-03-13,1011010201,花菜类,6.705250712250712,5,43.016999999999996,5.041371783248484
2021-03-13,1011010402,水生根茎类,7.408253598944314,19,47.086,6.735921505330672
2021-03-13,1011010501,茄类,6.46642934169279,10,26.434,6.230761897556178
2021-03-13,1011010504,辣椒类,7.533309534036998,45,104.089,4.8483556379636665
2021-03-13,1011010801,食用菌,9.004083820121002,72,101.865,4.248792519511118
2021-03-14,1011010101,花叶类,8.308604935222212,100,176.032,4.17073213961098
2021-03-14,1011010201,花菜类,6.999250712250712,5,41.13,5.958208606856309
2021-03-14,1011010402,水生根茎类,7.434569388417998,19,30.295,6.8673708532761175
2021-03-14,1011010501,茄类,6.506429341692789,10,17.721,6.286998476383951
2021-03-14,1011010504,辣椒类,7.456198422925886,45,117.089,3.8198610458710895
2021-03-14,1011010801,食用菌,8.974639375676556,72,75.95,4.196279921000658
2021-03-15,1011010101,花叶类,8.257504935222213,100,90.812,4.2267020878298025
2021-03-15,1011010201,花菜类,6.997250712250713,5,28.603,5.940015033388105
2021-03-15,1011010402,水生根茎类,7.434569388417998,19,22.597,6.799141478957383
2021-03-15,1011010501,茄类,6.47342934169279,10,13.658000000000001,6.10410235759262
2021-03-15,1011010504,辣椒类,7.499753978481441,45,85.656,3.59722039320071
2021-03-15,1011010801,食用菌,8.331028264565447,72,40.423,3.7927373030205573
2021-03-16,1011010101,花叶类,8.238604935222211,100,100.12100000000001,3.6911986496339426
2021-03-16,1011010201,花菜类,6.995250712250713,5,19.792,5.912104890864996
2021-03-16,1011010402,水生根茎类,7.434569388417998,19,19.772,6.782075662553105
2021-03-16,1011010501,茄类,6.52042934169279,10,13.577,6.163745304559181
2021-03-16,1011010504,辣椒类,7.467309534036997,45,72.12599999999999,3.7184905581898353
2021-03-16,1011010801,食用菌,8.34450048678767,72,44.844,4.356307644277941
2021-03-17,1011010101,花叶类,8.252004935222212,100,107.653,4.061506878582111
2021-03-17,1011010201,花菜类,7.029250712250712,5,29.326,6.136028779922254
2021-03-17,1011010402,水生根茎类,7.709306230523261,19,19.493000000000002,6.964012209511105
2021-03-17,1011010501,茄类,6.53642934169279,10,19.313,6.177542587894164
2021-03-17,1011010504,辣椒类,7.468198422925886,45,83.755,4.308359262133604
2021-03-17,1011010801,食用菌,8.292833820121002,72,44.029,5.813521996865702
2021-03-18,1011010101,花叶类,8.237604935222214,100,128.058,4.141498695903419
2021-03-18,1011010201,花菜类,7.0152507122507135,5,29.081000000000003,5.837125270795365
2021-03-18,1011010402,水生根茎类,7.709306230523261,19,20.852,6.815806637253021
2021-03-18,1011010501,茄类,6.550429341692789,10,11.866,6.268767908309455
2021-03-18,1011010504,辣椒类,7.459531756259219,45,73.733,3.7123840071609724
2021-03-18,1011010801,食用菌,8.283250486787669,72,65.501,4.152854765576098
2021-03-19,1011010101,花叶类,8.217804935222212,100,140.893,3.6089957627419387
2021-03-19,1011010201,花菜类,6.793250712250712,5,42.902,5.0329951983590515
2021-03-19,1011010402,水生根茎类,7.709306230523261,19,39.292,6.966486816654791
2021-03-19,1011010501,茄类,6.5704293416927895,10,16.235,6.28943024330151
2021-03-19,1011010504,辣椒类,7.479753978481441,45,67.509,4.4896419736627715
2021-03-19,1011010801,食用菌,8.27686159789878,72,69.141,5.42266527819962
2021-03-20,1011010101,花叶类,8.138304935222212,100,267.979,4.280765955541292
2021-03-20,1011010201,花菜类,6.795250712250713,5,34.377,5.587253687058206
2021-03-20,1011010402,水生根茎类,7.785622019996945,19,39.984,7.175030012004801
2021-03-20,1011010501,茄类,6.52942934169279,10,21.477,6.013607114587698
2021-03-20,1011010504,辣椒类,7.3046428673703305,45,117.89,3.968780218848078
2021-03-20,1011010801,食用菌,8.275333820121002,72,77.235,5.108240823460866
2021-03-21,1011010101,花叶类,8.073204935222213,100,199.712,3.528783748597981
2021-03-21,1011010201,花菜类,6.697250712250712,5,51.413,4.658601910022757
2021-03-21,1011010402,水生根茎类,7.775095704207471,19,41.705,7.0828236422491315
2021-03-21,1011010501,茄类,6.511429341692789,10,17.949,5.840496963619143
2021-03-21,1011010504,辣椒类,7.280420645148108,45,112.176,3.9698424796747966
2021-03-21,1011010801,食用菌,8.268111597898779,72,94.838,4.295751492017968
2021-03-22,1011010101,花叶类,8.114704935222212,100,115.022,4.090735250647702
2021-03-22,1011010201,花菜类,6.697250712250712,5,30.625,5.007054693877551
2021-03-22,1011010402,水生根茎类,7.601411493681155,19,10.113,7.053117769207949
2021-03-22,1011010501,茄类,6.185429341692791,10,11.561,5.859004411383099
2021-03-22,1011010504,辣椒类,7.281309534036997,45,70.689,3.506021446052427
2021-03-22,1011010801,食用菌,8.237833820121002,72,50.802,5.068660485807645
2021-03-23,1011010101,花叶类,8.172204935222211,100,134.706,3.4154412572565445
2021-03-23,1011010201,花菜类,6.995250712250713,5,28.634,5.886917650345744
2021-03-23,1011010402,水生根茎类,7.609832546312734,19,13.349,6.90168551951457
2021-03-23,1011010501,茄类,6.14042934169279,10,19.311999999999998,5.79612676056338
2021-03-23,1011010504,辣椒类,7.161753978481442,45,66.931,3.912515725149781
2021-03-23,1011010801,食用菌,8.209778264565447,72,48.174,4.670680450035289
2021-03-24,1011010101,花叶类,8.183204935222212,100,103.50500000000001,4.097304188203468
2021-03-24,1011010201,花菜类,7.027250712250712,5,27.331000000000003,5.851260473455051
2021-03-24,1011010402,水生根茎类,7.653516756839051,19,14.013,6.97255905230857
2021-03-24,1011010501,茄类,6.15142934169279,10,15.113,5.831040825779131
2021-03-24,1011010504,辣椒类,7.223753978481442,45,42.484,4.075426513510969
2021-03-24,1011010801,食用菌,8.231722709009892,72,35.583,5.783344012590282
2021-03-25,1011010101,花叶类,8.160004935222213,100,86.632,4.567772762951335
2021-03-25,1011010201,花菜类,7.043250712250712,5,25.174,5.92485342019544
2021-03-25,1011010402,水生根茎类,7.650358862102208,19,15.827,6.996426360017691
2021-03-25,1011010501,茄类,6.16542934169279,10,14.620999999999999,5.972124341700294
2021-03-25,1011010504,辣椒类,7.343531756259219,45,50.798,4.750607701090593
2021-03-25,1011010801,食用菌,8.293944931232112,72,46.89,5.282068671358499
2021-03-26,1011010101,花叶类,8.153404935222213,100,167.327,4.549345592761479
2021-03-26,1011010201,花菜类,7.201250712250712,5,48.956,6.254759375765993
2021-03-26,1011010402,水生根茎类,7.598779914733786,19,40.178000000000004,6.927105132161879
2021-03-26,1011010501,茄类,6.20342934169279,10,21.313,5.844051517852954
2021-03-26,1011010504,辣椒类,7.3386428673703294,45,60.937,4.670078113461443
2021-03-26,1011010801,食用菌,8.211028264565448,72,83.562,4.483387065891194
2021-03-27,1011010101,花叶类,8.176404935222212,100,199.727,4.404090483509991
2021-03-27,1011010201,花菜类,7.261250712250712,5,51.805,6.557757552359811
2021-03-27,1011010402,水生根茎类,7.591411493681155,19,43.191,7.015933412053436
2021-03-27,1011010501,茄类,6.25342934169279,10,26.111,6.051669411359199
2021-03-27,1011010504,辣椒类,7.187309534036998,45,78.794,5.362482930172348
2021-03-27,1011010801,食用菌,8.210194931232113,72,69.658,4.725580837807574
2021-03-28,1011010101,花叶类,8.261704935222212,100,161.16400000000002,4.862159787545606
2021-03-28,1011010201,花菜类,7.299250712250712,5,50.119,6.709912408467845
2021-03-28,1011010402,水生根茎类,7.574043072628523,19,30.709999999999997,6.785535656138066
2021-03-28,1011010501,茄类,6.19742934169279,10,19.628,5.999188913796616
2021-03-28,1011010504,辣椒类,7.222420645148109,45,78.41000000000001,5.094286698125238
2021-03-28,1011010801,食用菌,8.151583820121001,72,55.673,4.740443841718606
2021-03-29,1011010101,花叶类,8.300404935222213,100,111.30799999999999,4.889659772882452
2021-03-29,1011010201,花菜类,7.3072507122507115,5,60.434000000000005,6.497645365191779
2021-03-29,1011010402,水生根茎类,7.578779914733786,19,15.5,7.034901290322582
2021-03-29,1011010501,茄类,6.20042934169279,10,16.139,6.04998327033893
2021-03-29,1011010504,辣椒类,7.190420645148109,45,62.153999999999996,4.62150722399202
2021-03-29,1011010801,食用菌,8.151306042343224,72,47.327,4.91943245927272
2021-03-30,1011010101,花叶类,8.296204935222214,100,130.803,4.6110242119829055
2021-03-30,1011010201,花菜类,7.167250712250713,5,26.924,6.7233546278413305
2021-03-30,1011010402,水生根茎类,7.590885177891682,19,14.905,7.324218718550823
2021-03-30,1011010501,茄类,6.209429341692791,10,21.407,6.11889522118933
2021-03-30,1011010504,辣椒类,7.195087311814775,45,59.57299999999999,5.340230809259229
2021-03-30,1011010801,食用菌,8.147694931232113,72,32.144999999999996,6.328344377041531
2021-03-31,1011010101,花叶类,8.265280610897888,100,143.294,4.470874146858906
2021-03-31,1011010201,花菜类,7.167250712250713,5,28.740000000000002,6.3045233124565065
2021-03-31,1011010402,水生根茎类,7.568253598944313,19,19.503,7.371653079013485
2021-03-31,1011010501,茄类,6.555429341692791,10,21.649,6.177654395122176
2021-03-31,1011010504,辣椒类,7.221976200703663,45,59.255,4.8589060838747775
2021-03-31,1011010801,食用菌,8.14061159789878,72,45.089,4.692197875313269
2021-04-01,1011010101,花叶类,8.192180610897887,100,162.291,4.838825689656235
2021-04-01,1011010201,花菜类,7.165250712250712,5,39.108999999999995,6.244437086092716
2021-04-01,1011010402,水生根茎类,7.301411493681155,19,20.743,6.785310707226535
2021-04-01,1011010501,茄类,6.54042934169279,10,20.604,6.338467287905261
2021-04-01,1011010504,辣椒类,7.237087311814775,45,52.994,4.915942748235648
2021-04-01,1011010801,食用菌,8.139778264565447,72,48.978,5.806107231818368
2021-04-02,1011010101,花叶类,8.108680610897888,100,179.383,4.984301856920666
2021-04-02,1011010201,花菜类,7.207250712250712,5,69.53,6.049005033798361
2021-04-02,1011010402,水生根茎类,7.302464125260102,19,37.763999999999996,7.253113017688805
2021-04-02,1011010501,茄类,6.494429341692791,10,20.665,6.07938059520929
2021-04-02,1011010504,辣椒类,7.234865089592553,45,70.727,5.216782416898779
2021-04-02,1011010801,食用菌,8.141306042343224,72,72.574,5.269636508942597
2021-04-03,1011010101,花叶类,7.937280610897887,100,212.267,4.860168467072131
2021-04-03,1011010201,花菜类,7.023250712250713,5,68.593,6.0894073739302845
2021-04-03,1011010402,水生根茎类,7.322464125260102,19,38.786,7.313375960398083
2021-04-03,1011010501,茄类,6.497429341692791,10,32.709999999999994,6.143863650259861
2021-04-03,1011010504,辣椒类,7.297976200703664,45,100.323,5.531060574344867
2021-04-03,1011010801,食用菌,8.137417153454335,72,75.739,5.987645202603678
2021-04-04,1011010101,花叶类,7.827480610897888,100,192.021,4.022670593320522
2021-04-04,1011010201,花菜类,6.953250712250712,5,71.456,5.709217280564263
2021-04-04,1011010402,水生根茎类,7.304043072628524,19,33.95,7.303845360824742
2021-04-04,1011010501,茄类,6.313429341692791,10,22.976,5.788337395543175
2021-04-04,1011010504,辣椒类,7.24264286737033,45,88.244,4.828380513122705
2021-04-04,1011010801,食用菌,8.151583820121001,72,61.709,5.315580547407995
2021-04-05,1011010101,花叶类,7.841980610897888,100,178.469,4.174398915217769
2021-04-05,1011010201,花菜类,6.965250712250712,5,76.701,6.20125317792467
2021-04-05,1011010402,水生根茎类,7.3093062305232595,19,24.241,7.2152551462398415
2021-04-05,1011010501,茄类,6.31742934169279,10,16.492,5.893917050691244
2021-04-05,1011010504,辣椒类,7.284642867370331,45,112.577,4.716223296055144
2021-04-05,1011010801,食用菌,8.156722709009891,72,68.049,5.0351008831871145
2021-04-06,1011010101,花叶类,7.852680610897888,100,55.611000000000004,3.9086795777813736
2021-04-06,1011010201,花菜类,6.979250712250712,5,13.129999999999999,5.749632901751714
2021-04-06,1011010402,水生根茎类,7.328779914733786,19,3.622,7.219133075648813
2021-04-06,1011010501,茄类,6.24442934169279,10,3.138,5.379267049075845
2021-04-06,1011010504,辣椒类,7.2759762007036635,45,35.074999999999996,4.846540270848183
2021-04-06,1011010801,食用菌,8.162556042343224,72,11.671,6.672732413674921
2021-04-07,1011010101,花叶类,7.837480610897888,100,198.107,4.150732583906676
2021-04-07,1011010201,花菜类,6.987250712250713,5,26.939,6.050124355024314
2021-04-07,1011010402,水生根茎类,7.322990441049576,19,17.735,7.223055539892867
2021-04-07,1011010501,茄类,6.23342934169279,10,16.213,5.350923333127737
2021-04-07,1011010504,辣椒类,7.241087311814774,45,62.9,5.041555007949126
2021-04-07,1011010801,食用菌,8.168667153454335,72,47.805,5.303185231670327
2021-04-08,1011010101,花叶类,7.859080610897888,100,136.899,3.8318148415985505
2021-04-08,1011010201,花菜类,6.987250712250713,5,22.294,6.182567506952543
2021-04-08,1011010402,水生根茎类,7.305095704207472,19,9.582,7.193027551659362
2021-04-08,1011010501,茄类,6.30842934169279,10,20.319000000000003,5.51301048279935
2021-04-08,1011010504,辣椒类,7.251087311814774,45,52.596000000000004,5.2957614647501705
2021-04-08,1011010801,食用菌,8.119500486787668,72,35.491,5.238802231551661
2021-04-09,1011010101,花叶类,7.868480610897888,100,145.026,4.468325265814405
2021-04-09,1011010201,花菜类,6.995250712250713,5,51.978,6.304294509215437
2021-04-09,1011010402,水生根茎类,7.267200967365366,19,29.704,7.269031106921627
2021-04-09,1011010501,茄类,6.30642934169279,10,17.451,5.383114434702882
2021-04-09,1011010504,辣椒类,7.213309534036997,45,54.274,4.899562405571729
2021-04-09,1011010801,食用菌,8.122139375676557,72,31.401,6.437366007451992
2021-04-10,1011010101,花叶类,7.881280610897888,100,204.156,3.999217999960814
2021-04-10,1011010201,花菜类,6.9032507122507125,5,50.186,5.757307615669709
2021-04-10,1011010402,水生根茎类,7.276148335786418,19,22.753,7.246896672966202
2021-04-10,1011010501,茄类,6.35642934169279,10,25.525,6.340186483839373
2021-04-10,1011010504,辣椒类,7.289976200703663,45,84.84,4.769648161244696
2021-04-10,1011010801,食用菌,8.116583820121,72,60.287,5.591357672466701
2021-04-11,1011010101,花叶类,7.884880610897889,100,211.619,4.232625992940142
2021-04-11,1011010201,花菜类,6.843250712250712,5,47.112,5.396400492443539
2021-04-11,1011010402,水生根茎类,7.280358862102208,19,22.196,7.278991710218057
2021-04-11,1011010501,茄类,6.25542934169279,10,24.901999999999997,6.302040398361577
2021-04-11,1011010504,辣椒类,7.2901984229258865,45,94.32600000000001,4.662223035006255
2021-04-11,1011010801,食用菌,8.10936159789878,72,52.29,5.335034232166763
2021-04-12,1011010101,花叶类,7.885980610897889,100,148.371,4.109792547061082
2021-04-12,1011010201,花菜类,6.785250712250712,5,32.027,5.371001654853717
2021-04-12,1011010402,水生根茎类,7.280358862102208,19,4.178,7.121273336524653
2021-04-12,1011010501,茄类,6.36042934169279,10,10.203,6.613157894736843
2021-04-12,1011010504,辣椒类,7.24664286737033,45,38.756,5.042441428423986
2021-04-12,1011010801,食用菌,8.143806042343224,72,43.328,4.285444977843427
2021-04-13,1011010101,花叶类,7.848680610897889,100,127.20700000000001,3.9744178386409548
2021-04-13,1011010201,花菜类,6.4272507122507125,5,28.593,4.676821249956284
2021-04-13,1011010402,水生根茎类,7.33772728315484,19,5.553,7.385171979110392
2021-04-13,1011010501,茄类,6.38642934169279,10,13.4,6.043573134328358
2021-04-13,1011010504,辣椒类,6.827976200703664,45,51.480000000000004,4.545391608391608
2021-04-13,1011010801,食用菌,8.155889375676558,72,40.041,4.124984141255213
2021-04-14,1011010101,花叶类,7.869280610897888,100,151.82999999999998,3.4484402292037153
2021-04-14,1011010201,花菜类,6.357250712250712,5,30.12,4.63456673306773
2021-04-14,1011010402,水生根茎类,7.311411493681156,19,19.197,7.372888993071834
2021-04-14,1011010501,茄类,6.348429341692791,10,18.975,6.325419235836627
2021-04-14,1011010504,辣椒类,6.782420645148108,45,47.052,5.170694338179036
2021-04-14,1011010801,食用菌,8.137278264565445,72,41.387,4.931952062241766
2021-04-15,1011010101,花叶类,7.839780610897889,100,130.081,3.5173774033102454
2021-04-15,1011010201,花菜类,6.3312507122507125,5,27.05,4.254251386321626
2021-04-15,1011010402,水生根茎类,7.294043072628523,19,17.098,7.285602994502281
2021-04-15,1011010501,茄类,6.16142934169279,10,12.151,5.813038433050778
2021-04-15,1011010504,辣椒类,6.759309534036997,45,44.413,5.377638304100151
2021-04-15,1011010801,食用菌,8.137000486787668,72,40.15,6.228922540473225
2021-04-16,1011010101,花叶类,7.8281806108978875,100,130.808,3.333314017491285
2021-04-16,1011010201,花菜类,6.289250712250712,5,40.232,3.4574992543249152
2021-04-16,1011010402,水生根茎类,7.217200967365365,19,19.018,7.177500262908823
2021-04-16,1011010501,茄类,5.93042934169279,10,15.371,5.538341682388914
2021-04-16,1011010504,辣椒类,6.715087311814775,45,62.197,5.16554335418107
2021-04-16,1011010801,食用菌,8.132139375676557,72,47.162,5.098882150884187
2021-04-17,1011010101,花叶类,7.800480610897888,100,194.95100000000002,3.6165849880226313
2021-04-17,1011010201,花菜类,6.291250712250712,5,77.636,3.9476011128857746
2021-04-17,1011010402,水生根茎类,7.229832546312734,19,35.302,7.253211716050083
2021-04-17,1011010501,茄类,5.86242934169279,10,20.407,5.15377664526878
2021-04-17,1011010504,辣椒类,6.628865089592552,45,72.26599999999999,5.05761519940221
2021-04-17,1011010801,食用菌,8.131444931232114,72,70.81700000000001,5.277515709504779
2021-04-18,1011010101,花叶类,7.790413944231221,100,194.451,3.620093648271287
2021-04-18,1011010201,花菜类,6.261250712250712,5,48.315,3.96605029493946
2021-04-18,1011010402,水生根茎类,7.235622019996946,19,22.237000000000002,7.2654584701173714
2021-04-18,1011010501,茄类,5.88342934169279,10,28.972,5.025321344746652
2021-04-18,1011010504,辣椒类,6.620198422925886,45,118.06299999999999,4.5908960470257405
2021-04-18,1011010801,食用菌,8.116167153454334,72,56.607,4.942457823237409
2021-04-19,1011010101,花叶类,7.742113944231221,100,134.781,3.6006816242645474
2021-04-19,1011010201,花菜类,6.243250712250712,5,25.092,3.58636537541846
2021-04-19,1011010402,水生根茎类,7.240358862102207,19,12.658000000000001,7.218661715910885
2021-04-19,1011010501,茄类,5.93642934169279,10,17.311,5.109930102247126
2021-04-19,1011010504,辣椒类,6.57064286737033,45,59.01500000000001,4.62601372532407
2021-04-19,1011010801,食用菌,8.111167153454335,72,36.293,6.222153583335629
2021-04-20,1011010101,花叶类,7.717113944231221,100,150.715,3.728947815413197
2021-04-20,1011010201,花菜类,6.187250712250712,5,30.338,4.058661085107786
2021-04-20,1011010402,水生根茎类,7.240358862102207,19,12.167000000000002,7.138185255198488
2021-04-20,1011010501,茄类,5.90242934169279,10,16.234,4.94513428606628
2021-04-20,1011010504,辣椒类,6.588198422925886,45,64.062,4.622087352876901
2021-04-20,1011010801,食用菌,8.11200048678767,72,37.650999999999996,6.103377599532549
2021-04-21,1011010101,花叶类,7.701713944231221,100,182.939,2.9662277043167395
2021-04-21,1011010201,花菜类,6.103250712250712,5,49.748000000000005,3.1710814505105724
2021-04-21,1011010402,水生根茎类,7.247727283154839,19,13.078000000000001,7.1141887138706235
2021-04-21,1011010501,茄类,5.84342934169279,10,26.622,4.79400871459695
2021-04-21,1011010504,辣椒类,6.521531756259219,45,50.684,4.588416857390893
2021-04-21,1011010801,食用菌,8.108389375676557,72,31.173000000000002,6.116767715651364
2021-04-22,1011010101,花叶类,7.697013944231221,100,150.806,3.349876729042611
2021-04-22,1011010201,花菜类,6.047250712250713,5,34.614999999999995,2.915842264914055
2021-04-22,1011010402,水生根茎类,7.252990441049576,19,11.64,7.083541237113401
2021-04-22,1011010501,茄类,5.76342934169279,10,15.227,4.431991856570566
2021-04-22,1011010504,辣椒类,6.546865089592552,45,47.905,4.58705145600668
2021-04-22,1011010801,食用菌,8.085194931232113,72,40.04,3.9448738761238764
2021-04-23,1011010101,花叶类,7.693813944231222,100,171.226,3.2238643079906084
2021-04-23,1011010201,花菜类,6.011250712250712,5,47.035000000000004,3.715530562347188
2021-04-23,1011010402,水生根茎类,7.254043072628524,19,10.413,7.080629981753576
2021-04-23,1011010501,茄类,5.84342934169279,10,27.427,4.502562438473038
2021-04-23,1011010504,辣椒类,6.628865089592553,45,53.397,4.914583403561998
2021-04-23,1011010801,食用菌,8.075750486787669,72,49.109,5.538578468305198
2021-04-24,1011010101,花叶类,7.631565985047548,100,264.803,3.207838808472714
2021-04-24,1011010201,花菜类,5.611250712250713,5,107.309,2.6893055568498445
2021-04-24,1011010402,水生根茎类,7.001411493681155,19,17.178,7.076341832576552
2021-04-24,1011010501,茄类,5.81842934169279,10,37.796,4.6428354852365326
2021-04-24,1011010504,辣椒类,6.49664286737033,45,102.501,5.113481331889444
2021-04-24,1011010801,食用菌,8.075333820121001,72,78.6,5.60790737913486
2021-04-25,1011010101,花叶类,7.685965985047548,100,221.785,3.2295958698739766
2021-04-25,1011010201,花菜类,5.489250712250713,5,94.264,2.3148364168717643
2021-04-25,1011010402,水生根茎类,7.001411493681155,19,11.454,7.139732844421164
2021-04-25,1011010501,茄类,5.749429341692791,10,24.708,4.538642140197507
2021-04-25,1011010504,辣椒类,6.525087311814775,45,71.047,5.096296395343927
2021-04-25,1011010801,食用菌,8.074639375676558,72,37.692,4.731049028971665
2021-04-26,1011010101,花叶类,7.677765985047548,100,151.258,3.2239544354678755
2021-04-26,1011010201,花菜类,5.521250712250712,5,43.118,2.3820316341203207
2021-04-26,1011010402,水生根茎类,6.987200967365366,19,11.870999999999999,6.919619240165108
2021-04-26,1011010501,茄类,5.71642934169279,10,12.618,4.606172135045173
2021-04-26,1011010504,辣椒类,6.576642867370331,45,60.716,4.927143586534028
2021-04-26,1011010801,食用菌,8.082278264565447,72,37.392,4.791960312366282
2021-04-27,1011010101,花叶类,7.6819659850475475,100,135.216,2.9215308839190626
2021-04-27,1011010201,花菜类,5.583250712250712,5,26.490000000000002,2.700869762174405
2021-04-27,1011010402,水生根茎类,7.041411493681156,19,9.127,7.181244658704942
2021-04-27,1011010501,茄类,5.84842934169279,10,31.042,4.692677018233361
2021-04-27,1011010504,辣椒类,6.599309534036997,45,50.15,5.0180213359920245
2021-04-27,1011010801,食用菌,8.081306042343224,72,26.080000000000002,5.706149923312884
2021-04-28,1011010101,花叶类,7.769565985047548,100,125.78500000000001,3.1617043367651148
2021-04-28,1011010201,花菜类,5.667250712250712,5,29.405,2.5608005441251485
2021-04-28,1011010402,水生根茎类,7.051411493681155,19,7.359,7.134508764777823
2021-04-28,1011010501,茄类,5.9694293416927895,10,27.487,5.123532215229018
2021-04-28,1011010504,辣椒类,6.593753978481441,45,47.189,5.158359363410964
2021-04-28,1011010801,食用菌,8.072417153454335,72,33.609,6.078023148561397
2021-04-29,1011010101,花叶类,7.775365985047548,100,134.898,2.964850331361473
2021-04-29,1011010201,花菜类,5.845250712250712,5,33.858000000000004,2.9558966861598437
2021-04-29,1011010402,水生根茎类,7.048779914733787,19,8.818,7.097754592878204
2021-04-29,1011010501,茄类,5.99242934169279,10,15.705,5.259852276345113
2021-04-29,1011010504,辣椒类,6.594420645148109,45,54.543,5.1216005720257405
2021-04-29,1011010801,食用菌,8.072278264565448,72,32.548,5.642771906107901
2021-04-30,1011010101,花叶类,7.780065985047548,100,138.58499999999998,3.2413779269040663
2021-04-30,1011010201,花菜类,5.983250712250713,5,38.125,3.476321573770492
2021-04-30,1011010402,水生根茎类,7.000885177891682,19,14.856000000000002,7.021171243941842
2021-04-30,1011010501,茄类,6.00542934169279,10,26.786,5.002825729858881
2021-04-30,1011010504,辣椒类,6.5899762007036635,45,52.865,5.599075948169867
2021-04-30,1011010801,食用菌,8.06922270900989,72,34.271,5.001091885267428
2021-05-01,1011010101,花叶类,7.756965985047548,100,171.826,3.3759016679664313
2021-05-01,1011010201,花菜类,5.771250712250712,5,57.443,2.983359330118552
2021-05-01,1011010402,水生根茎类,7.000885177891682,19,18.075,7.112231811894883
2021-05-01,1011010501,茄类,5.94342934169279,10,19.976,5.005392971565879
2021-05-01,1011010504,辣椒类,6.589087311814775,45,77.396,5.59562987751305
2021-05-01,1011010801,食用菌,8.076722709009891,72,50.81,5.829732336154301
2021-05-02,1011010101,花叶类,7.782665985047548,100,198.544,3.5103416371182203
2021-05-02,1011010201,花菜类,5.633250712250712,5,36.466,2.9128610212252513
2021-05-02,1011010402,水生根茎类,7.000358862102209,19,17.439,7.053383794942371
2021-05-02,1011010501,茄类,5.9644293416927905,10,22.784,5.418564782303371
2021-05-02,1011010504,辣椒类,6.591753978481441,45,80.42,5.562425640387963
2021-05-02,1011010801,食用菌,8.084778264565447,72,47.435,5.973295246126278
2021-05-03,1011010101,花叶类,7.805165985047548,100,226.26500000000001,3.2273681744856693
2021-05-03,1011010201,花菜类,5.633250712250712,5,37.613,2.8670156594794354
2021-05-03,1011010402,水生根茎类,6.999832546312734,19,18.743000000000002,7.123576268473562
2021-05-03,1011010501,茄类,5.94442934169279,10,25.174999999999997,5.1770184707050655
2021-05-03,1011010504,辣椒类,6.549531756259219,45,83.419,5.682550617964732
2021-05-03,1011010801,食用菌,8.092000486787668,72,54.995000000000005,4.507713064824074
2021-05-04,1011010101,花叶类,7.762665985047549,100,200.985,3.511527278155086
2021-05-04,1011010201,花菜类,5.731250712250712,5,37.838,2.724207939108832
2021-05-04,1011010402,水生根茎类,7.071411493681156,19,8.799,7.203897033753836
2021-05-04,1011010501,茄类,5.71142934169279,10,18.032,4.430329414374446
2021-05-04,1011010504,辣椒类,6.678198422925886,45,43.846000000000004,6.7883052045796655
2021-05-04,1011010801,食用菌,8.084083820121002,72,42.643,5.961294233520156
2021-05-05,1011010101,花叶类,7.700765985047548,100,203.532,3.2457739814869404
2021-05-05,1011010201,花菜类,5.899250712250712,5,34.156,3.1824780419252847
2021-05-05,1011010402,水生根茎类,7.051411493681155,19,15.352,7.1369626107347575
2021-05-05,1011010501,茄类,5.72742934169279,10,17.339000000000002,4.295123709556491
2021-05-05,1011010504,辣椒类,6.857087311814775,45,72.08,6.85287167036626
2021-05-05,1011010801,食用菌,8.077556042343225,72,60.989,7.491814589516142
2021-05-06,1011010101,花叶类,7.707065985047548,100,151.84,3.658514423076923
2021-05-06,1011010201,花菜类,6.117250712250712,5,21.199,4.1243553941223645
2021-05-06,1011010402,水生根茎类,7.042464125260103,19,5.992,7.095600801068091
2021-05-06,1011010501,茄类,5.86242934169279,10,22.682,4.892237897892603
2021-05-06,1011010504,辣椒类,6.871976200703663,45,73.006,6.549378818179326
2021-05-06,1011010801,食用菌,8.075056042343224,72,30.192,6.473228007419184
2021-05-07,1011010101,花叶类,7.713765985047548,100,147.508,3.02293712883369
2021-05-07,1011010201,花菜类,6.131250712250712,5,26.046,3.7711364508945713
2021-05-07,1011010402,水生根茎类,7.044043072628523,19,6.436,7.0449145431945315
2021-05-07,1011010501,茄类,5.87842934169279,10,20.724,5.148480023161551
2021-05-07,1011010504,辣椒类,6.82864286737033,45,73.96199999999999,6.00888469754739
2021-05-07,1011010801,食用菌,8.082000486787669,72,33.543,4.915383537548818
2021-05-08,1011010101,花叶类,7.7093659850475476,100,160.786,3.3140749816526314
2021-05-08,1011010201,花菜类,6.023250712250713,5,28.122,3.4675371595192375
2021-05-08,1011010402,水生根茎类,7.059832546312735,19,11.456999999999999,7.156932006633499
2021-05-08,1011010501,茄类,5.85342934169279,10,22.625,5.694132154696133
2021-05-08,1011010504,辣椒类,6.791753978481442,45,69.52900000000001,6.2012791784722925
2021-05-08,1011010801,食用菌,8.09936159789878,72,33.331,6.012563979478562
2021-05-09,1011010101,花叶类,7.705265985047548,100,216.668,3.178046181254269
2021-05-09,1011010201,花菜类,5.985250712250712,5,37.443,3.44151723953743
2021-05-09,1011010402,水生根茎类,7.056148335786418,19,21.145,9.749217309056515
2021-05-09,1011010501,茄类,5.85342934169279,10,30.75,5.129437073170733
2021-05-09,1011010504,辣椒类,6.744865089592553,45,95.075,5.449014462266632
2021-05-09,1011010801,食用菌,8.092694931232112,72,44.849000000000004,6.377416441838168
2021-05-10,1011010101,花叶类,7.678665985047548,100,157.721,2.908298451062319
2021-05-10,1011010201,花菜类,5.9612507122507115,5,30.866,3.2903424480010366
2021-05-10,1011010402,水生根茎类,7.058253598944313,19,8.06,10.06083622828784
2021-05-10,1011010501,茄类,5.68142934169279,10,24.956,4.982184644975156
2021-05-10,1011010504,辣椒类,6.746865089592552,45,60.824999999999996,4.905230908343609
2021-05-10,1011010801,食用菌,8.092278264565445,72,26.427,5.860402240133197
2021-05-11,1011010101,花叶类,7.649165985047548,100,190.06,2.5650352520256763
2021-05-11,1011010201,花菜类,5.953250712250712,5,27.768,3.320361927398444
2021-05-11,1011010402,水生根茎类,7.060885177891681,19,8.963000000000001,9.77727546580386
2021-05-11,1011010501,茄类,5.55042934169279,10,26.533,4.506499453510723
2021-05-11,1011010504,辣椒类,6.6570873118147755,45,46.524,4.818707763734847
2021-05-11,1011010801,食用菌,8.092417153454335,72,29.889,5.9158101642744825
2021-05-12,1011010101,花叶类,7.622265985047547,100,182.519,2.619657624685649
2021-05-12,1011010201,花菜类,5.957250712250712,5,19.252,3.414006337003948
2021-05-12,1011010402,水生根茎类,6.4214114936811555,19,6.0809999999999995,8.390383160664365
2021-05-12,1011010501,茄类,5.42942934169279,10,19.247,3.900017665090663
2021-05-12,1011010504,辣椒类,6.629309534036997,45,42.616,4.98497864651774
2021-05-12,1011010801,食用菌,8.090611597898778,72,31.02,4.800033526756931
2021-05-13,1011010101,花叶类,7.617565985047548,100,157.293,3.043135676730687
2021-05-13,1011010201,花菜类,5.973250712250712,5,24.095,3.569924465656775
2021-05-13,1011010402,水生根茎类,6.358253598944313,19,14.949000000000002,8.230083617633285
2021-05-13,1011010501,茄类,5.41842934169279,10,20.687,3.710439406390486
2021-05-13,1011010504,辣椒类,6.3304206451481075,45,47.949,5.527536340695321
2021-05-13,1011010801,食用菌,8.087139375676557,72,29.537,6.252037444561059
2021-05-14,1011010101,花叶类,7.607265985047548,100,191.116,2.8078677347788776
2021-05-14,1011010201,花菜类,6.165250712250712,5,40.997,3.7977517867161015
2021-05-14,1011010402,水生根茎类,6.321411493681156,19,11.411999999999999,7.4681650893796006
2021-05-14,1011010501,茄类,5.37542934169279,10,32.193,3.312154505637872
2021-05-14,1011010504,辣椒类,6.34753175625922,45,51.909,4.680673871582963
2021-05-14,1011010801,食用菌,8.087694931232114,72,29.278,7.051104925199809
2021-05-15,1011010101,花叶类,7.594065985047548,100,258.278,2.6441262128404275
2021-05-15,1011010201,花菜类,6.219250712250712,5,37.346999999999994,4.238528395855089
2021-05-15,1011010402,水生根茎类,6.318253598944313,19,12.399000000000001,6.7869924993951125
2021-05-15,1011010501,茄类,5.35542934169279,10,40.776,3.6310307533843433
2021-05-15,1011010504,辣椒类,6.239976200703663,45,86.637,4.466323164467837
2021-05-15,1011010801,食用菌,8.084917153454334,72,49.932,5.971580749819754
2021-05-16,1011010101,花叶类,7.584265985047548,100,212.588,2.7678079665832502
2021-05-16,1011010201,花菜类,6.357250712250712,5,52.382000000000005,4.557864915428963
2021-05-16,1011010402,水生根茎类,6.31772728315484,19,6.386,6.725576260569997
2021-05-16,1011010501,茄类,5.36042934169279,10,19.009,3.4088284496817294
2021-05-16,1011010504,辣椒类,6.220865089592553,45,153.409,3.418523554680625
2021-05-16,1011010801,食用菌,8.084500486787668,72,51.103,5.8683024479971815
2021-05-17,1011010101,花叶类,7.590965985047547,100,176.65800000000002,2.4594779177846458
2021-05-17,1011010201,花菜类,6.237250712250712,5,27.587000000000003,3.8516094537282055
2021-05-17,1011010402,水生根茎类,6.312464125260103,19,5.011,6.6119197764917175
2021-05-17,1011010501,茄类,5.3124293416927895,10,29.921,3.6418953243541328
2021-05-17,1011010504,辣椒类,6.198198422925885,45,76.099,2.851849695791009
2021-05-17,1011010801,食用菌,8.081444931232113,72,25.733,6.603272840321767
2021-05-18,1011010101,花叶类,7.581565985047548,100,173.271,2.587948589204195
2021-05-18,1011010201,花菜类,6.157250712250712,5,31.098,4.149348832722362
2021-05-18,1011010402,水生根茎类,6.315622019996944,19,12.309000000000001,8.615581281988788
2021-05-18,1011010501,茄类,5.35342934169279,10,23.783,3.0535449690955723
2021-05-18,1011010504,辣椒类,6.183309534036997,45,84.864,3.2716825744720968
2021-05-18,1011010801,食用菌,8.083389375676557,72,29.45,6.601005432937182
2021-05-19,1011010101,花叶类,7.577965985047548,100,140.823,2.506436377580367
2021-05-19,1011010201,花菜类,6.1452507122507125,5,33.900999999999996,4.090848647532522
2021-05-19,1011010402,水生根茎类,6.30930623052326,19,12.199,6.040999262234609
2021-05-19,1011010501,茄类,5.345429341692791,10,20.578,3.6226951112838957
2021-05-19,1011010504,辣椒类,6.14464286737033,45,76.853,3.252814333858145
2021-05-19,1011010801,食用菌,8.082417153454337,72,28.798000000000002,6.4489905548996465
2021-05-20,1011010101,花叶类,7.570765985047547,100,148.851,2.489963722111373
2021-05-20,1011010201,花菜类,6.147250712250712,5,17.189,3.703188085403456
2021-05-20,1011010402,水生根茎类,6.299832546312734,19,9.406,5.316432064639591
2021-05-20,1011010501,茄类,5.31842934169279,10,22.177,3.366922487261577
2021-05-20,1011010504,辣椒类,6.121309534036997,45,61.568,3.3568512863825366
2021-05-20,1011010801,食用菌,8.081306042343224,72,35.447,5.889025305385505
2021-05-21,1011010101,花叶类,7.575165985047549,100,106.47200000000001,2.513843921406567
2021-05-21,1011010201,花菜类,6.2432507122507115,5,33.979,4.398737455487213
2021-05-21,1011010402,水生根茎类,6.299832546312734,19,4.178,6.557285782671135
2021-05-21,1011010501,茄类,5.33042934169279,10,21.886,3.2911326875628255
2021-05-21,1011010504,辣椒类,6.13664286737033,45,36.494,4.63485394859429
2021-05-21,1011010801,食用菌,8.081167153454336,72,43.516,6.516607914330361
2021-05-22,1011010101,花叶类,7.589965985047547,100,190.363,2.9042796131601207
2021-05-22,1011010201,花菜类,6.301250712250712,5,34.961999999999996,4.93801613180024
2021-05-22,1011010402,水生根茎类,6.30351675683905,19,9.18,6.9440697167756
2021-05-22,1011010501,茄类,5.36742934169279,10,25.845,3.5804979686593152
2021-05-22,1011010504,辣椒类,6.174198422925886,45,98.93599999999999,3.672704475620603
2021-05-22,1011010801,食用菌,8.079778264565446,72,45.209,5.975999469132251
2021-05-23,1011010101,花叶类,7.606965985047548,100,217.25900000000001,2.835893979075665
2021-05-23,1011010201,花菜类,6.345250712250712,5,64.231,4.741829023368779
2021-05-23,1011010402,水生根茎类,7.820358862102208,19,17.229,15.653737303383833
2021-05-23,1011010501,茄类,5.48242934169279,10,42.331,3.9533670359783613
2021-05-23,1011010504,辣椒类,6.157753978481441,45,137.485,3.4618251445612245
2021-05-23,1011010801,食用菌,8.079083820121003,72,62.384,4.908203064888434
2021-05-24,1011010101,花叶类,7.616265985047549,100,148.83100000000002,3.260085802017053
2021-05-24,1011010201,花菜类,6.505250712250712,5,40.924,4.576762291076141
2021-05-24,1011010402,水生根茎类,7.830358862102208,19,4.28,6.619908878504673
2021-05-24,1011010501,茄类,5.51542934169279,10,17.043,4.0765569441999645
2021-05-24,1011010504,辣椒类,6.020865089592553,45,54.77199999999999,3.700673884466516
2021-05-24,1011010801,食用菌,8.080333820121002,72,29.627000000000002,6.738785229689134
2021-05-25,1011010101,花叶类,7.633765985047549,100,130.32500000000002,3.1797675043161324
2021-05-25,1011010201,花菜类,6.459250712250713,5,29.554000000000002,4.62809027542803
2021-05-25,1011010402,水生根茎类,7.82772728315484,19,5.412,6.66390613451589
2021-05-25,1011010501,茄类,5.42042934169279,10,17.94,4.073353957636565
2021-05-25,1011010504,辣椒类,5.989531756259219,45,57.519,3.9721526799840055
2021-05-25,1011010801,食用菌,8.085750486787667,72,35.047,5.898229805689503
2021-05-26,1011010101,花叶类,7.648565985047547,100,166.467,3.2229049601422504
2021-05-26,1011010201,花菜类,6.463250712250712,5,46.547,4.495711431456378
2021-05-26,1011010402,水生根茎类,7.816674651575892,19,4.008,6.0318213572854305
2021-05-26,1011010501,茄类,5.36442934169279,10,15.809999999999999,3.6301998734977863
2021-05-26,1011010504,辣椒类,5.973309534036996,45,65.416,3.6599732481350133
2021-05-26,1011010801,食用菌,8.084917153454334,72,31.969,4.416090274953861
2021-05-27,1011010101,花叶类,7.665165985047548,100,145.237,2.9094893174604266
2021-05-27,1011010201,花菜类,6.441250712250712,5,43.952,4.65184064433928
2021-05-27,1011010402,水生根茎类,7.820358862102208,19,8.319,6.734847938454141
2021-05-27,1011010501,茄类,5.36542934169279,10,15.645,3.9253652924256954
2021-05-27,1011010504,辣椒类,5.957976200703663,45,37.078,3.9653117751766547
2021-05-27,1011010801,食用菌,8.084083820121002,72,19.574,4.561420762235619
2021-05-28,1011010101,花叶类,7.667665985047548,100,123.824,3.0493073232975836
2021-05-28,1011010201,花菜类,6.495250712250713,5,42.189,4.788188153310105
2021-05-28,1011010402,水生根茎类,7.8266746515758925,19,6.205,6.192006446414183
2021-05-28,1011010501,茄类,5.36742934169279,10,16.472,3.778995871782419
2021-05-28,1011010504,辣椒类,6.001087311814774,45,67.01,3.4462823459185192
2021-05-28,1011010801,食用菌,8.08325048678767,72,28.172,6.259866534147381
2021-05-29,1011010101,花叶类,7.6712659850475475,100,180.875,3.229237705597789
2021-05-29,1011010201,花菜类,6.569250712250712,5,52.779,5.092140624111863
2021-05-29,1011010402,水生根茎类,7.8219378094706284,19,9.57,6.449350052246603
2021-05-29,1011010501,茄类,5.40242934169279,10,18.291,4.1017992455305885
2021-05-29,1011010504,辣椒类,5.961087311814775,45,116.845,3.3092724549617016
2021-05-29,1011010801,食用菌,8.073944931232113,72,35.882,5.512370269215763
2021-05-30,1011010101,花叶类,7.678965985047548,100,196.236,3.1856873866161153
2021-05-30,1011010201,花菜类,6.609250712250713,5,21.296,4.6823225018782875
2021-05-30,1011010402,水生根茎类,7.827200967365365,19,4.719,6.280216147488876
2021-05-30,1011010501,茄类,5.39242934169279,10,27.038,3.835924624602411
2021-05-30,1011010504,辣椒类,5.934865089592553,45,106.61500000000001,3.166624771373634
2021-05-30,1011010801,食用菌,8.087556042343225,72,33.492,7.482360862295474
2021-05-31,1011010101,花叶类,7.6880659850475475,100,191.98,3.4385704240025006
2021-05-31,1011010201,花菜类,6.549250712250712,5,39.165,5.017547555215115
2021-05-31,1011010402,水生根茎类,7.830885177891682,19,5.404,5.6735751295336785
2021-05-31,1011010501,茄类,5.3444293416927895,10,25.363,3.114258565627095
2021-05-31,1011010504,辣椒类,5.918198422925887,45,60.118,2.796587710835357
2021-05-31,1011010801,食用菌,8.068667153454335,72,34.114,6.7550603857653755
2021-06-01,1011010101,花叶类,7.694765985047548,100,151.091,3.444747006770754
2021-06-01,1011010201,花菜类,6.521250712250712,5,41.593,4.904343519342197
2021-06-01,1011010402,水生根茎类,7.830358862102208,19,7.2170000000000005,5.883501454898156
2021-06-01,1011010501,茄类,5.29642934169279,10,26.938,2.652573316504566
2021-06-01,1011010504,辣椒类,5.90664286737033,45,76.648,2.629881536374074
2021-06-01,1011010801,食用菌,8.062972709009891,72,33.668,7.638183735297613
2021-06-02,1011010101,花叶类,7.673565985047548,100,178.517,3.2995178610440465
2021-06-02,1011010201,花菜类,6.393250712250712,5,43.414,4.1835668217625654
2021-06-02,1011010402,水生根茎类,7.814569388417998,19,8.681000000000001,5.153590600161271
2021-06-02,1011010501,茄类,5.31642934169279,10,27.706,3.111913664910128
2021-06-02,1011010504,辣椒类,5.906420645148108,45,89.38600000000001,2.556226590293782
2021-06-02,1011010801,食用菌,8.05200048678767,72,43.528,6.501379801507076
2021-06-03,1011010101,花叶类,7.639965985047548,100,142.372,2.8888595369876096
2021-06-03,1011010201,花菜类,6.371250712250712,5,36.284,4.5525267335464665
2021-06-03,1011010402,水生根茎类,7.805095704207472,19,11.019,5.541992921317725
2021-06-03,1011010501,茄类,5.36542934169279,10,11.679,3.538082883808545
2021-06-03,1011010504,辣椒类,5.923309534036997,45,75.206,2.740495439193681
2021-06-03,1011010801,食用菌,8.06561159789878,72,48.365,5.951197973741341
2021-06-04,1011010101,花叶类,7.6102659850475485,100,121.093,3.067624883354116
2021-06-04,1011010201,花菜类,6.457250712250712,5,31.416000000000004,4.845430035650624
2021-06-04,1011010402,水生根茎类,7.875622019996945,19,13.461,6.843777579674615
2021-06-04,1011010501,茄类,5.38342934169279,10,16.743,3.446131517649167
2021-06-04,1011010504,辣椒类,5.93464286737033,45,63.703,2.970903254163854
2021-06-04,1011010801,食用菌,8.067417153454336,72,47.048,6.832477469818057
2021-06-05,1011010101,花叶类,7.589165985047548,100,204.287,3.172869100823841
2021-06-05,1011010201,花菜类,6.353250712250712,5,61.486,4.902187489835084
2021-06-05,1011010402,水生根茎类,7.892990441049576,19,19.494999999999997,6.805475763016159
2021-06-05,1011010501,茄类,5.41042934169279,10,36.367000000000004,3.7497074270629964
2021-06-05,1011010504,辣椒类,5.865309534036998,45,91.95,2.9545517128874392
2021-06-05,1011010801,食用菌,8.08561159789878,72,42.32,5.2687989130434785
2021-06-06,1011010101,花叶类,7.5893659850475474,100,222.817,2.7837301462635256
2021-06-06,1011010201,花菜类,6.393250712250713,5,42.143,4.601153453717106
2021-06-06,1011010402,水生根茎类,7.896674651575893,19,7.1819999999999995,7.924239766081873
2021-06-06,1011010501,茄类,5.373429341692789,10,30.644000000000002,3.853403928990993
2021-06-06,1011010504,辣椒类,5.805309534036996,45,88.671,2.8447387533691963
2021-06-06,1011010801,食用菌,8.073528264565446,72,32.745000000000005,6.2926712475187045
2021-06-07,1011010101,花叶类,7.5973659850475475,100,148.539,3.123246689421634
2021-06-07,1011010201,花菜类,6.4272507122507125,5,24.819000000000003,4.792104436117491
2021-06-07,1011010402,水生根茎类,7.904043072628523,19,8.757,6.234676258992806
2021-06-07,1011010501,茄类,5.32242934169279,10,29.868000000000002,2.53970737913486
2021-06-07,1011010504,辣椒类,5.799531756259219,45,68.965,2.8140078300587255
2021-06-07,1011010801,食用菌,8.097556042343223,72,27.872,5.578038174512055
2021-06-08,1011010101,花叶类,7.597565985047549,100,144.482,2.860747013468806
2021-06-08,1011010201,花菜类,6.483250712250713,5,25.106,4.508190870708197
2021-06-08,1011010402,水生根茎类,7.915095704207471,19,7.394,5.826291587773871
2021-06-08,1011010501,茄类,5.28742934169279,10,24.611,3.2359818780220224
2021-06-08,1011010504,辣椒类,5.787976200703664,45,56.101,2.924770503199587
2021-06-08,1011010801,食用菌,8.084639375676558,72,28.108,7.587392913049665
2021-06-09,1011010101,花叶类,7.618065985047548,100,126.35900000000001,3.372001836038588
2021-06-09,1011010201,花菜类,6.563250712250712,5,26.845,4.986679456137083
2021-06-09,1011010402,水生根茎类,7.767727283154839,19,7.943,8.769678962608586
2021-06-09,1011010501,茄类,5.27942934169279,10,19.353,2.792233245491655
2021-06-09,1011010504,辣椒类,5.776865089592553,45,52.093,3.0172641237786264
2021-06-09,1011010801,食用菌,8.139361597898779,72,31.399,7.37903054237396
2021-06-10,1011010101,花叶类,7.605122235047548,100,122.004,3.189900577030261
2021-06-10,1011010201,花菜类,6.5652507122507116,5,13.847,4.366800751065213
2021-06-10,1011010402,水生根茎类,7.716148335786419,19,10.34,10.535633462282398
2021-06-10,1011010501,茄类,5.26142934169279,10,24.961,2.7591046031809623
2021-06-10,1011010504,辣椒类,5.777309534036997,45,57.091,2.8080729011578005
2021-06-10,1011010801,食用菌,8.086583820121001,72,29.393,7.275240363351818
2021-06-11,1011010101,花叶类,7.615222235047549,100,129.982,3.402525965133634
2021-06-11,1011010201,花菜类,6.603250712250713,5,21.048000000000002,4.823500570125427
2021-06-11,1011010402,水生根茎类,7.58351675683905,19,6.744,11.383889383155399
2021-06-11,1011010501,茄类,5.26542934169279,10,16.567,1.7641009235226657
2021-06-11,1011010504,辣椒类,5.7499762007036646,45,74.87299999999999,2.7776164972687085
2021-06-11,1011010801,食用菌,8.084639375676558,72,25.579,8.71996833339849
2021-06-12,1011010101,花叶类,7.619822235047548,100,210.267,3.3381468323607604
2021-06-12,1011010201,花菜类,6.6772507122507125,5,52.462,5.413051542068545
2021-06-12,1011010402,水生根茎类,7.471937809470629,19,22.347,10.356362822750256
2021-06-12,1011010501,茄类,4.16742934169279,10,48.073,3.4062581906683587
2021-06-12,1011010504,辣椒类,5.7230873118147745,45,77.636,3.133494255242413
2021-06-12,1011010801,食用菌,8.058389375676558,72,62.009,8.17937799351707
2021-06-13,1011010101,花叶类,7.625122235047549,100,211.28,3.120826580840591
2021-06-13,1011010201,花菜类,6.795250712250713,5,62.324,6.11168410243245
2021-06-13,1011010402,水生根茎类,7.469306230523261,19,11.431000000000001,11.876954772110924
2021-06-13,1011010501,茄类,4.19442934169279,10,40.009,2.8122794871153993
2021-06-13,1011010504,辣椒类,5.778198422925886,45,88.876,3.0133698636302264
2021-06-13,1011010801,食用菌,8.090611597898778,72,74.602,8.603261172622718
2021-06-14,1011010101,花叶类,7.6267222350475485,100,170.272,3.00593109847773
2021-06-14,1011010201,花菜类,6.601250712250712,5,73.037,5.637588619466845
2021-06-14,1011010402,水生根茎类,7.7466746515758915,19,14.049,13.281524663677128
2021-06-14,1011010501,茄类,4.26142934169279,10,37.545,3.2683862032227995
2021-06-14,1011010504,辣椒类,5.731753978481441,45,69.697,3.1538852461368494
2021-06-14,1011010801,食用菌,8.072417153454335,72,56.049,7.45863012721012
2021-06-15,1011010101,花叶类,7.635122235047548,100,127.71900000000001,2.9911952019668178
2021-06-15,1011010201,花菜类,6.5972507122507125,5,45.326,5.145248863786789
2021-06-15,1011010402,水生根茎类,7.750885177891682,19,9.998000000000001,13.438409681936387
2021-06-15,1011010501,茄类,4.26942934169279,10,20.698,3.415904918349599
2021-06-15,1011010504,辣椒类,5.703309534036997,45,61.187000000000005,3.162957817837122
2021-06-15,1011010801,食用菌,8.077972709009892,72,31.346,5.598266126459516
2021-06-16,1011010101,花叶类,7.622422235047548,100,104.991,3.0965561810059907
2021-06-16,1011010201,花菜类,6.601250712250712,5,12.99,5.268651270207852
2021-06-16,1011010402,水生根茎类,7.750358862102209,19,5.187,8.26026026604974
2021-06-16,1011010501,茄类,4.24142934169279,10,19.793,2.9245202849492244
2021-06-16,1011010504,辣椒类,5.69153175625922,45,46.695,3.0519126244779957
2021-06-16,1011010801,食用菌,8.075333820121001,72,29.826,4.987985985381881
2021-06-17,1011010101,花叶类,7.617422235047547,100,113.507,2.7496896226664433
2021-06-17,1011010201,花菜类,6.5972507122507125,5,48.477,5.718055779029231
2021-06-17,1011010402,水生根茎类,7.7593062305232605,19,9.409,9.541715378892548
2021-06-17,1011010501,茄类,4.19742934169279,10,28.237000000000002,3.185385487126819
2021-06-17,1011010504,辣椒类,5.692420645148108,45,45.845,2.7449892027483913
2021-06-17,1011010801,食用菌,8.083389375676557,72,22.835,6.618296912634113
2021-06-18,1011010101,花叶类,7.608822235047548,100,150.875,3.023277812758907
2021-06-18,1011010201,花菜类,6.711250712250712,5,34.971000000000004,5.1752420577049545
2021-06-18,1011010402,水生根茎类,7.642464125260102,19,7.902000000000001,12.950668185269551
2021-06-18,1011010501,茄类,4.1744293416927905,10,27.339000000000002,3.129303924796079
2021-06-18,1011010504,辣椒类,5.717309534036997,45,46.754000000000005,3.0762976429824183
2021-06-18,1011010801,食用菌,8.089778264565446,72,29.866999999999997,5.933150969297217
2021-06-19,1011010101,花叶类,7.611422235047549,100,203.369,3.210731183218681
2021-06-19,1011010201,花菜类,6.673250712250713,5,44.510999999999996,5.356773831187797
2021-06-19,1011010402,水生根茎类,7.547200967365366,19,10.313,12.720104722195288
2021-06-19,1011010501,茄类,4.17242934169279,10,30.488,2.786346431382839
2021-06-19,1011010504,辣椒类,5.744420645148109,45,87.633,3.140658427761232
2021-06-19,1011010801,食用菌,8.14922270900989,72,39.484,6.401547462263195
2021-06-20,1011010101,花叶类,7.632222235047547,100,202.30700000000002,3.1377078894946786
2021-06-20,1011010201,花菜类,6.735250712250712,5,43.614000000000004,5.307133489246572
2021-06-20,1011010402,水生根茎类,7.542464125260103,19,10.001000000000001,13.399596040395961
2021-06-20,1011010501,茄类,4.12942934169279,10,61.881,3.006832307170213
2021-06-20,1011010504,辣椒类,5.698420645148108,45,85.134,2.8647105739187637
2021-06-20,1011010801,食用菌,8.13811159789878,72,38.578,7.7873282699984445
2021-06-21,1011010101,花叶类,7.635222235047548,100,150.07,3.2455646698207503
2021-06-21,1011010201,花菜类,6.797250712250713,5,54.07,5.476596633992972
2021-06-21,1011010402,水生根茎类,7.525095704207471,19,9.9,10.510383838383838
2021-06-21,1011010501,茄类,4.0944293416927895,10,18.566,2.4785220295163204
2021-06-21,1011010504,辣椒类,5.675087311814774,45,58.693000000000005,2.797985790469051
2021-06-21,1011010801,食用菌,8.125611597898779,72,24.224,8.482362945838839
2021-06-22,1011010101,花叶类,7.606722235047548,100,126.439,3.1453799856057074
2021-06-22,1011010201,花菜类,6.881250712250713,5,26.162,5.592934026450577
2021-06-22,1011010402,水生根茎类,7.492990441049576,19,13.910000000000002,9.201158878504673
2021-06-22,1011010501,茄类,4.09842934169279,10,30.919999999999998,2.7219434023285904
2021-06-22,1011010504,辣椒类,5.627976200703663,45,56.135,3.142938451946201
2021-06-22,1011010801,食用菌,8.136167153454334,72,29.299,6.128101300385678
2021-06-23,1011010101,花叶类,7.683515985047547,100,123.214,3.482327008294512
2021-06-23,1011010201,花菜类,6.989250712250713,5,57.723,5.767248064029936
2021-06-23,1011010402,水生根茎类,7.49509570420747,19,10.931,7.995744213704144
2021-06-23,1011010501,茄类,4.13142934169279,10,24.859,2.5986165976105235
2021-06-23,1011010504,辣椒类,5.61353175625922,45,53.900999999999996,2.8546398026010653
2021-06-23,1011010801,食用菌,8.142417153454335,72,32.793,7.457114628121855
2021-06-24,1011010101,花叶类,7.633815985047549,100,127.946,3.359856580119738
2021-06-24,1011010201,花菜类,7.009250712250713,5,34.885,5.901867564855955
2021-06-24,1011010402,水生根茎类,7.439832546312735,19,6.119,11.639110965844091
2021-06-24,1011010501,茄类,4.08242934169279,10,19.543,2.812131197871361
2021-06-24,1011010504,辣椒类,5.57864286737033,45,41.586,3.0967325542249795
2021-06-24,1011010801,食用菌,8.142833820121002,72,31.747,6.413310549028254
2021-06-25,1011010101,花叶类,7.631415985047548,100,146.582,3.6440327598204414
2021-06-25,1011010201,花菜类,7.017250712250712,5,40.437,5.880848480352153
2021-06-25,1011010402,水生根茎类,6.952990441049576,19,10.916,7.492009893733968
2021-06-25,1011010501,茄类,4.05142934169279,10,12.895999999999999,2.782715570719603
2021-06-25,1011010504,辣椒类,5.5706428673703305,45,35.531,2.924252343024401
2021-06-25,1011010801,食用菌,8.132972709009891,72,32.537,7.441306205243262
2021-06-26,1011010101,花叶类,7.639115985047548,100,197.69,3.612610501289898
2021-06-26,1011010201,花菜类,6.977250712250712,5,71.821,6.123130978404645
2021-06-26,1011010402,水生根茎类,6.817727283154841,19,20.953,8.318489476447287
2021-06-26,1011010501,茄类,4.05442934169279,10,35.449,2.7065101977488792
2021-06-26,1011010504,辣椒类,5.580198422925886,45,82.43900000000001,2.864178483484758
2021-06-26,1011010801,食用菌,8.13422270900989,72,47.402,7.799988819037171
2021-06-27,1011010101,花叶类,7.607715985047548,100,213.547,3.621025722674634
2021-06-27,1011010201,花菜类,6.877250712250712,5,56.542,5.780434897951965
2021-06-27,1011010402,水生根茎类,6.79351675683905,19,19.982,9.441419777800022
2021-06-27,1011010501,茄类,4.11542934169279,10,31.775999999999996,3.9237566087613294
2021-06-27,1011010504,辣椒类,5.391309534036997,45,79.121,2.9678579643836653
2021-06-27,1011010801,食用菌,8.141306042343224,72,49.14,8.238164631664633
2021-06-28,1011010101,花叶类,7.591315985047548,100,125.782,3.7667602677648633
2021-06-28,1011010201,花菜类,6.8472507122507125,5,35.784,5.659859154929578
2021-06-28,1011010402,水生根茎类,6.790885177891681,19,9.933,7.96824725661935
2021-06-28,1011010501,茄类,3.8564293416927904,10,21.088,3.446103471168437
2021-06-28,1011010504,辣椒类,5.395753978481442,45,45.809999999999995,3.1188853962017027
2021-06-28,1011010801,食用菌,8.152417153454335,72,33.153,7.4748906584622805
2021-06-29,1011010101,花叶类,7.593015985047548,100,110.196,3.5155397655087297
2021-06-29,1011010201,花菜类,6.8472507122507125,5,34.383,5.7913096588430335
2021-06-29,1011010402,水生根茎类,6.88930623052326,19,9.52,6.560211134453781
2021-06-29,1011010501,茄类,3.84042934169279,10,19.721,2.961047107144668
2021-06-29,1011010504,辣椒类,5.404420645148108,45,40.321,3.7357297686069293
2021-06-29,1011010801,食用菌,8.153528264565447,72,26.399,7.458840865184287
2021-06-30,1011010101,花叶类,7.582715985047548,100,125.41499999999999,3.6573471275365788
2021-06-30,1011010201,花菜类,6.8472507122507125,5,27.052,5.693826704125389
2021-06-30,1011010402,水生根茎类,6.89930623052326,19,7.4639999999999995,9.548167202572348
2021-06-30,1011010501,茄类,3.8554293416927896,10,27.424999999999997,2.8742898814949864
2021-06-30,1011010504,辣椒类,5.4024206451481085,45,39.114000000000004,3.5502329089328626
2021-06-30,1011010801,食用菌,8.151167153454335,72,41.537,6.709301345788093
2021-07-01,1011010101,花叶类,7.594715985047547,100,148.597,3.81712497560516
2021-07-01,1011010201,花菜类,6.845250712250713,5,33.72,5.702506227758008
2021-07-01,1011010402,水生根茎类,6.898779914733787,19,8.512,8.520711936090226
2021-07-01,1011010501,茄类,3.87442934169279,10,26.278,2.812119263262044
2021-07-01,1011010504,辣椒类,5.419753978481442,45,54.567,3.411797606612055
2021-07-01,1011010801,食用菌,8.107972709009891,72,32.65,6.918796018376724
2021-07-02,1011010101,花叶类,7.594715985047547,100,133.586,3.567055305196652
2021-07-02,1011010201,花菜类,6.689250712250713,5,24.972,5.428862726253404
2021-07-02,1011010402,水生根茎类,6.898253598944312,19,10.79,8.105840593141798
2021-07-02,1011010501,茄类,3.7454293416927897,10,28.564999999999998,2.61060423595309
2021-07-02,1011010504,辣椒类,5.461976200703663,45,51.785,4.299748575842425
2021-07-02,1011010801,食用菌,8.115056042343223,72,34.247,6.705076065056793
2021-07-03,1011010101,花叶类,7.571715985047548,100,197.925,3.5738936971074904
2021-07-03,1011010201,花菜类,6.659250712250713,5,48.497,5.265477452213538
2021-07-03,1011010402,水生根茎类,6.93351675683905,19,29.657,6.9385473918467815
2021-07-03,1011010501,茄类,3.7634293416927904,10,47.285000000000004,3.05614486623665
2021-07-03,1011010504,辣椒类,5.3966128373403,45,73.552,3.9488439471394385
2021-07-03,1011010801,食用菌,8.108806042343225,72,66.849,8.151139732830707
2021-07-04,1011010101,花叶类,7.562115985047548,100,197.322,3.5384661112293614
2021-07-04,1011010201,花菜类,6.517250712250712,5,45.679,5.036517874734561
2021-07-04,1011010402,水生根茎类,6.909832546312735,19,24.214,6.166366564797225
2021-07-04,1011010501,茄类,3.71942934169279,10,39.241,2.917163935679519
2021-07-04,1011010504,辣椒类,5.4332795040069675,45,57.583,4.142365107757498
2021-07-04,1011010801,食用菌,8.108111597898779,72,44.466,7.108036252417578
2021-07-05,1011010101,花叶类,7.5603159850475485,100,176.276,3.606378917152647
2021-07-05,1011010201,花菜类,6.477250712250712,5,66.35499999999999,4.596228769497401
2021-07-05,1011010402,水生根茎类,6.912464125260103,19,14.947000000000001,5.422381748845922
2021-07-05,1011010501,茄类,3.68942934169279,10,49.588,2.506558239896749
2021-07-05,1011010504,辣椒类,5.419946170673634,45,53.877,4.332739944688829
2021-07-05,1011010801,食用菌,8.114865070121002,72,40.491,7.18341779654738
2021-07-06,1011010101,花叶类,7.564015985047548,100,173.864,3.5792889269774073
2021-07-06,1011010201,花菜类,6.477250712250712,5,44.900999999999996,4.972503953141356
2021-07-06,1011010402,水生根茎类,6.914569388417997,19,7.861,6.744644447271339
2021-07-06,1011010501,茄类,3.69442934169279,10,49.005,2.566400163248648
2021-07-06,1011010504,辣椒类,5.408390615118078,45,46.553000000000004,3.8450886086825764
2021-07-06,1011010801,食用菌,8.11264284789878,72,36.365,8.30447105733535
2021-07-07,1011010101,花叶类,7.5581159850475474,100,149.514,3.495295356956539
2021-07-07,1011010201,花菜类,6.487250712250711,5,40.488,4.915346769413159
2021-07-07,1011010402,水生根茎类,6.914569388417997,19,8.404,9.235738933841027
2021-07-07,1011010501,茄类,3.68942934169279,10,31.752000000000002,2.5242649281934995
2021-07-07,1011010504,辣椒类,5.425501726229189,45,38.244,4.140142506014016
2021-07-07,1011010801,食用菌,8.110281736787668,72,26.099,8.22681137208322
2021-07-08,1011010101,花叶类,7.541915985047548,100,143.49099999999999,3.5075054881490826
2021-07-08,1011010201,花菜类,6.509250712250713,5,61.361000000000004,4.553582568732582
2021-07-08,1011010402,水生根茎类,6.908779914733787,19,12.209,7.341215496764682
2021-07-08,1011010501,茄类,3.6954293416927895,10,33.078,2.3002932462664005
2021-07-08,1011010504,辣椒类,5.417946170673633,45,44.995,3.923468163129237
2021-07-08,1011010801,食用菌,8.10500395900989,72,34.071,5.751754571336328
2021-07-09,1011010101,花叶类,7.522515985047549,100,114.96600000000001,3.5967400796757296
2021-07-09,1011010201,花菜类,6.489250712250713,5,28.476,4.79340532378143
2021-07-09,1011010402,水生根茎类,6.908253598944314,19,4.507,8.963388063013092
2021-07-09,1011010501,茄类,3.68942934169279,10,22.81,2.4281459886014907
2021-07-09,1011010504,辣椒类,5.4606128373403005,45,34.612,4.055485380792788
2021-07-09,1011010801,食用菌,8.086809514565447,72,26.496,5.9148958333333335
2021-07-10,1011010101,花叶类,7.507715985047549,100,176.065,3.373647630136597
2021-07-10,1011010201,花菜类,6.455250712250712,5,70.59,4.9467352316192095
2021-07-10,1011010402,水生根茎类,6.910358862102208,19,14.838,9.428505189378622
2021-07-10,1011010501,茄类,3.62542934169279,10,49.929,2.392247591580044
2021-07-10,1011010504,辣椒类,5.505723948451411,45,52.771,4.282827689450645
2021-07-10,1011010801,食用菌,8.083337292343224,72,41.077,5.8150953088102835
2021-07-11,1011010101,花叶类,7.515915985047547,100,212.957,3.5627838953403743
2021-07-11,1011010201,花菜类,6.6452507122507125,5,75.634,4.89406668958405
2021-07-11,1011010402,水生根茎类,6.912464125260103,19,14.099,10.589665933754166
2021-07-11,1011010501,茄类,3.7004293416927903,10,40.365,2.5327328130806395
2021-07-11,1011010504,辣椒类,5.5266128373403,45,39.195,4.471528511289705
2021-07-11,1011010801,食用菌,8.091531736787669,72,38.382000000000005,5.013849200145901
2021-07-12,1011010101,花叶类,7.5394159850475475,100,140.305,3.7154785645557897
2021-07-12,1011010201,花菜类,6.709250712250713,5,24.48,5.466756127450981
2021-07-12,1011010402,水生根茎类,7.0150957042074715,19,7.559,9.641644397407065
2021-07-12,1011010501,茄类,3.71842934169279,10,24.025,2.758487825182102
2021-07-12,1011010504,辣椒类,5.552835059562523,45,42.472,4.724607977020154
2021-07-12,1011010801,食用菌,8.10500395900989,72,24.08,3.939700996677741
2021-07-13,1011010101,花叶类,7.5398159850475475,100,149.772,3.8332002644018908
2021-07-13,1011010201,花菜类,6.715250712250712,5,47.258,5.354943924838122
2021-07-13,1011010402,水生根茎类,7.062464125260102,19,7.123,12.056872104450372
2021-07-13,1011010501,茄类,3.75142934169279,10,28.125,3.0365237333333335
2021-07-13,1011010504,辣椒类,5.595057281784745,45,24.629,5.185826058711275
2021-07-13,1011010801,食用菌,8.110837292343225,72,18.59,5.846174825174826
2021-07-14,1011010101,花叶类,7.571115985047547,100,163.863,3.1650447019766514
2021-07-14,1011010201,花菜类,6.615250712250711,5,50.126999999999995,4.795646657489975
2021-07-14,1011010402,水生根茎类,7.131411493681155,19,14.182,7.137405866591454
2021-07-14,1011010501,茄类,3.51842934169279,10,20.281,2.762442680341206
2021-07-14,1011010504,辣椒类,5.757501726229189,45,51.339,4.449318646642903
2021-07-14,1011010801,食用菌,8.131948403454336,72,43.512,6.459142305570877
2021-07-15,1011010101,花叶类,7.570615985047548,100,141.75,3.6272855026455026
2021-07-15,1011010201,花菜类,6.6132507122507125,5,27.631999999999998,5.000987623045745
2021-07-15,1011010402,水生根茎类,7.125622019996945,19,5.779999999999999,8.684394463667822
2021-07-15,1011010501,茄类,3.5804293416927897,10,17.221,3.5248498925730214
2021-07-15,1011010504,辣椒类,5.719933050542433,45,48.957,4.280128684355659
2021-07-15,1011010801,食用菌,8.13625395900989,72,29.008,6.508897200772201
2021-07-16,1011010101,花叶类,7.570715985047547,100,236.055,3.1677558619813175
2021-07-16,1011010201,花菜类,6.609250712250713,5,39.074,5.018089266519937
2021-07-16,1011010402,水生根茎类,7.060358862102208,19,23.636,7.384075139617533
2021-07-16,1011010501,茄类,3.81842934169279,10,53.379999999999995,3.5799846384413643
2021-07-16,1011010504,辣椒类,5.734599717209099,45,57.948,4.721112549182026
2021-07-16,1011010801,食用菌,8.144726181232112,72,47.644,6.094894845101168
2021-07-17,1011010101,花叶类,7.590615985047548,100,223.655,3.60486445641725
2021-07-17,1011010201,花菜类,6.551250712250711,5,79.35300000000001,4.72459906997845
2021-07-17,1011010402,水生根茎类,7.06930623052326,19,27.115000000000002,8.35037875714549
2021-07-17,1011010501,茄类,4.035702068965517,10,29.918,3.71571929941841
2021-07-17,1011010504,辣椒类,5.7265997172090986,45,60.20399999999999,4.468820510265099
2021-07-17,1011010801,食用菌,8.145976181232113,72,46.115,7.018842025371354
2021-07-18,1011010101,花叶类,7.6026159850475485,100,234.028,3.494250987061377
2021-07-18,1011010201,花菜类,6.465250712250712,5,60.809999999999995,4.616438743627693
2021-07-18,1011010402,水生根茎类,7.066148335786419,19,30.137999999999998,7.843034043400358
2021-07-18,1011010501,茄类,4.056702068965517,10,31.604,3.5072294646247313
2021-07-18,1011010504,辣椒类,5.70571082832021,45,67.134,4.238329609437841
2021-07-18,1011010801,食用菌,8.141531736787668,72,43.166,7.049646712690544
2021-07-19,1011010101,花叶类,7.595615985047548,100,174.827,3.6201043889101796
2021-07-19,1011010201,花菜类,6.461250712250712,5,34.935,4.904431086303134
2021-07-19,1011010402,水生根茎类,7.166674651575892,19,15.754,9.930964199568363
2021-07-19,1011010501,茄类,4.0757020689655175,10,19.986,3.293334834384069
2021-07-19,1011010504,辣椒类,5.695266383875766,45,40.146,4.081006077815971
2021-07-19,1011010801,食用菌,8.146948403454335,72,40.629,5.818452829259889
2021-07-20,1011010101,花叶类,7.6026159850475485,100,152.362,3.6456861290873053
2021-07-20,1011010201,花菜类,6.497250712250713,5,46.461,5.084692322593142
2021-07-20,1011010402,水生根茎类,7.098253598944313,19,12.512,10.269745843989769
2021-07-20,1011010501,茄类,4.127702068965517,10,19.324,3.7862223142206584
2021-07-20,1011010504,辣椒类,5.706155272764655,45,40.886,4.609395147483246
2021-07-20,1011010801,食用菌,8.152920625676558,72,27.025000000000002,7.211367622571693
2021-07-21,1011010101,花叶类,7.599349318380881,100,152.653,3.6373666419919695
2021-07-21,1011010201,花菜类,6.633250712250712,5,52.983,5.527582243361079
2021-07-21,1011010402,水生根茎类,7.121937809470628,19,18.057,9.792373040925957
2021-07-21,1011010501,茄类,4.1927020689655174,10,22.554000000000002,4.267383169282611
2021-07-21,1011010504,辣椒类,5.709933050542433,45,58.081,4.528670993956715
2021-07-21,1011010801,食用菌,8.149865070121002,72,36.182,6.220172737825438
2021-07-22,1011010101,花叶类,7.576649318380881,100,154.625,3.6460778011317703
2021-07-22,1011010201,花菜类,6.503250712250713,5,34.223,5.437737194284546
2021-07-22,1011010402,水生根茎类,6.932464125260102,19,17.843,8.71082665471053
2021-07-22,1011010501,茄类,4.239702068965517,10,26.636,4.304040396455925
2021-07-22,1011010504,辣椒类,5.696599717209099,45,56.815,4.471761154624659
2021-07-22,1011010801,食用菌,8.137920625676557,72,31.031,6.111968676484806
2021-07-23,1011010101,花叶类,7.576849318380881,100,150.636,3.55590589234977
2021-07-23,1011010201,花菜类,6.479250712250712,5,38.509,4.595856293334026
2021-07-23,1011010402,水生根茎类,6.929832546312735,19,13.844000000000001,8.376750216700374
2021-07-23,1011010501,茄类,4.354702068965517,10,19.1,5.156930890052355
2021-07-23,1011010504,辣椒类,5.538155272764655,45,45.059999999999995,4.581054150022193
2021-07-23,1011010801,食用菌,8.124170625676557,72,28.61,7.876216357916812
2021-07-24,1011010101,花叶类,7.576049318380881,100,206.923,3.6293172339469275
2021-07-24,1011010201,花菜类,6.987250712250713,5,50.974000000000004,5.937122062227802
2021-07-24,1011010402,水生根茎类,6.912990441049577,19,32.222,8.750150828626404
2021-07-24,1011010501,茄类,4.8497020689655175,10,37.029,5.597326419833103
2021-07-24,1011010504,辣椒类,5.590821939431321,45,82.893,4.305948753211972
2021-07-24,1011010801,食用菌,8.116115070121003,72,35.038,7.567268965123581
2021-07-25,1011010101,花叶类,7.624349318380881,100,248.502,3.766345703455103
2021-07-25,1011010201,花菜类,7.3152507122507116,5,60.229,6.670000000000001
2021-07-25,1011010402,水生根茎类,6.92351675683905,19,24.134,7.959121571227314
2021-07-25,1011010501,茄类,4.9747020689655175,10,29.736,6.1612647968792045
2021-07-25,1011010504,辣椒类,5.54971082832021,45,72.38499999999999,4.00603799129654
2021-07-25,1011010801,食用菌,8.12250395900989,72,36.532,8.886481440928502
2021-07-26,1011010101,花叶类,7.648549318380881,100,155.365,3.7294427316319636
2021-07-26,1011010201,花菜类,7.321250712250712,5,25.066,6.685652277986117
2021-07-26,1011010402,水生根茎类,6.927727283154839,19,16.444,9.103721722208709
2021-07-26,1011010501,茄类,4.967702068965517,10,16.386,6.356743561576955
2021-07-26,1011010504,辣椒类,5.567044161653543,45,47.928000000000004,4.482775204473377
2021-07-26,1011010801,食用菌,8.136670625676556,72,30.861,8.601310715790156
2021-07-27,1011010101,花叶类,7.672449318380882,100,189.082,3.5101708253561945
2021-07-27,1011010201,花菜类,7.341250712250712,5,53.678000000000004,6.753045940608816
2021-07-27,1011010402,水生根茎类,6.922990441049577,19,33.891,9.370331356407307
2021-07-27,1011010501,茄类,4.880702068965517,10,20.927,5.271240980551441
2021-07-27,1011010504,辣椒类,5.539488606097988,45,54.649,4.516307892184669
2021-07-27,1011010801,食用菌,8.15014284789878,72,29.008,7.782734073359074
2021-07-28,1011010101,花叶类,7.703949318380881,100,205.803,3.845236609767593
2021-07-28,1011010201,花菜类,7.303250712250713,5,58.303000000000004,6.704038900228118
2021-07-28,1011010402,水生根茎类,6.925095704207472,19,32.418,9.578548337343452
2021-07-28,1011010501,茄类,4.872702068965517,10,15.551,5.8170304160504145
2021-07-28,1011010504,辣椒类,5.541266383875765,45,63.485,4.394030558399622
2021-07-28,1011010801,食用菌,8.159309514565447,72,35.805,6.520060326770004
2021-07-29,1011010101,花叶类,7.746449318380882,100,193.613,4.122952745941647
2021-07-29,1011010201,花菜类,7.163250712250712,5,31.376,6.463097909229984
2021-07-29,1011010402,水生根茎类,6.925095704207472,19,17.107,7.7119810603846375
2021-07-29,1011010501,茄类,4.762702068965518,10,59.522000000000006,3.0971185444037497
2021-07-29,1011010504,辣椒类,5.515488606097988,45,33.377,4.334399736345388
2021-07-29,1011010801,食用菌,8.165559514565446,72,26.28,7.924716133942161
2021-07-30,1011010101,花叶类,7.750749318380881,100,214.155,4.056059909878359
2021-07-30,1011010201,花菜类,7.049250712250712,5,43.631,6.329958286539387
2021-07-30,1011010402,水生根茎类,6.9214114936811555,19,20.72,8.180448841698842
2021-07-30,1011010501,茄类,4.7007020689655175,10,33.845,4.0454912099276115
2021-07-30,1011010504,辣椒类,5.480155272764654,45,50.32099999999999,4.45529838437233
2021-07-30,1011010801,食用菌,8.16514284789878,72,28.865000000000002,7.763850684219643
2021-07-31,1011010101,花叶类,7.663149318380881,100,255.972,3.925881893332083
2021-07-31,1011010201,花菜类,7.035250712250712,5,47.858999999999995,6.390782924841723
2021-07-31,1011010402,水生根茎类,6.910358862102208,19,23.282,8.18611459496607
2021-07-31,1011010501,茄类,4.7167020689655175,10,24.536,4.714479132702968
2021-07-31,1011010504,辣椒类,5.544377494986877,45,57.01499999999999,4.867339121283874
2021-07-31,1011010801,食用菌,8.182087292343224,72,44.567,6.112322346130545
2021-08-01,1011010101,花叶类,7.668449318380881,100,251.27100000000002,3.910171647344898
2021-08-01,1011010201,花菜类,7.059250712250713,5,66.798,6.62
2021-08-01,1011010402,水生根茎类,6.882990441049576,19,36.228,8.38202467704538
2021-08-01,1011010501,茄类,4.738702068965518,10,20.536,5.214289053369692
2021-08-01,1011010504,辣椒类,5.515488606097988,45,76.324,4.9746134898590215
2021-08-01,1011010801,食用菌,8.179448403454336,72,42.984,7.332981574539363
2021-08-02,1011010101,花叶类,7.647249318380881,100,283.115,3.806299242357346
2021-08-02,1011010201,花菜类,7.201250712250712,5,24.162,6.71
2021-08-02,1011010402,水生根茎类,6.884569388417997,19,22.943,7.2840382687529965
2021-08-02,1011010501,茄类,4.769702068965517,10,35.577,4.8711791325856595
2021-08-02,1011010504,辣椒类,5.505266383875766,45,79.129,5.128661805406361
2021-08-02,1011010801,食用菌,8.18389284789878,72,57.647999999999996,6.74944560088815
2021-08-03,1011010101,花叶类,7.636249318380882,100,264.825,3.545184140470122
2021-08-03,1011010201,花菜类,7.101250712250712,5,20.641,6.897105275907177
2021-08-03,1011010402,水生根茎类,7.079306230523261,19,27.549,8.033258920468983
2021-08-03,1011010501,茄类,5.063702068965517,10,48.443999999999996,6.864623069936422
2021-08-03,1011010504,辣椒类,5.483488606097988,45,55.900999999999996,5.0962480098746
2021-08-03,1011010801,食用菌,8.19389284789878,72,42.284,8.844960741651688
2021-08-04,1011010101,花叶类,7.685049318380882,100,313.269,3.719209433426225
2021-08-04,1011010201,花菜类,6.881250712250713,5,14.278,5.815826446280991
2021-08-04,1011010402,水生根茎类,7.089306230523261,19,22.617,7.48483087942698
2021-08-04,1011010501,茄类,5.158702068965518,10,33.147,5.547136392433705
2021-08-04,1011010504,辣椒类,5.460155272764654,45,89.04,5.060519878706199
2021-08-04,1011010801,食用菌,8.191531736787669,72,50.028,7.581190933077477
2021-08-05,1011010101,花叶类,7.686849318380881,100,245.944,3.77116083336044
2021-08-05,1011010201,花菜类,7.031250712250713,5,26.638,6.35886553044523
2021-08-05,1011010402,水生根茎类,7.090358862102208,19,15.634,7.455328130996546
2021-08-05,1011010501,茄类,5.246702068965517,10,29.119999999999997,5.938039491758242
2021-08-05,1011010504,辣椒类,5.495266383875766,45,65.069,4.86804192472606
2021-08-05,1011010801,食用菌,8.205976181232112,72,58.355000000000004,6.864663010881673
2021-08-06,1011010101,花叶类,7.689949318380882,100,189.756,3.9514786357216636
2021-08-06,1011010201,花菜类,7.111250712250713,5,28.948,6.955759292524526
2021-08-06,1011010402,水生根茎类,7.091411493681155,19,22.376,8.485247586700035
2021-08-06,1011010501,茄类,5.338702068965517,10,20.331,5.9816113324479865
2021-08-06,1011010504,辣椒类,5.501488606097988,45,51.048,4.727682377370318
2021-08-06,1011010801,食用菌,8.219448403454335,72,51.397,7.538285892172695
2021-08-07,1011010101,花叶类,7.706249318380881,100,232.089,3.8745509696711173
2021-08-07,1011010201,花菜类,7.133250712250712,5,40.416,7.02
2021-08-07,1011010402,水生根茎类,7.072464125260102,19,28.627,8.053101617354248
2021-08-07,1011010501,茄类,5.320702068965518,10,23.784,6.356860494450051
2021-08-07,1011010504,辣椒类,5.438599717209099,45,69.382,4.822174915684184
2021-08-07,1011010801,食用菌,8.221392847898779,72,53.974000000000004,7.599314670026309
2021-08-08,1011010101,花叶类,7.6989493183808815,100,265.775,4.103318032170069
2021-08-08,1011010201,花菜类,7.139250712250712,5,50.406,7.019999999999999
2021-08-08,1011010402,水生根茎类,7.045095704207472,19,24.273,7.686452436864005
2021-08-08,1011010501,茄类,5.291702068965518,10,32.192,7.816420228628231
2021-08-08,1011010504,辣椒类,5.41771082832021,45,54.567,4.638397566294646
2021-08-08,1011010801,食用菌,8.215698403454335,72,57.351,6.6332081393524085
2021-08-09,1011010101,花叶类,7.701149318380882,100,234.344,4.029302691769365
2021-08-09,1011010201,花菜类,7.0972507122507125,5,56.607,6.81
2021-08-09,1011010402,水生根茎类,7.031411493681156,19,19.711000000000002,6.348211658464817
2021-08-09,1011010501,茄类,5.267702068965518,10,31.015,5.007558278252458
2021-08-09,1011010504,辣椒类,5.391266383875766,45,61.457,3.9210485380021805
2021-08-09,1011010801,食用菌,8.230281736787667,72,41.987,8.020932907804795
2021-08-10,1011010101,花叶类,7.685349318380881,100,193.189,4.197114794320588
2021-08-10,1011010201,花菜类,7.075250712250712,5,11.233,6.559788124276684
2021-08-10,1011010402,水生根茎类,7.030358862102208,19,24.532,7.126588129789663
2021-08-10,1011010501,茄类,5.252702068965517,10,22.361,6.556576181745003
2021-08-10,1011010504,辣椒类,5.396155272764655,45,66.971,3.78071418972391
2021-08-10,1011010801,食用菌,8.227920625676557,72,39.230000000000004,8.140540657659953
2021-08-11,1011010101,花叶类,7.665949318380882,100,225.45,4.0391973830117545
2021-08-11,1011010201,花菜类,7.093250712250712,5,1.054,6.78
2021-08-11,1011010402,水生根茎类,7.012990441049576,19,20.738,6.323849455106568
2021-08-11,1011010501,茄类,5.283702068965518,10,25.757,7.279220794347168
2021-08-11,1011010504,辣椒类,5.428155272764655,45,61.666,3.636460934712808
2021-08-11,1011010801,食用菌,8.234865070121002,72,44.244,7.754394946207396
2021-08-12,1011010101,花叶类,7.677549318380882,100,275.876,4.005280923313373
2021-08-12,1011010201,花菜类,7.149250712250712,5,12.870000000000001,5.826792540792541
2021-08-12,1011010402,水生根茎类,6.996148335786418,19,28.536,6.011873423044575
2021-08-12,1011010501,茄类,5.205702068965517,10,37.175,5.028666577000672
2021-08-12,1011010504,辣椒类,5.471044161653543,45,83.793,4.084403351115248
2021-08-12,1011010801,食用菌,8.24139284789878,72,52.714,7.948577986872558
2021-08-13,1011010101,花叶类,7.663549318380882,100,274.08,4.235385653823701
2021-08-13,1011010201,花菜类,7.189250712250713,5,3.504,7.26
2021-08-13,1011010402,水生根茎类,6.99509570420747,19,37.722,6.02
2021-08-13,1011010501,茄类,5.087702068965518,10,49.079,5.694730128975733
2021-08-13,1011010504,辣椒类,5.456377494986877,45,88.147,4.64575618001747
2021-08-13,1011010801,食用菌,8.250559514565445,72,57.871,6.988425809127197
2021-08-14,1011010101,花叶类,7.6505493183808815,100,281.13,4.172721801301889
2021-08-14,1011010201,花菜类,7.3632507122507125,5,16.528,7.3
2021-08-14,1011010402,水生根茎类,6.994043072628524,19,27.112000000000002,6.000000000000001
2021-08-14,1011010501,茄类,4.752702068965517,10,35.09,4.13509375890567
2021-08-14,1011010504,辣椒类,5.474377494986877,45,96.491,4.52981252137505
2021-08-14,1011010801,食用菌,8.228615070121002,72,74.363,9.504258300498904
2021-08-15,1011010101,花叶类,7.646849318380881,100,297.827,4.2104411957277215
2021-08-15,1011010201,花菜类,7.207250712250712,5,8.103,7.35
2021-08-15,1011010402,水生根茎类,7.037727283154839,19,49.471000000000004,6.033503264538821
2021-08-15,1011010501,茄类,4.710702068965517,10,31.244999999999997,3.833244039046247
2021-08-15,1011010504,辣椒类,5.466155272764654,45,78.349,4.524651750500963
2021-08-15,1011010801,食用菌,8.174448403454335,72,61.545,6.750479974002762
2021-08-16,1011010101,花叶类,7.5331493183808815,100,190.57299999999998,4.484860289757731
2021-08-16,1011010201,花菜类,7.213250712250712,5,6.045,7.4
2021-08-16,1011010402,水生根茎类,7.041937809470629,19,50.533,6.027704668236597
2021-08-16,1011010501,茄类,4.704702068965517,10,24.663,4.084145886550703
2021-08-16,1011010504,辣椒类,5.482155272764654,45,52.116,4.695085386445621
2021-08-16,1011010801,食用菌,8.161809514565446,72,41.091,7.121942517826287
2021-08-17,1011010101,花叶类,7.548549318380881,100,183.216,4.629975711728234
2021-08-17,1011010201,花菜类,7.317250712250713,5,9.498000000000001,7.41
2021-08-17,1011010402,水生根茎类,7.046674651575892,19,56.144999999999996,6.041411523733192
2021-08-17,1011010501,茄类,4.725702068965517,10,28.565,4.315008226851042
2021-08-17,1011010504,辣椒类,5.44971082832021,45,59.86000000000001,4.8490527898429665
2021-08-17,1011010801,食用菌,8.154587292343225,72,57.879,6.497551270754505
2021-08-18,1011010101,花叶类,7.580349318380882,100,185.59,4.582318928821596
2021-08-18,1011010201,花菜类,7.433250712250713,5,8.645,7.2996761133603245
2021-08-18,1011010402,水生根茎类,7.068779914733787,19,54.55,6.07398790100825
2021-08-18,1011010501,茄类,4.932702068965517,10,25.035,4.9441170361493905
2021-08-18,1011010504,辣椒类,5.471266383875766,45,54.410000000000004,4.867
2021-08-18,1011010801,食用菌,8.165976181232113,72,38.636,7.270673723987991
2021-08-19,1011010101,花叶类,7.621049318380881,100,183.245,4.698397009468199
2021-08-19,1011010201,花菜类,7.457250712250712,5,8.906,7.490000000000001
2021-08-19,1011010402,水生根茎类,7.0698325463127345,19,28.569,6.097023697014246
2021-08-19,1011010501,茄类,4.763702068965517,10,31.477999999999998,4.548265772920771
2021-08-19,1011010504,辣椒类,5.472155272764654,45,50.98800000000001,5.002415078057582
2021-08-19,1011010801,食用菌,8.185976181232114,72,35.688,7.539493947545393
2021-08-20,1011010101,花叶类,7.121165985047549,100,195.116,4.45190568687345
2021-08-20,1011010201,花菜类,7.4272507122507125,5,47.274,6.485548504463342
2021-08-20,1011010402,水生根茎类,7.070358862102208,19,27.29,6.131080982044706
2021-08-20,1011010501,茄类,4.943702068965517,10,25.752,5.434407424666045
2021-08-20,1011010504,辣椒类,5.45371082832021,45,47.075,5.267059585767392
2021-08-20,1011010801,食用菌,8.200976181232113,72,42.358000000000004,7.345199490060909
2021-08-21,1011010101,花叶类,7.115465985047548,100,241.956,4.529484038420208
2021-08-21,1011010201,花菜类,7.413250712250712,5,34.9,6.567824068767909
2021-08-21,1011010402,水生根茎类,7.048779914733787,19,37.692,5.789574445505678
2021-08-21,1011010501,茄类,5.051702068965517,10,33.887,4.643919202053885
2021-08-21,1011010504,辣椒类,5.4670441616535435,45,67.62899999999999,4.871749693178963
2021-08-21,1011010801,食用菌,8.219031736787668,72,70.575,10.16490386114063
2021-08-22,1011010101,花叶类,7.097565985047549,100,281.156,4.403652029478296
2021-08-22,1011010201,花菜类,7.507250712250712,5,1.546,7.73
2021-08-22,1011010402,水生根茎类,7.065095704207471,19,51.313,5.953686200378071
2021-08-22,1011010501,茄类,5.0227020689655175,10,21.861,5.33659759388866
2021-08-22,1011010504,辣椒类,5.452155272764655,45,94.447,4.545181318623143
2021-08-22,1011010801,食用菌,8.212781736787669,72,60.822,9.912158922758213
2021-08-23,1011010101,花叶类,7.070765985047547,100,178.374,4.3350392994494715
2021-08-23,1011010201,花菜类,7.365250712250713,5,4.509,7.109999999999999
2021-08-23,1011010402,水生根茎类,7.046674651575892,19,38.788,5.648447973600081
2021-08-23,1011010501,茄类,4.9377020689655176,10,29.713,5.051551172887288
2021-08-23,1011010504,辣椒类,5.434377494986877,45,15.773,4.554966715272935
2021-08-23,1011010801,食用菌,8.207642847898779,72,40.53,7.4912886750555145
2021-08-24,1011010101,花叶类,7.073865985047548,100,168.012,4.594602945027736
2021-08-24,1011010201,花菜类,7.205250712250712,5,9.206999999999999,6.97
2021-08-24,1011010402,水生根茎类,7.044043072628523,19,31.616,5.757730263157894
2021-08-24,1011010501,茄类,4.829702068965517,10,22.695,4.6775968274950435
2021-08-24,1011010504,辣椒类,5.378155272764654,45,53.891000000000005,3.2352205377521286
2021-08-24,1011010801,食用菌,8.212920625676556,72,43.365,6.804056497175141
2021-08-25,1011010101,花叶类,7.106165985047547,100,145.216,5.156137271375055
2021-08-25,1011010201,花菜类,7.235250712250712,5,2.219,6.690572329878324
2021-08-25,1011010402,水生根茎类,7.045095704207472,19,35.363,5.688622006051523
2021-08-25,1011010501,茄类,4.644702068965517,10,27.139,4.393399167250083
2021-08-25,1011010504,辣椒类,5.3901552727646544,45,53.903,3.219570524831642
2021-08-25,1011010801,食用菌,8.190142847898779,72,34.177,6.595045205840185
2021-08-26,1011010101,花叶类,7.124565985047548,100,255.505,4.690761276687345
2021-08-26,1011010201,花菜类,7.241250712250713,5,5.452,7.139620322817313
2021-08-26,1011010402,水生根茎类,7.045095704207472,19,63.126,5.657001552450653
2021-08-26,1011010501,茄类,4.640702068965517,10,34.842,4.078723379828943
2021-08-26,1011010504,辣椒类,5.41371082832021,45,61.124,3.551819743472286
2021-08-26,1011010801,食用菌,8.210698403454336,72,49.747,7.176902727802681
2021-08-27,1011010101,花叶类,7.136165985047548,100,259.053,4.579694464067198
2021-08-27,1011010201,花菜类,7.241250712250713,5,19.567999999999998,5.842879190515127
2021-08-27,1011010402,水生根茎类,7.0035167568390495,19,56.396,5.216896765728066
2021-08-27,1011010501,茄类,4.621702068965517,10,33.381,4.241233036757437
2021-08-27,1011010504,辣椒类,5.410599717209099,45,64.045,3.427416816301038
2021-08-27,1011010801,食用菌,8.229031736787668,72,61.288,6.537035471870513
2021-08-28,1011010101,花叶类,7.168140248308845,100,244.915,4.44456272584366
2021-08-28,1011010201,花菜类,7.2432507122507115,5,35.501999999999995,6.4090299138076725
2021-08-28,1011010402,水生根茎类,7.0093062305232605,19,49.574,5.160368741679107
2021-08-28,1011010501,茄类,4.731702068965517,10,34.078,4.623189741181994
2021-08-28,1011010504,辣椒类,5.408821939431321,45,75.85000000000001,3.717081608437706
2021-08-28,1011010801,食用菌,8.23389284789878,72,61.493,7.146857365879042
2021-08-29,1011010101,花叶类,7.193740248308845,100,229.082,4.88959521044866
2021-08-29,1011010201,花菜类,7.237250712250713,5,56.181,5.987016607037967
2021-08-29,1011010402,水生根茎类,7.01930623052326,19,55.375,5.107086591422122
2021-08-29,1011010501,茄类,4.808702068965518,10,39.917,5.276011473808152
2021-08-29,1011010504,辣椒类,5.426155272764654,45,81.325,3.5726051029818624
2021-08-29,1011010801,食用菌,8.234448403454335,72,65.999,6.852137153593237
2021-08-30,1011010101,花叶类,7.201140248308844,100,178.587,5.008514001579062
2021-08-30,1011010201,花菜类,7.379250712250712,5,48.287000000000006,5.986675502723299
2021-08-30,1011010402,水生根茎类,7.022990441049576,19,40.953,5.066022025248455
2021-08-30,1011010501,茄类,4.798702068965517,10,41.208,4.95771063871093
2021-08-30,1011010504,辣椒类,5.407933050542432,45,65.327,3.8419165123149694
2021-08-30,1011010801,食用菌,8.22750395900989,72,47.989,6.634661693304716
2021-08-31,1011010101,花叶类,7.255740248308845,100,165.821,4.99156011602873
2021-08-31,1011010201,花菜类,7.4272507122507125,5,42.879,5.680314139788708
2021-08-31,1011010402,水生根茎类,7.022990441049576,19,31.335,5.103277485240147
2021-08-31,1011010501,茄类,4.827702068965517,10,39.432,4.959221698113208
2021-08-31,1011010504,辣椒类,5.4221552727646545,45,66.341,4.101833707661929
2021-08-31,1011010801,食用菌,8.234031736787669,72,42.531,6.266036067809363
2021-09-01,1011010101,花叶类,7.240540248308845,100,177.642,4.958441641053355
2021-09-01,1011010201,花菜类,7.501250712250713,5,8.003,8.16
2021-09-01,1011010402,水生根茎类,7.007727283154839,19,47.449,5.086143016712681
2021-09-01,1011010501,茄类,4.872702068965518,10,27.264000000000003,5.290762910798122
2021-09-01,1011010504,辣椒类,5.495044161653544,45,44.769,4.621747191136724
2021-09-01,1011010801,食用菌,8.234170625676558,72,61.883,5.627891504936735
2021-09-02,1011010101,花叶类,7.238140248308845,100,161.364,5.056436627748444
2021-09-02,1011010201,花菜类,7.595250712250713,5,27.869,8.17
2021-09-02,1011010402,水生根茎类,7.005622019996945,19,45.638,5.041466321924712
2021-09-02,1011010501,茄类,4.754702068965517,10,24.511000000000003,4.783203459671167
2021-09-02,1011010504,辣椒类,5.537933050542432,45,44.128,4.940920050761422
2021-09-02,1011010801,食用菌,8.228337292343223,72,40.494,6.400332888823035
2021-09-03,1011010101,花叶类,7.239040248308844,100,149.219,5.0647054329542485
2021-09-03,1011010201,花菜类,7.663250712250712,5,24.967,8.45
2021-09-03,1011010402,水生根茎类,6.984043072628524,19,54.833999999999996,5.06235766130503
2021-09-03,1011010501,茄类,4.8177020689655174,10,20.685,5.138382402707276
2021-09-03,1011010504,辣椒类,5.742066383875765,45,42.436,5.57026981807899
2021-09-03,1011010801,食用菌,8.227087292343224,72,46.246,6.3761944816849025
2021-09-04,1011010101,花叶类,7.2440402483088455,100,221.353,5.014472629691037
2021-09-04,1011010201,花菜类,7.711250712250712,5,32.878,8.72
2021-09-04,1011010402,水生根茎类,6.983516756839049,19,66.40899999999999,5.0235593067204745
2021-09-04,1011010501,茄类,4.911702068965517,10,26.823,5.456179398277597
2021-09-04,1011010504,辣椒类,5.84051082832021,45,90.712,5.52082315459917
2021-09-04,1011010801,食用菌,8.226809514565446,72,78.639,7.474452625287706
2021-09-05,1011010101,花叶类,7.245440248308845,100,238.552,4.884534650726048
2021-09-05,1011010201,花菜类,7.7432507122507115,5,51.129,8.87508009153318
2021-09-05,1011010402,水生根茎类,6.983516756839049,19,58.946,5.035176263020391
2021-09-05,1011010501,茄类,4.949702068965517,10,30.823,5.417334782467638
2021-09-05,1011010504,辣椒类,5.860733050542431,45,63.285,5.944486213162676
2021-09-05,1011010801,食用菌,8.242920625676557,72,74.857,8.081205498483776
2021-09-06,1011010101,花叶类,7.231740248308845,100,191.936,5.1067031197899295
2021-09-06,1011010201,花菜类,7.481250712250713,5,34.751,7.86
2021-09-06,1011010402,水生根茎类,6.977200967365365,19,33.471,5.024596516387321
2021-09-06,1011010501,茄类,4.936702068965517,10,20.716,5.343674937246573
2021-09-06,1011010504,辣椒类,5.820955272764655,45,42.718,5.537813099864225
2021-09-06,1011010801,食用菌,8.244512113953824,72,37.744,6.6138090822382365
2021-09-07,1011010101,花叶类,7.225140248308844,100,163.316,5.2849036224252375
2021-09-07,1011010201,花菜类,7.471250712250712,5,23.172,7.81
2021-09-07,1011010402,水生根茎类,6.9761483357864185,19,34.141999999999996,5.0186090445785245
2021-09-07,1011010501,茄类,5.021702068965517,10,19.175,5.536018774445893
2021-09-07,1011010504,辣椒类,5.84651082832021,45,45.236,5.883616588557787
2021-09-07,1011010801,食用菌,8.226317669509381,72,44.438,6.23882780503173
2021-09-08,1011010101,花叶类,7.216240248308845,100,161.268,4.971002120693504
2021-09-08,1011010201,花菜类,7.467250712250713,5,15.183,7.77
2021-09-08,1011010402,水生根茎类,6.980885177891682,19,38.571,5.026097327007337
2021-09-08,1011010501,茄类,5.074702068965517,10,16.32,5.70875919117647
2021-09-08,1011010504,辣椒类,5.8693997172091,45,36.083,5.8479430756866115
2021-09-08,1011010801,食用菌,8.206317669509382,72,42.227,5.761625737087646
2021-09-09,1011010101,花叶类,7.208240248308845,100,120.989,5.193558174710097
2021-09-09,1011010201,花菜类,7.481250712250713,5,14.255,7.7244209049456325
2021-09-09,1011010402,水生根茎类,7.192990441049576,19,39.028,5.424984626422057
2021-09-09,1011010501,茄类,5.0627020689655176,10,12.804,5.812727272727273
2021-09-09,1011010504,辣椒类,5.95451082832021,45,39.957,6.4004564907275325
2021-09-09,1011010801,食用菌,8.20909544728716,72,41.997,5.89587137176465
2021-09-10,1011010101,花叶类,7.1972402483088445,100,133.882,5.043508761446647
2021-09-10,1011010201,花菜类,7.505250712250712,5,24.651,7.91
2021-09-10,1011010402,水生根茎类,7.184569388417998,19,43.851,5.278914277895601
2021-09-10,1011010501,茄类,5.003702068965517,10,13.491,5.459168334445186
2021-09-10,1011010504,辣椒类,5.954955272764654,45,36.978,7.0740215803991555
2021-09-10,1011010801,食用菌,8.221317669509382,72,35.582,7.2367106964195385
2021-09-11,1011010101,花叶类,7.229840248308844,100,257.43,4.951838596900128
2021-09-11,1011010201,花菜类,7.535250712250712,5,18.06,7.9927441860465125
2021-09-11,1011010402,水生根茎类,7.176674651575892,19,67.532,5.092424332168453
2021-09-11,1011010501,茄类,4.9507020689655175,10,26.026,5.35772688849612
2021-09-11,1011010504,辣椒类,5.887844161653543,45,53.879999999999995,6.7655330363771355
2021-09-11,1011010801,食用菌,8.229373225064936,72,62.394000000000005,6.537421386671795
2021-09-12,1011010101,花叶类,7.291640248308845,100,275.532,5.456932733765951
2021-09-12,1011010201,花菜类,7.289250712250713,5,32.063,7.01
2021-09-12,1011010402,水生根茎类,7.174569388417996,19,57.208,4.951667598937211
2021-09-12,1011010501,茄类,4.885702068965517,10,34.906,5.038480203976394
2021-09-12,1011010504,辣椒类,5.933177494986877,45,52.389,6.777476569508866
2021-09-12,1011010801,食用菌,8.228262113953825,72,57.278000000000006,6.496280945563742
2021-09-13,1011010101,花叶类,7.208540248308845,100,152.695,4.215611185696978
2021-09-13,1011010201,花菜类,7.223250712250713,5,11.356,6.72
2021-09-13,1011010402,水生根茎类,7.202990441049576,19,29.936999999999998,4.635163844072552
2021-09-13,1011010501,茄类,4.8257020689655175,10,26.428,4.739536854850916
2021-09-13,1011010504,辣椒类,5.963844161653544,45,46.013999999999996,6.168993132524884
2021-09-13,1011010801,食用菌,8.205762113953826,72,31.415,8.57187808371797
2021-09-14,1011010101,花叶类,7.168140248308845,100,163.291,4.592828998536356
2021-09-14,1011010201,花菜类,7.211250712250712,5,10.777000000000001,7.8
2021-09-14,1011010402,水生根茎类,7.225095704207471,19,41.431000000000004,5.077742753011029
2021-09-14,1011010501,茄类,4.838702068965517,10,24.411,4.723693826553602
2021-09-14,1011010504,辣椒类,5.875399717209099,45,34.598,6.089981790854963
2021-09-14,1011010801,食用菌,8.236873225064937,72,35.185,7.441836578087251
2021-09-15,1011010101,花叶类,7.174440248308844,100,150.327,4.653296679904475
2021-09-15,1011010201,花菜类,7.223250712250713,5,12.702,7.8
2021-09-15,1011010402,水生根茎类,7.22772728315484,19,32.841,5.182923479796596
2021-09-15,1011010501,茄类,4.836702068965517,10,20.887,4.464079092258342
2021-09-15,1011010504,辣椒类,5.821621939431321,45,33.653,5.4377832585505015
2021-09-15,1011010801,食用菌,8.233956558398269,72,35.282,7.1797517147554
2021-09-16,1011010101,花叶类,7.176440248308844,100,97.458,5.139275072338854
2021-09-16,1011010201,花菜类,7.235250712250712,5,9.283,7.83
2021-09-16,1011010402,水生根茎类,7.235622019996946,19,35.964999999999996,5.1173296260253025
2021-09-16,1011010501,茄类,4.715702068965517,10,28.808,4.228177242432658
2021-09-16,1011010504,辣椒类,5.863177494986877,45,33.706,5.940621551059158
2021-09-16,1011010801,食用菌,8.24492878062049,72,38.913,5.991706627605171
2021-09-17,1011010101,花叶类,7.1648402483088445,100,128.348,5.222443824601863
2021-09-17,1011010201,花菜类,7.0972507122507125,5,13.163,7.14
2021-09-17,1011010402,水生根茎类,7.228779914733788,19,31.276,5.010104872745875
2021-09-17,1011010501,茄类,4.667702068965517,10,22.689,4.080096963286174
2021-09-17,1011010504,辣椒类,5.899399717209098,45,30.378,6.305666271643954
2021-09-17,1011010801,食用菌,8.246734336176047,72,33.650999999999996,6.761179756916586
2021-09-18,1011010101,花叶类,7.123640248308845,100,134.812,4.86296568554728
2021-09-18,1011010201,花菜类,7.007250712250712,5,35.325,6.69
2021-09-18,1011010402,水生根茎类,7.227200967365365,19,34.827,5.057713842708244
2021-09-18,1011010501,茄类,4.707702068965517,10,25.935000000000002,4.15882938114517
2021-09-18,1011010504,辣椒类,5.916955272764654,45,45.04900000000001,6.561923683100623
2021-09-18,1011010801,食用菌,8.246178780620491,72,41.645,6.39384656021131
2021-09-19,1011010101,花叶类,7.143840248308845,100,217.32,5.077364163445611
2021-09-19,1011010201,花菜类,6.869250712250713,5,51.647,6.21
2021-09-19,1011010402,水生根茎类,7.2329904410495764,19,93.77,5.542979417724219
2021-09-19,1011010501,茄类,4.638702068965517,10,46.834999999999994,3.739372691363297
2021-09-19,1011010504,辣椒类,6.069399717209099,45,75.51100000000001,6.529474381215981
2021-09-19,1011010801,食用菌,8.227151002842714,72,113.493,7.500693522948552
2021-09-20,1011010101,花叶类,7.171940248308845,100,224.8,5.066035453736654
2021-09-20,1011010201,花菜类,6.681250712250713,5,70.42599999999999,6.382597620197087
2021-09-20,1011010402,水生根茎类,7.224569388417997,19,94.882,5.380937058662338
2021-09-20,1011010501,茄类,4.485702068965518,10,40.869,4.00603636007732
2021-09-20,1011010504,辣椒类,6.016955272764655,45,88.648,6.14653427037271
2021-09-20,1011010801,食用菌,8.221595447287159,72,92.289,7.773524580394196
2021-09-21,1011010101,花叶类,7.166040248308844,100,239.76999999999998,4.950657755348876
2021-09-21,1011010201,花菜类,6.667250712250713,5,56.3,6.88
2021-09-21,1011010402,水生根茎类,7.2135167568390495,19,94.155,4.981790876745792
2021-09-21,1011010501,茄类,4.440702068965518,10,32.473,3.8915563699073075
2021-09-21,1011010504,辣椒类,5.965844161653544,45,100.446,6.369917567648289
2021-09-21,1011010801,食用菌,8.225901002842713,72,81.116,7.73385349376202
2021-09-22,1011010101,花叶类,7.171040248308844,100,138.42000000000002,5.0567221499783255
2021-09-22,1011010201,花菜类,6.655250712250712,5,39.227000000000004,6.34
2021-09-22,1011010402,水生根茎类,7.2114114936811555,19,30.22,5.020651224354732
2021-09-22,1011010501,茄类,4.432702068965517,10,31.009,4.064744429036732
2021-09-22,1011010504,辣椒类,5.912955272764655,45,50.963,6.429865196318898
2021-09-22,1011010801,食用菌,8.236317669509381,72,36.948,5.999303074591317
2021-09-23,1011010101,花叶类,7.165740248308845,100,107.29,4.915438158262652
2021-09-23,1011010201,花菜类,6.553250712250713,5,27.567,6.32
2021-09-23,1011010402,水生根茎类,7.2135167568390495,19,19.216,5.4917194004995835
2021-09-23,1011010501,茄类,4.431702068965517,10,22.845,3.924583935215584
2021-09-23,1011010504,辣椒类,5.894066383875765,45,45.501000000000005,6.344919672095118
2021-09-23,1011010801,食用菌,8.246039891731604,72,33.475,6.537242419716206
2021-09-24,1011010101,花叶类,7.128040248308845,100,104.729,4.773282376419139
2021-09-24,1011010201,花菜类,6.435250712250712,5,8.431000000000001,6.09
2021-09-24,1011010402,水生根茎类,7.195095704207471,19,32.314,5.324668564708795
2021-09-24,1011010501,茄类,4.496702068965517,10,15.31,4.233862181580666
2021-09-24,1011010504,辣椒类,5.889399717209098,45,40.147,6.750582359827633
2021-09-24,1011010801,食用菌,8.23270655839827,72,40.365,6.219303604607952
2021-09-25,1011010101,花叶类,7.124140248308845,100,186.971,4.884358162495788
2021-09-25,1011010201,花菜类,6.391250712250712,5,48.621,5.87
2021-09-25,1011010402,水生根茎类,7.178779914733787,19,43.444,4.2564782248411746
2021-09-25,1011010501,茄类,4.505702068965517,10,36.043,4.366940043836529
2021-09-25,1011010504,辣椒类,5.888955272764655,45,77.276,6.506189890781097
2021-09-25,1011010801,食用菌,8.24145655839827,72,38.452,5.873584208883803
2021-09-26,1011010101,花叶类,7.128540248308845,100,150.342,4.695417514733075
2021-09-26,1011010201,花菜类,6.393250712250713,5,2.299,5.96
2021-09-26,1011010402,水生根茎类,7.1782535989443135,19,48.868,4.285086355078988
2021-09-26,1011010501,茄类,4.500702068965517,10,28.75,4.21456904347826
2021-09-26,1011010504,辣椒类,5.890955272764654,45,46.272,6.226197484439834
2021-09-26,1011010801,食用菌,8.23895655839827,72,27.192,5.7594766843189165
2021-09-27,1011010101,花叶类,7.115040248308844,100,96.875,4.602696051612903
2021-09-27,1011010201,花菜类,6.339250712250712,5,4.863,5.79
2021-09-27,1011010402,水生根茎类,7.181411493681156,19,42.394999999999996,4.304627904233991
2021-09-27,1011010501,茄类,4.382702068965517,10,11.333,4.084199241154152
2021-09-27,1011010504,辣椒类,5.890288606097988,45,32.674,6.1978224276182905
2021-09-27,1011010801,食用菌,8.19395655839827,72,12.762,6.5643316094656
2021-09-28,1011010101,花叶类,7.102240248308845,100,104.01,4.579308720315354
2021-09-28,1011010201,花菜类,6.465250712250712,5,12.669,6.280592785539506
2021-09-28,1011010402,水生根茎类,7.168253598944314,19,33.697,4.5177929786034365
2021-09-28,1011010501,茄类,4.471702068965517,10,19.695999999999998,4.139253147847279
2021-09-28,1011010504,辣椒类,5.841844161653544,45,34.777,5.849355608591885
2021-09-28,1011010801,食用菌,8.232845447287158,72,21.671,5.074154399889253
2021-09-29,1011010101,花叶类,7.0855402483088445,100,113.13499999999999,4.556899279621692
2021-09-29,1011010201,花菜类,6.421250712250712,5,23.336,6.57
2021-09-29,1011010402,水生根茎类,7.178779914733787,19,39.563,4.807229987614691
2021-09-29,1011010501,茄类,4.589702068965517,10,14.816,4.600741090712742
2021-09-29,1011010504,辣椒类,5.813177494986876,45,50.474,5.707160122043033
2021-09-29,1011010801,食用菌,8.240484336176047,72,15.119,7.825370725577089
2021-09-30,1011010101,花叶类,7.099940248308844,100,106.12299999999999,4.4674367479245785
2021-09-30,1011010201,花菜类,6.421250712250712,5,34.511,6.57
2021-09-30,1011010402,水生根茎类,7.185622019996944,19,38.451,4.669895451353671
2021-09-30,1011010501,茄类,4.4987020689655175,10,18.756999999999998,4.398522684864318
2021-09-30,1011010504,辣椒类,5.80451082832021,45,37.589000000000006,5.468361222698129
2021-09-30,1011010801,食用菌,8.261178780620492,72,22.234,6.577403975892776
2021-10-01,1011010101,花叶类,7.108340248308845,100,205.461,4.656662383615382
2021-10-01,1011010201,花菜类,6.485250712250712,5,57.402,6.86
2021-10-01,1011010402,水生根茎类,7.190885177891681,19,69.809,4.70151928834391
2021-10-01,1011010501,茄类,4.635702068965517,10,36.474,4.852866699566815
2021-10-01,1011010504,辣椒类,5.808288606097988,45,81.648,4.983464506172839
2021-10-01,1011010801,食用菌,8.25895655839827,72,45.217,10.224052900457792
2021-10-02,1011010101,花叶类,7.108240248308845,100,171.744,4.555714668343581
2021-10-02,1011010201,花菜类,6.595250712250713,5,40.743,7.39
2021-10-02,1011010402,水生根茎类,7.17351675683905,19,61.245999999999995,4.713288704568462
2021-10-02,1011010501,茄类,4.735702068965518,10,31.974,4.8351857759429535
2021-10-02,1011010504,辣椒类,5.736288606097988,45,67.466,4.2331522544689175
2021-10-02,1011010801,食用菌,8.258539891731603,72,38.088,8.101606805293006
2021-10-03,1011010101,花叶类,7.094440248308845,100,176.12300000000002,4.30696564332881
2021-10-03,1011010201,花菜类,6.591250712250712,5,41.993,7.03
2021-10-03,1011010402,水生根茎类,7.194569388417998,19,52.697,4.6447649771334225
2021-10-03,1011010501,茄类,4.5997020689655175,10,27.064999999999998,4.374408276371698
2021-10-03,1011010504,辣椒类,5.732955272764654,45,37.899,4.4907979102350986
2021-10-03,1011010801,食用菌,8.272289891731603,72,43.269999999999996,6.705800785763809
2021-10-04,1011010101,花叶类,7.170340248308845,100,172.9,4.555798496240601
2021-10-04,1011010201,花菜类,6.609250712250713,5,40.928,7.0
2021-10-04,1011010402,水生根茎类,7.194043072628523,19,40.08,4.731770209580838
2021-10-04,1011010501,茄类,5.002702068965517,10,20.632,5.459337436991081
2021-10-04,1011010504,辣椒类,5.7072465640559455,45,70.16499999999999,4.211999002351599
2021-10-04,1011010801,食用菌,8.249095447287159,72,38.497,6.78756786243084
2021-10-05,1011010101,花叶类,7.1610402483088444,100,183.026,4.682525706730191
2021-10-05,1011010201,花菜类,6.6612507122507125,5,51.957,7.0
2021-10-05,1011010402,水生根茎类,7.194043072628523,19,53.813,4.7891015182205035
2021-10-05,1011010501,茄类,5.0837020689655175,10,36.423,5.8676443456057985
2021-10-05,1011010504,辣椒类,5.7585798973892794,45,74.013,4.5099701403807435
2021-10-05,1011010801,食用菌,8.269373225064935,72,33.416,5.206564519990424
2021-10-06,1011010101,花叶类,7.151340248308844,100,265.796,4.36748265587142
2021-10-06,1011010201,花菜类,6.693250712250712,5,42.165,7.209999999999999
2021-10-06,1011010402,水生根茎类,7.192990441049576,19,50.852,4.637289585463699
2021-10-06,1011010501,茄类,5.2247020689655175,10,24.095,6.093339282008715
2021-10-06,1011010504,辣椒类,5.742357675167057,45,79.233,4.0819660999835925
2021-10-06,1011010801,食用菌,8.256178780620493,72,55.723,7.910810078423631
2021-10-07,1011010101,花叶类,7.177940248308845,100,183.783,4.086757208229271
2021-10-07,1011010201,花菜类,6.8312507122507125,5,23.278,7.88
2021-10-07,1011010402,水生根茎类,7.19351675683905,19,51.57,4.626044599573395
2021-10-07,1011010501,茄类,5.2567020689655175,10,20.343000000000004,6.702095561126677
2021-10-07,1011010504,辣椒类,5.744135452944834,45,62.908,3.8271715839002995
2021-10-07,1011010801,食用菌,8.250762113953826,72,45.794,7.184687950386514
2021-10-08,1011010101,花叶类,7.193640248308844,100,138.652,3.9447066757060845
2021-10-08,1011010201,花菜类,7.015250712250712,5,19.823,8.4
2021-10-08,1011010402,水生根茎类,7.187200967365365,19,49.695,5.286074051715464
2021-10-08,1011010501,茄类,5.175702068965517,10,23.041,6.4879401935679875
2021-10-08,1011010504,辣椒类,5.7490243418337235,45,65.80499999999999,3.884839905782236
2021-10-08,1011010801,食用菌,8.243262113953826,72,50.073,7.431454077047511
2021-10-09,1011010101,花叶类,7.269840248308844,100,133.096,4.342250030053495
2021-10-09,1011010201,花菜类,7.127250712250712,5,22.221999999999998,8.76
2021-10-09,1011010402,水生根茎类,7.18351675683905,19,41.198,4.745024515753191
2021-10-09,1011010501,茄类,4.823702068965518,10,16.791999999999998,6.37096712720343
2021-10-09,1011010504,辣椒类,5.732357675167057,45,61.377,4.0200322596412335
2021-10-09,1011010801,食用菌,8.261873225064937,72,33.34,5.853509298140372
2021-10-10,1011010101,花叶类,7.299840248308844,100,263.384,4.560728518057284
2021-10-10,1011010201,花菜类,7.341250712250712,5,41.877,8.88
2021-10-10,1011010402,水生根茎类,7.188253598944313,19,58.704,4.648323793949305
2021-10-10,1011010501,茄类,4.828702068965518,10,24.273,6.283103448275862
2021-10-10,1011010504,辣椒类,5.725246564055946,45,111.30600000000001,3.7683358489209926
2021-10-10,1011010801,食用菌,8.267567669509381,72,78.23400000000001,5.608323746708591
2021-10-11,1011010101,花叶类,7.329640248308845,100,88.447,4.9048814544303365
2021-10-11,1011010201,花菜类,7.4192507122507125,5,4.407,8.99
2021-10-11,1011010402,水生根茎类,7.188779914733787,19,45.351,4.6901733148111395
2021-10-11,1011010501,茄类,4.648702068965518,10,14.56,5.641133241758242
2021-10-11,1011010504,辣椒类,5.731691008500391,45,64.75500000000001,3.7730490309628597
2021-10-11,1011010801,食用菌,8.33045655839827,72,26.96,3.4986646884272994
2021-10-12,1011010101,花叶类,7.336640248308845,100,100.028,4.901175670812173
2021-10-12,1011010201,花菜类,7.497250712250713,5,18.627,9.18
2021-10-12,1011010402,水生根茎类,7.187200967365365,19,29.953000000000003,4.644091076019095
2021-10-12,1011010501,茄类,4.571702068965517,10,12.799000000000001,5.376798968669426
2021-10-12,1011010504,辣椒类,5.719913230722613,45,57.257,3.576493878477741
2021-10-12,1011010801,食用菌,8.296012113953825,72,38.769,4.916288787433259
2021-10-13,1011010101,花叶类,7.314640248308844,100,89.902,4.571079620030701
2021-10-13,1011010201,花菜类,7.575250712250712,5,16.528,9.45
2021-10-13,1011010402,水生根茎类,7.201411493681156,19,36.526,4.6
2021-10-13,1011010501,茄类,4.871702068965517,10,11.277000000000001,6.148495167154386
2021-10-13,1011010504,辣椒类,5.8419132307226125,45,44.341,3.9671658284657543
2021-10-13,1011010801,食用菌,8.307817669509381,72,39.51,5.991242723361174
2021-10-14,1011010101,花叶类,7.388640248308844,100,77.809,5.548232852240743
2021-10-14,1011010201,花菜类,7.587250712250712,5,14.852,9.45
2021-10-14,1011010402,水生根茎类,7.180358862102207,19,38.263999999999996,4.633940518503031
2021-10-14,1011010501,茄类,4.963702068965517,10,10.190999999999999,6.357176920812482
2021-10-14,1011010504,辣椒类,5.841024341833723,45,38.431,4.306844734719367
2021-10-14,1011010801,食用菌,8.31295655839827,72,28.438000000000002,6.955875940642802
2021-10-15,1011010101,花叶类,7.402540248308844,100,146.297,6.1534041709672795
2021-10-15,1011010201,花菜类,7.6692507122507125,5,23.991,8.428373139927475
2021-10-15,1011010402,水生根茎类,7.182990441049577,19,65.659,4.728053884463668
2021-10-15,1011010501,茄类,4.986702068965517,10,10.811,6.810193321616872
2021-10-15,1011010504,辣椒类,5.837246564055946,45,54.93300000000001,4.485554220595999
2021-10-15,1011010801,食用菌,8.262678780620492,72,84.89,7.206926610908234
2021-10-16,1011010101,花叶类,7.490040248308844,100,273.582,5.360767594359278
2021-10-16,1011010201,花菜类,7.823250712250713,5,36.28,9.47
2021-10-16,1011010402,水生根茎类,7.186674651575892,19,54.821,4.836804874044618
2021-10-16,1011010501,茄类,4.993702068965517,10,14.772,6.77333604115895
2021-10-16,1011010504,辣椒类,5.939246564055946,45,93.373,4.74409401004573
2021-10-16,1011010801,食用菌,8.247123225064936,72,73.514,5.482270043801182
2021-10-17,1011010101,花叶类,7.539240248308845,100,163.589,5.731359626869778
2021-10-17,1011010201,花菜类,7.987250712250713,5,26.795,9.58
2021-10-17,1011010402,水生根茎类,7.190885177891681,19,56.019999999999996,4.69696876115673
2021-10-17,1011010501,茄类,5.054702068965517,10,13.639,7.182262629225017
2021-10-17,1011010504,辣椒类,6.023246564055945,45,64.30799999999999,4.6944406605710025
2021-10-17,1011010801,食用菌,8.220734336176047,72,65.816,7.375689801871886
2021-10-18,1011010101,花叶类,7.544540248308845,100,84.784,5.804258468578976
2021-10-18,1011010201,花菜类,7.559250712250713,5,20.606,9.815979811705327
2021-10-18,1011010402,水生根茎类,7.187727283154839,19,44.513,4.6494188214678855
2021-10-18,1011010501,茄类,5.242702068965517,10,10.502,7.350699866692058
2021-10-18,1011010504,辣椒类,6.046579897389279,45,40.29,4.991973938942666
2021-10-18,1011010801,食用菌,8.23420655839827,72,30.066000000000003,5.480556109891571
2021-10-19,1011010101,花叶类,7.574540248308844,100,78.684,5.293555106501957
2021-10-19,1011010201,花菜类,7.603250712250713,5,16.958,10.22
2021-10-19,1011010402,水生根茎类,7.181411493681156,19,42.738,4.678780008423417
2021-10-19,1011010501,茄类,5.258702068965517,10,8.766,7.758696098562629
2021-10-19,1011010504,辣椒类,6.093913230722612,45,40.052,5.11443972835314
2021-10-19,1011010801,食用菌,8.267123225064937,72,32.2,6.160248447204969
2021-10-20,1011010101,花叶类,7.602740248308844,100,109.339,6.039019745927803
2021-10-20,1011010201,花菜类,7.8392507122507125,5,25.154,11.4
2021-10-20,1011010402,水生根茎类,7.208779914733786,19,41.248,4.682782680372382
2021-10-20,1011010501,茄类,5.392702068965518,10,8.978,7.920894408554243
2021-10-20,1011010504,辣椒类,6.161468786278168,45,43.480000000000004,5.363934452621895
2021-10-20,1011010801,食用菌,8.282678780620493,72,41.873,5.535782007498866
2021-10-21,1011010101,花叶类,7.604840248308844,100,79.858,6.074335570637882
2021-10-21,1011010201,花菜类,7.821250712250712,5,11.947,11.4
2021-10-21,1011010402,水生根茎类,7.228779914733788,19,46.91,4.6
2021-10-21,1011010501,茄类,5.459702068965518,10,11.262,7.524820635766293
2021-10-21,1011010504,辣椒类,6.17169100850039,45,29.336,5.5472382056176714
2021-10-21,1011010801,食用菌,8.311428780620492,72,38.753,4.710255464093103
2021-10-22,1011010101,花叶类,7.613040248308845,100,75.936,5.898601980615255
2021-10-22,1011010201,花菜类,7.881250712250713,5,16.412,12.01
2021-10-22,1011010402,水生根茎类,7.229832546312734,19,45.315,4.687030343153481
2021-10-22,1011010501,茄类,5.412702068965517,10,5.062,7.244926906361123
2021-10-22,1011010504,辣椒类,6.223468786278168,45,30.078,6.0685241704900585
2021-10-22,1011010801,食用菌,8.317539891731604,72,40.039,5.352001298733734
2021-10-23,1011010101,花叶类,7.6215855037832965,100,100.678,6.149470291424144
2021-10-23,1011010201,花菜类,8.003250712250713,5,18.086,12.58
2021-10-23,1011010402,水生根茎类,7.229306230523261,19,61.274,4.7031171459346535
2021-10-23,1011010501,茄类,5.613702068965518,10,9.346,7.854102289749624
2021-10-23,1011010504,辣椒类,6.230357675167057,45,51.363,6.08294200105134
2021-10-23,1011010801,食用菌,8.345317669509381,72,87.828,6.2531657330236365
2021-10-24,1011010101,花叶类,7.629885503783297,100,101.014,6.081309125467757
2021-10-24,1011010201,花菜类,8.603250712250713,5,9.108,13.34
2021-10-24,1011010402,水生根茎类,7.288779914733787,19,47.917,4.655614917461443
2021-10-24,1011010501,茄类,5.955702068965517,10,11.389000000000001,8.397100711212573
2021-10-24,1011010504,辣椒类,6.359024341833723,45,41.481,6.706951616402691
2021-10-24,1011010801,食用菌,8.326289891731603,72,55.632000000000005,5.278704342824274
2021-10-25,1011010101,花叶类,7.641585503783297,100,48.556,6.288996416508774
2021-10-25,1011010201,花菜类,8.819250712250712,5,8.749,14.38
2021-10-25,1011010402,水生根茎类,7.290885177891681,19,33.696,4.650979344729344
2021-10-25,1011010501,茄类,6.1477020689655175,10,7.279,8.863967577964006
2021-10-25,1011010504,辣椒类,6.404802119611501,45,27.46,6.994323379461034
2021-10-25,1011010801,食用菌,8.377817669509382,72,46.731,5.492543493612377
2021-10-26,1011010101,花叶类,7.639785503783298,100,66.948,6.574383103304057
2021-10-26,1011010201,花菜类,8.815250712250712,5,12.041,14.38
2021-10-26,1011010402,水生根茎类,7.294043072628523,19,37.215999999999994,4.617507254944111
2021-10-26,1011010501,茄类,6.167702068965517,10,8.68,9.181760368663596
2021-10-26,1011010504,辣椒类,6.435024341833723,45,35.664,7.011714333781965
2021-10-26,1011010801,食用菌,8.40670655839827,72,48.637,5.672717889672471
2021-10-27,1011010101,花叶类,7.6344855037832975,100,94.727,5.355718221837491
2021-10-27,1011010201,花菜类,8.779250712250711,5,15.305,14.22
2021-10-27,1011010402,水生根茎类,7.294043072628523,19,36.161,4.6
2021-10-27,1011010501,茄类,6.179702068965517,10,6.836,9.373698069046224
2021-10-27,1011010504,辣椒类,6.455913230722612,45,32.692,6.653346996207023
2021-10-27,1011010801,食用菌,8.400039891731602,72,35.369,6.043807571602251
2021-10-28,1011010101,花叶类,7.6443855037832975,100,80.941,5.648715607664842
2021-10-28,1011010201,花菜类,8.781250712250714,5,6.449,14.0
2021-10-28,1011010402,水生根茎类,7.294043072628523,19,37.949,4.6
2021-10-28,1011010501,茄类,6.305702068965518,10,3.122,9.73609865470852
2021-10-28,1011010504,辣椒类,6.468135452944835,45,25.502,7.054015371343425
2021-10-28,1011010801,食用菌,8.39281766950938,72,31.659,6.863305852995988
2021-10-29,1011010101,花叶类,7.628285503783298,100,89.73,6.302344700768972
2021-10-29,1011010201,花菜类,8.817250712250713,5,13.574,14.02
2021-10-29,1011010402,水生根茎类,7.316148335786419,19,40.045,4.6
2021-10-29,1011010501,茄类,6.255702068965517,10,11.123999999999999,8.775323624595469
2021-10-29,1011010504,辣椒类,6.517913230722613,45,25.203,7.221149863111535
2021-10-29,1011010801,食用菌,8.386151002842714,72,47.926,6.1509184993531685
2021-10-30,1011010101,花叶类,7.594985503783297,100,140.981,5.6498667196288865
2021-10-30,1011010201,花菜类,8.787250712250714,5,17.279,13.82
2021-10-30,1011010402,水生根茎类,7.316148335786419,19,59.756,4.720489992636722
2021-10-30,1011010501,茄类,6.231702068965517,10,12.133,9.438358196653754
2021-10-30,1011010504,辣椒类,6.632357675167057,45,26.181,8.04348840762385
2021-10-30,1011010801,食用菌,8.380178780620492,72,79.731,5.666995271600758
2021-10-31,1011010101,花叶类,7.600485503783298,100,92.342,6.362237984882286
2021-10-31,1011010201,花菜类,7.731250712250713,5,28.424,9.73
2021-10-31,1011010402,水生根茎类,7.316148335786419,19,55.961,4.6
2021-10-31,1011010501,茄类,5.749702068965517,10,8.639,8.99014237759
2021-10-31,1011010504,辣椒类,6.670579897389279,45,35.237,8.027698725771206
2021-10-31,1011010801,食用菌,8.353373225064935,72,75.305,5.903232853064204
2021-11-01,1011010101,花叶类,7.5300855037832966,100,60.969,6.231851924748643
2021-11-01,1011010201,花菜类,7.275250712250712,5,26.24,8.63
2021-11-01,1011010402,水生根茎类,7.399832546312735,19,44.316,4.6
2021-11-01,1011010501,茄类,5.320702068965518,10,10.293000000000001,7.218508695229767
2021-11-01,1011010504,辣椒类,6.746579897389279,45,23.438999999999997,8.274139681727037
2021-11-01,1011010801,食用菌,8.346428780620492,72,40.999,5.897556281860533
2021-11-02,1011010101,花叶类,7.461685503783298,100,68.05499999999999,4.828837704797591
2021-11-02,1011010201,花菜类,7.135250712250712,5,25.844,8.64
2021-11-02,1011010402,水生根茎类,7.424569388417996,19,39.893,4.6
2021-11-02,1011010501,茄类,5.298702068965516,10,13.551,6.8351272968784595
2021-11-02,1011010504,辣椒类,6.810135452944834,45,25.556,9.21114063233683
2021-11-02,1011010801,食用菌,8.341984336176047,72,49.667,5.091454084200777
2021-11-03,1011010101,花叶类,7.424785503783297,100,50.572,5.097536383769675
2021-11-03,1011010201,花菜类,7.135250712250712,5,27.868,8.64
2021-11-03,1011010402,水生根茎类,7.40930623052326,19,39.941,4.6
2021-11-03,1011010501,茄类,5.358702068965517,10,5.176,7.194750772797527
2021-11-03,1011010504,辣椒类,6.769024341833723,45,25.358999999999998,8.301996135494303
2021-11-03,1011010801,食用菌,8.319067669509382,72,82.957,5.289129307954724
2021-11-04,1011010101,花叶类,7.333785503783297,100,64.051,4.691246038313219
2021-11-04,1011010201,花菜类,7.1532507122507125,5,23.879,8.63
2021-11-04,1011010402,水生根茎类,7.377727283154839,19,42.366,4.769947599490157
2021-11-04,1011010501,茄类,5.329702068965517,10,12.227,6.677095771652899
2021-11-04,1011010504,辣椒类,6.774579897389279,45,24.241,8.599893568747165
2021-11-04,1011010801,食用菌,8.302123225064937,72,61.122,6.305006053466837
2021-11-05,1011010101,花叶类,7.321285503783297,100,83.867,4.420600713033731
2021-11-05,1011010201,花菜类,7.225250712250713,5,37.479,8.616097814776275
2021-11-05,1011010402,水生根茎类,7.377727283154839,19,58.696,4.6000000000000005
2021-11-05,1011010501,茄类,5.326702068965517,10,6.524,6.742691600245248
2021-11-05,1011010504,辣椒类,6.706802119611502,45,37.123000000000005,8.211931147805942
2021-11-05,1011010801,食用菌,8.284484336176048,72,104.608,5.509955643927807
2021-11-06,1011010101,花叶类,7.304485503783297,100,108.548,5.012558867966246
2021-11-06,1011010201,花菜类,6.9032507122507125,5,28.063,6.88
2021-11-06,1011010402,水生根茎类,7.377727283154839,19,63.927,4.631785630484772
2021-11-06,1011010501,茄类,5.282702068965517,10,9.658000000000001,6.5818647753158
2021-11-06,1011010504,辣椒类,6.675024341833724,45,35.493,8.262870988645648
2021-11-06,1011010801,食用菌,8.290734336176047,72,128.993,5.4292133681672645
2021-11-07,1011010101,花叶类,7.2895855037832975,100,145.887,5.171150822211712
2021-11-07,1011010201,花菜类,6.983250712250713,5,35.638,7.750000000000001
2021-11-07,1011010402,水生根茎类,7.378253598944313,19,64.62200000000001,4.615749280430812
2021-11-07,1011010501,茄类,5.398702068965518,10,14.185,6.844606979203384
2021-11-07,1011010504,辣椒类,6.658357675167057,45,46.669,8.030058711350147
2021-11-07,1011010801,食用菌,8.276151002842715,72,155.029,5.185276238639222
2021-11-08,1011010101,花叶类,7.277485503783297,100,66.376,4.528047035072918
2021-11-08,1011010201,花菜类,7.165250712250712,5,28.296,8.43
2021-11-08,1011010402,水生根茎类,7.386674651575893,19,58.811,4.94348234173879
2021-11-08,1011010501,茄类,5.664702068965517,10,10.661999999999999,6.87121553179516
2021-11-08,1011010504,辣椒类,6.714135452944835,45,24.775000000000002,8.9387580221998
2021-11-08,1011010801,食用菌,8.287123225064937,72,58.55799999999999,5.538584651115134
2021-11-09,1011010101,花叶类,7.308385503783297,100,44.867,4.456123654356208
2021-11-09,1011010201,花菜类,7.123250712250713,5,27.933,8.52
2021-11-09,1011010402,水生根茎类,7.359832546312734,19,43.617000000000004,4.8416608203223515
2021-11-09,1011010501,茄类,5.667702068965517,10,3.419,6.84
2021-11-09,1011010504,辣椒类,6.730135452944834,45,23.625999999999998,8.393381444171675
2021-11-09,1011010801,食用菌,8.298651002842714,72,52.288000000000004,5.9958675030599755
2021-11-10,1011010101,花叶类,7.300585503783298,100,49.063,4.043838534129589
2021-11-10,1011010201,花菜类,7.203250712250712,5,27.656,8.98
2021-11-10,1011010402,水生根茎类,7.257200967365367,19,49.851,4.838854787266053
2021-11-10,1011010501,茄类,5.563702068965517,10,3.044,6.925630749014455
2021-11-10,1011010504,辣椒类,6.830357675167058,45,28.642,8.574246910131974
2021-11-10,1011010801,食用菌,8.298512113953826,72,48.096000000000004,5.231386393878908
2021-11-11,1011010101,花叶类,7.314385503783297,100,48.787,4.592752167585627
2021-11-11,1011010201,花菜类,7.301250712250713,5,13.156,9.07
2021-11-11,1011010402,水生根茎类,7.277200967365366,19,35.903,4.879659081413809
2021-11-11,1011010501,茄类,5.584702068965518,10,3.602,7.628592448639644
2021-11-11,1011010504,辣椒类,6.867024341833724,45,22.692,8.532052265115459
2021-11-11,1011010801,食用菌,8.317262113953825,72,47.256,4.780126121550702
2021-11-12,1011010101,花叶类,7.305785503783297,100,51.422,4.156289525883864
2021-11-12,1011010201,花菜类,7.2652507122507135,5,18.935,8.89
2021-11-12,1011010402,水生根茎类,7.395095704207471,19,50.696,4.839033257061701
2021-11-12,1011010501,茄类,5.6077020689655175,10,10.337,8.083165328431846
2021-11-12,1011010504,辣椒类,6.930579897389279,45,25.182000000000002,8.626801286633308
2021-11-12,1011010801,食用菌,8.320178780620491,72,55.135999999999996,5.466829657573999
2021-11-13,1011010101,花叶类,7.341885503783297,100,70.452,4.6970704877079426
2021-11-13,1011010201,花菜类,7.261250712250712,5,20.049,8.87
2021-11-13,1011010402,水生根茎类,7.392990441049576,19,55.708,5.003492496589359
2021-11-13,1011010501,茄类,5.415702068965517,10,10.383,7.28077915823943
2021-11-13,1011010504,辣椒类,6.994357675167057,45,28.791999999999998,8.800812725757156
2021-11-13,1011010801,食用菌,8.32670655839827,72,57.321,5.535545262643708
2021-11-14,1011010101,花叶类,7.362585503783297,100,99.456,5.304660452863578
2021-11-14,1011010201,花菜类,7.667250712250713,5,30.582,8.89
2021-11-14,1011010402,水生根茎类,7.3608851778916815,19,53.547,4.905420658486936
2021-11-14,1011010501,茄类,5.634702068965518,10,14.612,7.987120175198466
2021-11-14,1011010504,辣椒类,6.955913230722612,45,39.412,8.389527555059372
2021-11-14,1011010801,食用菌,8.321289891731602,72,71.072,6.536953230526789
2021-11-15,1011010101,花叶类,7.3844855037832975,100,42.62,4.913408493664947
2021-11-15,1011010201,花菜类,7.751250712250713,5,12.677,8.89
2021-11-15,1011010402,水生根茎类,7.359306230523261,19,28.879,4.8
2021-11-15,1011010501,茄类,5.635702068965517,10,7.193999999999999,7.356219071448429
2021-11-15,1011010504,辣椒类,7.025024341833724,45,29.577,7.780474016972648
2021-11-15,1011010801,食用菌,8.307123225064936,72,36.29,5.818940755028934
2021-11-16,1011010101,花叶类,7.572785503783297,100,53.515,5.076115107913669
2021-11-16,1011010201,花菜类,7.825250712250712,5,12.525,8.89
2021-11-16,1011010402,水生根茎类,7.35772728315484,19,19.63,4.8
2021-11-16,1011010501,茄类,5.563702068965517,10,2.834,7.63940014114326
2021-11-16,1011010504,辣椒类,7.021913230722612,45,27.575,8.683838621940163
2021-11-16,1011010801,食用菌,8.296151002842715,72,36.117999999999995,6.147119995570076
2021-11-17,1011010101,花叶类,7.587185503783298,100,45.689,5.17670489614568
2021-11-17,1011010201,花菜类,7.947250712250712,5,15.791,9.02
2021-11-17,1011010402,水生根茎类,7.35772728315484,19,34.26,4.8642148277875075
2021-11-17,1011010501,茄类,5.568702068965517,10,7.203,6.88600583090379
2021-11-17,1011010504,辣椒类,6.935468786278168,45,23.355,8.384589167201884
2021-11-17,1011010801,食用菌,8.310734336176047,72,44.036,5.813206921609592
2021-11-18,1011010101,花叶类,7.550885503783297,100,41.864000000000004,5.020379801261227
2021-11-18,1011010201,花菜类,8.111250712250712,5,6.018,9.12
2021-11-18,1011010402,水生根茎类,7.36351675683905,19,21.426,4.8
2021-11-18,1011010501,茄类,5.510702068965517,10,3.246,7.140705483672212
2021-11-18,1011010504,辣椒类,6.854135452944835,45,16.566,8.275142460461186
2021-11-18,1011010801,食用菌,8.316428780620491,72,35.182,6.192348075720538
2021-11-19,1011010101,花叶类,7.531285503783297,100,38.008,4.815923226689118
2021-11-19,1011010201,花菜类,8.129250712250712,5,8.768,9.21
2021-11-19,1011010402,水生根茎类,7.355622019996946,19,28.706,4.8
2021-11-19,1011010501,茄类,5.464702068965517,10,6.776,6.971928866587957
2021-11-19,1011010504,辣椒类,6.844357675167057,45,19.490000000000002,8.504956387891225
2021-11-19,1011010801,食用菌,8.31420655839827,72,35.174,6.659150508898619
2021-11-20,1011010101,花叶类,7.5757855037832975,100,95.757,4.562018442515951
2021-11-20,1011010201,花菜类,8.135250712250713,5,14.406,9.24
2021-11-20,1011010402,水生根茎类,7.229832546312734,19,55.583999999999996,4.768900762809442
2021-11-20,1011010501,茄类,5.490702068965517,10,9.051,7.30647000331455
2021-11-20,1011010504,辣椒类,6.8192465640559465,45,34.164,8.094867696990983
2021-11-20,1011010801,食用菌,8.294484336176048,72,73.711,5.443432459198763
2021-11-21,1011010101,花叶类,7.580385503783297,100,80.775,4.712546456205509
2021-11-21,1011010201,花菜类,8.135250712250713,5,19.739,9.24
2021-11-21,1011010402,水生根茎类,7.2319378094706295,19,47.590999999999994,4.7752074972158605
2021-11-21,1011010501,茄类,5.564702068965518,10,17.990000000000002,6.7222506948304614
2021-11-21,1011010504,辣椒类,6.789246564055945,45,30.26,8.275395241242563
2021-11-21,1011010801,食用菌,8.245178780620492,72,102.367,4.610590326960837
2021-11-22,1011010101,花叶类,7.531385503783297,100,42.247,5.231669704357706
2021-11-22,1011010201,花菜类,8.135250712250713,5,9.756,9.24
2021-11-22,1011010402,水生根茎类,7.23509570420747,19,32.75,4.764958778625954
2021-11-22,1011010501,茄类,5.528702068965517,10,9.175,7.050899182561307
2021-11-22,1011010504,辣椒类,6.825246564055946,45,22.036,8.206650027228171
2021-11-22,1011010801,食用菌,8.222401002842714,72,24.416,6.728833142201835
2021-11-23,1011010101,花叶类,7.5502855037832965,100,55.622,4.382002624860666
2021-11-23,1011010201,花菜类,8.223250712250714,5,9.495,10.48
2021-11-23,1011010402,水生根茎类,7.2387799147337875,19,31.403,4.790658217367767
2021-11-23,1011010501,茄类,5.458702068965517,10,5.163,7.2234727871392606
2021-11-23,1011010504,辣椒类,6.75569100850039,45,18.004,8.13687680515441
2021-11-23,1011010801,食用菌,8.150873225064936,72,24.705,4.932199959522364
2021-11-24,1011010101,花叶类,7.511885503783297,100,39.991,4.101800655147408
2021-11-24,1011010201,花菜类,8.255250712250712,5,12.559,10.539999999999997
2021-11-24,1011010402,水生根茎类,7.404043072628523,19,33.315,5.211038571214168
2021-11-24,1011010501,茄类,5.624702068965517,10,9.217,7.845643918845611
2021-11-24,1011010504,辣椒类,6.8081354529448355,45,21.68,8.493379151291514
2021-11-24,1011010801,食用菌,8.228651002842716,72,22.259,3.2553124578822046
2021-11-25,1011010101,花叶类,7.505185503783297,100,44.906,4.30470761145504
2021-11-25,1011010201,花菜类,8.169250712250712,5,10.217,10.69
2021-11-25,1011010402,水生根茎类,7.430358862102207,19,30.299,4.767725997557675
2021-11-25,1011010501,茄类,5.635702068965517,10,5.166,8.080925280681377
2021-11-25,1011010504,辣椒类,6.788135452944834,45,20.413,8.542857982658111
2021-11-25,1011010801,食用菌,8.21684544728716,72,17.266,2.6416077840843277
2021-11-26,1011010101,花叶类,7.4801855037832965,100,51.836,4.809025773593642
2021-11-26,1011010201,花菜类,7.309250712250713,5,17.511,8.28
2021-11-26,1011010402,水生根茎类,7.381411493681155,19,41.233999999999995,5.0716607653877865
2021-11-26,1011010501,茄类,5.629702068965517,10,6.0600000000000005,6.9590660066006595
2021-11-26,1011010504,辣椒类,6.758135452944836,45,14.854999999999999,8.571739481656008
2021-11-26,1011010801,食用菌,8.220039891731604,72,23.644,2.8079542378616145
2021-11-27,1011010101,花叶类,7.463685503783297,100,68.057,4.302766357612001
2021-11-27,1011010201,花菜类,7.475250712250713,5,23.115,8.52
2021-11-27,1011010402,水生根茎类,7.391411493681154,19,58.68,4.854048398091343
2021-11-27,1011010501,茄类,5.585702068965517,10,11.622000000000002,6.135937876441233
2021-11-27,1011010504,辣椒类,6.6623576751670575,45,37.591,7.907129366071666
2021-11-27,1011010801,食用菌,8.216151002842714,72,44.646,2.7661553106661287
2021-11-28,1011010101,花叶类,7.457585503783297,100,78.347,4.155999719197927
2021-11-28,1011010201,花菜类,7.727250712250712,5,21.817,8.6
2021-11-28,1011010402,水生根茎类,7.394569388417997,19,49.546,4.755115044605013
2021-11-28,1011010501,茄类,5.559702068965517,10,9.693999999999999,6.300263049308851
2021-11-28,1011010504,辣椒类,6.592579897389279,45,25.149,7.962690365422085
2021-11-28,1011010801,食用菌,8.161289891731604,72,56.96,5.08925544241573
2021-11-29,1011010101,花叶类,7.434285503783298,100,57.865,3.741679944698868
2021-11-29,1011010201,花菜类,7.833250712250712,5,9.182,9.13
2021-11-29,1011010402,水生根茎类,7.386674651575893,19,29.919999999999998,4.604310160427807
2021-11-29,1011010501,茄类,5.351702068965517,10,5.796,7.054679089026915
2021-11-29,1011010504,辣椒类,6.604802119611501,45,19.811999999999998,7.7262653947102775
2021-11-29,1011010801,食用菌,8.147817669509381,72,20.934,2.728709276774625
2021-11-30,1011010101,花叶类,7.421185503783297,100,43.009,4.1848266641865655
2021-11-30,1011010201,花菜类,7.629250712250712,5,25.737,8.11
2021-11-30,1011010402,水生根茎类,7.394569388417997,19,30.369,4.663604662649412
2021-11-30,1011010501,茄类,5.348702068965517,10,7.103,6.186940729269324
2021-11-30,1011010504,辣椒类,6.673246564055947,45,32.472,8.097985957132298
2021-11-30,1011010801,食用菌,8.183234336176048,72,30.467,2.5789434470082386
2021-12-01,1011010101,花叶类,7.447585503783297,100,74.607,3.8238929322985777
2021-12-01,1011010201,花菜类,7.4512507122507134,5,18.93,7.22
2021-12-01,1011010402,水生根茎类,7.40930623052326,19,30.015,4.980675662168915
2021-12-01,1011010501,茄类,5.398702068965518,10,5.252,5.815927265803504
2021-12-01,1011010504,辣椒类,6.625468786278168,45,24.119,8.059553878684854
2021-12-01,1011010801,食用菌,8.159206558398271,72,24.864,2.434388272200772
2021-12-02,1011010101,花叶类,7.448085503783297,100,58.359,3.498613410099556
2021-12-02,1011010201,花菜类,7.465250712250713,5,18.262999999999998,7.290000000000001
2021-12-02,1011010402,水生根茎类,7.40930623052326,19,25.404,4.518415997480711
2021-12-02,1011010501,茄类,5.408702068965517,10,4.474,6.130873938310236
2021-12-02,1011010504,辣椒类,6.596579897389279,45,22.703,8.111913843985377
2021-12-02,1011010801,食用菌,8.099067669509381,72,20.085,2.628202638785163
2021-12-03,1011010101,花叶类,7.459485503783298,100,73.84700000000001,3.6576357875066012
2021-12-03,1011010201,花菜类,7.5812507122507125,5,20.739,7.48
2021-12-03,1011010402,水生根茎类,7.405095704207471,19,18.925,4.856063936591809
2021-12-03,1011010501,茄类,5.318702068965517,10,5.683,5.947133556220306
2021-12-03,1011010504,辣椒类,6.592135452944834,45,25.931,7.939064054606455
2021-12-03,1011010801,食用菌,8.158789891731603,72,54.498,6.200399647693494
2021-12-04,1011010101,花叶类,7.457185503783297,100,93.905,4.0728069857835045
2021-12-04,1011010201,花菜类,7.763250712250712,5,22.865000000000002,8.35
2021-12-04,1011010402,水生根茎类,7.405095704207471,19,62.259,4.671496169228546
2021-12-04,1011010501,茄类,5.323702068965518,10,9.205,6.314763715372081
2021-12-04,1011010504,辣椒类,6.605468786278168,45,36.36,7.570274477447745
2021-12-04,1011010801,食用菌,8.145873225064937,72,92.695,5.623011489292843
2021-12-05,1011010101,花叶类,7.4576855037832965,100,115.184,3.9041101194610364
2021-12-05,1011010201,花菜类,7.707250712250712,5,25.795,8.47
2021-12-05,1011010402,水生根茎类,7.407200967365366,19,50.994,4.671990234145194
2021-12-05,1011010501,茄类,5.221702068965517,10,10.65,6.2725014084507045
2021-12-05,1011010504,辣椒类,6.797024341833724,45,37.123,7.851178784042239
2021-12-05,1011010801,食用菌,8.15434544728716,72,100.244,5.298650093771198
2021-12-06,1011010101,花叶类,7.449985503783297,100,64.231,4.163360059784217
2021-12-06,1011010201,花菜类,7.563250712250712,5,14.424,8.64
2021-12-06,1011010402,水生根茎类,7.407200967365366,19,12.844,4.639054811585176
2021-12-06,1011010501,茄类,5.1927020689655174,10,8.862,6.068077183480027
2021-12-06,1011010504,辣椒类,6.796135452944835,45,37.461,7.8560836603400865
2021-12-06,1011010801,食用菌,8.13684544728716,72,45.510999999999996,4.215845619740283
2021-12-07,1011010101,花叶类,7.480485503783298,100,63.263,4.048696078276402
2021-12-07,1011010201,花菜类,7.5892507122507125,5,16.639,8.77
2021-12-07,1011010402,水生根茎类,7.405622019996945,19,31.831,4.554337595425843
2021-12-07,1011010501,茄类,5.130702068965517,10,6.648000000000001,6.43182761732852
2021-12-07,1011010504,辣椒类,6.863024341833723,45,29.637999999999998,7.438829205749376
2021-12-07,1011010801,食用菌,8.137539891731603,72,36.621,5.669528139592036
2021-12-08,1011010101,花叶类,7.461185503783297,100,70.377,3.942580104295437
2021-12-08,1011010201,花菜类,7.621250712250712,5,15.059000000000001,8.96
2021-12-08,1011010402,水生根茎类,7.408253598944314,19,25.319000000000003,4.654973340179312
2021-12-08,1011010501,茄类,5.082702068965517,10,7.96,6.293487437185929
2021-12-08,1011010504,辣椒类,6.7714687862781675,45,24.709999999999997,7.12840712262242
2021-12-08,1011010801,食用菌,8.113651002842714,72,48.245999999999995,5.023311362600009
2021-12-09,1011010101,花叶类,7.452085503783297,100,57.675000000000004,3.8180833983528393
2021-12-09,1011010201,花菜类,7.631250712250713,5,12.175,9.12
2021-12-09,1011010402,水生根茎类,7.410358862102208,19,25.262,4.525374079645316
2021-12-09,1011010501,茄类,5.095702068965517,10,7.254,6.320496277915633
2021-12-09,1011010504,辣椒类,6.70857989738928,45,24.153,7.391305013869914
2021-12-09,1011010801,食用菌,8.122123225064936,72,42.728,6.403774105972664
2021-12-10,1011010101,花叶类,7.479685503783298,100,68.296,3.7295520967553
2021-12-10,1011010201,花菜类,7.679250712250711,5,14.231,9.36
2021-12-10,1011010402,水生根茎类,7.415095704207471,19,32.792,4.658541107587216
2021-12-10,1011010501,茄类,4.9987020689655175,10,8.928,5.9104032258064505
2021-12-10,1011010504,辣椒类,6.6221354529448355,45,26.56,7.340462349397591
2021-12-10,1011010801,食用菌,8.102539891731602,72,55.263,5.476994553317772
2021-12-11,1011010101,花叶类,7.471585503783297,100,141.287,3.7805805912787442
2021-12-11,1011010201,花菜类,7.573250712250713,5,30.45,9.42
2021-12-11,1011010402,水生根茎类,7.399832546312735,19,124.24000000000001,4.171332904056664
2021-12-11,1011010501,茄类,5.106702068965517,10,10.713999999999999,5.8885560948291955
2021-12-11,1011010504,辣椒类,6.628135452944835,45,43.575,7.528245324153758
2021-12-11,1011010801,食用菌,8.068234336176047,72,121.63499999999999,5.607427138570313
2021-12-12,1011010101,花叶类,7.475185503783297,100,116.349,3.8270484490627337
2021-12-12,1011010201,花菜类,7.477250712250712,5,15.656,9.35
2021-12-12,1011010402,水生根茎类,7.392464125260102,19,61.198,4.675933200431387
2021-12-12,1011010501,茄类,5.077702068965517,10,10.425999999999998,5.670518895070018
2021-12-12,1011010504,辣椒类,6.70857989738928,45,43.444,7.350771107632815
2021-12-12,1011010801,食用菌,8.049762113953825,72,80.30199999999999,5.793424198650096
2021-12-13,1011010101,花叶类,7.471985503783298,100,61.915,3.4170897197771137
2021-12-13,1011010201,花菜类,7.401250712250712,5,27.924999999999997,8.093101521933752
2021-12-13,1011010402,水生根茎类,7.359832546312734,19,21.832,4.751603151337486
2021-12-13,1011010501,茄类,5.097702068965517,10,1.537,7.488418998048147
2021-12-13,1011010504,辣椒类,6.723024341833723,45,33.333000000000006,6.847674976749766
2021-12-13,1011010801,食用菌,8.059067669509382,72,92.884,3.0232359717497093
2021-12-14,1011010101,花叶类,7.438185503783298,100,66.116,3.387973410369653
2021-12-14,1011010201,花菜类,6.723250712250713,5,13.141,8.21
2021-12-14,1011010402,水生根茎类,7.369832546312733,19,33.175000000000004,4.613070685757347
2021-12-14,1011010501,茄类,5.105702068965518,10,5.472,6.791553362573098
2021-12-14,1011010504,辣椒类,6.962579897389279,45,30.287000000000003,7.765350480404134
2021-12-14,1011010801,食用菌,8.06059544728716,72,103.51599999999999,3.007958673055373
2021-12-15,1011010101,花叶类,7.435785503783297,100,101.666,3.1483384809080714
2021-12-15,1011010201,花菜类,6.543250712250712,5,18.179,8.06
2021-12-15,1011010402,水生根茎类,7.381411493681155,19,2.6020000000000003,3.52
2021-12-15,1011010501,茄类,4.962702068965518,10,6.299,6.059322114621368
2021-12-15,1011010504,辣椒类,6.941913230722613,45,29.243000000000002,7.202162226857709
2021-12-15,1011010801,食用菌,8.149762113953825,72,64.376,5.084417484776935
2021-12-16,1011010101,花叶类,7.444745430659996,100,99.125,2.529089533417402
2021-12-16,1011010201,花菜类,6.425250712250713,5,25.768,7.470000000000001
2021-12-16,1011010402,水生根茎类,7.418779914733787,19,39.568999999999996,4.680956809623695
2021-12-16,1011010501,茄类,4.961702068965517,10,4.506,6.006005326231691
2021-12-16,1011010504,辣椒类,6.925024341833724,45,33.832,7.002697741782927
2021-12-16,1011010801,食用菌,8.191289891731603,72,51.855999999999995,6.561943844492441
2021-12-17,1011010101,花叶类,7.44935147461604,100,97.582,2.8027530692135847
2021-12-17,1011010201,花菜类,6.299250712250712,5,34.299,6.84
2021-12-17,1011010402,水生根茎类,7.442464125260102,19,40.153999999999996,4.64194750211685
2021-12-17,1011010501,茄类,4.991702068965518,10,10.173,6.553420819817162
2021-12-17,1011010504,辣椒类,7.1063576751670565,45,34.227999999999994,7.617885941334581
2021-12-17,1011010801,食用菌,8.165595447287158,72,69.729,5.346647736235999
2021-12-18,1011010101,花叶类,7.443151474616039,100,109.389,2.936932781175438
2021-12-18,1011010201,花菜类,6.283250712250712,5,42.242,6.76
2021-12-18,1011010402,水生根茎类,7.351060616488173,19,70.551,4.316484954146645
2021-12-18,1011010501,茄类,5.219702068965518,10,11.996,6.9413171057019
2021-12-18,1011010504,辣椒类,7.021913230722613,45,59.298,6.707441060406759
2021-12-18,1011010801,食用菌,8.079623225064937,72,114.017,5.0850874869537
2021-12-19,1011010101,花叶类,7.421051474616039,100,147.891,2.812249494560183
2021-12-19,1011010201,花菜类,6.127250712250712,5,51.133,6.34
2021-12-19,1011010402,水生根茎类,7.325797458593435,19,67.19,4.597601428784045
2021-12-19,1011010501,茄类,5.220702068965517,10,9.451,6.688475293619723
2021-12-19,1011010504,辣椒类,6.874135452944834,45,52.98,6.77530577576444
2021-12-19,1011010801,食用菌,8.031289891731603,72,118.836,3.474879413645696
2021-12-20,1011010101,花叶类,7.43285147461604,100,82.832,2.561126738458567
2021-12-20,1011010201,花菜类,5.729250712250712,5,25.78,4.96
2021-12-20,1011010402,水生根茎类,7.32211324806712,19,38.283,4.578611916516469
2021-12-20,1011010501,茄类,5.197702068965517,10,6.115,6.498498773507768
2021-12-20,1011010504,辣椒类,6.964381420686769,45,50.948,6.575598257046401
2021-12-20,1011010801,食用菌,8.061428780620492,72,60.872,3.992221546852411
2021-12-21,1011010101,花叶类,7.424451474616039,100,71.006,2.535111680703039
2021-12-21,1011010201,花菜类,5.687250712250712,5,18.202,4.97
2021-12-21,1011010402,水生根茎类,7.322639563856595,19,48.369,4.770272902065372
2021-12-21,1011010501,茄类,5.210702068965517,10,6.431,6.93679054579381
2021-12-21,1011010504,辣椒类,6.981270309575659,45,31.633,6.362860936363924
2021-12-21,1011010801,食用菌,8.060178780620493,72,54.261,6.427747000608171
2021-12-22,1011010101,花叶类,7.414851474616039,100,75.729,2.766943971265962
2021-12-22,1011010201,花菜类,5.723250712250712,5,14.458,4.98
2021-12-22,1011010402,水生根茎类,7.320534300698699,19,31.469,4.592782738568115
2021-12-22,1011010501,茄类,5.226702068965517,10,4.455,7.7135241301907955
2021-12-22,1011010504,辣椒类,6.981048087353437,45,22.57,6.5750230394328755
2021-12-22,1011010801,食用菌,8.074623225064936,72,50.263000000000005,5.2523713268209224
2021-12-23,1011010101,花叶类,7.38905147461604,100,91.213,2.5937801629153743
2021-12-23,1011010201,花菜类,5.769250712250712,5,24.073,5.022892452124787
2021-12-23,1011010402,水生根茎类,7.342639563856594,19,30.021,4.701369041670831
2021-12-23,1011010501,茄类,5.247702068965518,10,6.563,6.3427472192594845
2021-12-23,1011010504,辣椒类,6.92327030957566,45,33.503,6.217360236396741
2021-12-23,1011010801,食用菌,8.075734336176048,72,47.43,7.1026786843769765
2021-12-24,1011010101,花叶类,7.35125147461604,100,120.944,2.1214066840851964
2021-12-24,1011010201,花菜类,5.959250712250713,5,30.134999999999998,5.540000000000001
2021-12-24,1011010402,水生根茎类,7.376850090172383,19,35.441,4.8
2021-12-24,1011010501,茄类,4.866702068965518,10,8.624,5.878480983302412
2021-12-24,1011010504,辣椒类,6.794825865131214,45,52.243,6.023767011848477
2021-12-24,1011010801,食用菌,8.01670655839827,72,63.471999999999994,6.519603919838668
2021-12-25,1011010101,花叶类,7.282051474616039,100,180.787,2.468756381819489
2021-12-25,1011010201,花菜类,5.865250712250712,5,33.162,5.69
2021-12-25,1011010402,水生根茎类,7.374218511225015,19,66.839,4.7206840317778545
2021-12-25,1011010501,茄类,5.017702068965518,10,13.596,6.280698734922036
2021-12-25,1011010504,辣椒类,6.813936976242326,45,65.339,6.242995607523837
2021-12-25,1011010801,食用菌,8.068928780620492,72,137.522,5.916436352001862
2021-12-26,1011010101,花叶类,7.318206020070585,100,209.712,2.5495553902494854
2021-12-26,1011010201,花菜类,5.905250712250712,5,28.498,5.96
2021-12-26,1011010402,水生根茎类,7.3757974585934365,19,95.584,4.723634499497823
2021-12-26,1011010501,茄类,5.019702068965517,10,9.123000000000001,7.002222952975995
2021-12-26,1011010504,辣椒类,6.780159198464548,45,64.634,5.941702354797784
2021-12-26,1011010801,食用菌,8.072262113953826,72,92.322,6.299931435627478
2021-12-27,1011010101,花叶类,7.3360060200705846,100,82.705,2.086055135723354
2021-12-27,1011010201,花菜类,5.901250712250713,5,15.213,5.97
2021-12-27,1011010402,水生根茎类,7.373692195435542,19,42.155,4.667523899893252
2021-12-27,1011010501,茄类,5.017702068965518,10,5.35,6.839715887850468
2021-12-27,1011010504,辣椒类,6.8181591984645475,45,37.586,5.475302772308838
2021-12-27,1011010801,食用菌,8.073651002842714,72,39.641999999999996,3.7056823570960096
2021-12-28,1011010101,花叶类,7.353506020070585,100,86.04299999999999,2.264579454458817
2021-12-28,1011010201,花菜类,5.8952507122507125,5,24.145,5.94
2021-12-28,1011010402,水生根茎类,7.3631658796460675,19,35.054,4.675508643806698
2021-12-28,1011010501,茄类,4.973702068965517,10,5.317,6.5729208200112845
2021-12-28,1011010504,辣椒类,6.701270309575659,45,42.784,6.253548990276738
2021-12-28,1011010801,食用菌,8.11156766950938,72,39.004,2.386389088298636
2021-12-29,1011010101,花叶类,7.340306020070585,100,68.16499999999999,2.6426412381720827
2021-12-29,1011010201,花菜类,5.843250712250713,5,24.749,5.680000000000001
2021-12-29,1011010402,水生根茎类,7.358429037540804,19,34.882000000000005,4.6451132389197864
2021-12-29,1011010501,茄类,4.962702068965518,10,3.0269999999999997,5.585939874463165
2021-12-29,1011010504,辣椒类,6.7043814206867705,45,35.3,6.180628328611899
2021-12-29,1011010801,食用菌,8.090201928768641,72,28.395,3.409676351470329
2021-12-30,1011010101,花叶类,7.334406020070585,100,84.271,2.2193289506473164
2021-12-30,1011010201,花菜类,5.729250712250712,5,17.651,5.11
2021-12-30,1011010402,水生根茎类,7.360007984909225,19,37.37,4.560478993845331
2021-12-30,1011010501,茄类,4.989702068965517,10,11.272,7.075480837473386
2021-12-30,1011010504,辣椒类,6.83438142068677,45,35.101,6.118836500384605
2021-12-30,1011010801,食用菌,8.109318595435306,72,31.745,3.294510946605765
2021-12-31,1011010101,花叶类,7.258106020070585,100,125.70100000000001,2.598943842928855
2021-12-31,1011010201,花菜类,5.749250712250712,5,69.793,3.890540741908214
2021-12-31,1011010402,水生根茎类,7.367902721751331,19,60.713,4.7336010409632205
2021-12-31,1011010501,茄类,4.933702068965518,10,12.997,6.575215049626838
2021-12-31,1011010504,辣椒类,6.813061868576521,45,66.714,6.123462391701891
2021-12-31,1011010801,食用菌,8.094457484324195,72,88.954,5.910269465116802
2022-01-01,1011010101,花叶类,7.250606020070585,100,138.402,2.4752856172598663
2022-01-01,1011010201,花菜类,5.6852507122507125,5,38.272,5.19
2022-01-01,1011010402,水生根茎类,7.37211324806712,19,82.658,4.666473904522248
2022-01-01,1011010501,茄类,4.742702068965517,10,18.427999999999997,5.972413175602345
2022-01-01,1011010504,辣椒类,6.749506313020965,45,57.833,6.161887157851053
2022-01-01,1011010801,食用菌,8.110568595435307,72,90.656,5.5783021531944925
2022-01-02,1011010101,花叶类,7.248606020070586,100,110.54299999999999,2.2943528762562986
2022-01-02,1011010201,花菜类,5.727250712250712,5,26.605,5.4
2022-01-02,1011010402,水生根茎类,7.3689553533302785,19,27.438000000000002,4.598090239813397
2022-01-02,1011010501,茄类,4.673702068965517,10,13.349,5.965782455614653
2022-01-02,1011010504,辣椒类,6.765284090798742,45,45.828,6.2200250938291
2022-01-02,1011010801,食用菌,8.0806611880279,72,59.918,2.966379218264962
2022-01-03,1011010101,花叶类,7.245206020070586,100,90.081,2.4110460585473077
2022-01-03,1011010201,花菜类,5.821250712250713,5,38.027,5.57
2022-01-03,1011010402,水生根茎类,7.369481669119752,19,59.009,4.790889525326645
2022-01-03,1011010501,茄类,4.675702068965517,10,12.782,6.142688155218275
2022-01-03,1011010504,辣椒类,6.6043952019098535,45,81.754,5.85924321745725
2022-01-03,1011010801,食用菌,8.113994521361233,72,59.045,5.80451520027098
2022-01-04,1011010101,花叶类,7.257206020070584,100,70.388,2.2278344320054555
2022-01-04,1011010201,花菜类,5.783250712250712,5,45.257,5.38
2022-01-04,1011010402,水生根茎类,7.367376405961857,19,46.598,4.789863942658482
2022-01-04,1011010501,茄类,4.668702068965517,10,8.174,5.768705652067532
2022-01-04,1011010504,辣椒类,6.430172979687631,45,58.207,5.713954163588571
2022-01-04,1011010801,食用菌,8.100383410250123,72,63.48,5.703659735349716
2022-01-05,1011010101,花叶类,7.257206020070584,100,65.654,2.198450208669693
2022-01-05,1011010201,花菜类,5.819250712250712,5,39.688,5.46
2022-01-05,1011010402,水生根茎类,7.366323774382909,19,34.15,4.68931654465593
2022-01-05,1011010501,茄类,4.678702068965517,10,9.827,6.371188562124758
2022-01-05,1011010504,辣椒类,6.271728535243187,45,66.638,5.533041207719319
2022-01-05,1011010801,食用菌,8.111494521361232,72,40.437,6.799609268739027
2022-01-06,1011010101,花叶类,7.257106020070585,100,60.316,2.0396224882286624
2022-01-06,1011010201,花菜类,5.809250712250712,5,35.897,5.41
2022-01-06,1011010402,水生根茎类,7.365797458593437,19,34.198,4.693214807883502
2022-01-06,1011010501,茄类,4.6717020689655175,10,7.001,5.963603770889873
2022-01-06,1011010504,辣椒类,6.254395201909853,45,66.856,5.533928443221252
2022-01-06,1011010801,食用菌,8.107795026411738,72,44.278,5.319477844527756
2022-01-07,1011010101,花叶类,7.326006020070585,100,90.664,2.46098980852378
2022-01-07,1011010201,花菜类,5.707250712250712,5,31.834,5.1
2022-01-07,1011010402,水生根茎类,7.367376405961857,19,46.045,4.702954066673906
2022-01-07,1011010501,茄类,4.743702068965517,10,16.284,6.27009150085974
2022-01-07,1011010504,辣椒类,6.323728535243187,45,49.32,5.649526966747769
2022-01-07,1011010801,食用菌,8.12265613752285,72,78.764,6.878050886191661
2022-01-08,1011010101,花叶类,7.2167060200705855,100,130.766,2.2463145618891764
2022-01-08,1011010201,花菜类,5.583250712250712,5,43.284,4.84
2022-01-08,1011010402,水生根茎类,7.368429037540804,19,60.006,4.769819351398192
2022-01-08,1011010501,茄类,4.888702068965517,10,14.224,6.476919291338583
2022-01-08,1011010504,辣椒类,6.231174102022087,45,80.046,5.708257501936387
2022-01-08,1011010801,食用菌,8.105295026411738,72,112.41199999999999,6.160516314984166
2022-01-09,1011010101,花叶类,7.203006020070585,100,147.52800000000002,2.2179014153245484
2022-01-09,1011010201,花菜类,5.3952507122507125,5,114.262,3.754526614272461
2022-01-09,1011010402,水生根茎类,7.366850090172383,19,59.741,5.09554309435731
2022-01-09,1011010501,茄类,4.883702068965517,10,11.879,6.306426466874316
2022-01-09,1011010504,辣椒类,6.1951741020220865,45,81.556,5.506038304968365
2022-01-09,1011010801,食用菌,8.07751724863396,72,84.804,6.68454318192538
2022-01-10,1011010101,花叶类,7.190306020070585,100,76.365,1.9597331238132654
2022-01-10,1011010201,花菜类,5.3712507122507125,5,35.175,3.82
2022-01-10,1011010402,水生根茎类,7.374744827014489,19,56.153,4.9302904564315355
2022-01-10,1011010501,茄类,4.860702068965518,10,8.581999999999999,6.309128408296435
2022-01-10,1011010504,辣椒类,6.285174102022087,45,57.480999999999995,5.612263356587394
2022-01-10,1011010801,食用菌,8.080295026411738,72,46.232,6.843081199169406
2022-01-11,1011010101,花叶类,7.184106020070585,100,86.15,1.982164596633778
2022-01-11,1011010201,花菜类,5.4192507122507125,5,54.466,4.06
2022-01-11,1011010402,水生根茎类,7.381586932277646,19,29.824,5.061578594420601
2022-01-11,1011010501,茄类,4.864702068965517,10,10.573,5.9766423909959325
2022-01-11,1011010504,辣椒类,6.268285213133198,45,81.87,5.468363136680102
2022-01-11,1011010801,食用菌,8.012239470856182,72,33.489,4.616681596942279
2022-01-12,1011010101,花叶类,7.180006020070586,100,85.232,2.0561163647456357
2022-01-12,1011010201,花菜类,5.359250712250712,5,35.007,3.7600000000000002
2022-01-12,1011010402,水生根茎类,7.3836921954355414,19,41.626000000000005,5.317345889588237
2022-01-12,1011010501,茄类,4.923702068965517,10,10.637,6.2230252890852675
2022-01-12,1011010504,辣椒类,6.340285213133199,45,74.888,5.262112220916568
2022-01-12,1011010801,食用菌,8.086961693078404,72,46.619,3.9253900770072288
2022-01-13,1011010101,花叶类,7.174506020070584,100,73.369,1.8864336436369586
2022-01-13,1011010201,花菜类,5.377250712250712,5,21.816,4.0
2022-01-13,1011010402,水生根茎类,7.386850090172384,19,22.185000000000002,4.482437683119224
2022-01-13,1011010501,茄类,5.023702068965518,10,12.889,6.429595003491349
2022-01-13,1011010504,辣椒类,6.192285213133198,45,63.208999999999996,5.234270436172064
2022-01-13,1011010801,食用菌,8.052626212421496,72,48.916,3.769346430615749
2022-01-14,1011010101,花叶类,7.162506020070586,100,103.099,2.027020048691064
2022-01-14,1011010201,花菜类,5.307250712250712,5,23.405,4.0
2022-01-14,1011010402,水生根茎类,7.386850090172384,19,48.285000000000004,5.385636118877497
2022-01-14,1011010501,茄类,4.909702068965517,10,6.196,6.3760071013557145
2022-01-14,1011010504,辣椒类,6.1838407686887535,45,78.342,4.97983406091241
2022-01-14,1011010801,食用菌,8.029153990199273,72,53.083,4.402224440969802
2022-01-15,1011010101,花叶类,7.158806020070585,100,124.109,2.0730004270439695
2022-01-15,1011010201,花菜类,5.307250712250712,5,37.538,4.0
2022-01-15,1011010402,水生根茎类,7.386323774382909,19,56.825,5.13738266608007
2022-01-15,1011010501,茄类,4.909702068965517,10,9.146,6.293608134703695
2022-01-15,1011010504,辣椒类,6.245618546466532,45,96.244,5.378559079007522
2022-01-15,1011010801,食用菌,8.021931767977051,72,49.827,3.3365438416922553
2022-01-16,1011010101,花叶类,7.164706020070585,100,137.15,2.1042768501640543
2022-01-16,1011010201,花菜类,5.319250712250712,5,58.007,4.06
2022-01-16,1011010402,水生根茎类,7.386850090172384,19,52.794,4.976147289464712
2022-01-16,1011010501,茄类,4.986702068965517,10,14.67,6.460141785957737
2022-01-16,1011010504,辣椒类,6.271396324244309,45,88.336,5.207060654772686
2022-01-16,1011010801,食用菌,8.047586214941022,72,55.987,3.692222658831514
2022-01-17,1011010101,花叶类,7.139506020070585,100,90.383,2.274959560979388
2022-01-17,1011010201,花菜类,5.337250712250713,5,11.754999999999999,4.15
2022-01-17,1011010402,水生根茎类,7.443165879646068,19,42.312,4.828156551332955
2022-01-17,1011010501,茄类,5.012702068965518,10,10.665,6.502464135021098
2022-01-17,1011010504,辣椒类,6.384062990910976,45,47.324,5.562569732059843
2022-01-17,1011010801,食用菌,8.062308437163244,72,29.229,2.521869718430326
2022-01-18,1011010101,花叶类,7.141306020070585,100,85.852,1.9230644597679727
2022-01-18,1011010201,花菜类,5.327250712250712,5,9.211,4.1
2022-01-18,1011010402,水生根茎类,7.448955353330278,19,32.418,4.690895490159788
2022-01-18,1011010501,茄类,5.007702068965517,10,8.478000000000002,6.450324368954941
2022-01-18,1011010504,辣椒类,6.437618546466532,45,56.238,6.03768661758953
2022-01-18,1011010801,食用菌,8.053141770496577,72,38.751999999999995,5.309495767960364
2022-01-19,1011010101,花叶类,7.1401060200705855,100,129.677,2.093778310725881
2022-01-19,1011010201,花菜类,5.327250712250712,5,16.223,4.1
2022-01-19,1011010402,水生根茎类,7.45632377438291,19,50.388999999999996,4.761942090535633
2022-01-19,1011010501,茄类,4.917702068965517,10,4.2059999999999995,6.155893961008084
2022-01-19,1011010504,辣椒类,6.415285213133198,45,55.99,5.658007501339524
2022-01-19,1011010801,食用菌,8.06180216476181,72,72.068,4.654704723316867
2022-01-20,1011010101,花叶类,7.247806020070585,100,134.88,2.3165731020166076
2022-01-20,1011010201,花菜类,5.343250712250713,5,32.318,4.16
2022-01-20,1011010402,水生根茎类,7.460007984909225,19,55.56,4.760089632829374
2022-01-20,1011010501,茄类,4.917702068965517,10,22.912,6.44964560055866
2022-01-20,1011010504,辣椒类,6.389285213133198,45,68.17,5.356846119994132
2022-01-20,1011010801,食用菌,8.072496609206254,72,78.146,4.738259667801295
2022-01-21,1011010101,花叶类,7.1599060200705855,100,146.062,2.140804863688023
2022-01-21,1011010201,花菜类,5.4352507122507125,5,32.031,4.44
2022-01-21,1011010402,水生根茎类,7.4715869322776465,19,58.294,4.734227707825848
2022-01-21,1011010501,茄类,5.011702068965517,10,23.798,6.40515043280948
2022-01-21,1011010504,辣椒类,6.404133742187417,45,81.348,5.173530265034175
2022-01-21,1011010801,食用菌,8.115135498095144,72,77.10300000000001,5.088029129865245
2022-01-22,1011010101,花叶类,7.265706020070585,100,210.297,2.918872879784305
2022-01-22,1011010201,花菜类,5.483250712250713,5,64.541,4.68
2022-01-22,1011010402,水生根茎类,7.5105343006986995,19,64.682,5.3084981911505515
2022-01-22,1011010501,茄类,5.040702068965517,10,22.592000000000002,6.55884782223796
2022-01-22,1011010504,辣椒类,6.3843559644096395,45,103.68,5.69123119212963
2022-01-22,1011010801,食用菌,8.169163275872922,72,97.639,5.468478784092421
2022-01-23,1011010101,花叶类,7.350206020070585,100,186.693,3.0857614372258197
2022-01-23,1011010201,花菜类,5.635250712250712,5,74.249,5.099517569260192
2022-01-23,1011010402,水生根茎类,7.665797458593436,19,68.285,7.583763198359815
2022-01-23,1011010501,茄类,5.725702068965517,10,25.009,9.023056099804071
2022-01-23,1011010504,辣椒类,6.729689297742972,45,124.431,7.16641471980455
2022-01-23,1011010801,食用菌,8.131524386984033,72,89.483,6.609256283316383
2022-01-24,1011010101,花叶类,7.4629060200705855,100,187.463,2.700807252631186
2022-01-24,1011010201,花菜类,5.809250712250712,5,22.147,5.73
2022-01-24,1011010402,水生根茎类,7.737902721751331,19,38.076,8.719760479041916
2022-01-24,1011010501,茄类,6.044702068965518,10,25.579,9.368802924273817
2022-01-24,1011010504,辣椒类,7.096355964409638,45,117.056,7.469469228403499
2022-01-24,1011010801,食用菌,8.36555216476181,72,68.443,7.768483993980393
2022-01-25,1011010101,花叶类,7.503106020070585,100,153.198,3.3511077168109247
2022-01-25,1011010201,花菜类,5.8712507122507125,5,48.877,6.0
2022-01-25,1011010402,水生根茎类,7.737376405961857,19,70.849,8.443624327795735
2022-01-25,1011010501,茄类,6.162702068965517,10,26.834,9.597070507565029
2022-01-25,1011010504,辣椒类,7.341689297742972,45,85.379,9.634854472411249
2022-01-25,1011010801,食用菌,8.354302164761812,72,83.043,7.319024722131907
2022-01-26,1011010101,花叶类,7.501106020070585,100,172.651,3.3875978708492855
2022-01-26,1011010201,花菜类,5.915250712250712,5,32.217,6.22
2022-01-26,1011010402,水生根茎类,7.756323774382909,19,64.858,8.483661229146751
2022-01-26,1011010501,茄类,6.174702068965518,10,31.875,9.457497411764704
2022-01-26,1011010504,辣椒类,7.441689297742973,45,93.362,10.268856922516656
2022-01-26,1011010801,食用菌,8.41805216476181,72,87.094,6.2868046019243575
2022-01-27,1011010101,花叶类,7.524606020070585,100,170.614,2.844923980447091
2022-01-27,1011010201,花菜类,5.951250712250713,5,58.027,6.4
2022-01-27,1011010402,水生根茎类,7.766850090172384,19,95.025,8.762157327019205
2022-01-27,1011010501,茄类,6.420702068965516,10,21.963,9.446687155670901
2022-01-27,1011010504,辣椒类,7.655022631076305,45,157.221,9.868122070206907
2022-01-27,1011010801,食用菌,8.355274386984032,72,66.621,6.339703546929647
2022-01-28,1011010101,花叶类,7.507806020070586,100,188.131,3.391928071397058
2022-01-28,1011010201,花菜类,5.9352507122507125,5,85.253,6.320000000000001
2022-01-28,1011010402,水生根茎类,7.807902721751331,19,197.934,7.9426471955298235
2022-01-28,1011010501,茄类,6.4217020689655175,10,54.803000000000004,9.472520117511815
2022-01-28,1011010504,辣椒类,7.77946707552075,45,222.648,10.191828267040352
2022-01-28,1011010801,食用菌,8.385829942539589,72,144.04,6.299720563732298
2022-01-29,1011010101,花叶类,7.502006020070585,100,208.256,4.010699523663184
2022-01-29,1011010201,花菜类,5.877250712250712,5,90.907,6.13
2022-01-29,1011010402,水生根茎类,7.880007984909224,19,200.905,7.913040043801797
2022-01-29,1011010501,茄类,6.4827020689655175,10,86.261,10.095146705927359
2022-01-29,1011010504,辣椒类,7.902578186631861,45,356.647,10.859335673649294
2022-01-29,1011010801,食用菌,8.368746609206255,72,195.987,5.981360192257649
2022-01-30,1011010101,花叶类,7.480906020070584,100,229.022,4.338456523827405
2022-01-30,1011010201,花菜类,5.889250712250712,5,102.12800000000001,6.057353321322262
2022-01-30,1011010402,水生根茎类,7.87790272175133,19,234.678,7.98657956860038
2022-01-30,1011010501,茄类,6.520702068965517,10,88.02799999999999,10.475054641704912
2022-01-30,1011010504,辣椒类,7.710800408854084,45,403.185,11.963875168967098
2022-01-30,1011010801,食用菌,8.275413275872921,72,153.261,7.524669615884015
2022-01-31,1011010101,花叶类,7.480906020070584,100,0.0,7.480906020070584
2022-01-31,1011010201,花菜类,5.889250712250712,5,0.0,5.889250712250712
2022-01-31,1011010402,水生根茎类,7.87790272175133,19,0.0,7.87790272175133
2022-01-31,1011010501,茄类,6.520702068965517,10,0.0,6.520702068965517
2022-01-31,1011010504,辣椒类,7.710800408854084,45,0.0,7.710800408854084
2022-01-31,1011010801,食用菌,8.275413275872921,72,0.0,8.275413275872921
2022-02-01,1011010101,花叶类,7.479506020070585,100,63.003,5.175297208069457
2022-02-01,1011010201,花菜类,5.947250712250712,5,13.968,6.4
2022-02-01,1011010402,水生根茎类,7.855797458593436,19,38.25,7.858080522875818
2022-02-01,1011010501,茄类,6.173702068965516,10,18.86,10.159988865323434
2022-02-01,1011010504,辣椒类,7.75235596440964,45,52.92,12.697583711262283
2022-02-01,1011010801,食用菌,8.272774386984032,72,46.534,5.485924270425926
2022-02-02,1011010101,花叶类,7.488006020070585,100,88.41199999999999,4.223372845315116
2022-02-02,1011010201,花菜类,5.947250712250712,5,38.729,6.4
2022-02-02,1011010402,水生根茎类,7.855797458593436,19,37.868,8.51848896165628
2022-02-02,1011010501,茄类,6.159702068965517,10,29.266000000000002,10.503132987083987
2022-02-02,1011010504,辣椒类,7.665244853298528,45,89.27,12.319976475859752
2022-02-02,1011010801,食用菌,8.259441053650699,72,104.52199999999999,4.884215763188611
2022-02-03,1011010101,花叶类,7.476206020070585,100,116.536,3.748254702409556
2022-02-03,1011010201,花菜类,5.947250712250712,5,26.229,6.4
2022-02-03,1011010402,水生根茎类,7.855797458593436,19,7.01,7.147492154065621
2022-02-03,1011010501,茄类,6.252702068965517,10,51.214999999999996,10.906250903055746
2022-02-03,1011010504,辣椒类,7.505022631076305,45,125.952,13.38968003683943
2022-02-03,1011010801,食用菌,8.243191053650698,72,46.152,7.4945625325013
2022-02-04,1011010101,花叶类,7.516506020070585,100,216.497,3.5279271768200022
2022-02-04,1011010201,花菜类,5.947250712250712,5,48.036,6.3
2022-02-04,1011010402,水生根茎类,7.79211324806712,19,55.923,7.531864170377125
2022-02-04,1011010501,茄类,6.013702068965517,10,49.812,10.655739982333575
2022-02-04,1011010504,辣椒类,7.389022631076306,45,168.229,11.188275386526698
2022-02-04,1011010801,食用菌,8.451385498095142,72,62.232,5.6988979946008484
2022-02-05,1011010101,花叶类,7.573106020070585,100,208.189,3.8276102003468004
2022-02-05,1011010201,花菜类,5.703250712250712,5,45.665,5.24
2022-02-05,1011010402,水生根茎类,7.79211324806712,19,2.203,6.478983204720835
2022-02-05,1011010501,茄类,6.0147020689655175,10,43.637,10.907210624011732
2022-02-05,1011010504,辣椒类,7.6794670755207495,45,79.349,10.662128445223
2022-02-05,1011010801,食用菌,8.477218831428477,72,94.217,4.936681809015358
2022-02-06,1011010101,花叶类,7.611806020070585,100,219.985,3.81760060913244
2022-02-06,1011010201,花菜类,5.687250712250712,5,52.784,5.2
2022-02-06,1011010402,水生根茎类,7.7626395638565935,19,66.88,6.885864832535886
2022-02-06,1011010501,茄类,6.0147020689655175,10,38.299,10.517076424971933
2022-02-06,1011010504,辣椒类,7.487911519965194,45,127.90299999999999,8.988927233919455
2022-02-06,1011010801,食用菌,8.418329942539588,72,90.519,5.198162816646229
2022-02-07,1011010101,花叶类,7.599806020070584,100,160.054,2.846918352556012
2022-02-07,1011010201,花菜类,5.741250712250713,5,43.144,5.47
2022-02-07,1011010402,水生根茎类,7.761060616488173,19,41.735,6.934013657601533
2022-02-07,1011010501,茄类,6.011702068965517,10,25.718,10.605568862275447
2022-02-07,1011010504,辣椒类,7.7389883869961595,45,105.783,8.899759602204513
2022-02-07,1011010801,食用菌,8.411524386984032,72,89.43,4.330266465391926
2022-02-08,1011010101,花叶类,7.593806020070585,100,162.297,3.3950438393808886
2022-02-08,1011010201,花菜类,5.909250712250712,5,44.616,5.177275865160481
2022-02-08,1011010402,水生根茎类,7.761060616488173,19,29.778,6.922234535563167
2022-02-08,1011010501,茄类,5.390702068965517,10,28.360999999999997,8.379014844328479
2022-02-08,1011010504,辣椒类,7.674719312009843,45,83.106,8.108931003778308
2022-02-08,1011010801,食用菌,8.489003738220651,72,48.124,5.14274125176627
2022-02-09,1011010101,花叶类,7.601906020070585,100,138.288,2.972719107948629
2022-02-09,1011010201,花菜类,5.837250712250713,5,25.255,5.95
2022-02-09,1011010402,水生根茎类,7.761586932277646,19,30.194,6.947156719878122
2022-02-09,1011010501,茄类,5.499702068965517,10,17.826999999999998,7.956206877208729
2022-02-09,1011010504,辣椒类,7.603163756454287,45,81.859,7.571119241622791
2022-02-09,1011010801,食用菌,8.465948182665095,72,54.397999999999996,4.546667156880768
2022-02-10,1011010101,花叶类,7.621806020070585,100,116.133,2.8910544806385783
2022-02-10,1011010201,花菜类,5.6692507122507125,5,23.057,5.2
2022-02-10,1011010402,水生根茎类,7.760007984909226,19,29.540000000000003,6.949143534190927
2022-02-10,1011010501,茄类,5.9667020689655175,10,18.122,7.943259022182981
2022-02-10,1011010504,辣椒类,7.670497089787621,45,95.39,6.775842855645246
2022-02-10,1011010801,食用菌,8.518170404887318,72,45.478,4.484084612340032
2022-02-11,1011010101,花叶类,7.646906020070585,100,132.508,3.021977088175808
2022-02-11,1011010201,花菜类,5.667250712250712,5,24.982,5.2
2022-02-11,1011010402,水生根茎类,7.708429037540804,19,38.286,5.9535203468630815
2022-02-11,1011010501,茄类,5.811702068965518,10,16.355999999999998,7.809862435803376
2022-02-11,1011010504,辣椒类,7.650052645343177,45,80.496,6.9918764907573046
2022-02-11,1011010801,食用菌,8.507059293776207,72,44.35,4.990586245772265
2022-02-12,1011010101,花叶类,7.627106020070585,100,154.467,3.2963374054005063
2022-02-12,1011010201,花菜类,5.699250712250712,5,35.481,5.32
2022-02-12,1011010402,水生根茎类,7.676323774382911,19,58.417,5.659058150880737
2022-02-12,1011010501,茄类,5.646702068965517,10,19.233,7.1957500129984915
2022-02-12,1011010504,辣椒类,7.749102453772295,45,63.244,7.02103424830814
2022-02-12,1011010801,食用菌,8.426087071553985,72,44.628,4.470198081921663
2022-02-13,1011010101,花叶类,7.598906020070586,100,165.85,3.1941482062104307
2022-02-13,1011010201,花菜类,5.773250712250713,5,37.882,5.43
2022-02-13,1011010402,水生根茎类,7.64790272175133,19,38.757,5.15141006785871
2022-02-13,1011010501,茄类,4.916702068965518,10,18.593,6.752042166406713
2022-02-13,1011010504,辣椒类,7.283991342661184,45,53.381,6.502216518986155
2022-02-13,1011010801,食用菌,8.377892627109539,72,62.028,3.884123944025279
2022-02-14,1011010101,花叶类,7.522206020070585,100,150.014,2.4342624688362418
2022-02-14,1011010201,花菜类,5.815250712250712,5,35.754,5.24
2022-02-14,1011010402,水生根茎类,7.670534300698699,19,24.829,5.152903459664103
2022-02-14,1011010501,茄类,5.073702068965518,10,22.165,7.135717121588089
2022-02-14,1011010504,辣椒类,7.23265800932785,45,56.165,6.06578064630998
2022-02-14,1011010801,食用菌,8.365253738220652,72,43.618,5.053516896694026
2022-02-15,1011010101,花叶类,7.504006020070586,100,154.453,3.0390343988138784
2022-02-15,1011010201,花菜类,5.789250712250713,5,30.547,5.09
2022-02-15,1011010402,水生根茎类,7.670534300698699,19,50.086999999999996,5.166465350290494
2022-02-15,1011010501,茄类,5.284702068965517,10,13.33,7.069357839459865
2022-02-15,1011010504,辣椒类,7.335991342661185,45,65.561,6.364912371684384
2022-02-15,1011010801,食用菌,8.327059293776207,72,54.996,4.486238999199942
2022-02-16,1011010101,花叶类,7.498506020070584,100,99.015,1.9500149472302175
2022-02-16,1011010201,花菜类,5.807250712250712,5,21.875,5.16
2022-02-16,1011010402,水生根茎类,7.674218511225014,19,25.240000000000002,5.099620839936608
2022-02-16,1011010501,茄类,5.204702068965517,10,8.002,6.53
2022-02-16,1011010504,辣椒类,7.549769120438962,45,50.306000000000004,5.6518278137796685
2022-02-16,1011010801,食用菌,8.31664262710954,72,19.235,4.8745515986482975
2022-02-17,1011010101,花叶类,7.455506020070585,100,112.077,2.387298553672921
2022-02-17,1011010201,花菜类,5.833250712250712,5,20.645,5.3
2022-02-17,1011010402,水生根茎类,7.674218511225014,19,38.54,5.089832641411521
2022-02-17,1011010501,茄类,5.2487020689655175,10,16.258000000000003,6.005990281707467
2022-02-17,1011010504,辣椒类,7.586294150963993,45,66.319,5.92274702573923
2022-02-17,1011010801,食用菌,8.310670404887318,72,28.335,5.545509087700723
2022-02-18,1011010101,花叶类,7.424506020070584,100,98.783,2.4924916230525493
2022-02-18,1011010201,花菜类,5.857250712250712,5,24.401,5.3
2022-02-18,1011010402,水生根茎类,7.675271142803962,19,34.695,5.159936590286785
2022-02-18,1011010501,茄类,5.252702068965517,10,13.181000000000001,6.054508003945073
2022-02-18,1011010504,辣椒类,7.55381625980753,45,77.479,5.874508963719201
2022-02-18,1011010801,食用菌,8.310809293776208,72,44.249,4.517815091866483
2022-02-19,1011010101,花叶类,7.450906020070585,100,120.64,3.4177200762599473
2022-02-19,1011010201,花菜类,5.867250712250712,5,49.665,5.3
2022-02-19,1011010402,水生根茎类,7.635271142803963,19,38.763,4.374779299847793
2022-02-19,1011010501,茄类,5.249702068965517,10,19.604000000000003,6.396242093450316
2022-02-19,1011010504,辣椒类,7.505734851666716,45,84.40899999999999,5.7954981103910725
2022-02-19,1011010801,食用菌,8.268031515998429,72,49.453,3.9620164600732
2022-02-20,1011010101,花叶类,7.496106020070585,100,105.91799999999999,3.504955626050341
2022-02-20,1011010201,花菜类,5.869250712250713,5,36.386,4.980608200956412
2022-02-20,1011010402,水生根茎类,7.653165879646067,19,35.58,4.74
2022-02-20,1011010501,茄类,5.840702068965518,10,19.499,6.702309862044208
2022-02-20,1011010504,辣椒类,7.513957073888938,45,80.204,5.314010024437684
2022-02-20,1011010801,食用菌,8.293031515998429,72,29.076,4.871412849085156
2022-02-21,1011010101,花叶类,7.484606020070585,100,85.387,3.1626826097649525
2022-02-21,1011010201,花菜类,5.889250712250712,5,28.045,5.4
2022-02-21,1011010402,水生根茎类,7.6736921954355415,19,26.034,5.1
2022-02-21,1011010501,茄类,5.914702068965517,10,12.818999999999999,6.898399251111632
2022-02-21,1011010504,辣椒类,7.559998009561453,45,54.127,6.017447484619506
2022-02-21,1011010801,食用菌,8.295253738220651,72,11.197,6.399607037599357
2022-02-22,1011010101,花叶类,7.475606020070585,100,78.356,3.38977959569146
2022-02-22,1011010201,花菜类,5.9112507122507125,5,21.47,5.49
2022-02-22,1011010402,水生根茎类,7.668429037540805,19,25.201,5.0
2022-02-22,1011010501,茄类,5.938702068965517,10,14.992999999999999,7.403695057693591
2022-02-22,1011010504,辣椒类,7.659331342894786,45,83.428,6.100245001678094
2022-02-22,1011010801,食用菌,8.281225960442875,72,14.498999999999999,5.6747913649217185
2022-02-23,1011010101,花叶类,7.5004147157227585,100,65.21,3.2808576905382614
2022-02-23,1011010201,花菜类,5.933250712250713,5,28.796,5.6
2022-02-23,1011010402,水生根茎类,7.680534300698699,19,17.076,5.0
2022-02-23,1011010501,茄类,6.048702068965516,10,10.987,7.756031673796304
2022-02-23,1011010504,辣椒类,7.72066467622812,45,46.044,5.766709017461559
2022-02-23,1011010801,食用菌,8.27428151599843,72,16.979,4.211955945579834
2022-02-24,1011010101,花叶类,7.51521471572276,100,75.146,2.9259321853458604
2022-02-24,1011010201,花菜类,6.171250712250712,5,34.624,5.74
2022-02-24,1011010402,水生根茎类,7.751060616488172,19,19.778,5.0
2022-02-24,1011010501,茄类,6.037702068965517,10,11.295,7.476000000000001
2022-02-24,1011010504,辣椒类,7.49266467622812,45,60.707,6.63714036272588
2022-02-24,1011010801,食用菌,8.279420404887318,72,27.097,4.026512160017714
2022-02-25,1011010101,花叶类,7.603972291480335,100,96.432,3.7816169943587195
2022-02-25,1011010201,花菜类,6.221250712250712,5,25.668,5.999999999999999
2022-02-25,1011010402,水生根茎类,7.7089553533302775,19,43.644,6.145632847585007
2022-02-25,1011010501,茄类,5.685702068965517,10,15.162,6.989509299564701
2022-02-25,1011010504,辣椒类,7.56177578733923,45,66.539,6.915299749019372
2022-02-25,1011010801,食用菌,8.199281515998429,72,33.498,3.412655083885605
2022-02-26,1011010101,花叶类,7.839772291480334,100,118.507,4.014170386559443
2022-02-26,1011010201,花菜类,6.285250712250712,5,29.244,6.070000000000001
2022-02-26,1011010402,水生根茎类,7.707376405961856,19,40.831,4.85
2022-02-26,1011010501,茄类,5.808702068965517,10,22.413,7.759905412037657
2022-02-26,1011010504,辣椒类,7.5899980095614525,45,96.277,8.185049700343798
2022-02-26,1011010801,食用菌,8.13039262710954,72,44.56,3.758123877917414
2022-02-27,1011010101,花叶类,7.822972291480335,100,94.607,3.419208938027842
2022-02-27,1011010201,花菜类,6.397250712250712,5,34.072,6.6
2022-02-27,1011010402,水生根茎类,7.73369219543554,19,33.609,4.8
2022-02-27,1011010501,茄类,6.0517020689655165,10,17.194000000000003,8.730795626381294
2022-02-27,1011010504,辣椒类,7.678442454005897,45,90.842,8.924084674489775
2022-02-27,1011010801,食用菌,8.179698182665096,72,30.748,4.025549629244178
2022-02-28,1011010101,花叶类,7.882572291480335,100,77.285,3.350921912402148
2022-02-28,1011010201,花菜类,6.469250712250712,5,22.582,6.6
2022-02-28,1011010402,水生根茎类,7.728955353330279,19,29.583,4.61
2022-02-28,1011010501,茄类,5.786702068965517,10,14.358,7.323763058921856
2022-02-28,1011010504,辣椒类,7.241331342894786,45,66.122,7.631303650827259
2022-02-28,1011010801,食用菌,8.248448182665095,72,11.887,7.242621351055775
2022-03-01,1011010101,花叶类,7.5804794343374775,100,75.286,3.754713625375236
2022-03-01,1011010201,花菜类,6.503250712250713,5,22.944,6.6
2022-03-01,1011010402,水生根茎类,7.726850090172383,19,5.051,4.6
2022-03-01,1011010501,茄类,6.203702068965518,10,13.075,9.46961759082218
2022-03-01,1011010504,辣椒类,7.251553565117009,45,60.582,7.416048826384074
2022-03-01,1011010801,食用菌,8.26053151599843,72,18.112000000000002,4.626457597173144
2022-03-02,1011010101,花叶类,7.562079434337477,100,70.109,3.6341987476643514
2022-03-02,1011010201,花菜类,6.503250712250713,5,18.905,6.6
2022-03-02,1011010402,水生根茎类,7.720007984909225,19,23.171,4.6
2022-03-02,1011010501,茄类,6.120702068965517,10,8.61,8.686931475029036
2022-03-02,1011010504,辣椒类,7.2437757873392306,45,69.755,7.474892409146298
2022-03-02,1011010801,食用菌,8.202892627109541,72,17.916,5.472158964054476
2022-03-03,1011010101,花叶类,7.498979434337477,100,62.041,3.5073016231201946
2022-03-03,1011010201,花菜类,6.447250712250712,5,21.88,6.6
2022-03-03,1011010402,水生根茎类,7.720007984909225,19,27.705000000000002,4.6
2022-03-03,1011010501,茄类,6.266702068965517,10,14.024999999999999,9.628101960784315
2022-03-03,1011010504,辣椒类,7.497331342894786,45,54.074999999999996,8.084168284789644
2022-03-03,1011010801,食用菌,8.178309293776206,72,15.525,4.038647342995169
2022-03-04,1011010101,花叶类,7.749779434337478,100,78.622,4.042562132736384
2022-03-04,1011010201,花菜类,6.445250712250713,5,20.119,6.599999999999999
2022-03-04,1011010402,水生根茎类,7.638955353330278,19,21.276,4.6
2022-03-04,1011010501,茄类,6.265702068965517,10,9.297,7.884909110465741
2022-03-04,1011010504,辣椒类,7.807331342894786,45,72.59,6.42938944758231
2022-03-04,1011010801,食用菌,8.152753738220651,72,28.908,3.77852497578525
2022-03-05,1011010101,花叶类,8.116479434337478,100,125.495,4.171605880712379
2022-03-05,1011010201,花菜类,6.4192507122507125,5,29.269,6.6
2022-03-05,1011010402,水生根茎类,7.639481669119752,19,44.23,4.6
2022-03-05,1011010501,茄类,6.2967020689655175,10,14.836,9.251205176597464
2022-03-05,1011010504,辣椒类,7.751404008716501,45,103.358,7.311023433115966
2022-03-05,1011010801,食用菌,8.22289262710954,72,33.725,4.324091919940696
2022-03-06,1011010101,花叶类,8.126379434337478,100,141.174,4.0210543017836144
2022-03-06,1011010201,花菜类,6.231250712250712,5,31.384,6.534588325261279
2022-03-06,1011010402,水生根茎类,7.618429037540804,19,47.119,4.6
2022-03-06,1011010501,茄类,6.393702068965517,10,19.160999999999998,7.972761338134753
2022-03-06,1011010504,辣椒类,7.844737342049835,45,81.904,8.611351948622778
2022-03-06,1011010801,食用菌,8.168031515998429,72,39.323,4.452549398570811
2022-03-07,1011010101,花叶类,8.119779434337477,100,76.68599999999999,4.163250788931488
2022-03-07,1011010201,花菜类,6.133250712250712,5,0.632,6.6
2022-03-07,1011010402,水生根茎类,7.589481669119752,19,24.482,4.76
2022-03-07,1011010501,茄类,6.410702068965517,10,11.448,7.80877358490566
2022-03-07,1011010504,辣椒类,7.721404008716502,45,52.889,7.065123938815254
2022-03-07,1011010801,食用菌,8.145253738220651,72,12.626,4.491620465705687
2022-03-08,1011010101,花叶类,8.115479434337477,100,82.174,3.2808261737289164
2022-03-08,1011010201,花菜类,5.819250712250712,5,14.951,4.8
2022-03-08,1011010402,水生根茎类,7.591586932277647,19,6.754,4.8
2022-03-08,1011010501,茄类,6.428702068965518,10,9.594000000000001,8.366854283927454
2022-03-08,1011010504,辣椒类,7.48918178649428,45,71.127,6.534293025152193
2022-03-08,1011010801,食用菌,8.253587071553985,72,14.096,7.72894438138479
2022-03-09,1011010101,花叶类,8.092779434337478,100,66.059,3.4558856476785906
2022-03-09,1011010201,花菜类,5.659250712250712,5,15.084,4.8
2022-03-09,1011010402,水生根茎类,7.592113248067119,19,17.2,4.8
2022-03-09,1011010501,茄类,6.432702068965517,10,8.401,8.856624211403405
2022-03-09,1011010504,辣椒类,7.6180706753831675,45,62.036,8.839985653491523
2022-03-09,1011010801,食用菌,8.278309293776207,72,21.91,5.257507987220448
2022-03-10,1011010101,花叶类,8.143879434337478,100,73.508,3.1180610273711706
2022-03-10,1011010201,花菜类,5.659250712250712,5,16.971,4.97
2022-03-10,1011010402,水生根茎类,7.591586932277647,19,16.626,4.8
2022-03-10,1011010501,茄类,6.447702068965517,10,10.189,8.761907939935224
2022-03-10,1011010504,辣椒类,7.959626230938723,45,57.407,8.375251450171582
2022-03-10,1011010801,食用菌,8.22914262710954,72,14.375,5.235478260869566
2022-03-11,1011010101,花叶类,8.121179434337478,100,88.822,3.6759766724460157
2022-03-11,1011010201,花菜类,7.043250712250713,5,19.221,5.048835128245148
2022-03-11,1011010402,水生根茎类,7.591586932277647,19,29.63,4.8
2022-03-11,1011010501,茄类,6.500702068965518,10,15.262,9.509129865024244
2022-03-11,1011010504,辣椒类,7.972070675383168,45,53.281,8.41820911769674
2022-03-11,1011010801,食用菌,8.226781515998429,72,11.525,8.313232104121475
2022-03-12,1011010101,花叶类,8.094279434337476,100,129.766,4.226218192746945
2022-03-12,1011010201,花菜类,7.341250712250712,5,27.529,6.561057067092884
2022-03-12,1011010402,水生根茎类,7.590007984909225,19,37.329,4.76
2022-03-12,1011010501,茄类,6.471702068965517,10,24.795,9.228626739261948
2022-03-12,1011010504,辣椒类,7.673626230938723,45,95.029,8.607125298593061
2022-03-12,1011010801,食用菌,8.200809293776206,72,23.441000000000003,6.315908024401688
2022-03-13,1011010101,花叶类,8.053619859000605,100,101.51,3.3800834400551665
2022-03-13,1011010201,花菜类,7.449250712250712,5,30.393,7.0
2022-03-13,1011010402,水生根茎类,7.548429037540805,19,28.204,4.8
2022-03-13,1011010501,茄类,6.263702068965517,10,19.47,7.732956343091936
2022-03-13,1011010504,辣椒类,7.8102928976053905,45,77.903,8.408680538618537
2022-03-13,1011010801,食用菌,8.20223080946247,72,25.826999999999998,6.971600263290355
2022-03-14,1011010101,花叶类,7.967519859000605,100,98.279,3.537015028642945
2022-03-14,1011010201,花菜类,7.449250712250712,5,9.127,7.0
2022-03-14,1011010402,水生根茎类,7.548429037540805,19,15.345,4.8
2022-03-14,1011010501,茄类,6.260702068965517,10,12.678,8.141651680075721
2022-03-14,1011010504,辣椒类,7.670515119827613,45,96.701,7.724012885078748
2022-03-14,1011010801,食用菌,8.424314142795803,72,13.799,4.449445612000869
2022-03-15,1011010101,花叶类,7.898719859000605,100,102.32900000000001,3.622382315863538
2022-03-15,1011010201,花菜类,7.4032507122507125,5,7.721,6.77
2022-03-15,1011010402,水生根茎类,7.421184840090658,19,15.026,4.971478770131771
2022-03-15,1011010501,茄类,6.133702068965517,10,12.815999999999999,7.4305633583021224
2022-03-15,1011010504,辣椒类,7.77829289760539,45,80.283,8.062646263841659
2022-03-15,1011010801,食用菌,8.426685034814582,72,17.419999999999998,7.4563174512055115
2022-03-16,1011010101,花叶类,7.711919859000606,100,105.619,3.704949109535216
2022-03-16,1011010201,花菜类,7.299250712250712,5,11.877,7.085978782520837
2022-03-16,1011010402,水生根茎类,7.421184840090658,19,16.886,4.8
2022-03-16,1011010501,茄类,5.971702068965517,10,12.564,8.134400668576886
2022-03-16,1011010504,辣椒类,8.00380058082052,45,72.95700000000001,8.361666323999067
2022-03-16,1011010801,食用菌,8.390296145925694,72,17.088,7.06881554307116
2022-03-17,1011010101,花叶类,7.661819859000605,100,108.39399999999999,3.0765086628411167
2022-03-17,1011010201,花菜类,7.327250712250712,5,12.813,7.19
2022-03-17,1011010402,水生根茎类,7.4175006295643415,19,30.851,4.907734271174355
2022-03-17,1011010501,茄类,5.9667020689655175,10,15.834,8.554341290893014
2022-03-17,1011010504,辣椒类,7.799356136376075,45,84.519,7.560596907204297
2022-03-17,1011010801,食用菌,8.450573923703471,72,22.721,7.853493244135382
2022-03-18,1011010101,花叶类,7.428419859000606,100,112.098,2.7145755499652093
2022-03-18,1011010201,花菜类,7.311250712250713,5,14.473,7.02
2022-03-18,1011010402,水生根茎类,7.64013220851171,19,28.674,5.121333263583734
2022-03-18,1011010501,茄类,6.0307020689655175,10,16.346,8.528312737061054
2022-03-18,1011010504,辣椒类,7.749578358598299,45,94.461,8.693033950519261
2022-03-18,1011010801,食用菌,8.38821281259236,72,29.951999999999998,3.129395365918804
2022-03-19,1011010101,花叶类,7.458919859000605,100,201.276,3.8570122120868855
2022-03-19,1011010201,花菜类,7.319250712250712,5,24.298000000000002,7.019999999999999
2022-03-19,1011010402,水生根茎类,7.64013220851171,19,45.815,4.8
2022-03-19,1011010501,茄类,6.050702068965517,10,26.011,8.882161777709431
2022-03-19,1011010504,辣椒类,7.8195783585982985,45,130.315,8.84335855427234
2022-03-19,1011010801,食用菌,8.500740590370137,72,49.829,3.866855044251339
2022-03-20,1011010101,花叶类,7.480619859000606,100,173.788,4.212886275231891
2022-03-20,1011010201,花菜类,7.3952507122507125,5,16.749,7.22
2022-03-20,1011010402,水生根茎类,7.6285532611432885,19,43.592000000000006,5.099307212332538
2022-03-20,1011010501,茄类,5.998702068965517,10,21.443,8.5138198946043
2022-03-20,1011010504,辣椒类,7.782022803042743,45,105.56599999999999,10.554491976583371
2022-03-20,1011010801,食用菌,8.621018368147917,72,43.0,6.223520465116279
2022-03-21,1011010101,花叶类,7.476519859000605,100,192.734,4.448708479043655
2022-03-21,1011010201,花菜类,7.561250712250713,5,13.613,7.3
2022-03-21,1011010402,水生根茎类,7.6285532611432885,19,25.391,4.8
2022-03-21,1011010501,茄类,5.938702068965517,10,25.338,7.990897466256215
2022-03-21,1011010504,辣椒类,7.778245025264964,45,72.925,9.61406774082962
2022-03-21,1011010801,食用菌,8.657407257036805,72,28.073999999999998,6.010102229821187
2022-03-22,1011010101,花叶类,7.474519859000606,100,133.244,4.469409954669628
2022-03-22,1011010201,花菜类,7.431250712250713,5,16.239,7.3
2022-03-22,1011010402,水生根茎类,7.6285532611432885,19,27.306,4.8
2022-03-22,1011010501,茄类,6.0227020689655175,10,21.947000000000003,8.035953888914204
2022-03-22,1011010504,辣椒类,7.839356136376076,45,87.671,9.335739868371524
2022-03-22,1011010801,食用菌,8.734629479259027,72,31.656,5.817853803386404
2022-03-23,1011010101,花叶类,7.513719859000605,100,89.497,3.9102213482016155
2022-03-23,1011010201,花菜类,7.553250712250713,5,7.625,7.27
2022-03-23,1011010402,水生根茎类,7.6011848400906565,19,15.255,5.401709603408718
2022-03-23,1011010501,茄类,6.023702068965517,10,17.569000000000003,7.951385963913711
2022-03-23,1011010504,辣椒类,8.057578358598297,45,82.278,9.429472276914849
2022-03-23,1011010801,食用菌,8.714907257036806,72,28.279,5.97920895364051
2022-03-24,1011010101,花叶类,7.667384144714891,100,106.202,5.186889606598745
2022-03-24,1011010201,花菜类,7.543250712250712,5,7.711,7.22
2022-03-24,1011010402,水生根茎类,7.596974313774868,19,16.899,4.92
2022-03-24,1011010501,茄类,6.400702068965518,10,16.036,8.688134198054378
2022-03-24,1011010504,辣椒类,8.085356136376076,45,48.68,9.784721035332785
2022-03-24,1011010801,食用菌,8.676018368147915,72,18.106,5.77347619573622
2022-03-25,1011010101,花叶类,7.565084144714891,100,132.493,3.6622337029126073
2022-03-25,1011010201,花菜类,7.559250712250713,5,14.528,7.165239537444934
2022-03-25,1011010402,水生根茎类,7.555395366406447,19,43.221,5.734181532125588
2022-03-25,1011010501,茄类,6.393702068965517,10,17.128,9.718192433442317
2022-03-25,1011010504,辣椒类,8.121800580820521,45,74.387,9.573396157930821
2022-03-25,1011010801,食用菌,8.722823923703471,72,43.386,3.5034425851657214
2022-03-26,1011010101,花叶类,7.622484144714892,100,152.529,6.196259268729226
2022-03-26,1011010201,花菜类,7.543250712250712,5,16.707,7.4
2022-03-26,1011010402,水生根茎类,7.555395366406447,19,43.227,5.572567145534041
2022-03-26,1011010501,茄类,6.399702068965517,10,23.286,8.751615562999227
2022-03-26,1011010504,辣椒类,8.260022803042743,45,94.554,10.571824248577531
2022-03-26,1011010801,食用菌,8.767823923703471,72,43.183,6.61904777342936
2022-03-27,1011010101,花叶类,7.441184144714891,100,140.651,5.081290712472716
2022-03-27,1011010201,花菜类,7.541250712250712,5,11.68,7.4
2022-03-27,1011010402,水生根茎类,7.562237471669605,19,41.214,5.590037851215606
2022-03-27,1011010501,茄类,6.375702068965517,10,26.977,8.897939726433629
2022-03-27,1011010504,辣椒类,8.376467247487188,45,89.283,10.917660360874969
2022-03-27,1011010801,食用菌,8.777268368147917,72,24.078,5.93862322452031
2022-03-28,1011010101,花叶类,7.5726937280482245,100,85.85,3.7949062317996503
2022-03-28,1011010201,花菜类,7.409250712250713,5,2.089,6.73
2022-03-28,1011010402,水生根茎类,7.591711155880131,19,19.777,6.258986196086362
2022-03-28,1011010501,茄类,6.368702068965517,10,15.998,9.004120515064383
2022-03-28,1011010504,辣椒类,8.450911691931632,45,64.16,8.773471321695762
2022-03-28,1011010801,食用菌,8.768240590370137,72,21.238,5.051867407477164
2022-03-29,1011010101,花叶类,7.583193728048225,100,75.286,4.9035440852216885
2022-03-29,1011010201,花菜类,7.409250712250713,5,0.0,7.409250712250713
2022-03-29,1011010402,水生根茎类,7.711711155880131,19,18.541,5.549046976969959
2022-03-29,1011010501,茄类,6.372702068965517,10,13.184000000000001,9.137269417475729
2022-03-29,1011010504,辣椒类,8.493356136376075,45,65.004,7.939140975939941
2022-03-29,1011010801,食用菌,8.77060170148125,72,26.983,5.228033206092724
2022-03-30,1011010101,花叶类,7.470393728048225,100,86.195,4.048650037705204
2022-03-30,1011010201,花菜类,7.413250712250712,5,30.3,6.75
2022-03-30,1011010402,水生根茎类,7.728026945353815,19,27.389000000000003,5.408521669283289
2022-03-30,1011010501,茄类,6.428702068965518,10,17.223,9.827120130058644
2022-03-30,1011010504,辣椒类,8.520022803042743,45,69.721,9.767233258272256
2022-03-30,1011010801,食用菌,8.755601701481249,72,22.45,6.276392427616927
2022-03-31,1011010101,花叶类,7.418193728048225,100,92.587,3.5846154427727432
2022-03-31,1011010201,花菜类,7.415250712250713,5,25.097,6.75
2022-03-31,1011010402,水生根茎类,7.728553261143289,19,30.993000000000002,6.090944406801536
2022-03-31,1011010501,茄类,6.509702068965517,10,10.145,10.070865450961064
2022-03-31,1011010504,辣椒类,8.520467247487188,45,54.92,9.09974763292061
2022-03-31,1011010801,食用菌,8.781296145925694,72,26.203,4.955615005915353
2022-04-01,1011010101,花叶类,7.432693728048224,100,130.262,3.4648082326388354
2022-04-01,1011010201,花菜类,7.535250712250712,5,26.303,7.320000000000001
2022-04-01,1011010402,水生根茎类,6.947500629564342,19,25.437,5.589692180681684
2022-04-01,1011010501,茄类,6.475702068965518,10,16.697000000000003,9.362035695035036
2022-04-01,1011010504,辣椒类,8.563800580820521,45,80.48,8.751025720675944
2022-04-01,1011010801,食用菌,8.795740590370137,72,19.915,7.458100928948029
2022-04-02,1011010101,花叶类,7.427693728048224,100,133.168,3.6818846119187794
2022-04-02,1011010201,花菜类,7.551250712250713,5,26.163,7.4
2022-04-02,1011010402,水生根茎类,6.947500629564342,19,34.452,5.724887960060374
2022-04-02,1011010501,茄类,6.507702068965517,10,18.016000000000002,9.388684502664299
2022-04-02,1011010504,辣椒类,8.672467247487187,45,71.349,9.189595649553603
2022-04-02,1011010801,食用菌,8.825601701481249,72,30.03,5.111154845154845
2022-04-03,1011010101,花叶类,7.458093728048225,100,111.538,3.8900412415499654
2022-04-03,1011010201,花菜类,7.617250712250713,5,16.438,7.48
2022-04-03,1011010402,水生根茎类,7.009079576932762,19,42.998000000000005,5.707561049351132
2022-04-03,1011010501,茄类,6.7167020689655175,10,23.887,10.498724410767363
2022-04-03,1011010504,辣椒类,8.67691169193163,45,96.131,8.999296584868564
2022-04-03,1011010801,食用菌,8.669629479259028,72,46.766,3.835043407603815
2022-04-04,1011010101,花叶类,7.561293728048224,100,148.726,3.9478235143821525
2022-04-04,1011010201,花菜类,7.681250712250713,5,22.224,7.48
2022-04-04,1011010402,水生根茎类,7.009079576932762,19,31.759,5.000000000000001
2022-04-04,1011010501,茄类,6.799702068965518,10,23.387,11.542658742036174
2022-04-04,1011010504,辣椒类,8.578022803042742,45,107.732,9.720947907771135
2022-04-04,1011010801,食用菌,8.718796145925694,72,40.745000000000005,5.644165664498711
2022-04-05,1011010101,花叶类,7.696893728048225,100,146.419,3.4731469276528317
2022-04-05,1011010201,花菜类,7.713250712250712,5,21.248,7.48
2022-04-05,1011010402,水生根茎类,7.009079576932762,19,21.71,5.0
2022-04-05,1011010501,茄类,6.659702068965517,10,15.356,9.620174524615784
2022-04-05,1011010504,辣椒类,8.463133914153854,45,38.664,10.611637181874611
2022-04-05,1011010801,食用菌,8.710185034814582,72,31.476,5.1100870504511375
2022-04-06,1011010101,花叶类,7.677393728048225,100,109.945,3.4272469871299287
2022-04-06,1011010201,花菜类,7.713250712250712,5,17.497,5.96988112247814
2022-04-06,1011010402,水生根茎类,7.0122374716696045,19,5.8549999999999995,7.576365499573014
2022-04-06,1011010501,茄类,6.516702068965517,10,11.695,10.851801624625908
2022-04-06,1011010504,辣椒类,8.287356136376076,45,38.127,9.802151755973457
2022-04-06,1011010801,食用菌,8.70921281259236,72,20.492,5.754620827640054
2022-04-07,1011010101,花叶类,7.471293728048225,100,85.20100000000001,3.7661691764181167
2022-04-07,1011010201,花菜类,7.675250712250713,5,10.494,7.48
2022-04-07,1011010402,水生根茎类,7.0122374716696045,19,6.533,5.0
2022-04-07,1011010501,茄类,6.2327020689655175,10,14.479,9.611331583672907
2022-04-07,1011010504,辣椒类,7.958467247487187,45,28.799,10.159248932254592
2022-04-07,1011010801,食用菌,8.586435034814583,72,14.881,7.512132921174652
2022-04-08,1011010101,花叶类,7.398927061381557,100,87.65,3.0840743867655447
2022-04-08,1011010201,花菜类,7.813250712250712,5,10.629,7.48
2022-04-08,1011010402,水生根茎类,7.04171115588013,19,6.3660000000000005,6.713360037700283
2022-04-08,1011010501,茄类,6.230702068965518,10,12.371,9.338738177996927
2022-04-08,1011010504,辣椒类,8.013874654894595,45,36.973,6.978154058366917
2022-04-08,1011010801,食用菌,8.590323923703473,72,18.886,5.802089907868263
2022-04-09,1011010101,花叶类,7.396671505826003,100,141.102,3.145492622358294
2022-04-09,1011010201,花菜类,7.899250712250712,5,15.591,7.68
2022-04-09,1011010402,水生根茎类,7.035395366406446,19,11.218,5.735472454983063
2022-04-09,1011010501,茄类,6.300702068965517,10,27.258,8.933174114021572
2022-04-09,1011010504,辣椒类,8.01454132156126,45,133.106,8.07938026835755
2022-04-09,1011010801,食用菌,8.612823923703472,72,35.619,4.382665992868974
2022-04-10,1011010101,花叶类,7.317771505826003,100,185.591,3.2017955612071702
2022-04-10,1011010201,花菜类,7.931250712250713,5,7.757000000000001,7.95
2022-04-10,1011010402,水生根茎类,7.291184840090658,19,18.378999999999998,5.679458077153273
2022-04-10,1011010501,茄类,6.165702068965517,10,24.485,7.648270369614051
2022-04-10,1011010504,辣椒类,8.190985766005705,45,113.881,9.114877371993572
2022-04-10,1011010801,食用菌,8.628240590370138,72,30.945999999999998,5.124485878627287
2022-04-11,1011010101,花叶类,7.253371505826002,100,93.428,3.0516492914329754
2022-04-11,1011010201,花菜类,7.923250712250713,5,6.383,7.96
2022-04-11,1011010402,水生根茎类,7.131711155880131,19,1.03,5.4
2022-04-11,1011010501,茄类,6.088702068965517,10,10.687000000000001,7.910604472723868
2022-04-11,1011010504,辣椒类,8.187874654894594,45,69.30499999999999,7.711562224947697
2022-04-11,1011010801,食用菌,8.639629479259026,72,11.87,8.078043807919125
2022-04-12,1011010101,花叶类,7.3621715058260015,100,106.268,3.5398167839801262
2022-04-12,1011010201,花菜类,7.893250712250714,5,6.375,7.96
2022-04-12,1011010402,水生根茎类,7.131711155880131,19,7.538,5.4
2022-04-12,1011010501,茄类,6.180702068965518,10,20.041,6.280128237113916
2022-04-12,1011010504,辣椒类,8.154096877116817,45,76.22,8.101270532668591
2022-04-12,1011010801,食用菌,8.642268368147917,72,16.859,7.586929829764516
2022-04-13,1011010101,花叶类,7.2005715058260025,100,100.363,3.6493279395793268
2022-04-13,1011010201,花菜类,7.893250712250714,5,9.797,7.8
2022-04-13,1011010402,水生根茎类,7.131711155880131,19,4.61,5.4
2022-04-13,1011010501,茄类,5.846702068965517,10,20.903,7.421001291680621
2022-04-13,1011010504,辣椒类,8.109207988227928,45,76.95,8.876564392462639
2022-04-13,1011010801,食用菌,8.500323923703471,72,31.963,4.423365140944218
2022-04-14,1011010101,花叶类,7.281771505826002,100,128.586,4.402698894125332
2022-04-14,1011010201,花菜类,7.823250712250712,5,6.047,7.72
2022-04-14,1011010402,水生根茎类,7.676447997985394,19,6.495,6.269770592763664
2022-04-14,1011010501,茄类,5.706702068965518,10,21.356,6.530664918524068
2022-04-14,1011010504,辣椒类,8.01631909933904,45,59.010999999999996,9.467540797478437
2022-04-14,1011010801,食用菌,8.488379479259027,72,21.589,6.218071703182176
2022-04-15,1011010101,花叶类,7.304271505826002,100,131.828,3.2577356100373214
2022-04-15,1011010201,花菜类,8.029250712250713,5,10.73,8.32
2022-04-15,1011010402,水生根茎类,7.682237471669605,19,14.180000000000001,6.274425952045133
2022-04-15,1011010501,茄类,5.787702068965517,10,17.358,7.028137458232515
2022-04-15,1011010504,辣椒类,7.784985766005706,45,69.72,8.178605134825014
2022-04-15,1011010801,食用菌,8.614907257036805,72,39.135999999999996,6.0046376737530665
2022-04-16,1011010101,花叶类,7.302072708645366,100,124.808,3.1447105153515804
2022-04-16,1011010201,花菜类,8.025250712250713,5,12.666,8.32
2022-04-16,1011010402,水生根茎类,7.721711155880132,19,15.042,5.641124850418827
2022-04-16,1011010501,茄类,5.733702068965518,10,32.118,6.879984743757394
2022-04-16,1011010504,辣椒类,7.420985766005706,45,84.376,7.55903230776524
2022-04-16,1011010801,食用菌,8.671435034814584,72,28.104,7.831162823797324
2022-04-17,1011010101,花叶类,7.29484836081928,100,107.549,4.191259518916959
2022-04-17,1011010201,花菜类,8.059250712250712,5,20.254,8.4
2022-04-17,1011010402,水生根茎类,7.724869050616974,19,9.701,5.46
2022-04-17,1011010501,茄类,5.449702068965517,10,32.008,6.0842501874531365
2022-04-17,1011010504,辣椒类,7.33743021045015,45,85.746,6.97984594033541
2022-04-17,1011010801,食用菌,8.620705868147915,72,40.244,5.138099344001591
2022-04-18,1011010101,花叶类,7.254454078904387,100,112.679,2.6977666645958873
2022-04-18,1011010201,花菜类,8.107250712250712,5,12.087,8.6
2022-04-18,1011010402,水生根茎类,7.720658524301183,19,3.024,5.400000000000001
2022-04-18,1011010501,茄类,5.362702068965517,10,23.28,5.140926975945017
2022-04-18,1011010504,辣椒类,7.31543021045015,45,62.95,7.023180301826846
2022-04-18,1011010801,食用菌,8.609516254621347,72,28.667,5.28672968918966
2022-04-19,1011010101,花叶类,7.269454078904387,100,101.391,3.278036314860293
2022-04-19,1011010201,花菜类,8.185250712250712,5,7.869,8.6
2022-04-19,1011010402,水生根茎类,7.771711155880131,19,5.106,8.09876615746181
2022-04-19,1011010501,茄类,5.096702068965517,10,16.985,5.442478068884309
2022-04-19,1011010504,辣椒类,7.34943021045015,45,53.306,7.3421605447792
2022-04-19,1011010801,食用菌,8.593405143510234,72,23.736,6.253624031007752
2022-04-20,1011010101,花叶类,7.284154078904387,100,105.275,2.8701570173355497
2022-04-20,1011010201,花菜类,8.365250712250713,5,11.413,9.34
2022-04-20,1011010402,水生根茎类,7.8785532611432885,19,2.7720000000000002,7.244040404040404
2022-04-20,1011010501,茄类,5.096702068965517,10,18.031,5.21659697188176
2022-04-20,1011010504,辣椒类,7.270541321561262,45,51.324000000000005,7.211494232717636
2022-04-20,1011010801,食用菌,8.599377365732458,72,33.394,5.392021620650416
2022-04-21,1011010101,花叶类,7.283654078904386,100,112.794,2.7229241803642035
2022-04-21,1011010201,花菜类,8.764250712250712,5,8.548000000000002,9.55732101076275
2022-04-21,1011010402,水生根茎类,7.879079576932762,19,3.552,6.849659346846847
2022-04-21,1011010501,茄类,5.064702068965517,10,11.668000000000001,5.8347317449434355
2022-04-21,1011010504,辣椒类,6.995207988227928,45,59.830999999999996,7.087965435978004
2022-04-21,1011010801,食用菌,8.600766254621346,72,27.479,4.969648822737363
2022-04-22,1011010101,花叶类,7.268954078904387,100,114.043,3.191138430241225
2022-04-22,1011010201,花菜类,8.738250712250712,5,18.726,9.5
2022-04-22,1011010402,水生根茎类,7.879079576932762,19,7.417,5.995405150330322
2022-04-22,1011010501,茄类,5.0517020689655165,10,20.471,5.459351765912754
2022-04-22,1011010504,辣椒类,6.8272079882279275,45,69.833,6.992597912161872
2022-04-22,1011010801,食用菌,8.60021069906579,72,26.309,4.797171310198031
2022-04-23,1011010101,花叶类,7.229554078904386,100,118.653,3.9022208456591905
2022-04-23,1011010201,花菜类,7.882250712250712,5,19.648,7.835929356677525
2022-04-23,1011010402,水生根茎类,7.89013220851171,19,9.767,6.885837002150097
2022-04-23,1011010501,茄类,5.078702068965518,10,25.194,6.321116138763197
2022-04-23,1011010504,辣椒类,6.582319099339039,45,86.55,8.180123743500866
2022-04-23,1011010801,食用菌,8.63021069906579,72,27.473,6.2872154478942965
2022-04-24,1011010101,花叶类,7.188454078904386,100,99.189,3.2132992569740595
2022-04-24,1011010201,花菜类,7.9642507122507125,5,15.603,9.37
2022-04-24,1011010402,水生根茎类,9.143816419038025,19,4.52,5.4
2022-04-24,1011010501,茄类,5.084702068965518,10,13.678999999999998,5.616163462241392
2022-04-24,1011010504,辣椒类,6.655207988227929,45,63.739000000000004,7.373231616435778
2022-04-24,1011010801,食用菌,8.622155143510234,72,32.921,5.958780109960207
2022-04-25,1011010101,花叶类,7.128654078904386,100,116.365,2.8354314441627637
2022-04-25,1011010201,花菜类,7.426250712250711,5,16.833,8.27
2022-04-25,1011010402,水生根茎类,9.206447997985393,19,4.202,7.60370299857211
2022-04-25,1011010501,茄类,5.0677020689655174,10,20.592,5.923992327117328
2022-04-25,1011010504,辣椒类,6.697874654894594,45,95.828,6.487870351045624
2022-04-25,1011010801,食用菌,8.62396069906579,72,28.121000000000002,4.949817218448845
2022-04-26,1011010101,花叶类,7.084354078904386,100,91.764,3.0719008543655466
2022-04-26,1011010201,花菜类,6.8762507122507115,5,9.969000000000001,8.00300932891965
2022-04-26,1011010402,水生根茎类,9.229605892722237,19,4.904999999999999,6.981898063200816
2022-04-26,1011010501,茄类,5.060702068965517,10,14.113,6.105418408559484
2022-04-26,1011010504,辣椒类,5.922319099339039,45,61.327999999999996,5.128148154187321
2022-04-26,1011010801,食用菌,8.62284958795468,72,13.139,8.137445011035847
2022-04-27,1011010101,花叶类,7.0633540789043865,100,88.807,3.26720562568266
2022-04-27,1011010201,花菜类,6.626250712250713,5,9.138,7.44
2022-04-27,1011010402,水生根茎类,9.237500629564341,19,2.398,8.488215179316096
2022-04-27,1011010501,茄类,5.047702068965517,10,24.953,5.6914723680519375
2022-04-27,1011010504,辣椒类,5.855430210450151,45,64.366,4.984311282354038
2022-04-27,1011010801,食用菌,8.605071810176902,72,27.102,5.725895505866726
2022-04-28,1011010101,花叶类,7.094054078904387,100,111.59400000000001,3.1646915604781616
2022-04-28,1011010201,花菜类,6.5362507122507125,5,11.202,7.18
2022-04-28,1011010402,水生根茎类,9.209605892722236,19,2.1390000000000002,8.94818139317438
2022-04-28,1011010501,茄类,5.061702068965517,10,21.918,6.178130303859842
2022-04-28,1011010504,辣椒类,6.144763543783483,45,80.389,6.094164748908432
2022-04-28,1011010801,食用菌,8.545210699065791,72,16.357,6.830612581769272
2022-04-29,1011010101,花叶类,7.078654078904387,100,106.05199999999999,2.84966648436616
2022-04-29,1011010201,花菜类,6.524250712250712,5,21.479,7.21959448763909
2022-04-29,1011010402,水生根茎类,9.209605892722236,19,7.15,7.112727272727272
2022-04-29,1011010501,茄类,5.063702068965517,10,29.707,5.1690429865014975
2022-04-29,1011010504,辣椒类,5.576763543783484,45,96.804,5.107273356472873
2022-04-29,1011010801,食用菌,8.516044032399124,72,24.064,8.729601894946807
2022-04-30,1011010101,花叶类,7.069154078904387,100,142.03900000000002,3.628153957715838
2022-04-30,1011010201,花菜类,6.420250712250713,5,28.319,6.7700000000000005
2022-04-30,1011010402,水生根茎类,9.202237471669605,19,9.22,5.4
2022-04-30,1011010501,茄类,4.953702068965518,10,35.229,5.530367311022169
2022-04-30,1011010504,辣椒类,5.973652432672372,45,81.21,4.728863686738087
2022-04-30,1011010801,食用菌,8.539794032399122,72,34.150999999999996,6.2462879564288025
2022-05-01,1011010101,花叶类,7.0530540789043865,100,147.275,3.6176260736717025
2022-05-01,1011010201,花菜类,6.222250712250712,5,23.295,6.13
2022-05-01,1011010402,水生根茎类,8.691184840090656,19,10.863,9.171295222314278
2022-05-01,1011010501,茄类,5.133702068965517,10,36.606,5.702484838551057
2022-05-01,1011010504,辣椒类,6.426096877116818,45,65.84100000000001,4.119438647651159
2022-05-01,1011010801,食用菌,8.53771069906579,72,33.083,4.152171810295318
2022-05-02,1011010101,花叶类,7.035854078904387,100,115.468,3.715227855336543
2022-05-02,1011010201,花菜类,6.154250712250713,5,13.734,5.75
2022-05-02,1011010402,水生根茎类,8.470658524301184,19,8.503,5.920249323768083
2022-05-02,1011010501,茄类,5.097702068965517,10,47.126999999999995,5.320805270863836
2022-05-02,1011010504,辣椒类,6.276763543783483,45,57.464,5.046062056243909
2022-05-02,1011010801,食用菌,8.649655143510236,72,42.191,4.720831456945794
2022-05-03,1011010101,花叶类,7.059854078904387,100,88.193,3.9641061081945277
2022-05-03,1011010201,花菜类,6.184250712250712,5,27.601,5.78
2022-05-03,1011010402,水生根茎类,8.469605892722235,19,2.8680000000000003,5.4
2022-05-03,1011010501,茄类,5.111702068965517,10,42.378,5.860354429184954
2022-05-03,1011010504,辣椒类,6.5098746548945945,45,67.711,5.342101431082099
2022-05-03,1011010801,食用菌,8.520349587954678,72,18.375,5.897414965986394
2022-05-04,1011010101,花叶类,7.080654078904387,100,105.769,4.0689590522742956
2022-05-04,1011010201,花菜类,6.164250712250712,5,26.182,5.81
2022-05-04,1011010402,水生根茎类,8.47013220851171,19,6.398,6.045501719287278
2022-05-04,1011010501,茄类,5.424702068965518,10,44.495000000000005,6.435356556916506
2022-05-04,1011010504,辣椒类,6.4360968771168166,45,51.194,4.84795015040825
2022-05-04,1011010801,食用菌,8.243821810176902,72,27.070999999999998,4.766894462709173
2022-05-05,1011010101,花叶类,7.062254078904386,100,90.652,3.699423950933239
2022-05-05,1011010201,花菜类,6.106250712250712,5,18.79,5.81
2022-05-05,1011010402,水生根茎类,8.685395366406448,19,1.193,8.236764459346187
2022-05-05,1011010501,茄类,5.509702068965518,10,26.05,6.796476775431862
2022-05-05,1011010504,辣椒类,6.60143021045015,45,32.252,5.06049175244946
2022-05-05,1011010801,食用菌,8.550488476843569,72,16.992,4.829119585687382
2022-05-06,1011010101,花叶类,7.053654078904386,100,95.683,3.6696905406394027
2022-05-06,1011010201,花菜类,5.640250712250713,5,20.488,3.4
2022-05-06,1011010402,水生根茎类,8.733816419038027,19,3.42,7.3497485380116965
2022-05-06,1011010501,茄类,5.509702068965518,10,32.15,6.418262519440123
2022-05-06,1011010504,辣椒类,6.645652432672373,45,56.612,5.170536811983324
2022-05-06,1011010801,食用菌,8.549377365732457,72,19.454,5.945718618279017
2022-05-07,1011010101,花叶类,7.054454078904387,100,113.896,3.7646356325068484
2022-05-07,1011010201,花菜类,5.594250712250712,5,23.375,3.1999999999999997
2022-05-07,1011010402,水生根茎类,8.696974313774868,19,4.66,6.629442060085836
2022-05-07,1011010501,茄类,5.458702068965517,10,34.564,6.8807982293716
2022-05-07,1011010504,辣椒类,6.62143021045015,45,86.212,4.381958660047325
2022-05-07,1011010801,食用菌,8.511321810176902,72,34.837,4.216444297729425
2022-05-08,1011010101,花叶类,7.0587540789043866,100,116.51899999999999,3.78086157622362
2022-05-08,1011010201,花菜类,5.820250712250712,5,42.607,4.32
2022-05-08,1011010402,水生根茎类,8.696974313774868,19,4.476,6.8657551385165325
2022-05-08,1011010501,茄类,5.485702068965518,10,33.433,6.929466694583196
2022-05-08,1011010504,辣椒类,6.439874654894595,45,86.554,3.9479715553296204
2022-05-08,1011010801,食用菌,8.512988476843567,72,35.067,5.844360795049477
2022-05-09,1011010101,花叶类,7.061254078904386,100,91.68,3.8673098821989527
2022-05-09,1011010201,花菜类,6.138250712250712,5,29.087,5.85
2022-05-09,1011010402,水生根茎类,8.698026945353815,19,3.538,8.624072922555115
2022-05-09,1011010501,茄类,5.162702068965517,10,34.866,5.979300464636035
2022-05-09,1011010504,辣椒类,6.284319099339038,45,55.772999999999996,4.21673031753716
2022-05-09,1011010801,食用菌,8.444655143510236,72,34.581,4.8856481883115
2022-05-10,1011010101,花叶类,7.106954078904387,100,95.42,3.7556509117585413
2022-05-10,1011010201,花菜类,5.840250712250713,5,22.638,4.42
2022-05-10,1011010402,水生根茎类,8.679079576932763,19,5.181,8.398463617062342
2022-05-10,1011010501,茄类,5.090702068965517,10,13.224,6.817595281306715
2022-05-10,1011010504,辣椒类,6.2423190993390385,45,59.294000000000004,4.449745336796303
2022-05-10,1011010801,食用菌,8.445071810176902,72,9.417,9.260836784538602
2022-05-11,1011010101,花叶类,7.1094540789043865,100,86.213,3.7544330901372187
2022-05-11,1011010201,花菜类,6.022250712250711,5,19.261,5.2
2022-05-11,1011010402,水生根茎类,8.591184840090657,19,2.043,29.379627998042096
2022-05-11,1011010501,茄类,5.136702068965517,10,15.419,7.2241896361631746
2022-05-11,1011010504,辣椒类,6.167430210450149,45,42.635,4.664365192916618
2022-05-11,1011010801,食用菌,8.458821810176902,72,20.87,7.1995208433157645
2022-05-12,1011010101,花叶类,7.106654078904387,100,79.619,4.111626496188096
2022-05-12,1011010201,花菜类,6.102250712250712,5,24.59,5.5
2022-05-12,1011010402,水生根茎类,8.592763787459077,19,5.134,7.958204129333853
2022-05-12,1011010501,茄类,5.110702068965518,10,22.173,6.506012718170749
2022-05-12,1011010504,辣椒类,6.188319099339038,45,37.193,4.836058129217864
2022-05-12,1011010801,食用菌,8.464516254621346,72,21.925,4.8789053591790195
2022-05-13,1011010101,花叶类,7.038254078904386,100,102.98,4.001649349388231
2022-05-13,1011010201,花菜类,6.164250712250713,5,21.993,5.44
2022-05-13,1011010402,水生根茎类,7.869079576932762,19,2.792,13.194627507163323
2022-05-13,1011010501,茄类,5.012702068965518,10,45.528,6.2163905728343005
2022-05-13,1011010504,辣椒类,6.29254132156126,45,58.386,4.806948412290618
2022-05-13,1011010801,食用菌,8.530488476843567,72,26.1,5.007662835249041
2022-05-14,1011010101,花叶类,7.039754078904386,100,159.404,4.310327532558781
2022-05-14,1011010201,花菜类,6.2062507122507125,5,48.521,5.43
2022-05-14,1011010402,水生根茎类,8.328026945353814,19,11.341000000000001,7.005204126620227
2022-05-14,1011010501,茄类,4.842702068965517,10,51.014,5.971020308150703
2022-05-14,1011010504,辣椒类,6.786541321561261,45,79.242,4.161044269453067
2022-05-14,1011010801,食用菌,8.542988476843568,72,26.77,7.325558460963765
2022-05-15,1011010101,花叶类,6.9867540789043865,100,157.108,3.7614478575247596
2022-05-15,1011010201,花菜类,6.264250712250712,5,43.781,5.61
2022-05-15,1011010402,水生根茎类,8.33750062956434,19,6.072000000000001,7.649659090909091
2022-05-15,1011010501,茄类,4.877702068965517,10,43.626999999999995,6.1842989433149205
2022-05-15,1011010504,辣椒类,6.796541321561261,45,63.751000000000005,4.187426393311478
2022-05-15,1011010801,食用菌,8.544377365732457,72,34.51,5.017490582439872
2022-05-16,1011010101,花叶类,6.9768540789043865,100,82.78,3.9184966175404687
2022-05-16,1011010201,花菜类,6.234250712250712,5,23.633,5.45
2022-05-16,1011010402,水生根茎类,8.332237471669606,19,4.637,9.41995471209834
2022-05-16,1011010501,茄类,4.943702068965517,10,19.412,5.772759633216568
2022-05-16,1011010504,辣椒类,6.744541321561261,45,41.681,4.210499028334254
2022-05-16,1011010801,食用菌,8.507016254621346,72,18.527,5.832374372537378
2022-05-17,1011010101,花叶类,6.977854078904387,100,67.12,4.050601460071514
2022-05-17,1011010201,花菜类,6.360250712250712,5,15.163,6.1
2022-05-17,1011010402,水生根茎类,8.116447997985395,19,1.853,13.563308148947652
2022-05-17,1011010501,茄类,4.9427020689655174,10,23.194000000000003,5.885995084935758
2022-05-17,1011010504,辣椒类,6.716985766005705,45,41.52,4.397794075144508
2022-05-17,1011010801,食用菌,8.502016254621346,72,12.789,5.9455234967550235
2022-05-18,1011010101,花叶类,6.953104078904387,100,92.724,4.245731525818559
2022-05-18,1011010201,花菜类,6.330250712250712,5,20.24,5.96
2022-05-18,1011010402,水生根茎类,8.119605892722237,19,0.9259999999999999,5.8
2022-05-18,1011010501,茄类,4.929702068965517,10,21.794,5.874969716435715
2022-05-18,1011010504,辣椒类,6.766096877116817,45,40.714,4.286887065874146
2022-05-18,1011010801,食用菌,8.48159958795468,72,20.598,6.028429944654821
2022-05-19,1011010101,花叶类,6.954804078904386,100,92.356,4.167426480142059
2022-05-19,1011010201,花菜类,6.382250712250712,5,17.603,5.61
2022-05-19,1011010402,水生根茎类,8.022763787459079,19,3.425,9.53921167883212
2022-05-19,1011010501,茄类,4.994702068965518,10,21.799,5.764776824624983
2022-05-19,1011010504,辣椒类,6.667652432672371,45,31.665999999999997,4.405697277837429
2022-05-19,1011010801,食用菌,8.48896069906579,72,13.195,9.802500947328532
2022-05-20,1011010101,花叶类,7.003404078904387,100,90.647,4.325861087515307
2022-05-20,1011010201,花菜类,6.382250712250712,5,13.908,5.59
2022-05-20,1011010402,水生根茎类,7.838026945353815,19,3.575,10.667320279720279
2022-05-20,1011010501,茄类,5.100702068965517,10,22.675,5.9569816979051815
2022-05-20,1011010504,辣椒类,8.038096877116816,45,37.853,4.543826116820331
2022-05-20,1011010801,食用菌,8.481877365732457,72,14.719000000000001,6.995774169440858
2022-05-21,1011010101,花叶类,7.006304078904387,100,154.655,4.306542239177524
2022-05-21,1011010201,花菜类,6.378250712250712,5,26.494,5.57
2022-05-21,1011010402,水生根茎类,7.809605892722236,19,4.691,6.891281176721381
2022-05-21,1011010501,茄类,5.169702068965518,10,43.426,5.432460507530051
2022-05-21,1011010504,辣椒类,6.279874654894594,45,45.846999999999994,4.985194887342684
2022-05-21,1011010801,食用菌,8.477432921288013,72,43.484,5.368153803697911
2022-05-22,1011010101,花叶类,7.008092967793276,100,164.686,4.214625469074481
2022-05-22,1011010201,花菜类,6.474250712250712,5,23.847,5.85
2022-05-22,1011010402,水生根茎类,7.809079576932763,19,4.885,11.986878198567043
2022-05-22,1011010501,茄类,5.286702068965518,10,29.841,6.324813511611541
2022-05-22,1011010504,辣椒类,6.179652432672372,45,40.928,4.810922595777951
2022-05-22,1011010801,食用菌,8.486321810176902,72,23.398,5.957928028036584
2022-05-23,1011010101,花叶类,6.970692967793276,100,92.654,3.876020247371943
2022-05-23,1011010201,花菜类,6.660250712250712,5,15.361,6.57
2022-05-23,1011010402,水生根茎类,7.7838164190380255,19,4.436999999999999,7.528600405679513
2022-05-23,1011010501,茄类,5.231702068965517,10,26.0,5.855990384615386
2022-05-23,1011010504,辣椒类,6.408319099339039,45,35.072,4.395366389142335
2022-05-23,1011010801,食用菌,8.544794032399123,72,4.6370000000000005,10.866594781108473
2022-05-24,1011010101,花叶类,6.987992967793275,100,122.403,3.673408413192487
2022-05-24,1011010201,花菜类,6.6342507122507115,5,27.64,6.45
2022-05-24,1011010402,水生根茎类,7.874342734827499,19,3.3609999999999998,11.217875632252305
2022-05-24,1011010501,茄类,5.201702068965518,10,29.284999999999997,5.618063855215982
2022-05-24,1011010504,辣椒类,6.460096877116817,45,32.071999999999996,4.922607570466451
2022-05-24,1011010801,食用菌,8.548544032399125,72,14.041,5.920603945587922
2022-05-25,1011010101,花叶类,6.984592967793276,100,84.787,3.5753998844162425
2022-05-25,1011010201,花菜类,6.574250712250712,5,19.562,6.15
2022-05-25,1011010402,水生根茎类,7.853290103248552,19,4.619,9.927780904957784
2022-05-25,1011010501,茄类,5.152702068965517,10,22.563,5.637757833621415
2022-05-25,1011010504,辣椒类,6.5947635437834835,45,31.823,4.730053734720171
2022-05-25,1011010801,食用菌,8.473829327359033,72,18.698,5.919007380468499
2022-05-26,1011010101,花叶类,6.987892967793276,100,88.361,3.6809810889419543
2022-05-26,1011010201,花菜类,6.700250712250712,5,25.011,6.82
2022-05-26,1011010402,水生根茎类,7.925921682195921,19,4.438,13.147228481297882
2022-05-26,1011010501,茄类,4.940702068965517,10,29.903000000000002,5.546484633648797
2022-05-26,1011010504,辣椒类,6.460985766005706,45,39.188,4.589390374604471
2022-05-26,1011010801,食用菌,8.472301549581253,72,21.185,4.975312721265046
2022-05-27,1011010101,花叶类,6.976835824936132,100,86.554,3.731105899207431
2022-05-27,1011010201,花菜类,6.630250712250712,5,18.568,6.82
2022-05-27,1011010402,水生根茎类,7.924869050616973,19,8.858,8.296220365771054
2022-05-27,1011010501,茄类,4.371702068965517,10,27.341,4.179969642661204
2022-05-27,1011010504,辣椒类,6.384985766005705,45,31.927,4.2833996304068656
2022-05-27,1011010801,食用菌,8.464384882914588,72,19.308,6.821296871763
2022-05-28,1011010101,花叶类,6.945135824936133,100,188.829,3.176484650133189
2022-05-28,1011010201,花菜类,6.502250712250712,5,35.114,6.18
2022-05-28,1011010402,水生根茎类,7.926974313774867,19,8.906,10.979891084662025
2022-05-28,1011010501,茄类,4.342702068965517,10,54.447,3.933020184766837
2022-05-28,1011010504,辣椒类,6.242096877116817,45,55.568,3.8512041102792978
2022-05-28,1011010801,食用菌,8.462579327359032,72,46.827,5.738065645888056
2022-05-29,1011010101,花叶类,6.947335824936133,100,178.516,3.0641602433395327
2022-05-29,1011010201,花菜类,6.404250712250713,5,42.403,5.69
2022-05-29,1011010402,水生根茎类,7.945395366406447,19,7.4399999999999995,12.064212365591398
2022-05-29,1011010501,茄类,4.164702068965517,10,55.666000000000004,3.9959337836381277
2022-05-29,1011010504,辣椒类,5.8785413215612605,45,62.521,3.697939092464932
2022-05-29,1011010801,食用菌,8.463690438470143,72,33.516999999999996,5.589235313423039
2022-05-30,1011010101,花叶类,6.978935824936133,100,92.512,3.049634966274646
2022-05-30,1011010201,花菜类,6.402250712250712,5,24.336,5.690000000000001
2022-05-30,1011010402,水生根茎类,8.206974313774868,19,6.684,11.696424296828246
2022-05-30,1011010501,茄类,4.161702068965517,10,25.618,3.375105004293856
2022-05-30,1011010504,辣椒类,5.794541321561261,45,31.081,3.5812364467037745
2022-05-30,1011010801,食用菌,8.460079327359033,72,16.585,6.473439855290925
2022-05-31,1011010101,花叶类,6.975835824936134,100,87.827,2.947464902592597
2022-05-31,1011010201,花菜类,6.398250712250713,5,15.854,5.69
2022-05-31,1011010402,水生根茎类,8.190658524301185,19,6.611000000000001,15.07472091967932
2022-05-31,1011010501,茄类,4.093702068965517,10,18.11,3.3626383213694093
2022-05-31,1011010504,辣椒类,5.735874654894595,45,38.356,2.940991761393263
2022-05-31,1011010801,食用菌,8.454384882914589,72,39.474000000000004,4.403577038050362
2022-06-01,1011010101,花叶类,6.978115824936133,100,90.488,2.927124480594112
2022-06-01,1011010201,花菜类,6.3682507122507115,5,22.234,5.72
2022-06-01,1011010402,水生根茎类,8.150658524301184,19,5.084,16.49423682140047
2022-06-01,1011010501,茄类,4.085702068965517,10,21.105,3.717365079365079
2022-06-01,1011010504,辣椒类,5.538319099339039,45,43.718,3.494838739192094
2022-06-01,1011010801,食用菌,8.446745994025697,72,35.603,5.29532904530517
2022-06-02,1011010101,花叶类,6.964915824936132,100,112.624,2.6532069541128003
2022-06-02,1011010201,花菜类,6.384250712250712,5,20.605,5.8
2022-06-02,1011010402,水生根茎类,8.10013220851171,19,11.329999999999998,13.689810238305386
2022-06-02,1011010501,茄类,4.201702068965518,10,34.716,3.6819351307754347
2022-06-02,1011010504,辣椒类,5.248319099339039,45,47.188,3.346087988471645
2022-06-02,1011010801,食用菌,8.446190438470143,72,36.405,5.708171954401867
2022-06-03,1011010101,花叶类,6.951215824936132,100,185.595,2.696316711118295
2022-06-03,1011010201,花菜类,6.392250712250712,5,29.489,5.84
2022-06-03,1011010402,水生根茎类,8.050658524301184,19,14.235,12.833232174218477
2022-06-03,1011010501,茄类,4.143702068965517,10,59.95,3.7128563803169303
2022-06-03,1011010504,辣椒类,5.279207988227928,45,69.903,3.841103672231521
2022-06-03,1011010801,食用菌,8.445773771803477,72,61.149,4.980568774632455
2022-06-04,1011010101,花叶类,6.9446158249361325,100,113.331,2.556780580776663
2022-06-04,1011010201,花菜类,6.4882507122507125,5,13.898,6.200000000000001
2022-06-04,1011010402,水生根茎类,8.09592168219592,19,5.135,14.795988315481985
2022-06-04,1011010501,茄类,3.8987020689655174,10,39.752,2.977272590058362
2022-06-04,1011010504,辣椒类,5.198319099339039,45,38.876000000000005,3.391575007716843
2022-06-04,1011010801,食用菌,8.459662660692366,72,27.698,4.045548415048017
2022-06-05,1011010101,花叶类,6.943515824936132,100,102.505,2.7990657041119946
2022-06-05,1011010201,花菜类,6.5282507122507125,5,21.97,6.26
2022-06-05,1011010402,水生根茎类,7.824342734827499,19,10.109,13.747961222672865
2022-06-05,1011010501,茄类,3.9447020689655177,10,42.328,2.654080041580041
2022-06-05,1011010504,辣椒类,5.199874654894595,45,41.001,3.3106777883466254
2022-06-05,1011010801,食用菌,8.461190438470144,72,41.369,4.65519591964998
2022-06-06,1011010101,花叶类,6.929815824936132,100,104.547,2.7510164806259385
2022-06-06,1011010201,花菜类,6.558250712250713,5,23.309,6.46
2022-06-06,1011010402,水生根茎类,7.82592168219592,19,5.253,11.723243860651055
2022-06-06,1011010501,茄类,3.9687020689655172,10,37.312,2.9028460012864494
2022-06-06,1011010504,辣椒类,5.262096877116817,45,40.803,3.4256255667475433
2022-06-06,1011010801,食用菌,8.490634882914588,72,26.543,5.159462005048412
2022-06-07,1011010101,花叶类,6.958215824936133,100,105.767,2.700058052133463
2022-06-07,1011010201,花菜类,6.574250712250712,5,20.909,6.54
2022-06-07,1011010402,水生根茎类,7.8032901032485515,19,6.312,10.937281368821292
2022-06-07,1011010501,茄类,3.981702068965517,10,23.212,3.4388083749784593
2022-06-07,1011010504,辣椒类,5.274763543783483,45,38.975,3.341889159717768
2022-06-07,1011010801,食用菌,8.483134882914587,72,28.139,4.085248231991187
2022-06-08,1011010101,花叶类,6.945915824936133,100,113.86200000000001,2.740382392721013
2022-06-08,1011010201,花菜类,6.610250712250712,5,17.046,6.73
2022-06-08,1011010402,水生根茎类,7.803816419038026,19,6.725,13.708669144981412
2022-06-08,1011010501,茄类,4.0067020689655175,10,27.37,2.8572612349287545
2022-06-08,1011010504,辣椒类,5.263207988227928,45,40.959,3.41405039185527
2022-06-08,1011010801,食用菌,8.480773771803477,72,28.048000000000002,4.590116942384484
2022-06-09,1011010101,花叶类,6.929615824936133,100,281.247,2.8259896105558457
2022-06-09,1011010201,花菜类,6.5282507122507125,5,21.532,6.51
2022-06-09,1011010402,水生根茎类,7.803816419038026,19,5.241,12.693539400877695
2022-06-09,1011010501,茄类,4.0067020689655175,10,35.271,2.998851747894871
2022-06-09,1011010504,辣椒类,5.305207988227928,45,41.650999999999996,3.4262629948860774
2022-06-09,1011010801,食用菌,8.473551549581254,72,27.768,5.703601267646212
2022-06-10,1011010101,花叶类,6.942215824936133,100,115.09299999999999,2.252909994526166
2022-06-10,1011010201,花菜类,6.478250712250713,5,13.058,6.269999999999999
2022-06-10,1011010402,水生根茎类,7.806447997985394,19,9.447000000000001,12.073985392187994
2022-06-10,1011010501,茄类,4.037702068965517,10,38.775999999999996,3.3268173612543848
2022-06-10,1011010504,辣椒类,5.222096877116817,45,37.531,3.2980674642295704
2022-06-10,1011010801,食用菌,8.486884882914588,72,27.152,5.160076605774896
2022-06-11,1011010101,花叶类,6.949815824936133,100,195.647,2.3500361876236284
2022-06-11,1011010201,花菜类,6.516250712250712,5,34.691,6.45
2022-06-11,1011010402,水生根茎类,7.805395366406447,19,9.209,15.09277445976762
2022-06-11,1011010501,茄类,4.036702068965517,10,48.32,3.5092897350993377
2022-06-11,1011010504,辣椒类,5.252541321561261,45,61.053999999999995,2.9964231663773058
2022-06-11,1011010801,食用菌,8.485218216247922,72,36.533,5.624930884405879
2022-06-12,1011010101,花叶类,6.961715824936133,100,166.51500000000001,2.533619133411404
2022-06-12,1011010201,花菜类,6.690250712250713,5,29.698,6.71
2022-06-12,1011010402,水生根茎类,8.0143427348275,19,10.588000000000001,12.23219871552701
2022-06-12,1011010501,茄类,4.028702068965517,10,49.505,3.1407694172305827
2022-06-12,1011010504,辣椒类,5.294096877116816,45,67.529,2.6823037509810606
2022-06-12,1011010801,食用菌,8.40688488291459,72,49.293,4.742206804211551
2022-06-13,1011010101,花叶类,6.946515824936133,100,116.051,2.6997521779217757
2022-06-13,1011010201,花菜类,6.504250712250712,5,23.638,6.24
2022-06-13,1011010402,水生根茎类,7.877500629564341,19,3.944,12.614525862068964
2022-06-13,1011010501,茄类,4.059702068965517,10,33.306,2.804352068696331
2022-06-13,1011010504,辣椒类,5.22431909933904,45,29.923,3.40486715904154
2022-06-13,1011010801,食用菌,8.428690438470143,72,35.013999999999996,4.705112240817959
2022-06-14,1011010101,花叶类,6.962615824936133,100,110.67099999999999,2.796243008556894
2022-06-14,1011010201,花菜类,6.496250712250712,5,23.587,6.35
2022-06-14,1011010402,水生根茎类,8.145395366406447,19,14.604000000000001,15.273990002738975
2022-06-14,1011010501,茄类,4.0917020689655175,10,29.762,3.53532524695921
2022-06-14,1011010504,辣椒类,5.3847635437834835,45,29.213,3.44757915996303
2022-06-14,1011010801,食用菌,8.406468216247921,72,16.266,6.40668879872126
2022-06-15,1011010101,花叶类,6.9644158249361325,100,106.544,2.4197124192821744
2022-06-15,1011010201,花菜类,6.5202507122507125,5,18.931,6.35
2022-06-15,1011010402,水生根茎类,8.150658524301184,19,5.184,11.182376543209877
2022-06-15,1011010501,茄类,4.179702068965517,10,33.775999999999996,3.7887911534817627
2022-06-15,1011010504,辣椒类,5.416319099339039,45,39.656,2.984149939479524
2022-06-15,1011010801,食用菌,8.432023771803477,72,26.243000000000002,5.509949319818618
2022-06-16,1011010101,花叶类,6.924115824936133,100,109.346,2.595571945933093
2022-06-16,1011010201,花菜类,6.5522507122507125,5,18.079,6.43
2022-06-16,1011010402,水生根茎类,8.106974313774868,19,5.347,13.616446605573218
2022-06-16,1011010501,茄类,4.254702068965517,10,35.463,2.960780531821899
2022-06-16,1011010504,辣椒类,5.382763543783484,45,50.132,3.0228436926514006
2022-06-16,1011010801,食用菌,8.440634882914587,72,32.228,4.54106987712548
2022-06-17,1011010101,花叶类,6.915315824936133,100,119.07300000000001,2.602318661661334
2022-06-17,1011010201,花菜类,6.572250712250712,5,27.301,6.44
2022-06-17,1011010402,水生根茎类,8.08592168219592,19,6.77,12.788858197932052
2022-06-17,1011010501,茄类,4.391702068965517,10,36.326,4.116193084842813
2022-06-17,1011010504,辣椒类,5.358763543783483,45,47.1,3.2508309978768577
2022-06-17,1011010801,食用菌,8.454940438470143,72,36.568,4.78471887989499
2022-06-18,1011010101,花叶类,6.905415824936133,100,192.524,2.53533907460888
2022-06-18,1011010201,花菜类,6.526250712250712,5,29.834,6.08
2022-06-18,1011010402,水生根茎类,8.043290103248552,19,18.484,13.678698333694005
2022-06-18,1011010501,茄类,4.385702068965517,10,48.073,4.422291723004597
2022-06-18,1011010504,辣椒类,5.296138543783484,45,80.225,3.5560095980056095
2022-06-18,1011010801,食用菌,8.431745994025698,72,50.206,4.553822252320439
2022-06-19,1011010101,花叶类,6.912715824936133,100,187.62300000000002,2.56183730139695
2022-06-19,1011010201,花菜类,6.600250712250713,5,31.956,6.07
2022-06-19,1011010402,水生根茎类,8.194869050616973,19,15.541,15.483551251528215
2022-06-19,1011010501,茄类,4.355702068965518,10,40.858,3.947497185373734
2022-06-19,1011010504,辣椒类,5.441027432672372,45,79.31099999999999,3.822236385873335
2022-06-19,1011010801,食用菌,8.454523771803476,72,49.153,4.529589852094481
2022-06-20,1011010101,花叶类,6.934015824936133,100,123.54,2.6201741945928445
2022-06-20,1011010201,花菜类,6.590250712250712,5,26.02,6.07
2022-06-20,1011010402,水生根茎类,8.216974313774868,19,8.896,16.63905912769784
2022-06-20,1011010501,茄类,4.290702068965517,10,27.415999999999997,3.7620192588269625
2022-06-20,1011010504,辣椒类,5.485027432672372,45,46.065,3.290527732551829
2022-06-20,1011010801,食用菌,8.453412660692365,72,35.656,4.960567646398923
2022-06-21,1011010101,花叶类,6.872515824936133,100,110.973,2.7659428870085514
2022-06-21,1011010201,花菜类,6.526250712250712,5,22.014,5.910000000000001
2022-06-21,1011010402,水生根茎类,8.205921682195921,19,6.063,13.216808510638298
2022-06-21,1011010501,茄类,4.3257020689655175,10,27.152,4.300664039481438
2022-06-21,1011010504,辣椒类,5.384410945217176,45,32.467,3.657317276003327
2022-06-21,1011010801,食用菌,8.380634882914586,72,29.804,4.465145282512415
2022-06-22,1011010101,花叶类,6.8558158249361325,100,108.759,2.662437775264576
2022-06-22,1011010201,花菜类,6.546250712250712,5,23.449,6.0
2022-06-22,1011010402,水生根茎类,8.120132208511711,19,13.806000000000001,16.15443792553962
2022-06-22,1011010501,茄类,4.368702068965517,10,22.451,4.527568482472941
2022-06-22,1011010504,辣椒类,5.436410945217175,45,35.161,3.719178635419925
2022-06-22,1011010801,食用菌,8.379523771803477,72,28.097,5.426140513222053
2022-06-23,1011010101,花叶类,6.853015824936133,100,84.617,2.711702494770554
2022-06-23,1011010201,花菜类,6.598250712250712,5,14.583,5.97
2022-06-23,1011010402,水生根茎类,8.073816419038026,19,5.401999999999999,13.91184005923732
2022-06-23,1011010501,茄类,4.358702068965518,10,17.152,3.7456599813432834
2022-06-23,1011010504,辣椒类,5.405522056328286,45,29.211000000000002,3.381797610489199
2022-06-23,1011010801,食用菌,8.338551549581254,72,29.488,4.194886055344547
2022-06-24,1011010101,花叶类,6.801315824936133,100,104.325,2.7113935298346514
2022-06-24,1011010201,花菜类,6.374250712250712,5,17.64,5.05
2022-06-24,1011010402,水生根茎类,7.992763787459078,19,25.878,8.80481180925883
2022-06-24,1011010501,茄类,4.375702068965517,10,22.836,4.293822035382729
2022-06-24,1011010504,辣椒类,5.3348553896616195,45,33.789,3.1208274882358165
2022-06-24,1011010801,食用菌,8.290079327359031,72,29.265,4.682692636254911
2022-06-25,1011010101,花叶类,6.808515824936133,100,156.216,2.9974832923644184
2022-06-25,1011010201,花菜类,6.422250712250713,5,22.426,5.19
2022-06-25,1011010402,水生根茎类,7.985395366406447,19,40.332,7.55514603788555
2022-06-25,1011010501,茄类,4.370702068965517,10,28.57,4.453412670633532
2022-06-25,1011010504,辣椒类,5.2804109452171755,45,39.414,3.634782564570964
2022-06-25,1011010801,食用菌,8.271051549581253,72,48.569,3.938508101875682
2022-06-26,1011010101,花叶类,6.7895158249361325,100,163.919,2.7587681110792523
2022-06-26,1011010201,花菜类,6.376250712250712,5,36.32,4.96
2022-06-26,1011010402,水生根茎类,7.992763787459078,19,31.364,11.409891914296646
2022-06-26,1011010501,茄类,4.237702068965517,10,33.783,4.9775564633099485
2022-06-26,1011010504,辣椒类,5.4744109452171745,45,43.418,3.8082647749781198
2022-06-26,1011010801,食用菌,8.277995994025698,72,54.309,4.223119556611243
2022-06-27,1011010101,花叶类,6.658815824936133,100,105.20700000000001,2.9655110401399147
2022-06-27,1011010201,花菜类,6.258000000000001,5,21.772000000000002,4.94
2022-06-27,1011010402,水生根茎类,8.001184840090657,19,12.658999999999999,11.75308239197409
2022-06-27,1011010501,茄类,4.271702068965517,10,21.427,5.256043776543613
2022-06-27,1011010504,辣椒类,5.480188722994953,45,28.077,4.114270043095772
2022-06-27,1011010801,食用菌,8.313690438470143,72,26.887,4.621422992524268
2022-06-28,1011010101,花叶类,6.676015824936132,100,133.899,2.8772332877766074
2022-06-28,1011010201,花菜类,6.42,5,23.307,5.749999999999999
2022-06-28,1011010402,水生根茎类,7.997500629564341,19,19.500999999999998,9.239970770729707
2022-06-28,1011010501,茄类,4.3417020689655175,10,13.137,5.1543799954327465
2022-06-28,1011010504,辣椒类,5.533299834106064,45,28.268,3.948357860478279
2022-06-28,1011010801,食用菌,8.284523771803476,72,39.702,4.221832653266839
2022-06-29,1011010101,花叶类,6.645015824936133,100,156.09,2.9431791914920877
2022-06-29,1011010201,花菜类,6.4239999999999995,5,40.424,5.177091084504255
2022-06-29,1011010402,水生根茎类,7.992237471669604,19,16.118000000000002,13.624020970343713
2022-06-29,1011010501,茄类,4.415702068965517,10,26.758,4.784868450556843
2022-06-29,1011010504,辣椒类,5.550410945217175,45,21.954,5.224674319030701
2022-06-29,1011010801,食用菌,8.1467459940257,72,39.934,4.909771623178244
2022-06-30,1011010101,花叶类,6.624115824936133,100,127.274,3.100157455568301
2022-06-30,1011010201,花菜类,6.5200000000000005,5,47.528,5.396080415754923
2022-06-30,1011010402,水生根茎类,7.968553261143289,19,10.625,12.468931764705884
2022-06-30,1011010501,茄类,4.3257020689655175,10,21.969,4.216293868633074
2022-06-30,1011010504,辣椒类,5.687966500772731,45,29.259,4.763450220444991
2022-06-30,1011010801,食用菌,8.130773771803478,72,38.626999999999995,4.285090739638077
2022-07-01,1011010101,花叶类,6.696615824936133,100,149.719,2.6983733527474807
2022-07-01,1011010201,花菜类,6.720000000000001,5,28.897,5.816672664982524
2022-07-01,1011010402,水生根茎类,7.906447997985394,19,15.086,12.630185602545408
2022-07-01,1011010501,茄类,4.290702068965517,10,17.165,4.359983105155841
2022-07-01,1011010504,辣椒类,6.038633167439397,45,25.326,7.485164652925847
2022-07-01,1011010801,食用菌,8.135079327359032,72,50.953,3.5196710694169133
2022-07-02,1011010101,花叶类,6.6900158249361334,100,195.29500000000002,3.03466699096239
2022-07-02,1011010201,花菜类,6.646000000000001,5,55.851,5.615486025317363
2022-07-02,1011010402,水生根茎类,7.718553261143289,19,28.667,12.40385390867548
2022-07-02,1011010501,茄类,4.069702068965517,10,27.475,3.7906802547770697
2022-07-02,1011010504,辣椒类,6.106410945217176,45,55.999,6.9668411935927415
2022-07-02,1011010801,食用菌,8.066329327359032,72,45.704,5.796656747768248
2022-07-03,1011010101,花叶类,6.691415824936133,100,189.083,3.040783888556877
2022-07-03,1011010201,花菜类,6.756,5,48.366,5.987621056113799
2022-07-03,1011010402,水生根茎类,7.662237471669604,19,63.873,6.589500728007139
2022-07-03,1011010501,茄类,4.065702068965518,10,42.368,4.327467900302114
2022-07-03,1011010504,辣椒类,6.217744278550509,45,58.67,7.473567581387422
2022-07-03,1011010801,食用菌,8.147995994025699,72,42.18,4.437126600284495
2022-07-04,1011010101,花叶类,6.751815824936133,100,116.605,3.277872046653231
2022-07-04,1011010201,花菜类,6.766,5,27.955000000000002,6.27
2022-07-04,1011010402,水生根茎类,7.652237471669604,19,20.219,9.316221870517829
2022-07-04,1011010501,茄类,4.072702068965517,10,17.802,3.4763431075160094
2022-07-04,1011010504,辣椒类,6.242188722994952,45,47.642,6.739149909743503
2022-07-04,1011010801,食用菌,8.16617662229795,72,36.688,5.74088530309638
2022-07-05,1011010101,花叶类,6.749715824936133,100,133.21,2.9283726446963443
2022-07-05,1011010201,花菜类,6.816,5,42.64,5.681277204502814
2022-07-05,1011010402,水生根茎类,7.651184840090657,19,34.507999999999996,9.172921931146401
2022-07-05,1011010501,茄类,4.070702068965518,10,17.524,3.411753024423647
2022-07-05,1011010504,辣椒类,7.085744278550509,45,49.727999999999994,6.573877493564994
2022-07-05,1011010801,食用菌,8.160204400075727,72,50.367000000000004,3.9155552246510608
2022-07-06,1011010101,花叶类,6.731615824936133,100,164.461,2.8591430187096027
2022-07-06,1011010201,花菜类,6.837999999999999,5,31.186,5.634890014750209
2022-07-06,1011010402,水生根茎类,7.662237471669604,19,39.018,7.164674252908914
2022-07-06,1011010501,茄类,4.101702068965517,10,9.038,3.2905355167072363
2022-07-06,1011010504,辣椒类,7.05085538966162,45,51.119,7.01426788473953
2022-07-06,1011010801,食用菌,8.162009955631284,72,32.226,5.007559113759077
2022-07-07,1011010101,花叶类,6.729715824936132,100,134.04399999999998,2.9998089433320403
2022-07-07,1011010201,花菜类,6.736,5,50.962,5.550103214159569
2022-07-07,1011010402,水生根茎类,7.656447997985394,19,43.066,6.892881159151071
2022-07-07,1011010501,茄类,4.0757020689655175,10,14.602,3.712574304889741
2022-07-07,1011010504,辣椒类,7.071522056328287,45,39.874,7.918626674023173
2022-07-07,1011010801,食用菌,8.178815511186839,72,29.189,4.2125595258487785
2022-07-08,1011010101,花叶类,6.750015824936132,100,129.05,3.259294304533127
2022-07-08,1011010201,花菜类,6.67,5,48.355999999999995,5.336617172636282
2022-07-08,1011010402,水生根茎类,7.646447997985394,19,32.713,6.038801393941247
2022-07-08,1011010501,茄类,4.0677020689655174,10,7.971,3.7725944047170996
2022-07-08,1011010504,辣椒类,7.190188722994953,45,42.7,6.656950585480093
2022-07-08,1011010801,食用菌,8.19952203292597,72,49.425,3.9295902883156297
2022-07-09,1011010101,花叶类,6.7540158249361335,100,173.971,3.4200141977685936
2022-07-09,1011010201,花菜类,6.718000000000001,5,44.535000000000004,5.6
2022-07-09,1011010402,水生根茎类,6.8853953664064464,19,44.591,8.6177975376197
2022-07-09,1011010501,茄类,4.103702068965517,10,26.107,4.192467154403034
2022-07-09,1011010504,辣椒类,7.1250776118838415,45,73.124,5.959547754499208
2022-07-09,1011010801,食用菌,8.176049810703747,72,55.629,4.547930036491758
2022-07-10,1011010101,花叶类,6.7495158249361324,100,186.916,3.1360271993836806
2022-07-10,1011010201,花菜类,6.628,5,67.457,5.332881687593578
2022-07-10,1011010402,水生根茎类,6.812763787459079,19,35.703,6.519636165028149
2022-07-10,1011010501,茄类,4.137702068965518,10,21.797,4.571851630958387
2022-07-10,1011010504,辣椒类,7.162633167439397,45,85.669,6.570471115572727
2022-07-10,1011010801,食用菌,8.18202203292597,72,80.418,3.491193513889925
2022-07-11,1011010101,花叶类,6.756715824936133,100,133.768,3.0852000478440282
2022-07-11,1011010201,花菜类,6.462000000000001,5,24.264000000000003,5.941472964061985
2022-07-11,1011010402,水生根茎类,6.790658524301184,19,43.103,7.005753195833236
2022-07-11,1011010501,茄类,4.0917020689655175,10,30.141,4.683458412129657
2022-07-11,1011010504,辣椒类,7.087299834106064,45,57.659,6.831040253906589
2022-07-11,1011010801,食用菌,8.188272032925969,72,55.108000000000004,3.7047034913261228
2022-07-12,1011010101,花叶类,6.761015824936132,100,129.271,3.040079290792212
2022-07-12,1011010201,花菜类,6.444,5,64.57900000000001,5.423710648972577
2022-07-12,1011010402,水生根茎类,6.794869050616973,19,29.78,8.356062793821357
2022-07-12,1011010501,茄类,3.9907020689655175,10,19.218,3.719267353522739
2022-07-12,1011010504,辣椒类,7.140188722994953,45,49.014,7.7095354388542034
2022-07-12,1011010801,食用菌,8.230216477370414,72,27.869,5.816441207075963
2022-07-13,1011010101,花叶类,6.746215824936132,100,150.034,3.1307723582654603
2022-07-13,1011010201,花菜类,6.853999999999999,5,46.435,5.8598832777000105
2022-07-13,1011010402,水生根茎类,6.814342734827499,19,31.994999999999997,9.36119518674793
2022-07-13,1011010501,茄类,4.062702068965517,10,12.754999999999999,3.4538957271658175
2022-07-13,1011010504,辣椒类,6.976633167439397,45,57.841,5.478281841600249
2022-07-13,1011010801,食用菌,8.241049810703748,72,63.603,3.724669433831737
2022-07-14,1011010101,花叶类,6.881615824936133,100,131.965,3.3784473155760995
2022-07-14,1011010201,花菜类,6.867999999999999,5,34.033,6.2
2022-07-14,1011010402,水生根茎类,7.163816419038025,19,12.376,7.892019230769231
2022-07-14,1011010501,茄类,4.175702068965517,10,14.374,3.2829247251982747
2022-07-14,1011010504,辣椒类,6.909299834106064,45,52.446,5.003707623078976
2022-07-14,1011010801,食用菌,8.23216092181486,72,44.709,5.464549195911337
2022-07-15,1011010101,花叶类,6.879115824936133,100,118.425,3.2993630567869965
2022-07-15,1011010201,花菜类,6.87,5,30.18,6.2
2022-07-15,1011010402,水生根茎类,7.155395366406446,19,43.241,7.724199024074374
2022-07-15,1011010501,茄类,4.208702068965517,10,11.364,2.6030860612460396
2022-07-15,1011010504,辣椒类,7.066410945217175,45,60.497,5.105910706316015
2022-07-15,1011010801,食用菌,8.266188699592636,72,66.136,4.2395852485786865
2022-07-16,1011010101,花叶类,6.8920158249361325,100,175.925,3.9105251669745624
2022-07-16,1011010201,花菜类,6.88,5,59.714,6.12
2022-07-16,1011010402,水生根茎类,7.2017111558801306,19,107.272,5.551456764113654
2022-07-16,1011010501,茄类,4.314702068965517,10,18.431,3.705693668276273
2022-07-16,1011010504,辣椒类,6.971522056328287,45,73.235,6.917367515532191
2022-07-16,1011010801,食用菌,8.268688699592637,72,89.471,3.733892769724268
2022-07-17,1011010101,花叶类,6.949715824936132,100,190.249,3.59148394998134
2022-07-17,1011010201,花菜类,7.062,5,53.705,6.096214877571921
2022-07-17,1011010402,水生根茎类,7.278553261143289,19,131.3,4.541101066260472
2022-07-17,1011010501,茄类,4.424702068965518,10,21.933999999999997,4.100332816631714
2022-07-17,1011010504,辣椒类,6.9981887229949535,45,63.421,6.784153671496824
2022-07-17,1011010801,食用菌,8.28188314403708,72,73.67099999999999,5.368964314316353
2022-07-18,1011010101,花叶类,6.950315824936133,100,132.053,3.578484926506782
2022-07-18,1011010201,花菜类,7.108,5,43.19,5.63
2022-07-18,1011010402,水生根茎类,7.224869050616974,19,57.442,6.48974200062672
2022-07-18,1011010501,茄类,4.420702068965517,10,11.582,3.939410291832153
2022-07-18,1011010504,辣椒类,7.006633167439397,45,50.507,6.938621181222405
2022-07-18,1011010801,食用菌,8.317299810703748,72,52.193,4.158280803939225
2022-07-19,1011010101,花叶类,6.953615824936133,100,134.777,3.426589106449914
2022-07-19,1011010201,花菜类,7.052,5,33.363,5.505486916644187
2022-07-19,1011010402,水生根茎类,7.5396058927222365,19,90.19,4.14272391617696
2022-07-19,1011010501,茄类,4.433702068965517,10,20.509,3.856688283192745
2022-07-19,1011010504,辣椒类,7.012633167439398,45,49.966,5.617641796421567
2022-07-19,1011010801,食用菌,8.291744255148192,72,44.352000000000004,5.791770382395382
2022-07-20,1011010101,花叶类,6.961815824936133,100,161.158,3.852544893830899
2022-07-20,1011010201,花菜类,7.153999999999999,5,43.777,5.68
2022-07-20,1011010402,水生根茎类,7.543290103248552,19,89.35499999999999,4.549917631917633
2022-07-20,1011010501,茄类,4.342702068965517,10,17.192,3.58287168450442
2022-07-20,1011010504,辣椒类,7.003744278550509,45,88.656,4.855115953798953
2022-07-20,1011010801,食用菌,8.388549810703747,72,37.088,6.192525614754099
2022-07-21,1011010101,花叶类,6.972915824936133,100,140.656,3.3735164514844724
2022-07-21,1011010201,花菜类,7.264,5,38.147,5.94
2022-07-21,1011010402,水生根茎类,7.617588348862586,19,75.92,5.6670641464699685
2022-07-21,1011010501,茄类,4.436702068965517,10,18.296,3.213297988631395
2022-07-21,1011010504,辣椒类,7.045299834106064,45,130.268,3.7006150397641786
2022-07-21,1011010801,食用菌,8.37077203292597,72,43.486,4.604359334038541
2022-07-22,1011010101,花叶类,6.9526158249361325,100,119.449,3.6692647908312335
2022-07-22,1011010201,花菜类,7.303999999999999,5,33.655,6.0
2022-07-22,1011010402,水生根茎类,7.592851506757324,19,44.43,7.7856896241278415
2022-07-22,1011010501,茄类,4.553702068965517,10,16.448999999999998,4.375974223357043
2022-07-22,1011010504,辣椒类,7.22285538966162,45,91.719,4.453851873657585
2022-07-22,1011010801,食用菌,8.383966477370414,72,60.678,3.68086950789413
2022-07-23,1011010101,花叶类,6.939015824936133,100,163.238,3.8243929109643586
2022-07-23,1011010201,花菜类,7.214,5,45.47,6.0
2022-07-23,1011010402,水生根茎类,7.329167296231009,19,67.395,8.608998887157803
2022-07-23,1011010501,茄类,4.469702068965518,10,20.601,4.735168195718654
2022-07-23,1011010504,辣椒类,6.976633167439397,45,128.405,4.091468790156147
2022-07-23,1011010801,食用菌,8.430077588481526,72,101.743,3.737872482627798
2022-07-24,1011010101,花叶类,6.973115824936133,100,187.595,3.643192888936272
2022-07-24,1011010201,花菜类,7.1259999999999994,5,45.96,5.63
2022-07-24,1011010402,水生根茎类,7.276009401494167,19,112.091,4.937348582847864
2022-07-24,1011010501,茄类,4.535702068965517,10,10.549,4.049992416342781
2022-07-24,1011010504,辣椒类,6.665966500772731,45,55.957,3.251144628911486
2022-07-24,1011010801,食用菌,8.351188699592635,72,67.64,4.949091366055589
2022-07-25,1011010101,花叶类,6.976615824936133,100,128.305,3.6925938194146757
2022-07-25,1011010201,花菜类,7.359999999999999,5,79.565,6.259820901150003
2022-07-25,1011010402,水生根茎类,7.247588348862586,19,90.633,4.006115873909062
2022-07-25,1011010501,茄类,4.668702068965517,10,17.972,4.950066770531938
2022-07-25,1011010504,辣椒类,6.573522056328287,45,66.762,2.2653533447170546
2022-07-25,1011010801,食用菌,8.364383144037081,72,66.315,4.026346377139411
2022-07-26,1011010101,花叶类,6.976615824936133,100,161.702,3.8607030834498026
2022-07-26,1011010201,花菜类,7.274000000000001,5,74.221,6.040416593686422
2022-07-26,1011010402,水生根茎类,7.226535717283641,19,68.863,5.610377416028927
2022-07-26,1011010501,茄类,4.912702068965517,10,18.262,4.218057167889606
2022-07-26,1011010504,辣椒类,6.538735582898335,45,98.29,3.0316268185980264
2022-07-26,1011010801,食用菌,8.403966477370414,72,59.465,4.519168922895821
2022-07-27,1011010101,花叶类,6.9873158249361325,100,131.633,3.8815695152431378
2022-07-27,1011010201,花菜类,7.248,5,67.503,5.9878920936847235
2022-07-27,1011010402,水生根茎类,7.249167296231008,19,71.087,4.615427152643943
2022-07-27,1011010501,茄类,4.9377020689655176,10,14.402000000000001,4.684361199833356
2022-07-27,1011010504,辣椒类,6.51229113845389,45,108.891,3.136832428759034
2022-07-27,1011010801,食用菌,8.418688699592636,72,58.869,4.388633066639487
2022-07-28,1011010101,花叶类,6.988115824936133,100,170.77100000000002,3.8433150242137133
2022-07-28,1011010201,花菜类,7.186,5,60.76,5.83077353522054
2022-07-28,1011010402,水生根茎类,7.2854830857046915,19,70.756,5.2746021538809424
2022-07-28,1011010501,茄类,4.923702068965517,10,22.580000000000002,4.644875996457041
2022-07-28,1011010504,辣椒类,6.521402249565002,45,116.81,3.3146676654396026
2022-07-28,1011010801,食用菌,8.428966477370414,72,69.521,4.14695617151652
2022-07-29,1011010101,花叶类,7.000315824936133,100,331.236,2.0418912497433857
2022-07-29,1011010201,花菜类,7.072,5,64.225,5.565684235110939
2022-07-29,1011010402,水生根茎类,7.282325190967851,19,66.925,5.254486963018304
2022-07-29,1011010501,茄类,4.944702068965517,10,15.616,4.320860655737705
2022-07-29,1011010504,辣椒类,6.523846694009445,45,120.741,2.7829122667528017
2022-07-29,1011010801,食用菌,8.255355366259302,72,52.634,5.092540753125356
2022-07-30,1011010101,花叶类,7.004715824936133,100,344.157,2.0004858828964687
2022-07-30,1011010201,花菜类,6.936,5,61.873,5.316892667237729
2022-07-30,1011010402,水生根茎类,7.284956769915219,19,71.29299999999999,6.3770149944594845
2022-07-30,1011010501,茄类,4.95484,10,13.837,4.31141793741418
2022-07-30,1011010504,辣椒类,6.418735582898335,45,141.664,2.0418406934718774
2022-07-30,1011010801,食用菌,8.257716477370414,72,86.456,4.128790136022948
2022-07-31,1011010101,花叶类,6.973615824936132,100,320.998,2.26944012112225
2022-07-31,1011010201,花菜类,6.616,5,49.207,5.157190643607617
2022-07-31,1011010402,水生根茎类,7.27390413833627,19,131.59099999999998,3.990884862946555
2022-07-31,1011010501,茄类,4.9938400000000005,10,19.875,4.549805786163522
2022-07-31,1011010504,辣椒类,6.465180027342779,45,142.906,2.5830863644633535
2022-07-31,1011010801,食用菌,8.277855366259303,72,98.219,3.786996405990695
2022-08-01,1011010101,花叶类,6.987215824936133,100,304.399,2.1578886921441924
2022-08-01,1011010201,花菜类,6.703999999999999,5,82.282,5.1238628132519874
2022-08-01,1011010402,水生根茎类,7.30074624359943,19,91.81299999999999,4.248106912964396
2022-08-01,1011010501,茄类,4.89984,10,29.243000000000002,5.352404336080429
2022-08-01,1011010504,辣椒类,6.438735582898334,45,154.113,2.650971949154192
2022-08-01,1011010801,食用菌,8.281049810703747,72,36.451,5.281732188417328
2022-08-02,1011010101,花叶类,6.990915824936133,100,270.798,2.234431901269581
2022-08-02,1011010201,花菜类,6.587999999999999,5,80.493,4.7151293901333045
2022-08-02,1011010402,水生根茎类,7.322325190967851,19,28.385,7.648951206623216
2022-08-02,1011010501,茄类,4.46384,10,14.101,4.255605985391107
2022-08-02,1011010504,辣椒类,6.440513360676112,45,122.28399999999999,2.7204010336593507
2022-08-02,1011010801,食用菌,8.294244255148191,72,57.275999999999996,4.754305119072562
2022-08-03,1011010101,花叶类,6.995415824936133,100,337.105,2.1138797110692513
2022-08-03,1011010201,花菜类,6.81,5,68.436,5.325694225261558
2022-08-03,1011010402,水生根茎类,7.32811466465206,19,95.589,3.203418698804256
2022-08-03,1011010501,茄类,4.44284,10,15.585,5.102297080526146
2022-08-03,1011010504,辣椒类,6.438957805120556,45,159.987,2.426557407789383
2022-08-03,1011010801,食用菌,8.295077588481526,72,76.332,3.6477186501074255
2022-08-04,1011010101,花叶类,7.035315824936133,100,354.404,2.191663158429363
2022-08-04,1011010201,花菜类,5.696,5,65.154,5.133533781502287
2022-08-04,1011010402,水生根茎类,7.3107462435994295,19,64.17099999999999,6.357029810973805
2022-08-04,1011010501,茄类,5.00584,10,17.149,5.3249670534725055
2022-08-04,1011010504,辣椒类,6.431402249565002,45,152.644,2.3947405728361413
2022-08-04,1011010801,食用菌,8.30438314403708,72,81.526,3.8069673478399526
2022-08-05,1011010101,花叶类,7.019815824936132,100,329.423,2.2754526550969425
2022-08-05,1011010201,花菜类,5.555999999999999,5,72.799,4.71891646863281
2022-08-05,1011010402,水生根茎类,7.316009401494166,19,43.931000000000004,7.479894835082288
2022-08-05,1011010501,茄类,4.76684,10,13.431999999999999,5.605335020845741
2022-08-05,1011010504,辣椒类,6.617846694009446,45,169.692,2.433925347099451
2022-08-05,1011010801,食用菌,8.300494255148191,72,66.543,4.247400477886479
2022-08-06,1011010101,花叶类,7.0235158249361325,100,355.128,2.271565041337208
2022-08-06,1011010201,花菜类,5.422,5,96.079,4.464476212283642
2022-08-06,1011010402,水生根茎类,7.597062033073113,19,106.723,4.674378625038651
2022-08-06,1011010501,茄类,4.816,10,15.462,5.5434943733022894
2022-08-06,1011010504,辣椒类,6.752291138453891,45,183.489,2.541060172544403
2022-08-06,1011010801,食用菌,8.30077203292597,72,91.924,4.565310473869718
2022-08-07,1011010101,花叶类,7.0109158249361325,100,319.04200000000003,2.3589985644523286
2022-08-07,1011010201,花菜类,5.4,5,86.982,4.448581775539767
2022-08-07,1011010402,水生根茎类,7.603377822546798,19,89.746,4.964035723040581
2022-08-07,1011010501,茄类,4.873,10,26.316000000000003,5.197373841009272
2022-08-07,1011010504,辣椒类,6.63429113845389,45,211.184,2.187645512917645
2022-08-07,1011010801,食用菌,8.30077203292597,72,105.113,3.4462066537916334
2022-08-08,1011010101,花叶类,6.932115824936132,100,302.077,1.9369827560522648
2022-08-08,1011010201,花菜类,5.4719999999999995,5,76.689,4.601196651410242
2022-08-08,1011010402,水生根茎类,7.610219927809956,19,86.53099999999999,4.406063029434538
2022-08-08,1011010501,茄类,4.976,10,18.528,5.569826208981002
2022-08-08,1011010504,辣椒类,6.513402249565002,45,138.495,1.948729557023719
2022-08-08,1011010801,食用菌,8.305494255148192,72,87.26599999999999,4.0244908670043325
2022-08-09,1011010101,花叶类,6.945215824936133,100,322.432,2.057929268807066
2022-08-09,1011010201,花菜类,5.43,5,75.303,4.58826992284504
2022-08-09,1011010402,水生根茎类,7.584956769915218,19,54.281000000000006,5.822446159798087
2022-08-09,1011010501,茄类,4.986,10,17.542,5.322881085395051
2022-08-09,1011010504,辣椒类,6.51229113845389,45,161.631,2.3033334570719726
2022-08-09,1011010801,食用菌,8.298966477370413,72,77.1,3.932568741893645
2022-08-10,1011010101,花叶类,6.942015824936132,100,291.018,2.3236444824718747
2022-08-10,1011010201,花菜类,5.378,5,70.98599999999999,4.517268052855493
2022-08-10,1011010402,水生根茎类,7.547062033073114,19,89.973,3.990719993775911
2022-08-10,1011010501,茄类,4.854,10,17.255,5.545988988698928
2022-08-10,1011010504,辣椒类,6.462291138453891,45,168.921,2.1437585024952495
2022-08-10,1011010801,食用菌,8.280910921814858,72,39.034,6.326349336475892
2022-08-11,1011010101,花叶类,6.895215824936133,100,313.919,1.7016483551489399
2022-08-11,1011010201,花菜类,5.388,5,73.029,4.537986964082763
2022-08-11,1011010402,水生根茎类,7.540219927809955,19,70.377,4.649107378831153
2022-08-11,1011010501,茄类,4.823,10,13.387,5.301706132815418
2022-08-11,1011010504,辣椒类,6.461846694009446,45,159.507,2.1267758781746253
2022-08-11,1011010801,食用菌,8.282716477370414,72,68.939,3.565017334164987
2022-08-12,1011010101,花叶类,6.8775158249361334,100,326.821,2.0366410359187443
2022-08-12,1011010201,花菜类,5.326,5,74.91,4.33559524763049
2022-08-12,1011010402,水生根茎类,7.544430454125745,19,79.938,4.713482699091796
2022-08-12,1011010501,茄类,4.817,10,15.139,4.6763412378624745
2022-08-12,1011010504,辣椒类,6.583402249565001,45,166.473,2.024837120734293
2022-08-12,1011010801,食用菌,8.125355366259303,72,60.39,3.8766549097532703
2022-08-13,1011010101,花叶类,6.875115824936132,100,479.995,2.001742518151231
2022-08-13,1011010201,花菜类,5.68,5,102.596,4.231630472922921
2022-08-13,1011010402,水生根茎类,7.534430454125745,19,139.761,3.8228258240854034
2022-08-13,1011010501,茄类,4.66,10,28.497999999999998,4.823639553652889
2022-08-13,1011010504,辣椒类,6.5616244717872245,45,223.38400000000001,2.098907352361852
2022-08-13,1011010801,食用菌,8.284383144037081,72,72.19,5.119825737636791
2022-08-14,1011010101,花叶类,6.873715824936133,100,394.71500000000003,2.111497333519121
2022-08-14,1011010201,花菜类,5.566,5,120.907,3.99308385784115
2022-08-14,1011010402,水生根茎类,7.442851506757324,19,97.04400000000001,5.928168253575698
2022-08-14,1011010501,茄类,4.049,10,32.987,3.056377663928214
2022-08-14,1011010504,辣椒类,5.773231481481481,45,188.234,2.0354743563862003
2022-08-14,1011010801,食用菌,8.453966477370415,72,87.77,4.71232243363336
2022-08-15,1011010101,花叶类,6.874315824936133,100,347.367,2.250788675953674
2022-08-15,1011010201,花菜类,5.6579999999999995,5,85.398,4.183452305674606
2022-08-15,1011010402,水生根茎类,7.460219927809956,19,102.925,4.442048870536799
2022-08-15,1011010501,茄类,3.9240000000000004,10,24.222,3.366354553711502
2022-08-15,1011010504,辣椒类,6.04012037037037,45,120.999,2.05778213043083
2022-08-15,1011010801,食用菌,8.297994255148192,72,67.468,5.144639977470801
2022-08-16,1011010101,花叶类,6.910815824936133,100,368.861,2.2855405423723303
2022-08-16,1011010201,花菜类,5.6739999999999995,5,81.22,4.225236641221374
2022-08-16,1011010402,水生根茎类,6.622851506757324,19,69.881,5.349710937164609
2022-08-16,1011010501,茄类,4.052,10,18.14,3.1422359426681363
2022-08-16,1011010504,辣椒类,6.080342592592592,45,183.738,1.975407917795992
2022-08-16,1011010801,食用菌,8.317438699592635,72,71.408,4.813773526775711
2022-08-17,1011010101,花叶类,6.8828158249361335,100,358.863,2.0743235998138565
2022-08-17,1011010201,花菜类,5.656,5,87.672,4.204546947714207
2022-08-17,1011010402,水生根茎类,6.599167296231008,19,104.095,4.470177626206831
2022-08-17,1011010501,茄类,3.972,10,20.658,3.429756994868816
2022-08-17,1011010504,辣椒类,6.079898148148148,45,146.131,2.498665854609905
2022-08-17,1011010801,食用菌,8.319799810703747,72,66.376,5.2660084970471255
2022-08-18,1011010101,花叶类,6.912015824936133,100,424.262,2.4554408596574757
2022-08-18,1011010201,花菜类,5.656000000000001,5,121.725,4.166013801601972
2022-08-18,1011010402,水生根茎类,6.5870620330731136,19,81.503,5.378473430425874
2022-08-18,1011010501,茄类,3.965,10,26.979,3.5299310574891583
2022-08-18,1011010504,辣椒类,6.0230092592592595,45,223.117,2.1387507003052213
2022-08-18,1011010801,食用菌,8.510772032925969,72,84.219,4.076688039516024
2022-08-19,1011010101,花叶类,6.965515824936133,100,401.426,2.4757274317059683
2022-08-19,1011010201,花菜类,6.234,5,186.155,4.523786360828342
2022-08-19,1011010402,水生根茎类,6.582851506757324,19,144.451,5.49550235027795
2022-08-19,1011010501,茄类,3.998,10,89.61600000000001,3.346455097304053
2022-08-19,1011010504,辣椒类,6.382787037037037,45,334.781,2.2453165203521106
2022-08-19,1011010801,食用菌,8.43563314403708,72,91.655,4.060560907751896
2022-08-20,1011010101,花叶类,7.020615824936133,100,429.043,2.4159136030654267
2022-08-20,1011010201,花菜类,6.264,5,123.124,4.499195201585394
2022-08-20,1011010402,水生根茎类,6.574956769915219,19,95.69800000000001,5.606697109657464
2022-08-20,1011010501,茄类,4.011,10,18.641000000000002,4.420996191191459
2022-08-20,1011010504,辣椒类,6.312342592592592,45,209.291,2.4734218384928157
2022-08-20,1011010801,食用菌,8.430077588481526,72,70.643,4.254738898404655
2022-08-21,1011010101,花叶类,6.994315824936133,100,432.675,2.4398630380770787
2022-08-21,1011010201,花菜类,6.268,5,82.19800000000001,4.4656545171415365
2022-08-21,1011010402,水生根茎类,6.563904138336271,19,87.971,5.370697275238431
2022-08-21,1011010501,茄类,4.128,10,19.233,4.466892320490824
2022-08-21,1011010504,辣椒类,6.184564814814815,45,219.055,1.900003560749583
2022-08-21,1011010801,食用菌,8.434660921814858,72,72.191,4.512761424554307
2022-08-22,1011010101,花叶类,6.974015824936133,100,303.2,2.152940204485488
2022-08-22,1011010201,花菜类,6.272,5,45.20399999999999,4.418722458189541
2022-08-22,1011010402,水生根茎类,6.5675883488625875,19,66.488,4.244178347972567
2022-08-22,1011010501,茄类,4.136,10,14.33,3.940752965806001
2022-08-22,1011010504,辣椒类,6.40700925925926,45,104.65299999999999,2.477869339627149
2022-08-22,1011010801,食用菌,8.419799810703747,72,47.201,4.138678417830131
2022-08-23,1011010101,花叶类,7.001315824936134,100,259.56,2.3683999460625675
2022-08-23,1011010201,花菜类,6.272,5,43.039,4.568447222286763
2022-08-23,1011010402,水生根茎类,6.56811466465206,19,86.205,4.130783597239139
2022-08-23,1011010501,茄类,4.135,10,13.572,4.28685234305924
2022-08-23,1011010504,辣椒类,6.298564814814815,45,111.097,2.4364413080461222
2022-08-23,1011010801,食用菌,8.416327588481526,72,48.094,4.313764294922444
2022-08-24,1011010101,花叶类,7.011915824936133,100,233.767,2.587813121612546
2022-08-24,1011010201,花菜类,6.378,5,46.96,4.292632879045996
2022-08-24,1011010402,水生根茎类,5.299167296231008,19,57.232,4.938934686888454
2022-08-24,1011010501,茄类,4.264,10,14.23,4.4249627547434995
2022-08-24,1011010504,辣椒类,6.109898148148148,45,73.184,2.391422168780061
2022-08-24,1011010801,食用菌,8.328966477370415,72,59.056,4.278783527499323
2022-08-25,1011010101,花叶类,6.833215824936133,100,243.786,2.813019533525305
2022-08-25,1011010201,花菜类,6.4239999999999995,5,63.776,4.825627195183141
2022-08-25,1011010402,水生根茎类,5.281272559388903,19,51.218999999999994,5.809945332786662
2022-08-25,1011010501,茄类,4.28,10,12.514000000000001,4.356395237334186
2022-08-25,1011010504,辣椒类,5.945009259259259,45,110.13,2.474551439208209
2022-08-25,1011010801,食用菌,8.323688699592635,72,42.528,5.334303987960873
2022-08-26,1011010101,花叶类,6.815315824936133,100,250.941,2.7607675509382683
2022-08-26,1011010201,花菜类,6.536,5,48.086,5.1842369920559
2022-08-26,1011010402,水生根茎类,5.269167296231008,19,48.72,4.812010673234811
2022-08-26,1011010501,茄类,4.3660000000000005,10,11.488,5.311154247910864
2022-08-26,1011010504,辣椒类,6.122787037037037,45,129.03,2.568294272649771
2022-08-26,1011010801,食用菌,8.235633144037081,72,73.827,4.257106478659569
2022-08-27,1011010101,花叶类,6.780115824936133,100,357.705,2.1473034763282595
2022-08-27,1011010201,花菜类,6.5,5,57.998000000000005,5.633825304320839
2022-08-27,1011010402,水生根茎类,5.253904138336271,19,104.458,4.297665664669053
2022-08-27,1011010501,茄类,4.39,10,19.554000000000002,3.7949708499539736
2022-08-27,1011010504,辣椒类,5.792787037037036,45,154.266,2.5498053362374082
2022-08-27,1011010801,食用菌,8.331744255148191,72,68.656,5.601480278489862
2022-08-28,1011010101,花叶类,6.7956158249361325,100,252.244,3.198903561630802
2022-08-28,1011010201,花菜类,5.843999999999999,5,88.504,5.882528247310856
2022-08-28,1011010402,水生根茎类,5.657062033073114,19,102.839,4.912727856163517
2022-08-28,1011010501,茄类,4.654,10,25.88,5.091763523956724
2022-08-28,1011010504,辣椒类,5.719009259259259,45,251.609,2.2083716401241613
2022-08-28,1011010801,食用菌,8.519475736629673,72,71.953,4.624761163537309
2022-08-29,1011010101,花叶类,6.809770824936132,100,297.05,2.5425745834034674
2022-08-29,1011010201,花菜类,6.146,5,45.738,6.898518299881936
2022-08-29,1011010402,水生根茎类,5.720746243599429,19,59.775,4.706177331660393
2022-08-29,1011010501,茄类,4.882,10,13.378,4.814424428165645
2022-08-29,1011010504,辣椒类,5.637231481481482,45,116.07600000000001,2.256742651366346
2022-08-29,1011010801,食用菌,8.54850351440745,72,74.182,3.647492383597099
2022-08-30,1011010101,花叶类,6.812370824936132,100,236.727,2.6344220980285304
2022-08-30,1011010201,花菜类,6.328,5,66.738,6.617293895531781
2022-08-30,1011010402,水生根茎类,5.7228515067573245,19,93.293,3.9806812944165157
2022-08-30,1011010501,茄类,4.897,10,7.933999999999999,4.44402319132846
2022-08-30,1011010504,辣椒类,5.997675925925926,45,114.188,2.5313305250989595
2022-08-30,1011010801,食用菌,8.588503514407451,72,33.987,8.695217288963425
2022-08-31,1011010101,花叶类,6.768770824936134,100,242.409,2.614395587622572
2022-08-31,1011010201,花菜类,6.645999999999999,5,35.261,7.476380987493265
2022-08-31,1011010402,水生根茎类,5.723377822546797,19,28.994,5.562195626681383
2022-08-31,1011010501,茄类,4.909,10,3.3040000000000003,4.275266343825665
2022-08-31,1011010504,辣椒类,5.8416759259259265,45,61.621,2.967989646386783
2022-08-31,1011010801,食用菌,8.641697958851896,72,30.29,6.132203367448002
2022-09-01,1011010101,花叶类,6.817670824936133,100,311.034,2.9285170753036645
2022-09-01,1011010201,花菜类,6.764,5,47.503,7.925738584931477
2022-09-01,1011010402,水生根茎类,5.741798875178377,19,56.77,6.8422793729082265
2022-09-01,1011010501,茄类,4.927,10,11.463999999999999,5.5591303210048855
2022-09-01,1011010504,辣椒类,5.967009259259259,45,100.922,2.8133308892015614
2022-09-01,1011010801,食用菌,8.674475736629672,72,58.419,5.601920094489806
2022-09-02,1011010101,花叶类,6.899670824936132,100,328.216,3.2244523118921684
2022-09-02,1011010201,花菜类,6.859999999999999,5,42.416,8.096406073179931
2022-09-02,1011010402,水生根茎类,5.826009401494166,19,53.186,6.654994171398489
2022-09-02,1011010501,茄类,4.947,10,4.884,4.8155733005733
2022-09-02,1011010504,辣椒类,5.842342592592592,45,103.825,3.2751821815555022
2022-09-02,1011010801,食用菌,8.714614625518562,72,61.119,5.233153029336213
2022-09-03,1011010101,花叶类,6.877770824936133,100,419.813,3.165173946495225
2022-09-03,1011010201,花菜类,6.888,5,53.626000000000005,8.21542386155969
2022-09-03,1011010402,水生根茎类,5.842851506757325,19,88.589,6.401831943017756
2022-09-03,1011010501,茄类,5.226,10,15.738000000000001,6.0841383911551645
2022-09-03,1011010504,辣椒类,5.823231481481481,45,176.62800000000001,3.0836469302715313
2022-09-03,1011010801,食用菌,8.738920181074118,72,77.887,5.36627485973269
2022-09-04,1011010101,花叶类,6.946970824936133,100,491.166,3.3106213785156138
2022-09-04,1011010201,花菜类,6.85,5,62.544,8.02788197109235
2022-09-04,1011010402,水生根茎类,5.87653571728364,19,124.55,5.641017824167002
2022-09-04,1011010501,茄类,5.538,10,18.362000000000002,7.4326113713103155
2022-09-04,1011010504,辣椒类,5.767453703703704,45,185.40200000000002,3.121695450966009
2022-09-04,1011010801,食用菌,8.782670181074117,72,87.775,6.40227570492737
2022-09-05,1011010101,花叶类,6.979970824936133,100,285.889,3.3269500050718985
2022-09-05,1011010201,花菜类,6.981999999999999,5,53.158,8.350777869746793
2022-09-05,1011010402,水生根茎类,5.93653571728364,19,60.192,5.482119716905901
2022-09-05,1011010501,茄类,5.57,10,10.812,8.169236958934517
2022-09-05,1011010504,辣椒类,5.597898148148148,45,117.607,2.9565591333849173
2022-09-05,1011010801,食用菌,8.699336847740785,72,47.452,6.257581977577341
2022-09-06,1011010101,花叶类,6.9845708249361325,100,250.203,3.400112508642982
2022-09-06,1011010201,花菜类,6.997999999999999,5,39.138999999999996,8.405985845320526
2022-09-06,1011010402,水生根茎类,5.929167296231008,19,54.584,6.834674996335922
2022-09-06,1011010501,茄类,5.538,10,11.684000000000001,7.258944710715508
2022-09-06,1011010504,辣椒类,5.595675925925926,45,93.76899999999999,3.6288817199714196
2022-09-06,1011010801,食用菌,8.652253514407452,72,40.620000000000005,7.429436976858689
2022-09-07,1011010101,花叶类,6.972970824936133,100,260.624,2.400411205414697
2022-09-07,1011010201,花菜类,8.797999999999998,5,40.007000000000005,8.729903266928288
2022-09-07,1011010402,水生根茎类,5.9328515067573235,19,59.667,6.351428930564634
2022-09-07,1011010501,茄类,5.534,10,12.388,7.4661995479496275
2022-09-07,1011010504,辣椒类,5.5101203703703705,45,69.663,3.6585784419275655
2022-09-07,1011010801,食用菌,8.667114625518561,72,44.356,7.667026332401479
2022-09-08,1011010101,花叶类,7.107674991602799,100,222.246,3.417260018178055
2022-09-08,1011010201,花菜类,8.772,5,42.893,8.343258573660037
2022-09-08,1011010402,水生根茎类,5.931798875178377,19,46.658,6.912104247931758
2022-09-08,1011010501,茄类,5.942,10,7.917999999999999,8.023387218994698
2022-09-08,1011010504,辣椒类,5.499898148148148,45,91.68599999999999,2.9315510546866483
2022-09-08,1011010801,食用菌,8.711281292185229,72,62.072,6.534383135713365
2022-09-09,1011010101,花叶类,7.188274991602799,100,311.923,3.4018996675461572
2022-09-09,1011010201,花菜类,8.79,5,67.57,8.347598342459671
2022-09-09,1011010402,水生根茎类,5.924430454125745,19,111.848,6.745714541163007
2022-09-09,1011010501,茄类,6.0969999999999995,10,4.65,7.725225806451614
2022-09-09,1011010504,辣椒类,5.605675925925926,45,180.34,3.3383746257069977
2022-09-09,1011010801,食用菌,8.688364625518561,72,106.775,6.183458300163895
2022-09-10,1011010101,花叶类,7.0930749916027995,100,419.26300000000003,3.5327831218113688
2022-09-10,1011010201,花菜类,8.918,5,72.293,8.720371958557536
2022-09-10,1011010402,水生根茎类,5.982408293460925,19,155.46699999999998,4.817713919995884
2022-09-10,1011010501,茄类,5.559,10,0.491,5.62
2022-09-10,1011010504,辣椒类,5.54812037037037,45,146.777,3.2780427451167418
2022-09-10,1011010801,食用菌,8.919753514407452,72,114.94200000000001,6.005583424683753
2022-09-11,1011010101,花叶类,7.1772749916028,100,351.176,3.4493691197576144
2022-09-11,1011010201,花菜类,9.145999999999999,5,63.233999999999995,9.349063478508398
2022-09-11,1011010402,水生根茎类,5.967145135566188,19,97.363,5.772820167825561
2022-09-11,1011010501,茄类,6.177,10,6.927,8.37
2022-09-11,1011010504,辣椒类,5.491675925925926,45,83.984,4.7802121832730045
2022-09-11,1011010801,食用菌,8.979197958851895,72,92.533,7.145848832308473
2022-09-12,1011010101,花叶类,7.1714749916028,100,315.002,3.3910809137719755
2022-09-12,1011010201,花菜类,9.062000000000001,5,71.588,9.134744929317764
2022-09-12,1011010402,水生根茎类,5.929776714513557,19,38.383,7.820991324284187
2022-09-12,1011010501,茄类,6.176,10,0.0,6.176
2022-09-12,1011010504,辣椒类,5.306342592592593,45,145.6,3.800270879120879
2022-09-12,1011010801,食用菌,8.936003514407451,72,98.587,5.6214788968119525
2022-09-13,1011010101,花叶类,7.156474991602799,100,216.669,3.4613620314858147
2022-09-13,1011010201,花菜类,8.7,5,47.126,8.176445274370836
2022-09-13,1011010402,水生根茎类,5.793460925039873,19,25.627,7.536856050259493
2022-09-13,1011010501,茄类,6.156000000000001,10,0.0,6.156000000000001
2022-09-13,1011010504,辣椒类,5.540787037037037,45,104.849,3.707783383723259
2022-09-13,1011010801,食用菌,8.921420181074119,72,68.334,5.535224192934703
2022-09-14,1011010101,花叶类,7.1136749916027995,100,185.157,2.9079879777702167
2022-09-14,1011010201,花菜类,8.68,5,41.840999999999994,8.130337707033771
2022-09-14,1011010402,水生根茎类,5.803987240829346,19,27.935000000000002,5.055660282799355
2022-09-14,1011010501,茄类,5.462999999999999,10,0.0,5.462999999999999
2022-09-14,1011010504,辣椒类,5.629009259259259,45,70.053,4.316046707492899
2022-09-14,1011010801,食用菌,8.930864625518561,72,53.107,6.309675937258742
2022-09-15,1011010101,花叶类,7.100574991602799,100,201.569,2.9275946698152993
2022-09-15,1011010201,花菜类,8.622,5,27.430999999999997,7.979055083664468
2022-09-15,1011010402,水生根茎类,5.782934609250399,19,29.546,6.989263521288837
2022-09-15,1011010501,茄类,5.451,10,0.0,5.451
2022-09-15,1011010504,辣椒类,5.723453703703703,45,66.529,3.2902310270709014
2022-09-15,1011010801,食用菌,8.93336462551856,72,56.663,5.076984451935125
2022-09-16,1011010101,花叶类,6.985774991602799,100,193.806,3.0602329649236863
2022-09-16,1011010201,花菜类,8.634,5,41.283,8.021940265969043
2022-09-16,1011010402,水生根茎类,5.731881977671452,19,26.976999999999997,8.66516439930311
2022-09-16,1011010501,茄类,5.284,10,0.0,5.284
2022-09-16,1011010504,辣椒类,5.746120370370371,45,107.825,4.0489360537908645
2022-09-16,1011010801,食用菌,8.94100351440745,72,74.425,5.596069331541821
2022-09-17,1011010101,花叶类,7.021974991602799,100,359.256,3.094284493508807
2022-09-17,1011010201,花菜类,8.516,5,69.613,7.73773289471794
2022-09-17,1011010402,水生根茎类,5.692934609250399,19,50.024,6.336663401567248
2022-09-17,1011010501,茄类,5.284,10,0.0,5.284
2022-09-17,1011010504,辣椒类,5.676342592592593,45,168.436,4.353766593839797
2022-09-17,1011010801,食用菌,8.925309069963006,72,90.05,6.35234947251527
2022-09-18,1011010101,花叶类,7.0870749916028,100,377.496,2.9157079015406784
2022-09-18,1011010201,花菜类,8.19,5,57.715999999999994,6.9711511539261215
2022-09-18,1011010402,水生根茎类,5.697671451355662,19,58.668,4.1393256971432475
2022-09-18,1011010501,茄类,5.284,10,0.0,5.284
2022-09-18,1011010504,辣椒类,5.71300925925926,45,177.806,4.1137329448949975
2022-09-18,1011010801,食用菌,8.634475736629673,72,80.37299999999999,6.749730506513382
2022-09-19,1011010101,花叶类,7.0249749916028,100,212.507,3.1269090429962305
2022-09-19,1011010201,花菜类,7.917999999999999,5,38.815,6.362973592683241
2022-09-19,1011010402,水生根茎类,5.695566188197767,19,9.274000000000001,6.91586801811516
2022-09-19,1011010501,茄类,5.284,10,0.0,5.284
2022-09-19,1011010504,辣椒类,5.719453703703703,45,45.683,2.3483085611715517
2022-09-19,1011010801,食用菌,8.632809069963006,72,30.316,5.891809935347671
2022-09-20,1011010101,花叶类,7.029374991602799,100,262.543,2.746109627756215
2022-09-20,1011010201,花菜类,7.814,5,42.297,5.8872790032390006
2022-09-20,1011010402,水生根茎类,5.71451355661882,19,14.946000000000002,6.770840358624381
2022-09-20,1011010501,茄类,5.292,10,0.0,5.292
2022-09-20,1011010504,辣椒类,5.6352314814814815,45,67.862,2.685093866965312
2022-09-20,1011010801,食用菌,8.644336847740783,72,47.235,6.487273420133375
2022-09-21,1011010101,花叶类,7.021574991602799,100,213.475,2.8453013701838623
2022-09-21,1011010201,花菜类,7.7780000000000005,5,32.068,5.944943245603095
2022-09-21,1011010402,水生根茎类,5.658197767145135,19,18.429000000000002,9.196341092842802
2022-09-21,1011010501,茄类,5.32,10,0.0,5.32
2022-09-21,1011010504,辣椒类,5.621453703703704,45,86.458,3.5060177195863886
2022-09-21,1011010801,食用菌,8.684475736629672,72,46.791,5.798636489923276
2022-09-22,1011010101,花叶类,7.0185749916028,100,226.528,2.6448019229410935
2022-09-22,1011010201,花菜类,7.752,5,50.388000000000005,5.743413312693498
2022-09-22,1011010402,水生根茎类,5.629776714513556,19,20.182000000000002,7.298951045486077
2022-09-22,1011010501,茄类,5.357,10,0.0,5.357
2022-09-22,1011010504,辣椒类,5.620342592592593,45,73.801,3.831423151447813
2022-09-22,1011010801,食用菌,8.666281292185229,72,50.943,6.08433798559174
2022-09-23,1011010101,花叶类,6.942974991602799,100,243.19,2.6162077799251615
2022-09-23,1011010201,花菜类,7.836,5,65.003,5.693671522852791
2022-09-23,1011010402,水生根茎类,5.288197767145135,19,30.662,6.80173439436436
2022-09-23,1011010501,茄类,5.367,10,0.0,5.367
2022-09-23,1011010504,辣椒类,5.597009259259259,45,87.3,3.6657588774341354
2022-09-23,1011010801,食用菌,8.473225736629672,72,87.179,5.134256988494935
2022-09-24,1011010101,花叶类,6.9220749916028,100,345.852,2.5315752981043915
2022-09-24,1011010201,花菜类,7.847999999999999,5,75.743,5.8431160635306245
2022-09-24,1011010402,水生根茎类,5.279776714513557,19,49.291,7.0666018137185285
2022-09-24,1011010501,茄类,5.375,10,0.0,5.375
2022-09-24,1011010504,辣椒类,5.631009259259259,45,193.743,3.5381250935517667
2022-09-24,1011010801,食用菌,8.609336847740785,72,101.607,4.631175411142933
2022-09-25,1011010101,花叶类,6.837074991602799,100,320.644,2.0877003468020607
2022-09-25,1011010201,花菜类,7.856,5,55.324,6.213929216976358
2022-09-25,1011010402,水生根茎类,5.241355661881978,19,14.038,7.824675167402765
2022-09-25,1011010501,茄类,5.375,10,0.0,5.375
2022-09-25,1011010504,辣椒类,5.657453703703704,45,132.468,3.390615846846031
2022-09-25,1011010801,食用菌,8.588920181074117,72,118.404,5.579543258673693
2022-09-26,1011010101,花叶类,6.837874991602799,100,196.445,2.356752984295859
2022-09-26,1011010201,花菜类,7.884,5,30.759999999999998,6.359293237971391
2022-09-26,1011010402,水生根茎类,5.217671451355662,19,34.863,6.6189068640105555
2022-09-26,1011010501,茄类,5.365,10,0.0,5.365
2022-09-26,1011010504,辣椒类,5.812787037037038,45,59.178,4.178590861468789
2022-09-26,1011010801,食用菌,8.420725736629672,72,58.141999999999996,4.85629682501462
2022-09-27,1011010101,花叶类,6.8158749916028,100,158.187,2.163884389994121
2022-09-27,1011010201,花菜类,7.889999999999999,5,29.389,5.779347034604784
2022-09-27,1011010402,水生根茎类,5.226618819776715,19,35.665,5.729265666619936
2022-09-27,1011010501,茄类,5.363,10,0.0,5.363
2022-09-27,1011010504,辣椒类,5.831453703703703,45,63.594,3.9596373871748907
2022-09-27,1011010801,食用菌,8.400864625518562,72,37.498999999999995,5.144301181364837
2022-09-28,1011010101,花叶类,6.850084795524368,100,142.124,1.9820484225042923
2022-09-28,1011010201,花菜类,7.909999999999999,5,32.625,6.112093180076628
2022-09-28,1011010402,水生根茎类,5.232934609250399,19,62.641000000000005,5.177037243977587
2022-09-28,1011010501,茄类,5.404999999999999,10,0.0,5.404999999999999
2022-09-28,1011010504,辣椒类,5.825453703703704,45,77.96000000000001,4.393216777834786
2022-09-28,1011010801,食用菌,8.375309069963006,72,53.384,5.226885021729356
2022-09-29,1011010101,花叶类,6.931284795524368,100,175.757,1.8647357430998481
2022-09-29,1011010201,花菜类,7.9079999999999995,5,31.877,5.770215515889199
2022-09-29,1011010402,水生根茎类,5.261355661881978,19,43.663,6.159140920229943
2022-09-29,1011010501,茄类,5.419,10,0.0,5.419
2022-09-29,1011010504,辣椒类,5.612564814814815,45,84.368,3.479929594158923
2022-09-29,1011010801,食用菌,8.352531292185228,72,44.333,4.785560417747503
2022-09-30,1011010101,花叶类,6.927184795524369,100,200.098,1.9903925076712412
2022-09-30,1011010201,花菜类,7.965999999999999,5,53.33,5.897440465029064
2022-09-30,1011010402,水生根茎类,5.842934609250399,19,70.235,5.71610080444223
2022-09-30,1011010501,茄类,5.38,10,0.0,5.38
2022-09-30,1011010504,辣椒类,5.570564814814815,45,107.477,3.7107723512937656
2022-09-30,1011010801,食用菌,8.339197958851894,72,53.894999999999996,5.351297522961314
2022-10-01,1011010101,花叶类,6.887484795524369,100,318.485,2.093800398762893
2022-10-01,1011010201,花菜类,7.946,5,76.799,6.249311188947772
2022-10-01,1011010402,水生根茎类,5.830303030303031,19,102.731,5.469611996378894
2022-10-01,1011010501,茄类,5.381,10,0.0,5.381
2022-10-01,1011010504,辣椒类,5.528564814814815,45,169.374,3.880969747422863
2022-10-01,1011010801,食用菌,8.34100351440745,72,122.00999999999999,4.335775100401607
2022-10-02,1011010101,花叶类,6.885984795524368,100,253.861,2.373356915792501
2022-10-02,1011010201,花菜类,7.998,5,61.869,6.15726535098353
2022-10-02,1011010402,水生根茎类,5.8034609250398725,19,81.611,5.692668145225521
2022-10-02,1011010501,茄类,5.381,10,0.0,5.381
2022-10-02,1011010504,辣椒类,5.393898148148148,45,178.918,3.0713182575257933
2022-10-02,1011010801,食用菌,8.31725351440745,72,91.22999999999999,5.179790639044175
2022-10-03,1011010101,花叶类,6.925284795524368,100,253.67,1.99956806086648
2022-10-03,1011010201,花菜类,7.946,5,59.161,5.753457514240801
2022-10-03,1011010402,水生根茎类,5.793460925039873,19,93.09,5.775187775271243
2022-10-03,1011010501,茄类,5.378,10,0.0,5.378
2022-10-03,1011010504,辣椒类,5.342564814814815,45,117.32300000000001,3.3792916989848534
2022-10-03,1011010801,食用菌,8.311142403296339,72,82.006,5.0398209887081435
2022-10-04,1011010101,花叶类,6.742084795524368,100,328.918,2.238089371819116
2022-10-04,1011010201,花菜类,7.736,5,49.869,6.070491688223145
2022-10-04,1011010402,水生根茎类,5.719250398724083,19,104.98400000000001,5.664766726358302
2022-10-04,1011010501,茄类,5.378,10,0.0,5.378
2022-10-04,1011010504,辣椒类,5.477675925925926,45,115.099,3.838031433809156
2022-10-04,1011010801,食用菌,8.327114625518561,72,117.054,5.377380183505049
2022-10-05,1011010101,花叶类,6.802084795524368,100,373.666,2.153310121873545
2022-10-05,1011010201,花菜类,7.901999999999999,5,40.769,7.1386215016311425
2022-10-05,1011010402,水生根茎类,5.701355661881978,19,118.42099999999999,5.521914609739826
2022-10-05,1011010501,茄类,5.365,10,0.0,5.365
2022-10-05,1011010504,辣椒类,5.475453703703704,45,162.721,2.825681749743426
2022-10-05,1011010801,食用菌,8.359892403296339,72,87.935,5.623054187752317
2022-10-06,1011010101,花叶类,6.809884795524368,100,353.217,1.959832369336697
2022-10-06,1011010201,花菜类,7.773999999999999,5,71.588,5.901272280270437
2022-10-06,1011010402,水生根茎类,5.667671451355662,19,132.357,5.3080514064235365
2022-10-06,1011010501,茄类,5.343999999999999,10,0.0,5.343999999999999
2022-10-06,1011010504,辣椒类,5.574564814814814,45,208.677,2.476010724708521
2022-10-06,1011010801,食用菌,8.353642403296341,72,184.89,4.807409108118341
2022-10-07,1011010101,花叶类,6.834084795524368,100,470.332,2.340442134492231
2022-10-07,1011010201,花菜类,7.914,5,87.818,6.247496868523538
2022-10-07,1011010402,水生根茎类,5.679250398724083,19,110.30199999999999,5.497121901688093
2022-10-07,1011010501,茄类,5.339,10,0.0,5.339
2022-10-07,1011010504,辣椒类,5.657453703703704,45,170.183,3.4571129901341497
2022-10-07,1011010801,食用菌,8.35878129218523,72,154.165,4.792489021502935
2022-10-08,1011010101,花叶类,6.803284795524368,100,360.779,2.06186341222743
2022-10-08,1011010201,花菜类,7.892,5,37.814,6.454637964774951
2022-10-08,1011010402,水生根茎类,5.680829346092504,19,81.908,5.2794867412218585
2022-10-08,1011010501,茄类,5.339,10,0.0,5.339
2022-10-08,1011010504,辣椒类,5.652787037037037,45,114.62899999999999,3.3340681677411474
2022-10-08,1011010801,食用菌,8.27350351440745,72,108.094,4.251378799933391
2022-10-09,1011010101,花叶类,6.813084795524368,100,342.075,2.161767799459183
2022-10-09,1011010201,花菜类,7.864,5,53.058,6.106329488484301
2022-10-09,1011010402,水生根茎类,5.6697767145135565,19,66.479,5.4423389340994905
2022-10-09,1011010501,茄类,5.339,10,0.0,5.339
2022-10-09,1011010504,辣椒类,5.655453703703704,45,110.966,3.2972384333940123
2022-10-09,1011010801,食用菌,8.258781292185228,72,121.547,4.5961358980476685
2022-10-10,1011010101,花叶类,6.868684795524368,100,288.07,2.242478980803277
2022-10-10,1011010201,花菜类,7.839999999999999,5,47.046,6.066052799387832
2022-10-10,1011010402,水生根茎类,5.656618819776714,19,46.834,5.112664730751163
2022-10-10,1011010501,茄类,5.429,10,0.0,5.429
2022-10-10,1011010504,辣椒类,5.654564814814815,45,134.737,2.7546903226285284
2022-10-10,1011010801,食用菌,8.239059069963007,72,103.327,4.264199192853756
2022-10-11,1011010101,花叶类,6.861084795524368,100,244.75900000000001,2.2071093606363807
2022-10-11,1011010201,花菜类,7.9159999999999995,5,29.660000000000004,6.308773432231962
2022-10-11,1011010402,水生根茎类,5.648724082934609,19,51.596000000000004,4.754130552756027
2022-10-11,1011010501,茄类,5.429,10,0.0,5.429
2022-10-11,1011010504,辣椒类,5.627898148148148,45,119.426,2.913212198348768
2022-10-11,1011010801,食用菌,8.236559069963006,72,89.443,3.7865385776416267
2022-10-12,1011010101,花叶类,6.848284795524368,100,240.312,2.1019141366223906
2022-10-12,1011010201,花菜类,7.961999999999999,5,29.309,6.382900133064928
2022-10-12,1011010402,水生根茎类,5.65451355661882,19,39.206,5.257730959547008
2022-10-12,1011010501,茄类,5.429,10,0.0,5.429
2022-10-12,1011010504,辣椒类,5.6974537037037045,45,123.317,3.1293479406732243
2022-10-12,1011010801,食用菌,8.311003514407451,72,82.773,4.107431408792722
2022-10-13,1011010101,花叶类,6.839236045524368,100,152.506,2.0427022543375344
2022-10-13,1011010201,花菜类,8.008,5,30.605,6.512092795294887
2022-10-13,1011010402,水生根茎类,5.667145135566188,19,61.838,5.215358517416475
2022-10-13,1011010501,茄类,5.43,10,0.0,5.43
2022-10-13,1011010504,辣椒类,6.227898148148149,45,84.845,2.975280924037951
2022-10-13,1011010801,食用菌,8.318214475368412,72,70.04599999999999,4.217202980898267
2022-10-14,1011010101,花叶类,6.786736045524368,100,135.637,2.0207580527437203
2022-10-14,1011010201,花菜类,8.047999999999998,5,11.594999999999999,6.655963777490298
2022-10-14,1011010402,水生根茎类,5.652934609250399,19,13.046,6.636754560784915
2022-10-14,1011010501,茄类,5.43,10,0.0,5.43
2022-10-14,1011010504,辣椒类,6.113453703703703,45,49.262,3.509586699687386
2022-10-14,1011010801,食用菌,8.244186697590633,72,65.57900000000001,3.9409182817670287
2022-10-15,1011010101,花叶类,6.756170894009217,100,377.25600000000003,2.0573413279046586
2022-10-15,1011010201,花菜类,8.042,5,60.965,6.716652833593044
2022-10-15,1011010402,水生根茎类,5.649776714513557,19,101.798,4.8255804632703985
2022-10-15,1011010501,茄类,4.407,10,12.033,5.13033408127649
2022-10-15,1011010504,辣椒类,6.1334537037037045,45,204.274,3.301712063209219
2022-10-15,1011010801,食用菌,8.102797808701744,72,223.125,3.3177297030812327
2022-10-16,1011010101,花叶类,6.744970894009216,100,367.681,2.1168446561013488
2022-10-16,1011010201,花菜类,8.072,5,62.739999999999995,6.674081606630538
2022-10-16,1011010402,水生根茎类,5.648724082934609,19,86.333,4.590570233861907
2022-10-16,1011010501,茄类,4.49,10,2.55,5.28
2022-10-16,1011010504,辣椒类,6.202120370370371,45,178.909,3.487343901089381
2022-10-16,1011010801,食用菌,8.059881142035078,72,209.72,3.7539233263398817
2022-10-17,1011010101,花叶类,6.7471708940092165,100,247.30200000000002,1.9828975503635229
2022-10-17,1011010201,花菜类,8.148,5,35.260999999999996,6.6945163211480105
2022-10-17,1011010402,水生根茎类,5.609250398724083,19,38.615,5.3264081315550955
2022-10-17,1011010501,茄类,4.4990000000000006,10,5.7620000000000005,5.37
2022-10-17,1011010504,辣椒类,5.9123425925925925,45,111.662,3.3585181171750462
2022-10-17,1011010801,食用菌,8.016547808701745,72,104.537,4.19323033949702
2022-10-18,1011010101,花叶类,6.746170894009217,100,273.91,2.1582120769595847
2022-10-18,1011010201,花菜类,8.132,5,56.15899999999999,6.491566979469008
2022-10-18,1011010402,水生根茎类,5.617145135566187,19,41.022,5.073778460338355
2022-10-18,1011010501,茄类,4.5,10,7.186999999999999,5.56133435369417
2022-10-18,1011010504,辣椒类,5.902787037037037,45,155.233,3.0581509086341176
2022-10-18,1011010801,食用菌,8.1658533642573,72,156.31,3.992026165952274
2022-10-19,1011010101,花叶类,6.7974708940092174,100,225.807,2.324242561125209
2022-10-19,1011010201,花菜类,8.142,5,33.063,7.609707225599611
2022-10-19,1011010402,水生根茎类,5.61451355661882,19,38.515,4.986218356484486
2022-10-19,1011010501,茄类,4.502000000000001,10,13.004,5.400000000000001
2022-10-19,1011010504,辣椒类,6.211453703703704,45,96.132,3.0054304497981943
2022-10-19,1011010801,食用菌,8.147797808701746,72,105.856,3.594785368802902
2022-10-20,1011010101,花叶类,6.696970894009216,100,242.853,1.984752916373279
2022-10-20,1011010201,花菜类,7.94,5,30.363,6.743835589368641
2022-10-20,1011010402,水生根茎类,5.6150398724082935,19,52.368,5.324983195844791
2022-10-20,1011010501,茄类,4.502,10,4.7010000000000005,5.41
2022-10-20,1011010504,辣椒类,6.003675925925926,45,105.947,2.584064768233173
2022-10-20,1011010801,食用菌,8.187936697590635,72,88.041,3.8004156018218787
2022-10-21,1011010101,花叶类,6.640770894009217,100,613.973,2.0829178970410753
2022-10-21,1011010201,花菜类,7.9,5,95.213,6.368681272515309
2022-10-21,1011010402,水生根茎类,5.598724082934609,19,98.057,5.66036336008648
2022-10-21,1011010501,茄类,4.2490000000000006,10,38.486000000000004,5.354535155641012
2022-10-21,1011010504,辣椒类,5.903009259259259,45,399.685,3.8719691006667754
2022-10-21,1011010801,食用菌,8.391964475368411,72,289.383,4.4504369987179615
2022-10-22,1011010101,花叶类,6.641170894009216,100,299.448,1.9349505089364432
2022-10-22,1011010201,花菜类,7.8759999999999994,5,56.495999999999995,5.895180543755311
2022-10-22,1011010402,水生根茎类,5.607671451355662,19,77.747,5.048521357737276
2022-10-22,1011010501,茄类,4.134,10,7.952,4.65
2022-10-22,1011010504,辣椒类,5.959675925925927,45,155.908,2.3598603663699107
2022-10-22,1011010801,食用菌,8.175297808701746,72,157.648,4.7143404293108695
2022-10-23,1011010101,花叶类,6.672270894009217,100,242.892,2.016069817038025
2022-10-23,1011010201,花菜类,7.872,5,38.944,6.187303820870994
2022-10-23,1011010402,水生根茎类,5.600829346092504,19,61.265,4.930856116869338
2022-10-23,1011010501,茄类,4.134,10,14.581,4.65
2022-10-23,1011010504,辣椒类,6.200120370370371,45,138.434,3.126953999739948
2022-10-23,1011010801,食用菌,8.202936697590633,72,152.18099999999998,3.578863392933415
2022-10-24,1011010101,花叶类,6.668470894009216,100,199.326,2.1162805153366846
2022-10-24,1011010201,花菜类,7.956,5,30.369,6.262627679541639
2022-10-24,1011010402,水生根茎类,5.598197767145135,19,37.236,4.735183156085509
2022-10-24,1011010501,茄类,4.128,10,3.223,4.65
2022-10-24,1011010504,辣椒类,6.247898148148148,45,73.345,2.924649260344945
2022-10-24,1011010801,食用菌,8.1933533642573,72,85.05,3.625746384479718
2022-10-25,1011010101,花叶类,6.683470894009216,100,217.397,2.247026407908113
2022-10-25,1011010201,花菜类,7.981999999999999,5,36.506,6.334683065797403
2022-10-25,1011010402,水生根茎类,5.5945135566188195,19,36.981,5.304398474892512
2022-10-25,1011010501,茄类,4.128,10,4.156,4.65
2022-10-25,1011010504,辣椒类,6.2538981481481475,45,125.16000000000001,2.565706375838926
2022-10-25,1011010801,食用菌,8.196270030923968,72,89.459,3.8071440548184086
2022-10-26,1011010101,花叶类,6.665070894009217,100,226.63299999999998,2.116584566237044
2022-10-26,1011010201,花菜类,7.981999999999999,5,38.152,5.810960893269029
2022-10-26,1011010402,水生根茎类,5.598197767145135,19,35.475,5.390966878083157
2022-10-26,1011010501,茄类,4.128,10,4.56,4.65
2022-10-26,1011010504,辣椒类,6.116787037037038,45,117.386,3.2619804746733
2022-10-26,1011010801,食用菌,8.203075586479523,72,104.795,3.5259581086883913
2022-10-27,1011010101,花叶类,6.612970894009217,100,209.0,2.071696315789474
2022-10-27,1011010201,花菜类,7.981999999999999,5,31.661,6.55029026246802
2022-10-27,1011010402,水生根茎类,5.598724082934609,19,35.991,5.076871995776722
2022-10-27,1011010501,茄类,4.128,10,2.299,4.65
2022-10-27,1011010504,辣椒类,5.707675925925926,45,114.668,2.9891982942058815
2022-10-27,1011010801,食用菌,8.20349225314619,72,116.582,4.112253864232901
2022-10-28,1011010101,花叶类,6.646370894009217,100,229.524,2.087983130304456
2022-10-28,1011010201,花菜类,7.764,5,40.855000000000004,6.216277811773344
2022-10-28,1011010402,水生根茎类,5.598724082934609,19,63.12,5.53563371356147
2022-10-28,1011010501,茄类,4.128,10,11.885,4.65
2022-10-28,1011010504,辣椒类,5.6958981481481485,45,136.101,2.884723844791736
2022-10-28,1011010801,食用菌,8.202520030923967,72,164.567,3.41925495390935
2022-10-29,1011010101,花叶类,6.642070894009216,100,368.13100000000003,2.061015698216124
2022-10-29,1011010201,花菜类,7.56,5,64.488,5.841730399454162
2022-10-29,1011010402,水生根茎类,5.599250398724084,19,98.462,5.207234262964392
2022-10-29,1011010501,茄类,4.128,10,11.396,4.65
2022-10-29,1011010504,辣椒类,6.092564814814815,45,167.48499999999999,2.989661999582052
2022-10-29,1011010801,食用菌,8.199325586479523,72,248.053,3.648150838732045
2022-10-30,1011010101,花叶类,6.7982708940092165,100,221.196,2.957359445921264
2022-10-30,1011010201,花菜类,7.228,5,76.791,4.58550064460679
2022-10-30,1011010402,水生根茎类,5.599250398724084,19,67.588,4.971109664437475
2022-10-30,1011010501,茄类,4.128,10,10.805,4.65
2022-10-30,1011010504,辣椒类,6.126564814814815,45,203.145,2.697994437470772
2022-10-30,1011010801,食用菌,8.201408919812856,72,197.429,3.462996824174766
2022-10-31,1011010101,花叶类,6.815070894009217,100,85.398,3.434554907609078
2022-10-31,1011010201,花菜类,7.215999999999999,5,47.777,4.329807229420014
2022-10-31,1011010402,水生根茎类,5.599250398724084,19,32.213,4.535328283612206
2022-10-31,1011010501,茄类,4.128,10,3.319,4.65
2022-10-31,1011010504,辣椒类,6.18812037037037,45,83.714,3.1718462861647994
2022-10-31,1011010801,食用菌,8.1771033642573,72,61.844,3.8540540715348297
2022-11-01,1011010101,花叶类,6.779870894009216,100,96.786,2.9750149815055895
2022-11-01,1011010201,花菜类,7.188,5,39.603,4.9197969850768875
2022-11-01,1011010402,水生根茎类,5.596092503987241,19,29.485,5.546215024588774
2022-11-01,1011010501,茄类,4.128,10,3.305,4.65
2022-11-01,1011010504,辣椒类,5.671231481481482,45,101.963,2.7960652393515293
2022-11-01,1011010801,食用菌,8.184736584211949,72,96.65899999999999,3.3784648092779777
2022-11-02,1011010101,花叶类,6.863470894009216,100,0.0,6.863470894009216
2022-11-02,1011010201,花菜类,7.164,5,0.0,7.164
2022-11-02,1011010402,水生根茎类,5.583987240829346,19,0.0,5.583987240829346
2022-11-02,1011010501,茄类,4.127000000000001,10,0.0,4.127000000000001
2022-11-02,1011010504,辣椒类,5.666564814814815,45,0.0,5.666564814814815
2022-11-02,1011010801,食用菌,8.398625473100838,72,0.0,8.398625473100838
2022-11-03,1011010101,花叶类,6.8508708940092164,100,83.973,3.0961401879175443
2022-11-03,1011010201,花菜类,7.13,5,63.801,4.254940988385762
2022-11-03,1011010402,水生根茎类,5.580829346092504,19,13.926,6.340252764612954
2022-11-03,1011010501,茄类,3.9979999999999998,10,4.0120000000000005,4.11
2022-11-03,1011010504,辣椒类,5.6607870370370375,45,129.249,2.760466850807356
2022-11-03,1011010801,食用菌,8.378903250878615,72,120.85499999999999,3.9244381283356087
2022-11-04,1011010101,花叶类,6.7814708940092165,100,0.0,6.7814708940092165
2022-11-04,1011010201,花菜类,6.9879999999999995,5,0.0,6.9879999999999995
2022-11-04,1011010402,水生根茎类,5.583987240829346,19,0.0,5.583987240829346
2022-11-04,1011010501,茄类,4.008,10,0.0,4.008
2022-11-04,1011010504,辣椒类,6.01212037037037,45,0.0,6.01212037037037
2022-11-04,1011010801,食用菌,8.373764361989727,72,0.0,8.373764361989727
2022-11-05,1011010101,花叶类,6.744670894009216,100,190.42100000000002,2.807747622373582
2022-11-05,1011010201,花菜类,6.946,5,73.537,4.054214885023866
2022-11-05,1011010402,水生根茎类,5.586092503987241,19,74.21600000000001,5.1121500754554265
2022-11-05,1011010501,茄类,4.003,10,9.815999999999999,4.03
2022-11-05,1011010504,辣椒类,5.936120370370371,45,158.362,2.4234884631414104
2022-11-05,1011010801,食用菌,8.362653250878616,72,176.84300000000002,3.5825133027600753
2022-11-06,1011010101,花叶类,6.697970894009217,100,162.064,2.656674832165071
2022-11-06,1011010201,花菜类,6.944,5,75.888,4.182463235294119
2022-11-06,1011010402,水生根茎类,5.591355661881978,19,60.306000000000004,4.648203827148211
2022-11-06,1011010501,茄类,4.029,10,4.647,3.9700000000000006
2022-11-06,1011010504,辣椒类,5.8305648148148155,45,135.245,2.6081946837221337
2022-11-06,1011010801,食用菌,8.360292139767504,72,165.482,3.770715606531224
2022-11-07,1011010101,花叶类,6.684170894009217,100,102.67699999999999,2.372509909716879
2022-11-07,1011010201,花菜类,7.128,5,47.225,4.1620794070937
2022-11-07,1011010402,水生根茎类,5.592934609250399,19,22.799,4.828577130575902
2022-11-07,1011010501,茄类,4.0600000000000005,10,3.256,3.97
2022-11-07,1011010504,辣椒类,5.829009259259259,45,108.169,2.4835398311900825
2022-11-07,1011010801,食用菌,8.362653250878616,72,86.0,4.039118604651162
2022-11-08,1011010101,花叶类,6.668770894009217,100,96.37100000000001,2.1622699774828527
2022-11-08,1011010201,花菜类,7.122,5,41.117000000000004,4.113695551718267
2022-11-08,1011010402,水生根茎类,5.585039872408293,19,31.054000000000002,5.306153152572937
2022-11-08,1011010501,茄类,4.048,10,3.86,3.85
2022-11-08,1011010504,辣椒类,5.805453703703703,45,77.122,3.004198023910168
2022-11-08,1011010801,食用菌,8.335292139767505,72,82.087,3.7398842691290946
2022-11-09,1011010101,花叶类,6.660170894009217,100,128.56,2.0161714374611077
2022-11-09,1011010201,花菜类,7.074,5,35.22,4.035013628620102
2022-11-09,1011010402,水生根茎类,5.580303030303031,19,21.313000000000002,4.863880260873645
2022-11-09,1011010501,茄类,4.04,10,2.871,3.7800000000000002
2022-11-09,1011010504,辣椒类,5.754120370370371,45,75.307,2.515870503406058
2022-11-09,1011010801,食用菌,8.14459769532306,72,68.901,3.6490297673473533
2022-11-10,1011010101,花叶类,6.638670894009217,100,122.883,1.6305695661727009
2022-11-10,1011010201,花菜类,6.764,5,39.756,3.418290824026562
2022-11-10,1011010402,水生根茎类,5.466092503987241,19,17.046,5.78697876334624
2022-11-10,1011010501,茄类,4.0409999999999995,10,6.897,3.78
2022-11-10,1011010504,辣椒类,5.688564814814815,45,88.303,2.3699186890592623
2022-11-10,1011010801,食用菌,8.128486584211949,72,74.627,2.4625694453749984
2022-11-11,1011010101,花叶类,6.625370894009217,100,173.21,1.5122248715432136
2022-11-11,1011010201,花菜类,6.76,5,45.043000000000006,3.3545596430077924
2022-11-11,1011010402,水生根茎类,5.4666188197767145,19,40.363,5.513464063622624
2022-11-11,1011010501,茄类,4.0409999999999995,10,7.801,3.76
2022-11-11,1011010504,辣椒类,5.6992314814814815,45,130.22899999999998,2.2929453501140302
2022-11-11,1011010801,食用菌,8.099736584211948,72,163.552,2.715693602034827
2022-11-12,1011010101,花叶类,6.5722708940092165,100,293.677,1.5119970920432992
2022-11-12,1011010201,花菜类,6.789999999999999,5,56.455,3.5869125852448858
2022-11-12,1011010402,水生根茎类,5.46451355661882,19,73.358,4.992423048610922
2022-11-12,1011010501,茄类,3.9859999999999998,10,10.572,3.75
2022-11-12,1011010504,辣椒类,5.690787037037037,45,204.119,1.9851270092446072
2022-11-12,1011010801,食用菌,8.072097695323059,72,257.06600000000003,2.9924383621326816
2022-11-13,1011010101,花叶类,6.545870894009216,100,312.032,1.2127769908214543
2022-11-13,1011010201,花菜类,6.851999999999999,5,50.639,3.6176018483777326
2022-11-13,1011010402,水生根茎类,5.469250398724083,19,54.61600000000001,4.665730188955616
2022-11-13,1011010501,茄类,3.931,10,7.366,3.73
2022-11-13,1011010504,辣椒类,5.605898148148149,45,188.274,1.9284334533711505
2022-11-13,1011010801,食用菌,8.066819917545281,72,206.762,3.065391899865546
2022-11-14,1011010101,花叶类,6.528870894009217,100,180.626,1.0378075692314508
2022-11-14,1011010201,花菜类,6.859999999999999,5,38.303,3.419948306921129
2022-11-14,1011010402,水生根茎类,5.493460925039872,19,27.892999999999997,5.091411823755064
2022-11-14,1011010501,茄类,3.904,10,5.605,3.57
2022-11-14,1011010504,辣椒类,5.557009259259259,45,104.647,1.6744327118789837
2022-11-14,1011010801,食用菌,8.065292139767504,72,99.074,3.1074495831398754
2022-11-15,1011010101,花叶类,6.519370894009216,100,165.843,0.9537769456654789
2022-11-15,1011010201,花菜类,6.874,5,38.944,3.9099599424815112
2022-11-15,1011010402,水生根茎类,5.486092503987241,19,31.82,5.314434946574481
2022-11-15,1011010501,茄类,3.848,10,7.266,3.52
2022-11-15,1011010504,辣椒类,5.572120370370371,45,93.884,1.8782382514592477
2022-11-15,1011010801,食用菌,8.065431028656393,72,102.92,3.297969296541003
2022-11-16,1011010101,花叶类,6.502870894009217,100,205.406,1.3164347682151445
2022-11-16,1011010201,花菜类,6.836,5,18.714,4.06817890349471
2022-11-16,1011010402,水生根茎类,5.612057416267942,19,17.224,5.2228042266604735
2022-11-16,1011010501,茄类,3.8329999999999997,10,2.568,3.52
2022-11-16,1011010504,辣椒类,5.527231481481481,45,105.807,1.9084690048862551
2022-11-16,1011010801,食用菌,8.059458806434172,72,92.695,3.445340741140299
2022-11-17,1011010101,花叶类,6.500070894009217,100,232.975,1.1732746432020604
2022-11-17,1011010201,花菜类,6.726000000000001,5,38.752,2.775086705202312
2022-11-17,1011010402,水生根茎类,5.608373205741627,19,40.679,6.1526662405663854
2022-11-17,1011010501,茄类,4.029,10,8.038,3.44
2022-11-17,1011010504,辣椒类,5.498787037037037,45,104.356,2.0244033884012422
2022-11-17,1011010801,食用菌,8.054875473100838,72,90.18,3.447292526058993
2022-11-18,1011010101,花叶类,6.5478708940092165,100,376.605,1.1812831481260206
2022-11-18,1011010201,花菜类,6.694,5,68.424,3.190302525429673
2022-11-18,1011010402,水生根茎类,5.550478468899521,19,59.900999999999996,5.376767833592094
2022-11-18,1011010501,茄类,4.0280000000000005,10,17.923,3.41
2022-11-18,1011010504,辣椒类,5.454342592592592,45,212.654,1.8092806624845994
2022-11-18,1011010801,食用菌,8.04848658421195,72,153.087,3.3553625062872747
2022-11-19,1011010101,花叶类,6.414370894009217,100,1265.473,1.0951538989769043
2022-11-19,1011010201,花菜类,6.628,5,122.87899999999999,3.820581222177915
2022-11-19,1011010402,水生根茎类,5.444162679425837,19,183.307,4.542336353767177
2022-11-19,1011010501,茄类,4.053,10,35.948,3.3729848670301545
2022-11-19,1011010504,辣椒类,5.423009259259259,45,436.061,1.8082801718108248
2022-11-19,1011010801,食用菌,8.043625473100839,72,440.93,3.1626589254530195
2022-11-20,1011010101,花叶类,6.431970894009217,100,146.034,1.4335068545681144
2022-11-20,1011010201,花菜类,6.758,5,97.969,3.3693347895762944
2022-11-20,1011010402,水生根茎类,5.244162679425838,19,67.057,5.5628104448454305
2022-11-20,1011010501,茄类,4.058,10,0.252,3.46
2022-11-20,1011010504,辣椒类,5.383675925925926,45,198.915,1.717780660080939
2022-11-20,1011010801,食用菌,8.049181028656394,72,156.828,3.0203404366567193
2022-11-21,1011010101,花叶类,6.463970894009217,100,821.168,1.8864218284200067
2022-11-21,1011010201,花菜类,5.308,5,132.212,3.7550733670166103
2022-11-21,1011010402,水生根茎类,5.254162679425837,19,264.657,4.936428169290818
2022-11-21,1011010501,茄类,4.146,10,55.692,3.4879135243841124
2022-11-21,1011010504,辣椒类,5.392342592592593,45,352.42199999999997,1.913189641963328
2022-11-21,1011010801,食用菌,7.564736584211949,72,343.02,3.1059116961110136
2022-11-22,1011010101,花叶类,6.485870894009216,100,173.192,1.4064651946972146
2022-11-22,1011010201,花菜类,5.284000000000001,5,36.972,2.770068159688413
2022-11-22,1011010402,水生根茎类,5.248899521531101,19,30.541,4.558157886120298
2022-11-22,1011010501,茄类,4.17,10,4.816,3.3899999999999997
2022-11-22,1011010504,辣椒类,5.396564814814814,45,82.21900000000001,1.4208339921429354
2022-11-22,1011010801,食用菌,7.564458806434171,72,36.489000000000004,3.2339373509824876
2022-11-23,1011010101,花叶类,6.489270894009216,100,247.572,1.5261401531675634
2022-11-23,1011010201,花菜类,5.262,5,31.839999999999996,3.1283960427135677
2022-11-23,1011010402,水生根茎类,5.256267942583732,19,50.24,5.11399701433121
2022-11-23,1011010501,茄类,4.188000000000001,10,8.243,3.857698653402887
2022-11-23,1011010504,辣椒类,5.3834537037037045,45,98.441,1.425949451955994
2022-11-23,1011010801,食用菌,7.555986584211949,72,68.562,2.959720107348094
2022-11-24,1011010101,花叶类,6.441070894009216,100,260.618,1.1981754138240643
2022-11-24,1011010201,花菜类,5.244,5,31.131,3.1077768141081235
2022-11-24,1011010402,水生根茎类,5.182057416267942,19,29.738,4.1469100141233435
2022-11-24,1011010501,茄类,4.191,10,8.455,3.748927261975162
2022-11-24,1011010504,辣椒类,5.129009259259259,45,105.612,1.31643544294209
2022-11-24,1011010801,食用菌,7.56098658421195,72,43.262,4.117975359437843
2022-11-25,1011010101,花叶类,6.448370894009217,100,228.796,1.1150584800433574
2022-11-25,1011010201,花菜类,5.51,5,46.435,3.810936793367072
2022-11-25,1011010402,水生根茎类,5.166267942583732,19,62.003,4.578106543231779
2022-11-25,1011010501,茄类,4.165,10,16.927,3.5805801382406806
2022-11-25,1011010504,辣椒类,5.254564814814815,45,103.304,1.42587702315496
2022-11-25,1011010801,食用菌,7.55223658421195,72,32.969,4.016482453213625
2022-11-26,1011010101,花叶类,6.590070894009217,100,352.51099999999997,1.3086212061467586
2022-11-26,1011010201,花菜类,4.478,5,47.408,1.3728427691528855
2022-11-26,1011010402,水生根茎类,5.088899521531101,19,37.043,5.095881813028104
2022-11-26,1011010501,茄类,3.896,10,9.863999999999999,2.254791159772912
2022-11-26,1011010504,辣椒类,5.25300925925926,45,89.276,1.419232044446436
2022-11-26,1011010801,食用菌,7.429319917545282,72,57.284,1.8758138398156554
2022-11-27,1011010101,花叶类,6.506170894009217,100,40.471,1.3797042326604236
2022-11-27,1011010201,花菜类,4.8759999999999994,5,3.192,1.46
2022-11-27,1011010402,水生根茎类,5.206794258373205,19,3.165,4.55
2022-11-27,1011010501,茄类,4.336,10,4.146,4.51
2022-11-27,1011010504,辣椒类,5.089009259259259,45,17.031,1.4462397980153838
2022-11-27,1011010801,食用菌,7.536958806434171,72,8.596,2.9684411354118194
2022-11-28,1011010101,花叶类,6.530970894009216,100,40.862,1.1767539523273456
2022-11-28,1011010201,花菜类,5.037999999999999,5,10.707999999999998,1.8677344041837878
2022-11-28,1011010402,水生根茎类,5.161004784688996,19,1.8090000000000002,5.51526810392482
2022-11-28,1011010501,茄类,4.292,10,1.04,4.07
2022-11-28,1011010504,辣椒类,5.078564814814815,45,13.451,1.8946360865363168
2022-11-28,1011010801,食用菌,7.6448754731008375,72,3.012,5.922028552456839
2022-11-29,1011010101,花叶类,6.520670894009217,100,31.298000000000002,1.2052048054188766
2022-11-29,1011010201,花菜类,4.9799999999999995,5,7.6240000000000006,1.9095514165792233
2022-11-29,1011010402,水生根茎类,5.180478468899521,19,9.193999999999999,4.691722862736568
2022-11-29,1011010501,茄类,4.276,10,1.778,3.91
2022-11-29,1011010504,辣椒类,5.051453703703704,45,6.066,2.079205407187603
2022-11-29,1011010801,食用菌,7.56834769532306,72,8.283,3.3676312930097794
2022-11-30,1011010101,花叶类,6.523270894009216,100,0.0,6.523270894009216
2022-11-30,1011010201,花菜类,4.996,5,0.0,4.996
2022-11-30,1011010402,水生根茎类,5.170478468899521,19,0.0,5.170478468899521
2022-11-30,1011010501,茄类,4.276,10,0.0,4.276
2022-11-30,1011010504,辣椒类,5.0725648148148155,45,0.0,5.0725648148148155
2022-11-30,1011010801,食用菌,7.489875473100838,72,0.0,7.489875473100838
2022-12-01,1011010101,花叶类,6.509670894009216,100,0.0,6.509670894009216
2022-12-01,1011010201,花菜类,4.92,5,0.0,4.92
2022-12-01,1011010402,水生根茎类,5.174688995215311,19,0.0,5.174688995215311
2022-12-01,1011010501,茄类,4.268,10,0.0,4.268
2022-12-01,1011010504,辣椒类,5.065009259259259,45,0.0,5.065009259259259
2022-12-01,1011010801,食用菌,7.515708806434172,72,0.0,7.515708806434172
2022-12-02,1011010101,花叶类,6.5120708940092165,100,0.0,6.5120708940092165
2022-12-02,1011010201,花菜类,4.958,5,0.0,4.958
2022-12-02,1011010402,水生根茎类,5.173110047846889,19,0.0,5.173110047846889
2022-12-02,1011010501,茄类,4.269,10,0.0,4.269
2022-12-02,1011010504,辣椒类,5.087675925925926,45,0.0,5.087675925925926
2022-12-02,1011010801,食用菌,7.57598658421195,72,0.0,7.57598658421195
2022-12-03,1011010101,花叶类,6.535070894009217,100,0.0,6.535070894009217
2022-12-03,1011010201,花菜类,4.952,5,0.0,4.952
2022-12-03,1011010402,水生根茎类,5.173110047846889,19,0.0,5.173110047846889
2022-12-03,1011010501,茄类,4.269,10,0.0,4.269
2022-12-03,1011010504,辣椒类,5.120787037037037,45,0.0,5.120787037037037
2022-12-03,1011010801,食用菌,7.5702921397675045,72,0.0,7.5702921397675045
2022-12-04,1011010101,花叶类,6.525270894009217,100,99.399,1.5186370084206078
2022-12-04,1011010201,花菜类,4.74,5,24.721999999999998,1.667049591457002
2022-12-04,1011010402,水生根茎类,5.172583732057416,19,18.158,4.924341887873114
2022-12-04,1011010501,茄类,4.239,10,1.168,3.61
2022-12-04,1011010504,辣椒类,5.103231481481481,45,53.404,1.169082465732904
2022-12-04,1011010801,食用菌,7.570847695323059,72,30.0,2.1513333333333335
2022-12-05,1011010101,花叶类,6.525270894009217,100,170.093,1.5811070414420345
2022-12-05,1011010201,花菜类,4.76,5,30.282,1.47
2022-12-05,1011010402,水生根茎类,5.173110047846889,19,41.811,6.57776422472555
2022-12-05,1011010501,茄类,4.239,10,0.0,4.239
2022-12-05,1011010504,辣椒类,5.03612037037037,45,118.657,1.3815918993401148
2022-12-05,1011010801,食用菌,7.521681028656393,72,114.0,2.1180701754385964
2022-12-06,1011010101,花叶类,6.502270894009216,100,226.171,2.0760933099292127
2022-12-06,1011010201,花菜类,4.794,5,38.551,3.489520894399626
2022-12-06,1011010402,水生根茎类,5.173110047846889,19,67.863,5.2759873568807745
2022-12-06,1011010501,茄类,4.339,10,7.977,4.61
2022-12-06,1011010504,辣椒类,4.988564814814815,45,97.96300000000001,1.3494310096669149
2022-12-06,1011010801,食用菌,7.462514361989727,72,98.62,4.272202393023727
2022-12-07,1011010101,花叶类,6.511970894009217,100,272.787,1.670954114382284
2022-12-07,1011010201,花菜类,4.8420000000000005,5,25.636,4.151285691995631
2022-12-07,1011010402,水生根茎类,5.178373205741627,19,64.33099999999999,5.140978377454106
2022-12-07,1011010501,茄类,4.43,10,11.597,4.87
2022-12-07,1011010504,辣椒类,5.214787037037037,45,82.55,1.4063212598425197
2022-12-07,1011010801,食用菌,7.459458806434171,72,124.352,3.9164500772002055
2022-12-08,1011010101,花叶类,6.477370894009216,100,173.924,1.5709366159931921
2022-12-08,1011010201,花菜类,4.966,5,46.357,3.609494143279333
2022-12-08,1011010402,水生根茎类,5.1488995215311,19,47.48,4.865678180286436
2022-12-08,1011010501,茄类,4.433,10,4.524,4.9
2022-12-08,1011010504,辣椒类,5.209453703703704,45,131.273,1.1001397088510203
2022-12-08,1011010801,食用菌,7.454181028656393,72,82.678,4.3321340622656574
2022-12-09,1011010101,花叶类,6.580870894009216,100,140.88,2.145385292447473
2022-12-09,1011010201,花菜类,4.95,5,41.33,2.8507057827244133
2022-12-09,1011010402,水生根茎类,5.141004784688995,19,30.039,5.463447518226306
2022-12-09,1011010501,茄类,4.433999999999999,10,4.422,4.91
2022-12-09,1011010504,辣椒类,5.2247870370370375,45,99.447,1.3076881152774844
2022-12-09,1011010801,食用菌,7.463208806434172,72,71.48400000000001,4.37864641038554
2022-12-10,1011010101,花叶类,6.587670894009217,100,231.009,1.9502942309606988
2022-12-10,1011010201,花菜类,4.8839999999999995,5,55.053,3.387098250776525
2022-12-10,1011010402,水生根茎类,5.075215311004785,19,73.28,5.049234443231441
2022-12-10,1011010501,茄类,4.473,10,6.572,5.17
2022-12-10,1011010504,辣椒类,5.235898148148149,45,161.982,1.4009875171315331
2022-12-10,1011010801,食用菌,7.541542139767505,72,149.336,4.047255718647881
2022-12-11,1011010101,花叶类,6.587270894009217,100,204.481,1.814466967591121
2022-12-11,1011010201,花菜类,4.904,5,62.536,2.799836254317513
2022-12-11,1011010402,水生根茎类,5.072057416267943,19,63.385,5.179231679419422
2022-12-11,1011010501,茄类,4.5,10,3.6290000000000004,5.6763157894736835
2022-12-11,1011010504,辣椒类,5.2216759259259256,45,171.695,1.2977132706252366
2022-12-11,1011010801,食用菌,7.560153250878615,72,144.333,4.302008272536426
2022-12-12,1011010101,花叶类,6.577070894009216,100,173.035,1.8251840957031815
2022-12-12,1011010201,花菜类,4.9879999999999995,5,27.823,2.452791934730259
2022-12-12,1011010402,水生根茎类,4.863110047846891,19,30.168,3.8823942588172895
2022-12-12,1011010501,茄类,4.5,10,3.379,5.43
2022-12-12,1011010504,辣椒类,5.225009259259259,45,96.205,1.3235387973598047
2022-12-12,1011010801,食用菌,7.533208806434171,72,85.72200000000001,4.1607503324700765
2022-12-13,1011010101,花叶类,6.583270894009217,100,185.802,1.7430273624611148
2022-12-13,1011010201,花菜类,4.99,5,37.876000000000005,3.8526013834618222
2022-12-13,1011010402,水生根茎类,4.387320574162679,19,50.434000000000005,4.3840849426973865
2022-12-13,1011010501,茄类,4.686,10,5.316,5.43
2022-12-13,1011010504,辣椒类,5.229453703703704,45,103.872,1.4206046865372766
2022-12-13,1011010801,食用菌,7.48334769532306,72,91.195,3.878454081912386
2022-12-14,1011010101,花叶类,6.585170894009217,100,226.11499999999998,1.7175461601397521
2022-12-14,1011010201,花菜类,5.0200000000000005,5,40.701,3.7491553033095
2022-12-14,1011010402,水生根茎类,4.564162679425837,19,29.923,4.513841860775992
2022-12-14,1011010501,茄类,4.693,10,6.973,5.509999999999999
2022-12-14,1011010504,辣椒类,5.190564814814815,45,96.19800000000001,1.341553254745421
2022-12-14,1011010801,食用菌,7.9204310286563935,72,102.181,4.019984928704945
2022-12-15,1011010101,花叶类,6.711670894009217,100,291.759,1.6649136102056832
2022-12-15,1011010201,花菜类,5.042,5,44.891000000000005,3.660774988305005
2022-12-15,1011010402,水生根茎类,4.561531100478469,19,60.995999999999995,4.5929921634205515
2022-12-15,1011010501,茄类,5.0840000000000005,10,8.607,5.67
2022-12-15,1011010504,辣椒类,5.193898148148148,45,151.972,1.186555681309715
2022-12-15,1011010801,食用菌,7.908764361989727,72,94.03399999999999,4.07025671565604
2022-12-16,1011010101,花叶类,6.708870894009217,100,306.951,1.4148407726314622
2022-12-16,1011010201,花菜类,5.052,5,28.131,4.685424976005119
2022-12-16,1011010402,水生根茎类,4.549425837320574,19,59.198,4.140108787459035
2022-12-16,1011010501,茄类,5.061,10,6.839,5.546806550665302
2022-12-16,1011010504,辣椒类,5.187009259259259,45,147.869,1.200796515834962
2022-12-16,1011010801,食用菌,8.131542139767504,72,146.341,4.065517934140125
2022-12-17,1011010101,花叶类,6.725070894009216,100,265.09,2.040102040816327
2022-12-17,1011010201,花菜类,5.1579999999999995,5,43.945,5.07244419160314
2022-12-17,1011010402,水生根茎类,4.543636363636364,19,97.791,5.031747400067491
2022-12-17,1011010501,茄类,5.053,10,16.786,5.6876647206005
2022-12-17,1011010504,辣椒类,4.968342592592593,45,153.757,1.3894224002809628
2022-12-17,1011010801,食用菌,8.300569917545282,72,142.647,4.083925774814753
2022-12-18,1011010101,花叶类,6.741770894009217,100,295.364,1.5996623488305957
2022-12-18,1011010201,花菜类,5.183999999999999,5,68.962,3.7804582233693917
2022-12-18,1011010402,水生根茎类,5.105741626794258,19,65.117,4.640234961684353
2022-12-18,1011010501,茄类,5.053,10,12.025,5.41
2022-12-18,1011010504,辣椒类,4.96300925925926,45,123.46900000000001,1.26473309089731
2022-12-18,1011010801,食用菌,8.29584769532306,72,131.36,3.891672122411693
2022-12-19,1011010101,花叶类,6.759170894009217,100,201.178,2.221229557903946
2022-12-19,1011010201,花菜类,5.252,5,47.456,3.6228683412002693
2022-12-19,1011010402,水生根茎类,5.188899521531101,19,67.122,4.977332320252675
2022-12-19,1011010501,茄类,5.0280000000000005,10,11.56,5.16
2022-12-19,1011010504,辣椒类,4.9781203703703705,45,98.288,1.2714266237994465
2022-12-19,1011010801,食用菌,8.296958806434171,72,86.269,4.4797818451587474
2022-12-20,1011010101,花叶类,6.813470894009217,100,252.22400000000002,1.7971318748414107
2022-12-20,1011010201,花菜类,5.294,5,45.501000000000005,4.160478011472276
2022-12-20,1011010402,水生根茎类,5.087320574162679,19,53.792,4.354295062462819
2022-12-20,1011010501,茄类,5.015,10,6.731,5.03
2022-12-20,1011010504,辣椒类,4.979453703703704,45,88.82000000000001,1.398723936050439
2022-12-20,1011010801,食用菌,8.323208806434172,72,103.84700000000001,4.04620528277177
2022-12-21,1011010101,花叶类,6.916270894009217,100,285.265,2.046029902020928
2022-12-21,1011010201,花菜类,5.412,5,76.358,4.000573875690825
2022-12-21,1011010402,水生根茎类,5.084688995215311,19,61.727000000000004,4.34557211592982
2022-12-21,1011010501,茄类,5.015,10,17.740000000000002,5.03
2022-12-21,1011010504,辣椒类,4.970787037037037,45,137.998,1.3943033232365687
2022-12-21,1011010801,食用菌,8.325569917545282,72,128.851,3.840109506329016
2022-12-22,1011010101,花叶类,6.939370894009216,100,223.75,2.2126853631284917
2022-12-22,1011010201,花菜类,5.426,5,33.67100000000001,4.371343292447506
2022-12-22,1011010402,水生根茎类,5.092057416267942,19,45.018,3.82633435514683
2022-12-22,1011010501,茄类,4.933,10,8.883000000000001,5.09
2022-12-22,1011010504,辣椒类,4.956342592592592,45,93.949,1.4015985268603177
2022-12-22,1011010801,食用菌,8.306264361989726,72,99.983,4.1201101187201825
2022-12-23,1011010101,花叶类,6.989970894009217,100,210.784,2.297157753909215
2022-12-23,1011010201,花菜类,5.456,5,29.486,4.391691650274707
2022-12-23,1011010402,水生根茎类,5.118899521531101,19,54.487,4.66526584322866
2022-12-23,1011010501,茄类,4.936,10,8.921,5.34
2022-12-23,1011010504,辣椒类,4.935675925925926,45,91.649,1.1332378967582843
2022-12-23,1011010801,食用菌,8.320153250878615,72,92.544,4.197286047717842
2022-12-24,1011010101,花叶类,7.002970894009216,100,285.085,2.0144426749916695
2022-12-24,1011010201,花菜类,5.497999999999999,5,47.278999999999996,4.5125973476596375
2022-12-24,1011010402,水生根茎类,5.071531100478469,19,61.874,4.692216763099202
2022-12-24,1011010501,茄类,4.9479999999999995,10,11.582,5.46
2022-12-24,1011010504,辣椒类,5.101675925925926,45,117.56400000000001,1.159733676975945
2022-12-24,1011010801,食用菌,8.31084769532306,72,139.067,3.7803915378918074
2022-12-25,1011010101,花叶类,7.043470894009216,100,362.94,2.0977124042541466
2022-12-25,1011010201,花菜类,5.517999999999999,5,51.941,4.4461427388768024
2022-12-25,1011010402,水生根茎类,5.115215311004785,19,105.129,4.338912383833195
2022-12-25,1011010501,茄类,4.942,10,5.742,5.4
2022-12-25,1011010504,辣椒类,5.093898148148148,45,166.418,1.4430636709971276
2022-12-25,1011010801,食用菌,8.334181028656394,72,160.777,4.07389838098733
2022-12-26,1011010101,花叶类,7.0356708940092165,100,253.07500000000002,2.4268005927096707
2022-12-26,1011010201,花菜类,5.604,5,27.857,4.642761244929461
2022-12-26,1011010402,水生根茎类,5.149425837320575,19,56.004,4.784036318834369
2022-12-26,1011010501,茄类,5.349,10,12.022,5.353989352853103
2022-12-26,1011010504,辣椒类,5.062342592592593,45,114.691,1.3767326119747845
2022-12-26,1011010801,食用菌,8.323764361989726,72,115.93299999999999,3.843350210897674
2022-12-27,1011010101,花叶类,7.045670894009216,100,253.518,2.3140842464834845
2022-12-27,1011010201,花菜类,5.668,5,39.591,4.952423278017731
2022-12-27,1011010402,水生根茎类,5.1573205741626795,19,72.51400000000001,5.093761756350497
2022-12-27,1011010501,茄类,5.343,10,6.541,5.3550542730469335
2022-12-27,1011010504,辣椒类,5.052564814814815,45,121.716,1.3128119557001545
2022-12-27,1011010801,食用菌,8.322931028656393,72,102.06,3.862550754458162
2022-12-28,1011010101,花叶类,7.060770894009217,100,257.429,2.385970733678024
2022-12-28,1011010201,花菜类,5.67,5,36.052,5.371118661932764
2022-12-28,1011010402,水生根茎类,5.1588995215311,19,60.286,4.8335804332680885
2022-12-28,1011010501,茄类,5.34,10,8.167,5.34
2022-12-28,1011010504,辣椒类,5.017675925925927,45,99.953,1.3691068802337099
2022-12-28,1011010801,食用菌,8.400014361989726,72,119.913,3.7372861991610584
2022-12-29,1011010101,花叶类,7.0966708940092165,100,237.735,2.3749254842576817
2022-12-29,1011010201,花菜类,5.696,5,25.895000000000003,5.239595674840702
2022-12-29,1011010402,水生根茎类,5.171531100478469,19,66.287,5.0182578786187335
2022-12-29,1011010501,茄类,5.29,10,3.656,4.84
2022-12-29,1011010504,辣椒类,4.99812037037037,45,129.853,1.2241303627948525
2022-12-29,1011010801,食用菌,8.40084769532306,72,123.439,3.94775654371795
2022-12-30,1011010101,花叶类,7.0943708940092165,100,244.088,2.230700894759267
2022-12-30,1011010201,花菜类,5.714,5,29.769,4.424393496590413
2022-12-30,1011010402,水生根茎类,5.174162679425837,19,62.525,4.6810662934826075
2022-12-30,1011010501,茄类,5.318,10,6.173,5.043307953993195
2022-12-30,1011010504,辣椒类,5.001898148148149,45,118.87700000000001,1.499338475903665
2022-12-30,1011010801,食用菌,8.397375473100839,72,131.88299999999998,3.612940181827833
2022-12-31,1011010101,花叶类,7.094670894009216,100,329.509,2.363626395637145
2022-12-31,1011010201,花菜类,5.7379999999999995,5,39.573,5.672511813610289
2022-12-31,1011010402,水生根茎类,5.155215311004785,19,103.271,4.66148531533538
2022-12-31,1011010501,茄类,5.242,10,5.574000000000001,5.167635450304988
2022-12-31,1011010504,辣椒类,4.946787037037037,45,198.248,1.4305676223719785
2022-12-31,1011010801,食用菌,8.401958806434171,72,178.02100000000002,3.660154026772122
2023-01-01,1011010101,花叶类,7.092570894009217,100,329.635,2.435794955026014
2023-01-01,1011010201,花菜类,5.734,5,39.379999999999995,5.1496937531742
2023-01-01,1011010402,水生根茎类,5.146267942583732,19,92.503,4.780038593342919
2023-01-01,1011010501,茄类,5.274,10,7.926,5.439790562705022
2023-01-01,1011010504,辣椒类,4.975231481481482,45,174.42600000000002,1.6201569146801507
2023-01-01,1011010801,食用菌,8.41959769532306,72,159.047,4.012285676561017
2023-01-02,1011010101,花叶类,7.081570894009217,100,287.812,2.149918592692452
2023-01-02,1011010201,花菜类,5.8,5,36.172,5.050205683954441
2023-01-02,1011010402,水生根茎类,5.1573205741626795,19,54.334,5.173454190746125
2023-01-02,1011010501,茄类,5.307,10,17.834,5.734107323090725
2023-01-02,1011010504,辣椒类,5.00012037037037,45,154.451,1.9230950916471892
2023-01-02,1011010801,食用菌,8.421125473100837,72,132.934,3.998144267079905
2023-01-03,1011010101,花叶类,7.093270894009216,100,215.984,2.3746476590858583
2023-01-03,1011010201,花菜类,5.834,5,30.654,5.5221246819338425
2023-01-03,1011010402,水生根茎类,5.139952153110047,19,50.818,4.733655988035736
2023-01-03,1011010501,茄类,5.331,10,3.617,5.856911805363562
2023-01-03,1011010504,辣椒类,5.01612037037037,45,128.13400000000001,1.7564490299218005
2023-01-03,1011010801,食用菌,8.431264361989726,72,86.599,4.132925322463308
2023-01-04,1011010101,花叶类,7.106270894009217,100,171.91,2.5642855563957885
2023-01-04,1011010201,花菜类,5.944,5,27.843,5.637389289947204
2023-01-04,1011010402,水生根茎类,5.131004784688995,19,48.908,5.801659646683569
2023-01-04,1011010501,茄类,5.331,10,3.9290000000000003,5.99
2023-01-04,1011010504,辣椒类,5.045453703703704,45,123.447,2.066324819558191
2023-01-04,1011010801,食用菌,8.430431028656393,72,88.495,3.8417927566529184
2023-01-05,1011010101,花叶类,7.118970894009217,100,186.069,2.469052072080787
2023-01-05,1011010201,花菜类,6.008,5,25.709,5.7993924306663045
2023-01-05,1011010402,水生根茎类,5.132583732057416,19,32.701,5.631591082841503
2023-01-05,1011010501,茄类,5.3740000000000006,10,5.835,5.935775492716368
2023-01-05,1011010504,辣椒类,5.191453703703704,45,108.643,1.940746481595685
2023-01-05,1011010801,食用菌,8.43459769532306,72,101.31700000000001,3.8892454375869794
2023-01-06,1011010101,花叶类,7.124070894009217,100,202.912,2.4796613310203437
2023-01-06,1011010201,花菜类,6.154,5,27.047,6.433977890339039
2023-01-06,1011010402,水生根茎类,5.112057416267942,19,60.705000000000005,4.943880569969524
2023-01-06,1011010501,茄类,5.814,10,6.648,5.985364019253911
2023-01-06,1011010504,辣椒类,5.230787037037038,45,106.774,2.3245450203232996
2023-01-06,1011010801,食用菌,8.406681028656394,72,115.083,4.0323005135424
2023-01-07,1011010101,花叶类,7.158370894009217,100,187.324,3.9496379534923447
2023-01-07,1011010201,花菜类,6.244,5,24.606,6.8052840770543765
2023-01-07,1011010402,水生根茎类,5.109952153110048,19,53.524,4.552770906509229
2023-01-07,1011010501,茄类,5.786,10,11.498999999999999,6.012710670493086
2023-01-07,1011010504,辣椒类,5.2825648148148145,45,112.31,2.5739324191968658
2023-01-07,1011010801,食用菌,8.404319917545283,72,108.037,4.313042013384304
2023-01-08,1011010101,花叶类,7.1869708940092165,100,219.37199999999999,2.5906970807578
2023-01-08,1011010201,花菜类,6.316,5,34.433,7.198560683065664
2023-01-08,1011010402,水生根茎类,5.129952153110048,19,56.788000000000004,4.805793653588786
2023-01-08,1011010501,茄类,5.828,10,15.154,6.66
2023-01-08,1011010504,辣椒类,5.270787037037037,45,124.983,2.8663651856652503
2023-01-08,1011010801,食用菌,8.421681028656394,72,115.9,4.2969941328731664
2023-01-09,1011010101,花叶类,7.178570894009216,100,185.585,2.629095293261847
2023-01-09,1011010201,花菜类,6.3,5,31.341,6.9832104910500625
2023-01-09,1011010402,水生根茎类,5.140478468899522,19,39.958999999999996,4.230255511899697
2023-01-09,1011010501,茄类,5.848,10,11.607,6.86
2023-01-09,1011010504,辣椒类,5.549453703703704,45,90.474,3.2103797776156684
2023-01-09,1011010801,食用菌,8.431125473100838,72,100.363,4.2503413608600775
2023-01-10,1011010101,花叶类,7.166070894009216,100,200.196,2.505996923015445
2023-01-10,1011010201,花菜类,6.296,5,15.292,6.97617054669108
2023-01-10,1011010402,水生根茎类,5.14732057416268,19,45.848,5.060539827255278
2023-01-10,1011010501,茄类,5.37,10,9.913,5.637511348733985
2023-01-10,1011010504,辣椒类,5.795231481481482,45,119.602,3.0382385746057756
2023-01-10,1011010801,食用菌,8.441681028656394,72,101.017,4.169613728382352
2023-01-11,1011010101,花叶类,7.158570894009216,100,185.254,3.401556565580231
2023-01-11,1011010201,花菜类,6.362,5,31.198999999999998,6.787714349818904
2023-01-11,1011010402,水生根茎类,5.149425837320575,19,44.885,3.9904725409379527
2023-01-11,1011010501,茄类,5.37,10,9.782,6.870000000000001
2023-01-11,1011010504,辣椒类,5.801453703703705,45,126.451,3.108373124767697
2023-01-11,1011010801,食用菌,8.408764361989727,72,88.976,4.4702263531738895
2023-01-12,1011010101,花叶类,7.130470894009217,100,202.709,3.2128836410815507
2023-01-12,1011010201,花菜类,6.368,5,27.908,7.287326931345851
2023-01-12,1011010402,水生根茎类,5.1504784688995215,19,43.65,3.879643528064147
2023-01-12,1011010501,茄类,5.37,10,9.159,6.87
2023-01-12,1011010504,辣椒类,5.779453703703704,45,113.15,3.560412284577994
2023-01-12,1011010801,食用菌,8.43695880643417,72,87.74199999999999,4.740550933418432
2023-01-13,1011010101,花叶类,7.118870894009217,100,215.635,2.550856076239943
2023-01-13,1011010201,花菜类,6.234,5,29.708,6.092539383331089
2023-01-13,1011010402,水生根茎类,5.132057416267943,19,31.759,4.280853616297742
2023-01-13,1011010501,茄类,5.378,10,15.213000000000001,7.066303161769539
2023-01-13,1011010504,辣椒类,5.7985648148148154,45,137.769,3.274716082718173
2023-01-13,1011010801,食用菌,8.684319917545283,72,123.264,4.380009086188992
2023-01-14,1011010101,花叶类,7.136070894009216,100,447.993,2.6482657987959635
2023-01-14,1011010201,花菜类,6.2,5,55.134,6.3219733739616215
2023-01-14,1011010402,水生根茎类,5.15311004784689,19,112.724,5.494112433909371
2023-01-14,1011010501,茄类,5.43,10,31.542,7.679206771923149
2023-01-14,1011010504,辣椒类,6.218564814814815,45,197.217,3.8914969804834265
2023-01-14,1011010801,食用菌,8.68584769532306,72,204.679,4.91214829073818
2023-01-15,1011010101,花叶类,7.152570894009217,100,278.968,2.758412721172321
2023-01-15,1011010201,花菜类,6.22,5,61.584,6.068002727981294
2023-01-15,1011010402,水生根茎类,5.166794258373206,19,92.61,5.993071482561279
2023-01-15,1011010501,茄类,5.496,10,21.246,8.184877153346513
2023-01-15,1011010504,辣椒类,6.321453703703704,45,154.044,3.7017977331152134
2023-01-15,1011010801,食用菌,8.714319917545282,72,179.046,4.157573361035712
2023-01-16,1011010101,花叶类,7.161370894009217,100,216.173,2.6418871922025415
2023-01-16,1011010201,花菜类,6.202,5,46.516,6.16939461690601
2023-01-16,1011010402,水生根茎类,5.322583732057416,19,61.379000000000005,5.30985972400984
2023-01-16,1011010501,茄类,5.563000000000001,10,21.066,8.321920630399696
2023-01-16,1011010504,辣椒类,6.38900925925926,45,121.081,5.4463281604876075
2023-01-16,1011010801,食用菌,8.724875473100838,72,144.546,4.624188701174712
2023-01-17,1011010101,花叶类,7.263570894009217,100,180.232,3.0987432309467797
2023-01-17,1011010201,花菜类,6.196,5,39.869,6.695303368531942
2023-01-17,1011010402,水生根茎类,5.327846889952153,19,86.319,5.398702718984233
2023-01-17,1011010501,茄类,5.59,10,22.71,8.478256274768825
2023-01-17,1011010504,辣椒类,6.407231481481482,45,117.137,6.124774921672912
2023-01-17,1011010801,食用菌,8.72709769532306,72,166.406,4.420411763998894
2023-01-18,1011010101,花叶类,7.255770894009216,100,281.89300000000003,2.9588670523922196
2023-01-18,1011010201,花菜类,7.258,5,58.399,7.025856778369492
2023-01-18,1011010402,水生根茎类,5.332057416267943,19,84.28,5.624467726625534
2023-01-18,1011010501,茄类,5.602,10,41.458999999999996,8.285787645625799
2023-01-18,1011010504,辣椒类,6.474342592592593,45,218.267,7.3261898500460445
2023-01-18,1011010801,食用菌,8.715292139767506,72,212.899,5.369368620801413
2023-01-19,1011010101,花叶类,7.226170894009216,100,371.074,3.190497663538809
2023-01-19,1011010201,花菜类,7.090000000000001,5,104.101,6.222561646862181
2023-01-19,1011010402,水生根茎类,5.339425837320574,19,157.124,5.633510603090553
2023-01-19,1011010501,茄类,5.61,10,61.759,8.416064541200473
2023-01-19,1011010504,辣椒类,6.250787037037037,45,350.275,7.904537320676612
2023-01-19,1011010801,食用菌,8.71973658421195,72,385.35900000000004,5.230977633842728
2023-01-20,1011010101,花叶类,7.260870894009217,100,594.071,3.470706110885736
2023-01-20,1011010201,花菜类,7.087999999999999,5,138.786,6.413469081895868
2023-01-20,1011010402,水生根茎类,5.315215311004785,19,252.074,5.22278394439728
2023-01-20,1011010501,茄类,5.35,10,75.97,7.937670132947217
2023-01-20,1011010504,辣椒类,6.273231481481481,45,604.231,5.6537349457409505
2023-01-20,1011010801,食用菌,8.726504629629629,72,455.94100000000003,5.008258787869482
2023-01-21,1011010101,花叶类,7.260870894009217,100,0.0,7.260870894009217
2023-01-21,1011010201,花菜类,7.087999999999999,5,0.0,7.087999999999999
2023-01-21,1011010402,水生根茎类,5.315215311004785,19,0.0,5.315215311004785
2023-01-21,1011010501,茄类,5.35,10,0.0,5.35
2023-01-21,1011010504,辣椒类,6.273231481481481,45,0.0,6.273231481481481
2023-01-21,1011010801,食用菌,8.726504629629629,72,0.0,8.726504629629629
2023-01-22,1011010101,花叶类,7.274870894009216,100,219.378,3.9246107631576543
2023-01-22,1011010201,花菜类,7.074,5,34.134,6.227153571219312
2023-01-22,1011010402,水生根茎类,5.316267942583733,19,39.08,5.004759467758444
2023-01-22,1011010501,茄类,5.393,10,17.629,8.47
2023-01-22,1011010504,辣椒类,6.283675925925926,45,91.232,4.360375306909856
2023-01-22,1011010801,食用菌,8.69997685185185,72,91.90100000000001,5.154410289333087
2023-01-23,1011010101,花叶类,7.190270894009217,100,291.35200000000003,3.9766554202476727
2023-01-23,1011010201,花菜类,7.087999999999999,5,66.018,6.361262080038777
2023-01-23,1011010402,水生根茎类,5.282583732057416,19,46.756,5.025297288048593
2023-01-23,1011010501,茄类,5.442,10,31.043,8.96
2023-01-23,1011010504,辣椒类,5.891231481481482,45,124.14,4.242108023199613
2023-01-23,1011010801,食用菌,8.698032407407407,72,146.538,4.830460358405328
2023-01-24,1011010101,花叶类,7.233370894009216,100,205.447,3.3331937677357177
2023-01-24,1011010201,花菜类,6.246,5,89.42099999999999,5.472869460193914
2023-01-24,1011010402,水生根茎类,5.387846889952153,19,84.834,5.178720560152769
2023-01-24,1011010501,茄类,5.7,10,31.05,9.048093397745571
2023-01-24,1011010504,辣椒类,4.5021203703703705,45,181.95100000000002,4.1870638798357795
2023-01-24,1011010801,食用菌,8.726226851851852,72,48.516999999999996,8.692196961889648
2023-01-25,1011010101,花叶类,7.323970894009217,100,245.072,4.951301495070836
2023-01-25,1011010201,花菜类,6.144,5,114.337,6.293550381766183
2023-01-25,1011010402,水生根茎类,5.392583732057416,19,97.229,5.355996770510855
2023-01-25,1011010501,茄类,5.718999999999999,10,38.245999999999995,9.2935771061026
2023-01-25,1011010504,辣椒类,4.8434537037037035,45,140.698,6.63171096959445
2023-01-25,1011010801,食用菌,8.749976851851851,72,165.671,7.998751139306216
2023-01-26,1011010101,花叶类,7.446470894009217,100,272.125,5.65395729903537
2023-01-26,1011010201,花菜类,7.12,5,60.15,6.4728967581047385
2023-01-26,1011010402,水生根茎类,5.3588995215311,19,72.92699999999999,5.002644973740865
2023-01-26,1011010501,茄类,5.746,10,32.835,9.506302421196892
2023-01-26,1011010504,辣椒类,4.522342592592593,45,226.705,4.934760503738338
2023-01-26,1011010801,食用菌,8.750532407407407,72,204.906,6.1280161635091215
2023-01-27,1011010101,花叶类,7.412870894009217,100,283.135,4.177361082169283
2023-01-27,1011010201,花菜类,7.090000000000001,5,69.283,6.3522755943016325
2023-01-27,1011010402,水生根茎类,5.312057416267942,19,88.434,5.151425922156637
2023-01-27,1011010501,茄类,5.7,10,31.75,9.147853858267718
2023-01-27,1011010504,辣椒类,4.38412037037037,45,284.492,3.354461250228477
2023-01-27,1011010801,食用菌,8.753449074074075,72,215.811,5.278286370944946
2023-01-28,1011010101,花叶类,7.426370894009217,100,235.44299999999998,4.179040829415188
2023-01-28,1011010201,花菜类,6.832000000000001,5,43.626000000000005,6.2975817173245305
2023-01-28,1011010402,水生根茎类,5.306267942583732,19,63.873,4.988783680115229
2023-01-28,1011010501,茄类,5.5649999999999995,10,30.24,8.652526785714286
2023-01-28,1011010504,辣椒类,4.4587870370370375,45,246.34300000000002,3.2206328168448057
2023-01-28,1011010801,食用菌,8.741643518518519,72,163.237,5.09842198766211
2023-01-29,1011010101,花叶类,7.479770894009216,100,229.694,3.9530076536609577
2023-01-29,1011010201,花菜类,6.981999999999999,5,40.248999999999995,6.581267609133146
2023-01-29,1011010402,水生根茎类,5.323636363636364,19,48.473,5.191526416768098
2023-01-29,1011010501,茄类,5.549,10,15.298,8.546315204601909
2023-01-29,1011010504,辣椒类,4.381675925925927,45,194.121,3.3235502598894504
2023-01-29,1011010801,食用菌,8.750393518518518,72,122.262,4.7439711439367915
2023-01-30,1011010101,花叶类,7.477570894009217,100,217.18,3.591933603462566
2023-01-30,1011010201,花菜类,6.9879999999999995,5,42.686,6.533159349669681
2023-01-30,1011010402,水生根茎类,5.318373205741627,19,52.382999999999996,5.249152396769945
2023-01-30,1011010501,茄类,5.544,10,15.248,8.478618835257084
2023-01-30,1011010504,辣椒类,4.291675925925926,45,153.832,3.68391179988559
2023-01-30,1011010801,食用菌,8.761643518518518,72,113.826,4.770457276896316
2023-01-31,1011010101,花叶类,7.697270894009217,100,202.836,4.019098976513045
2023-01-31,1011010201,花菜类,6.986,5,37.501999999999995,6.584427497200149
2023-01-31,1011010402,水生根茎类,5.318373205741627,19,40.683,5.0936848315021015
2023-01-31,1011010501,茄类,5.542,10,13.52,8.45389053254438
2023-01-31,1011010504,辣椒类,4.306787037037037,45,157.934,3.367983841351451
2023-01-31,1011010801,食用菌,8.775486111111112,72,104.426,4.490057265431981
2023-02-01,1011010101,花叶类,7.715370894009217,100,156.42,4.387360759493672
2023-02-01,1011010201,花菜类,6.94,5,33.307,6.435611433032095
2023-02-01,1011010402,水生根茎类,5.304162679425837,19,33.281,4.7848066464349035
2023-02-01,1011010501,茄类,5.542,10,12.689,8.47059815588305
2023-02-01,1011010504,辣椒类,4.32700925925926,45,136.909,3.427027806791373
2023-02-01,1011010801,食用菌,8.784513888888888,72,92.321,4.802952199391254
2023-02-02,1011010101,花叶类,7.743070894009216,100,204.688,3.991105194246854
2023-02-02,1011010201,花菜类,7.034000000000001,5,41.747,6.741987448199872
2023-02-02,1011010402,水生根茎类,5.291531100478468,19,32.251999999999995,4.899763735582289
2023-02-02,1011010501,茄类,5.542,10,15.700999999999999,8.479517228202026
2023-02-02,1011010504,辣椒类,4.341453703703704,45,142.663,4.059912451020937
2023-02-02,1011010801,食用菌,8.790902777777777,72,125.85300000000001,4.735150850595536
2023-02-03,1011010101,花叶类,7.731370894009216,100,189.282,4.5837746325588276
2023-02-03,1011010201,花菜类,6.936,5,53.285,6.4180947733883835
2023-02-03,1011010402,水生根茎类,5.274688995215311,19,54.970000000000006,4.124041477169365
2023-02-03,1011010501,茄类,5.5600000000000005,10,14.786,8.598395779791694
2023-02-03,1011010504,辣椒类,4.35812037037037,45,187.654,3.83975588050348
2023-02-03,1011010801,食用菌,8.78173611111111,72,125.441,4.235030492422732
2023-02-04,1011010101,花叶类,7.696070894009216,100,252.725,4.684818557720844
2023-02-04,1011010201,花菜类,6.901999999999999,5,39.93,6.31527422990233
2023-02-04,1011010402,水生根茎类,4.997320574162679,19,85.60499999999999,3.9446240289702708
2023-02-04,1011010501,茄类,5.577,10,20.698,8.740436274036139
2023-02-04,1011010504,辣椒类,4.361453703703704,45,232.87099999999998,3.892569405378944
2023-02-04,1011010801,食用菌,8.787152777777777,72,126.55,3.8620964045831685
2023-02-05,1011010101,花叶类,7.544870894009216,100,281.351,4.027000010662837
2023-02-05,1011010201,花菜类,6.188,5,39.59,6.273944177822682
2023-02-05,1011010402,水生根茎类,5.056315789473683,19,83.513,4.523267874462658
2023-02-05,1011010501,茄类,5.523,10,15.281,8.377987042732805
2023-02-05,1011010504,辣椒类,4.388120370370371,45,140.199,4.994477350052425
2023-02-05,1011010801,食用菌,8.62909722222222,72,112.777,5.5850726655257725
2023-02-06,1011010101,花叶类,7.656170894009216,100,179.662,3.1284604423862588
2023-02-06,1011010201,花菜类,6.296,5,34.646,6.656444033943312
2023-02-06,1011010402,水生根茎类,5.053684210526316,19,11.684,4.637045532351934
2023-02-06,1011010501,茄类,5.443,10,12.377,7.833001535105438
2023-02-06,1011010504,辣椒类,4.378120370370371,45,91.363,3.258155927454221
2023-02-06,1011010801,食用菌,8.611041666666667,72,79.476,5.305372691126881
2023-02-07,1011010101,花叶类,7.666170894009217,100,154.543,3.1324352445597663
2023-02-07,1011010201,花菜类,6.364,5,33.83,6.805159917233226
2023-02-07,1011010402,水生根茎类,4.983157894736842,19,25.653,3.8694737457607298
2023-02-07,1011010501,茄类,5.415,10,12.441,7.594726308174583
2023-02-07,1011010504,辣椒类,4.356120370370371,45,99.937,3.8749799373605374
2023-02-07,1011010801,食用菌,8.609375,72,63.807,5.159669001833655
2023-02-08,1011010101,花叶类,7.684970894009217,100,161.297,3.481577090708445
2023-02-08,1011010201,花菜类,6.382,5,35.924,6.814068589243959
2023-02-08,1011010402,水生根茎类,4.968947368421053,19,40.347,3.94659503804496
2023-02-08,1011010501,茄类,5.402,10,8.429,7.546293747775536
2023-02-08,1011010504,辣椒类,4.288564814814815,45,93.975,3.3327956371375365
2023-02-08,1011010801,食用菌,8.597013888888888,72,75.372,4.546962665180703
2023-02-09,1011010101,花叶类,7.687970894009217,100,203.645,3.2328949397235385
2023-02-09,1011010201,花菜类,6.44,5,30.833,6.95169818052087
2023-02-09,1011010402,水生根茎类,4.950526315789474,19,42.757,4.498356526416727
2023-02-09,1011010501,茄类,5.349,10,13.362000000000002,7.227759317467445
2023-02-09,1011010504,辣椒类,4.281453703703703,45,138.13,3.210334612321726
2023-02-09,1011010801,食用菌,8.588125,72,88.67,4.844558136912147
2023-02-10,1011010101,花叶类,7.689870894009217,100,175.847,3.2172377691970864
2023-02-10,1011010201,花菜类,6.45,5,31.996000000000002,6.986207025878235
2023-02-10,1011010402,水生根茎类,4.947368421052632,19,49.257,4.611831820857949
2023-02-10,1011010501,茄类,5.3,10,12.793999999999999,6.886707831796154
2023-02-10,1011010504,辣椒类,4.211675925925926,45,125.468,3.294467433927376
2023-02-10,1011010801,食用菌,8.578402777777777,72,103.7,5.082259402121505
2023-02-11,1011010101,花叶类,7.686370894009217,100,243.90800000000002,3.6832304393459827
2023-02-11,1011010201,花菜类,6.392,5,53.417,6.8960398375049135
2023-02-11,1011010402,水生根茎类,4.951052631578947,19,77.149,4.28936136566903
2023-02-11,1011010501,茄类,5.252,10,16.919,6.6176109699154795
2023-02-11,1011010504,辣椒类,4.115009259259259,45,164.9,3.228634990903578
2023-02-11,1011010801,食用菌,8.571041666666666,72,143.531,4.802407075823341
2023-02-12,1011010101,花叶类,7.780770894009216,100,309.307,3.0299735214527956
2023-02-12,1011010201,花菜类,6.343999999999999,5,48.809,6.792877133315577
2023-02-12,1011010402,水生根茎类,4.797894736842105,19,74.087,3.83072387868317
2023-02-12,1011010501,茄类,5.179,10,28.032,6.152904894406391
2023-02-12,1011010504,辣椒类,4.274342592592593,45,158.806,4.13571231565558
2023-02-12,1011010801,食用菌,8.552569444444444,72,109.179,4.647409300323322
2023-02-13,1011010101,花叶类,7.969270894009217,100,226.189,2.685865227752013
2023-02-13,1011010201,花菜类,6.1899999999999995,5,33.601,6.340138983958811
2023-02-13,1011010402,水生根茎类,4.781578947368421,19,30.456000000000003,5.935299448384555
2023-02-13,1011010501,茄类,5.182,10,14.142999999999999,6.138606377713356
2023-02-13,1011010504,辣椒类,4.301898148148148,45,107.056,3.349292986848005
2023-02-13,1011010801,食用菌,8.494166666666665,72,103.14699999999999,4.51358624099586
2023-02-14,1011010101,花叶类,7.979770894009216,100,160.285,2.844008672052906
2023-02-14,1011010201,花菜类,6.122,5,37.56,6.253788072417464
2023-02-14,1011010402,水生根茎类,4.777894736842105,19,39.561,4.417539748742448
2023-02-14,1011010501,茄类,5.888,10,14.301,6.781853017271519
2023-02-14,1011010504,辣椒类,4.299453703703704,45,108.672,3.0699907979976446
2023-02-14,1011010801,食用菌,8.526805555555555,72,75.069,4.71725479225779
2023-02-15,1011010101,花叶类,8.078442322580646,100,184.475,2.860869386095677
2023-02-15,1011010201,花菜类,5.932,5,31.354999999999997,5.736608834316696
2023-02-15,1011010402,水生根茎类,4.77,19,41.209,3.8684411172316717
2023-02-15,1011010501,茄类,5.995,10,6.735,7.603002227171492
2023-02-15,1011010504,辣椒类,4.701009259259259,45,105.647,3.069932227133757
2023-02-15,1011010801,食用菌,8.489583333333334,72,72.525,4.768665701482248
2023-02-16,1011010101,花叶类,8.049142322580645,100,155.351,2.8965079722692484
2023-02-16,1011010201,花菜类,5.906,5,34.159,5.7199303258292105
2023-02-16,1011010402,水生根茎类,4.773157894736842,19,32.783,4.746157764695116
2023-02-16,1011010501,茄类,6.057,10,7.394,8.002213957262645
2023-02-16,1011010504,辣椒类,4.990342592592593,45,105.95,3.1943628126474755
2023-02-16,1011010801,食用菌,8.489166666666668,72,74.701,4.5964704622428085
2023-02-17,1011010101,花叶类,8.121542322580645,100,160.609,3.204773642822009
2023-02-17,1011010201,花菜类,6.651999999999999,5,38.594,5.569077058610147
2023-02-17,1011010402,水生根茎类,4.774210526315789,19,28.470999999999997,5.170332619156335
2023-02-17,1011010501,茄类,6.143,10,8.283000000000001,8.479112640347699
2023-02-17,1011010504,辣椒类,5.034564814814815,45,136.31900000000002,2.9505387363463638
2023-02-17,1011010801,食用菌,8.485,72,104.876,3.1706930088866847
2023-02-18,1011010101,花叶类,8.126642322580645,100,285.815,3.6768554484544196
2023-02-18,1011010201,花菜类,6.55,5,48.488,5.560869905956112
2023-02-18,1011010402,水生根茎类,4.821052631578947,19,65.745,4.680469997718457
2023-02-18,1011010501,茄类,6.072,10,21.073999999999998,7.703441681693081
2023-02-18,1011010504,辣椒类,5.0550092592592595,45,181.095,3.049739860294321
2023-02-18,1011010801,食用菌,8.496527777777779,72,134.317,4.802823172048214
2023-02-19,1011010101,花叶类,8.151842322580645,100,230.404,3.3699625006510305
2023-02-19,1011010201,花菜类,6.586,5,45.805,5.4344257177164055
2023-02-19,1011010402,水生根茎类,4.8236842105263165,19,48.268,4.571699676804508
2023-02-19,1011010501,茄类,6.186,10,17.567,8.582517219787102
2023-02-19,1011010504,辣椒类,5.073453703703704,45,162.066,3.2877254945516023
2023-02-19,1011010801,食用菌,8.506944444444445,72,105.09700000000001,4.764044168720325
2023-02-20,1011010101,花叶类,8.274442322580645,100,139.164,2.931236957833923
2023-02-20,1011010201,花菜类,6.586,5,29.447000000000003,5.516760960369476
2023-02-20,1011010402,水生根茎类,4.818947368421052,19,24.15,4.555764803312629
2023-02-20,1011010501,茄类,6.195,10,7.390999999999999,9.071869841699366
2023-02-20,1011010504,辣椒类,5.082564814814815,45,61.627,4.678190241290344
2023-02-20,1011010801,食用菌,8.377222222222223,72,65.776,4.239521405983946
2023-02-21,1011010101,花叶类,8.276842322580645,100,150.154,3.1782462005674175
2023-02-21,1011010201,花菜类,6.55,5,29.466,5.357124143080161
2023-02-21,1011010402,水生根茎类,4.821578947368421,19,24.144,4.804681908548708
2023-02-21,1011010501,茄类,6.232,10,12.593,8.69767172238545
2023-02-21,1011010504,辣椒类,5.113898148148148,45,101.221,3.9261785597850247
2023-02-21,1011010801,食用菌,8.365,72,55.615,4.885164074440349
2023-02-22,1011010101,花叶类,8.579442322580645,100,138.874,3.2472416723072715
2023-02-22,1011010201,花菜类,6.5,5,29.54,5.139592078537576
2023-02-22,1011010402,水生根茎类,4.822105263157895,19,31.124,4.475581544788588
2023-02-22,1011010501,茄类,6.311999999999999,10,9.991,8.832251025923332
2023-02-22,1011010504,辣椒类,5.177453703703704,45,82.293,4.758780819753806
2023-02-22,1011010801,食用菌,8.361944444444443,72,74.474,4.158084700700916
2023-02-23,1011010101,花叶类,8.614442322580645,100,154.467,3.2188429891174164
2023-02-23,1011010201,花菜类,6.540000000000001,5,33.284,5.1060380362937146
2023-02-23,1011010402,水生根茎类,4.821052631578947,19,22.517,4.130405915530488
2023-02-23,1011010501,茄类,6.3340000000000005,10,11.309999999999999,9.095616268788682
2023-02-23,1011010504,辣椒类,5.255009259259259,45,104.048,4.143879651699216
2023-02-23,1011010801,食用菌,8.337222222222222,72,77.906,4.419484121890483
2023-02-24,1011010101,花叶类,8.603842322580645,100,134.956,3.061048267583509
2023-02-24,1011010201,花菜类,6.564,5,31.169999999999998,5.5187006737247355
2023-02-24,1011010402,水生根茎类,4.827894736842105,19,35.391,4.408344776920686
2023-02-24,1011010501,茄类,6.3549999999999995,10,11.328,9.015799788135594
2023-02-24,1011010504,辣椒类,5.25412037037037,45,134.183,4.015335325637375
2023-02-24,1011010801,食用菌,8.331111111111111,72,83.785,4.843225398340992
2023-02-25,1011010101,花叶类,8.583142322580645,100,219.47,3.4670270196382194
2023-02-25,1011010201,花菜类,6.5760000000000005,5,44.994,5.422520336044807
2023-02-25,1011010402,水生根茎类,4.827894736842105,19,41.824,4.475726855394033
2023-02-25,1011010501,茄类,6.354,10,10.979000000000001,8.89871117588123
2023-02-25,1011010504,辣椒类,4.939453703703704,45,170.605,4.078367515606225
2023-02-25,1011010801,食用菌,8.317083333333333,72,115.867,4.548219941829856
2023-02-26,1011010101,花叶类,8.370642322580645,100,243.01,2.8852617176247892
2023-02-26,1011010201,花菜类,6.590000000000001,5,47.396,5.507511815343068
2023-02-26,1011010402,水生根茎类,4.830526315789474,19,34.64,3.7630831408775984
2023-02-26,1011010501,茄类,6.4719999999999995,10,14.041,9.73567552168649
2023-02-26,1011010504,辣椒类,5.137009259259259,45,149.738,4.456120824373238
2023-02-26,1011010801,食用菌,8.320833333333333,72,92.628,3.8260752688172044
2023-02-27,1011010101,花叶类,8.320142322580645,100,136.926,3.101176474884244
2023-02-27,1011010201,花菜类,6.642,5,13.221,6.31
2023-02-27,1011010402,水生根茎类,4.829473684210527,19,13.331,5.398076663416098
2023-02-27,1011010501,茄类,6.436,10,8.846,9.96752995704273
2023-02-27,1011010504,辣椒类,5.179009259259259,45,88.884,4.671003217676972
2023-02-27,1011010801,食用菌,8.32736111111111,72,65.006,4.78886795065071
2023-02-28,1011010101,花叶类,8.329342322580645,100,115.968,2.9402632622792493
2023-02-28,1011010201,花菜类,6.748,5,27.118000000000002,5.701213216313887
2023-02-28,1011010402,水生根茎类,4.828947368421052,19,21.011000000000003,4.533273047451335
2023-02-28,1011010501,茄类,6.345000000000001,10,7.007,9.43489653203939
2023-02-28,1011010504,辣椒类,5.173333333333334,45,96.706,4.4941162906127845
2023-02-28,1011010801,食用菌,8.325,72,61.482,4.928432061416349
2023-03-01,1011010101,花叶类,8.318642322580645,100,139.125,2.6673816352201256
2023-03-01,1011010201,花菜类,6.8,5,23.979999999999997,5.96605504587156
2023-03-01,1011010402,水生根茎类,4.827894736842105,19,15.748000000000001,4.413190246380492
2023-03-01,1011010501,茄类,6.305,10,9.504,8.958506944444444
2023-03-01,1011010504,辣椒类,5.159777777777777,45,105.90599999999999,4.385698260721773
2023-03-01,1011010801,食用菌,8.318055555555555,72,73.717,4.022344235386682
2023-03-02,1011010101,花叶类,8.319242322580646,100,131.001,2.6808519782291733
2023-03-02,1011010201,花菜类,6.8340000000000005,5,28.182000000000002,6.059559648002271
2023-03-02,1011010402,水生根茎类,4.825263157894737,19,21.735,3.8961458477110646
2023-03-02,1011010501,茄类,6.162,10,7.568,8.488130285412263
2023-03-02,1011010504,辣椒类,5.166666666666667,45,114.103,3.8779850661244666
2023-03-02,1011010801,食用菌,8.388055555555555,72,62.870000000000005,4.409486241450612
2023-03-03,1011010101,花叶类,8.348842322580644,100,152.142,2.3641482299430794
2023-03-03,1011010201,花菜类,6.956,5,34.915,6.380204783044538
2023-03-03,1011010402,水生根茎类,4.828421052631579,19,29.054000000000002,4.513439801748468
2023-03-03,1011010501,茄类,6.179,10,13.904,8.708898878020713
2023-03-03,1011010504,辣椒类,5.172444444444444,45,128.81799999999998,4.305169386265895
2023-03-03,1011010801,食用菌,8.368888888888888,72,90.386,4.022004182063594
2023-03-04,1011010101,花叶类,8.308642322580646,100,163.918,2.6355248355885257
2023-03-04,1011010201,花菜类,7.025999999999999,5,33.769,6.516405282951819
2023-03-04,1011010402,水生根茎类,4.8236842105263165,19,34.038000000000004,4.026620247958164
2023-03-04,1011010501,茄类,6.202,10,12.627,8.787981309891501
2023-03-04,1011010504,辣椒类,5.327999999999999,45,142.301,5.345364403623306
2023-03-04,1011010801,食用菌,8.350833333333334,72,105.25,4.680370736342042
2023-03-05,1011010101,花叶类,8.269142322580645,100,178.49099999999999,2.6018142651450216
2023-03-05,1011010201,花菜类,6.992,5,47.699,6.490119918656576
2023-03-05,1011010402,水生根茎类,4.825263157894736,19,31.386000000000003,4.645890524437647
2023-03-05,1011010501,茄类,6.204,10,16.193,8.952077440869509
2023-03-05,1011010504,辣椒类,5.147333333333333,45,132.344,4.592184912047392
2023-03-05,1011010801,食用菌,8.344583333333333,72,85.307,4.569406730983389
2023-03-06,1011010101,花叶类,8.249842322580644,100,107.018,2.9586700368162364
2023-03-06,1011010201,花菜类,6.925999999999999,5,23.166,6.215066476733143
2023-03-06,1011010402,水生根茎类,5.405789473684211,19,18.411,6.770191733202977
2023-03-06,1011010501,茄类,6.154,10,10.569,8.646376194531175
2023-03-06,1011010504,辣椒类,5.158444444444444,45,96.609,4.239293647589769
2023-03-06,1011010801,食用菌,8.34736111111111,72,54.979,4.423691955110133
2023-03-07,1011010101,花叶类,8.217342322580645,100,125.449,2.869863450485855
2023-03-07,1011010201,花菜类,6.917999999999999,5,31.21,6.394249919897469
2023-03-07,1011010402,水生根茎类,5.403157894736842,19,19.542,3.8126947088322583
2023-03-07,1011010501,茄类,6.044,10,8.469,7.665487070492384
2023-03-07,1011010504,辣椒类,5.232222222222222,45,100.437,3.9121742983163577
2023-03-07,1011010801,食用菌,8.344444444444443,72,71.957,3.8991590811178907
2023-03-08,1011010101,花叶类,8.207342322580645,100,119.807,2.8385625213885666
2023-03-08,1011010201,花菜类,6.87,5,22.18,5.789006311992788
2023-03-08,1011010402,水生根茎类,5.298947368421053,19,17.906,6.518585948843962
2023-03-08,1011010501,茄类,6.007,10,11.717,7.472604762311173
2023-03-08,1011010504,辣椒类,5.382666666666666,45,105.092,4.305268336314848
2023-03-08,1011010801,食用菌,8.550416666666667,72,65.41,4.921092187738878
2023-03-09,1011010101,花叶类,8.004242322580644,100,121.336,2.748770439111228
2023-03-09,1011010201,花菜类,6.786,5,22.245,5.945587772533154
2023-03-09,1011010402,水生根茎类,5.296315789473684,19,22.284,5.7520440674923705
2023-03-09,1011010501,茄类,5.998,10,7.751,7.847765449619405
2023-03-09,1011010504,辣椒类,5.272666666666667,45,105.856,4.081156004383313
2023-03-09,1011010801,食用菌,8.550694444444444,72,44.888000000000005,4.470707538763143
2023-03-10,1011010101,花叶类,8.000842322580645,100,131.927,2.6726186451598233
2023-03-10,1011010201,花菜类,6.773999999999999,5,12.423,5.164308943089431
2023-03-10,1011010402,水生根茎类,5.292631578947368,19,21.612000000000002,6.435694058856191
2023-03-10,1011010501,茄类,5.968,10,14.024000000000001,7.472059326868226
2023-03-10,1011010504,辣椒类,5.47,45,150.26,4.05341780913084
2023-03-10,1011010801,食用菌,8.54875,72,71.43299999999999,3.9451841585821685
2023-03-11,1011010101,花叶类,7.875642322580645,100,222.762,2.4591438396135787
2023-03-11,1011010201,花菜类,6.8,5,15.802,4.999999999999999
2023-03-11,1011010402,水生根茎类,5.188947368421052,19,38.49,4.557155105222136
2023-03-11,1011010501,茄类,5.84,10,20.211,6.7235455939834745
2023-03-11,1011010504,辣椒类,5.501777777777778,45,179.657,4.133674668952504
2023-03-11,1011010801,食用菌,8.541527777777778,72,116.774,4.488366759723911
2023-03-12,1011010101,花叶类,7.813842322580646,100,195.971,2.776976032168025
2023-03-12,1011010201,花菜类,6.806,5,19.536,5.03
2023-03-12,1011010402,水生根茎类,5.185263157894736,19,33.314,4.3639716035300475
2023-03-12,1011010501,茄类,5.836,10,18.27,7.053904214559387
2023-03-12,1011010504,辣椒类,5.594888888888889,45,157.361,5.117728916313445
2023-03-12,1011010801,食用菌,8.524166666666666,72,109.27199999999999,4.994993136393587
2023-03-13,1011010101,花叶类,8.093942322580645,100,135.094,2.721338253364324
2023-03-13,1011010201,花菜类,6.790000000000001,5,10.596,4.95
2023-03-13,1011010402,水生根茎类,5.192631578947368,19,18.418,5.851503963513954
2023-03-13,1011010501,茄类,5.829,10,12.187999999999999,6.936026419428947
2023-03-13,1011010504,辣椒类,5.586666666666667,45,93.967,4.674271286728319
2023-03-13,1011010801,食用菌,8.517083333333334,72,55.527,4.2030084463414195
2023-03-14,1011010101,花叶类,8.058842322580645,100,140.076,2.9013802507210373
2023-03-14,1011010201,花菜类,6.608,5,9.076,4.04
2023-03-14,1011010402,水生根茎类,5.191052631578947,19,9.612,4.7916354556803995
2023-03-14,1011010501,茄类,5.829,10,11.759,7.061206735266604
2023-03-14,1011010504,辣椒类,5.680666666666666,45,104.067,4.3035171572160245
2023-03-14,1011010801,食用菌,8.54486111111111,72,46.835,4.301996370235934
2023-03-15,1011010101,花叶类,8.017542322580645,100,171.809,2.413508896507168
2023-03-15,1011010201,花菜类,6.709999999999999,5,9.683,4.55
2023-03-15,1011010402,水生根茎类,5.181052631578948,19,17.683,6.329333257931347
2023-03-15,1011010501,茄类,5.808,10,8.037,7.213612044295134
2023-03-15,1011010504,辣椒类,5.674,45,105.561,4.286442720322846
2023-03-15,1011010801,食用菌,8.551527777777778,72,81.886,4.468327675060451
2023-03-16,1011010101,花叶类,8.007242322580645,100,190.911,2.4564887827312205
2023-03-16,1011010201,花菜类,6.958,5,31.584,6.485614551671733
2023-03-16,1011010402,水生根茎类,5.166315789473684,19,25.921,5.422328999652791
2023-03-16,1011010501,茄类,5.814,10,11.892,6.726521190716448
2023-03-16,1011010504,辣椒类,5.673111111111111,45,102.213,4.414126285306175
2023-03-16,1011010801,食用菌,8.565555555555555,72,89.875,4.120272267037553
2023-03-17,1011010101,花叶类,7.982442322580645,100,238.58,2.724254002850197
2023-03-17,1011010201,花菜类,7.12,5,48.607,6.822777377743947
2023-03-17,1011010402,水生根茎类,5.172105263157895,19,46.065,5.757752957777054
2023-03-17,1011010501,茄类,5.854,10,16.576,7.2566934121621625
2023-03-17,1011010504,辣椒类,5.6562222222222225,45,158.456,4.758972333013581
2023-03-17,1011010801,食用菌,8.5675,72,136.726,3.785000658250808
2023-03-18,1011010101,花叶类,7.945942322580645,100,292.075,2.8426530172044853
2023-03-18,1011010201,花菜类,7.101999999999999,5,59.217,6.973857676005202
2023-03-18,1011010402,水生根茎类,5.125263157894737,19,53.936,4.82512218184515
2023-03-18,1011010501,茄类,5.786,10,29.936,6.9448797434527
2023-03-18,1011010504,辣椒类,5.656444444444444,45,189.57999999999998,4.125575113408588
2023-03-18,1011010801,食用菌,8.598472222222222,72,147.687,4.114131237007997
2023-03-19,1011010101,花叶类,7.947542322580644,100,251.51,2.478012007474852
2023-03-19,1011010201,花菜类,7.215999999999999,5,49.399,7.36157776473208
2023-03-19,1011010402,水生根茎类,5.09578947368421,19,41.768,5.087081018961884
2023-03-19,1011010501,茄类,5.77,10,26.328,6.6687701306593725
2023-03-19,1011010504,辣椒类,5.642,45,173.558,4.098055635580037
2023-03-19,1011010801,食用菌,8.610277777777776,72,126.374,4.841490179942077
2023-03-20,1011010101,花叶类,7.901042322580645,100,197.663,2.4636138275752164
2023-03-20,1011010201,花菜类,7.236,5,37.566,7.060397167651599
2023-03-20,1011010402,水生根茎类,5.086842105263157,19,22.990000000000002,7.002659417137885
2023-03-20,1011010501,茄类,5.7509999999999994,10,10.568999999999999,6.86831204465891
2023-03-20,1011010504,辣椒类,5.611777777777778,45,119.843,3.969074121976252
2023-03-20,1011010801,食用菌,8.615277777777777,72,74.725,4.97688430913349
2023-03-21,1011010101,花叶类,7.951042322580645,100,194.386,2.638548763799862
2023-03-21,1011010201,花菜类,7.519999999999999,5,36.716,7.647545484257544
2023-03-21,1011010402,水生根茎类,5.091578947368421,19,12.402000000000001,7.759226737622964
2023-03-21,1011010501,茄类,5.75,10,10.702,6.815980190618576
2023-03-21,1011010504,辣椒类,5.616444444444444,45,116.7,4.1031634104541554
2023-03-21,1011010801,食用菌,8.611527777777777,72,80.883,4.623626720077149
2023-03-22,1011010101,花叶类,7.888842322580644,100,170.723,2.625448006419756
2023-03-22,1011010201,花菜类,7.647999999999999,5,27.368000000000002,7.953554516223327
2023-03-22,1011010402,水生根茎类,5.0542105263157895,19,17.709,6.188897170930036
2023-03-22,1011010501,茄类,5.752,10,12.133000000000001,6.444719360421989
2023-03-22,1011010504,辣椒类,5.623111111111111,45,125.241,4.224899274199344
2023-03-22,1011010801,食用菌,8.62875,72,89.191,4.295944770212241
2023-03-23,1011010101,花叶类,7.923742322580645,100,179.648,3.1597505121125753
2023-03-23,1011010201,花菜类,7.7780000000000005,5,29.488,8.138977550189908
2023-03-23,1011010402,水生根茎类,5.045263157894737,19,25.455,5.746300530347673
2023-03-23,1011010501,茄类,5.746,10,10.903,6.596902687333761
2023-03-23,1011010504,辣椒类,5.869777777777777,45,108.067,4.938721441328065
2023-03-23,1011010801,食用菌,8.654444444444444,72,70.785,4.311787101787102
2023-03-24,1011010101,花叶类,7.906742322580645,100,202.72,3.200554705998422
2023-03-24,1011010201,花菜类,7.938,5,33.301,8.707709378096752
2023-03-24,1011010402,水生根茎类,4.980526315789473,19,22.479,6.550925308065307
2023-03-24,1011010501,茄类,5.817,10,18.402,6.77479567438322
2023-03-24,1011010504,辣椒类,5.891555555555556,45,153.262,4.470909423079433
2023-03-24,1011010801,食用菌,8.668472222222222,72,105.586,4.364084537722804
2023-03-25,1011010101,花叶类,7.931242322580645,100,253.903,3.574289315210927
2023-03-25,1011010201,花菜类,7.606,5,28.459,7.830475772163464
2023-03-25,1011010402,水生根茎类,4.979473684210526,19,40.775999999999996,6.398284284873455
2023-03-25,1011010501,茄类,5.798,10,22.364,6.313079055625113
2023-03-25,1011010504,辣椒类,5.896666666666667,45,187.221,4.216493075028976
2023-03-25,1011010801,食用菌,8.65625,72,113.197,4.572920572099967
2023-03-26,1011010101,花叶类,7.932142322580645,100,264.043,3.416017050253178
2023-03-26,1011010201,花菜类,7.486,5,48.675,7.544474576271187
2023-03-26,1011010402,水生根茎类,4.975789473684211,19,30.047,4.760987120178387
2023-03-26,1011010501,茄类,5.758,10,20.143,6.013623094871668
2023-03-26,1011010504,辣椒类,5.95,45,179.458,4.308907933889824
2023-03-26,1011010801,食用菌,8.64625,72,120.223,4.21465809370919
2023-03-27,1011010101,花叶类,7.930842322580645,100,150.898,3.6980079258837093
2023-03-27,1011010201,花菜类,7.4959999999999996,5,20.459000000000003,7.582212229336721
2023-03-27,1011010402,水生根茎类,4.98,19,15.436,6.863287121015807
2023-03-27,1011010501,茄类,5.601999999999999,10,12.216,6.033650949574328
2023-03-27,1011010504,辣椒类,5.9526666666666666,45,105.211,4.453028105426239
2023-03-27,1011010801,食用菌,8.644305555555555,72,74.574,3.9954563252608146
2023-03-28,1011010101,花叶类,7.928842322580646,100,145.975,3.1014126391505394
2023-03-28,1011010201,花菜类,7.4959999999999996,5,18.519,7.577877855175767
2023-03-28,1011010402,水生根茎类,4.981578947368421,19,14.815999999999999,7.273988930885529
2023-03-28,1011010501,茄类,5.612,10,15.485,6.028286083306427
2023-03-28,1011010504,辣椒类,5.943333333333333,45,92.39399999999999,4.881438513323376
2023-03-28,1011010801,食用菌,8.651944444444444,72,79.756,4.224499724158684
2023-03-29,1011010101,花叶类,7.924942322580645,100,130.475,3.3641689212492816
2023-03-29,1011010201,花菜类,7.4959999999999996,5,26.46,7.582293272864701
2023-03-29,1011010402,水生根茎类,4.980526315789473,19,23.049,5.019803028330947
2023-03-29,1011010501,茄类,5.6160000000000005,10,8.567,5.5717065483833315
2023-03-29,1011010504,辣椒类,5.953111111111111,45,101.237,4.952140126633544
2023-03-29,1011010801,食用菌,8.665416666666665,72,86.112,4.2100342577108885
2023-03-30,1011010101,花叶类,7.912342322580645,100,179.795,2.7896656191773967
2023-03-30,1011010201,花菜类,7.534000000000001,5,26.709,7.659918005166798
2023-03-30,1011010402,水生根茎类,4.981578947368422,19,13.154,6.637033601946176
2023-03-30,1011010501,茄类,5.487,10,14.654,5.9739722942541285
2023-03-30,1011010504,辣椒类,6.217333333333334,45,86.212,4.442174755254489
2023-03-30,1011010801,食用菌,8.663611111111111,72,63.7,4.1752339089481945
2023-03-31,1011010101,花叶类,7.904042322580645,100,208.892,2.839829624877927
2023-03-31,1011010201,花菜类,7.534000000000001,5,34.604,7.68385591261126
2023-03-31,1011010402,水生根茎类,4.956315789473685,19,22.161,7.940807725283154
2023-03-31,1011010501,茄类,5.479,10,21.134,5.566123308412983
2023-03-31,1011010504,辣椒类,6.196,45,138.204,4.254230123585423
2023-03-31,1011010801,食用菌,8.53111111111111,72,104.745,4.028757744999761
2023-04-01,1011010101,花叶类,7.880742322580645,100,208.377,3.167141239196264
2023-04-01,1011010201,花菜类,7.525999999999999,5,35.079,7.639018501097521
2023-04-01,1011010402,水生根茎类,4.954210526315789,19,26.836,5.297463854523774
2023-04-01,1011010501,茄类,5.452,10,23.387999999999998,5.55024157687703
2023-04-01,1011010504,辣椒类,6.227333333333334,45,154.887,4.302847688960339
2023-04-01,1011010801,食用菌,8.534305555555555,72,101.324,4.399327503849039
2023-04-02,1011010101,花叶类,7.894642322580645,100,185.985,3.542173723687394
2023-04-02,1011010201,花菜类,7.812,5,39.361999999999995,8.20153193435293
2023-04-02,1011010402,水生根茎类,4.949473684210527,19,27.876,5.058753049217966
2023-04-02,1011010501,茄类,5.42,10,20.488,5.8461099180007805
2023-04-02,1011010504,辣椒类,6.208,45,165.351,4.35369789115276
2023-04-02,1011010801,食用菌,8.512361111111112,72,109.447,4.104138258700559
2023-04-03,1011010101,花叶类,7.829442322580645,100,170.821,3.146287634424339
2023-04-03,1011010201,花菜类,7.947999999999999,5,16.457,8.020069271434647
2023-04-03,1011010402,水生根茎类,4.950526315789474,19,29.721,7.18339490595875
2023-04-03,1011010501,茄类,5.398000000000001,10,19.201,5.424310712983699
2023-04-03,1011010504,辣椒类,6.011111111111111,45,114.41,3.846445765230312
2023-04-03,1011010801,食用菌,8.4725,72,93.459,4.053420751345509
2023-04-04,1011010101,花叶类,7.814142322580645,100,170.641,2.981848617858545
2023-04-04,1011010201,花菜类,8.058,5,20.022,8.45757366896414
2023-04-04,1011010402,水生根茎类,4.947368421052632,19,14.977,5.033684983641583
2023-04-04,1011010501,茄类,5.389,10,20.162,5.43828191647654
2023-04-04,1011010504,辣椒类,5.837999999999999,45,121.55199999999999,3.934591286033961
2023-04-04,1011010801,食用菌,8.438055555555556,72,90.507,4.480846343376755
2023-04-05,1011010101,花叶类,7.794742322580645,100,217.27100000000002,2.6678222588380405
2023-04-05,1011010201,花菜类,8.072,5,45.417,9.057117378955018
2023-04-05,1011010402,水生根茎类,4.9468421052631575,19,24.198999999999998,4.404973346006034
2023-04-05,1011010501,茄类,5.353,10,22.224999999999998,5.5016350956130475
2023-04-05,1011010504,辣椒类,5.826666666666666,45,139.304,3.990836300465169
2023-04-05,1011010801,食用菌,8.434444444444445,72,115.412,4.043945690222854
2023-04-06,1011010101,花叶类,7.7629423225806455,100,136.403,2.819607486638857
2023-04-06,1011010201,花菜类,7.912000000000001,5,23.05,8.586479826464208
2023-04-06,1011010402,水生根茎类,4.947894736842105,19,9.889,8.197664071190212
2023-04-06,1011010501,茄类,5.361,10,12.387,5.4564930976023245
2023-04-06,1011010504,辣椒类,5.929333333333333,45,109.473,4.0255477606350425
2023-04-06,1011010801,食用菌,8.434027777777779,72,73.004,4.367203440907348
2023-04-07,1011010101,花叶类,7.753542322580645,100,131.267,2.6592740749769552
2023-04-07,1011010201,花菜类,7.6739999999999995,5,31.899,7.961951471832973
2023-04-07,1011010402,水生根茎类,4.957368421052632,19,16.628999999999998,7.139592278549523
2023-04-07,1011010501,茄类,5.328,10,9.745999999999999,5.32446747383542
2023-04-07,1011010504,辣椒类,5.930888888888888,45,97.645,4.0378181166470375
2023-04-07,1011010801,食用菌,8.434027777777779,72,88.025,4.336229480261289
2023-04-08,1011010101,花叶类,7.849842322580645,100,183.926,2.9934072942379
2023-04-08,1011010201,花菜类,7.616,5,35.691,7.844129892690033
2023-04-08,1011010402,水生根茎类,4.961052631578948,19,20.73,5.760003859141341
2023-04-08,1011010501,茄类,5.343999999999999,10,19.815,5.433879888973
2023-04-08,1011010504,辣椒类,5.928222222222222,45,137.92,4.02797172273782
2023-04-08,1011010801,食用菌,8.434999999999999,72,128.85500000000002,4.268562337511155
2023-04-09,1011010101,花叶类,7.877942322580646,100,197.61599999999999,2.8746513946239176
2023-04-09,1011010201,花菜类,7.544,5,30.536,7.710400838354728
2023-04-09,1011010402,水生根茎类,4.95578947368421,19,31.302999999999997,6.860489090502507
2023-04-09,1011010501,茄类,5.381,10,15.846,6.31639025621608
2023-04-09,1011010504,辣椒类,6.184222222222223,45,136.06300000000002,4.27611856272462
2023-04-09,1011010801,食用菌,8.43611111111111,72,83.908,4.376002526576727
2023-04-10,1011010101,花叶类,7.888142322580645,100,123.411,2.779028773772192
2023-04-10,1011010201,花菜类,7.458,5,18.365000000000002,7.579285597604137
2023-04-10,1011010402,水生根茎类,4.94,19,17.868,6.1617433400492505
2023-04-10,1011010501,茄类,5.338,10,12.818,6.269589639569355
2023-04-10,1011010504,辣椒类,6.168666666666666,45,73.788,4.330091071718979
2023-04-10,1011010801,食用菌,8.43986111111111,72,51.772999999999996,4.258875861935759
2023-04-11,1011010101,花叶类,7.885942322580645,100,158.881,2.7163578401445108
2023-04-11,1011010201,花菜类,7.446000000000001,5,15.788,7.5379940461109705
2023-04-11,1011010402,水生根茎类,4.926842105263158,19,7.577,5.912361092780785
2023-04-11,1011010501,茄类,5.33,10,13.366,5.846986383360766
2023-04-11,1011010504,辣椒类,6.1706666666666665,45,85.563,4.4608389140165725
2023-04-11,1011010801,食用菌,8.442361111111111,72,62.405,4.111353897924846
2023-04-12,1011010101,花叶类,7.8700423225806455,100,118.761,3.092951979185086
2023-04-12,1011010201,花菜类,7.343999999999999,5,17.265,7.510860121633361
2023-04-12,1011010402,水生根茎类,4.926842105263158,19,19.088,6.1343917644593455
2023-04-12,1011010501,茄类,5.297,10,8.998,5.914293176261391
2023-04-12,1011010504,辣椒类,6.132444444444444,45,84.989,4.002965913235831
2023-04-12,1011010801,食用菌,8.44361111111111,72,63.480000000000004,3.8541808443604286
2023-04-13,1011010101,花叶类,7.875142322580644,100,92.251,3.521411041614725
2023-04-13,1011010201,花菜类,7.290000000000001,5,19.775,7.2581628318584075
2023-04-13,1011010402,水生根茎类,4.928421052631579,19,15.052000000000001,5.4215685623173
2023-04-13,1011010501,茄类,5.267,10,9.198,5.63865296803653
2023-04-13,1011010504,辣椒类,6.139555555555556,45,76.901,4.168215887959844
2023-04-13,1011010801,食用菌,8.439166666666667,72,51.532,4.597345338818599
2023-04-14,1011010101,花叶类,7.8849423225806445,100,131.72899999999998,2.672531257354114
2023-04-14,1011010201,花菜类,7.2299999999999995,5,18.183,7.415297805642633
2023-04-14,1011010402,水生根茎类,4.932631578947368,19,26.338,6.6584023084516675
2023-04-14,1011010501,茄类,5.119999999999999,10,19.025,5.399809198423128
2023-04-14,1011010504,辣椒类,6.117555555555556,45,89.822,4.416205717975552
2023-04-14,1011010801,食用菌,8.442222222222222,72,83.023,3.6800019271768063
2023-04-15,1011010101,花叶类,7.868542322580645,100,208.169,2.880043282140953
2023-04-15,1011010201,花菜类,7.2700000000000005,5,20.852,7.380997026664108
2023-04-15,1011010402,水生根茎类,5.304736842105264,19,28.541,5.935986125223362
2023-04-15,1011010501,茄类,5.103,10,16.674,5.846514333693175
2023-04-15,1011010504,辣椒类,5.880888888888888,45,138.985,3.9708923984602653
2023-04-15,1011010801,食用菌,8.435833333333333,72,106.142,4.024885530704151
2023-04-16,1011010101,花叶类,7.910642322580645,100,204.874,3.299905502894462
2023-04-16,1011010201,花菜类,7.194,5,23.472,7.002453987730061
2023-04-16,1011010402,水生根茎类,5.284736842105263,19,16.458000000000002,7.635466034755134
2023-04-16,1011010501,茄类,5.048,10,20.902,5.4913046598411634
2023-04-16,1011010504,辣椒类,5.870444444444445,45,133.274,4.207454867416
2023-04-16,1011010801,食用菌,8.430972222222222,72,85.949,3.837286530384298
2023-04-17,1011010101,花叶类,7.974242322580645,100,106.884,3.044246472811646
2023-04-17,1011010201,花菜类,7.044,5,14.475000000000001,7.042880829015544
2023-04-17,1011010402,水生根茎类,5.2768421052631584,19,7.066000000000001,8.722570053778657
2023-04-17,1011010501,茄类,4.99,10,9.19,5.134075081610447
2023-04-17,1011010504,辣椒类,5.908444444444444,45,68.456,4.188282838611663
2023-04-17,1011010801,食用菌,8.035694444444445,72,39.144999999999996,4.208838165793844
2023-04-18,1011010101,花叶类,7.9668423225806455,100,182.607,2.882759587529504
2023-04-18,1011010201,花菜类,7.014,5,16.779,6.841846951546576
2023-04-18,1011010402,水生根茎类,5.2768421052631584,19,15.097,5.992385242101079
2023-04-18,1011010501,茄类,4.954,10,16.152,4.564474987617633
2023-04-18,1011010504,辣椒类,6.15088888888889,45,78.486,4.753656830517544
2023-04-18,1011010801,食用菌,8.038194444444445,72,66.338,3.7070018692152313
2023-04-19,1011010101,花叶类,8.007942322580645,100,156.553,2.917316116586715
2023-04-19,1011010201,花菜类,7.029999999999999,5,19.103,6.987222949274983
2023-04-19,1011010402,水生根茎类,5.28578947368421,19,12.216000000000001,6.584076620825147
2023-04-19,1011010501,茄类,4.845000000000001,10,13.945,4.6184919325923275
2023-04-19,1011010504,辣椒类,6.030444444444445,45,76.651,4.170233917365723
2023-04-19,1011010801,食用菌,8.039861111111112,72,58.407,3.7760992689232458
2023-04-20,1011010101,花叶类,8.006642322580646,100,122.087,3.368662265433666
2023-04-20,1011010201,花菜类,7.108,5,19.807,6.745583884485282
2023-04-20,1011010402,水生根茎类,5.286315789473684,19,12.171,7.235625667570454
2023-04-20,1011010501,茄类,4.735,10,10.306999999999999,4.330406519840885
2023-04-20,1011010504,辣椒类,6.056444444444445,45,70.384,4.007766395771767
2023-04-20,1011010801,食用菌,8.04125,72,55.919,4.3731019868023395
2023-04-21,1011010101,花叶类,7.909242322580646,100,215.684,3.042782821164296
2023-04-21,1011010201,花菜类,7.108,5,26.17,7.004188765762322
2023-04-21,1011010402,水生根茎类,5.2905263157894735,19,28.933999999999997,6.288575032833345
2023-04-21,1011010501,茄类,4.726,10,30.95,4.302522132471728
2023-04-21,1011010504,辣椒类,5.975111111111111,45,125.533,3.6867908836720225
2023-04-21,1011010801,食用菌,8.047083333333333,72,89.492,3.538786036740714
2023-04-22,1011010101,花叶类,7.914342322580645,100,330.85,3.2586031434184677
2023-04-22,1011010201,花菜类,7.1,5,40.025999999999996,6.845582371458551
2023-04-22,1011010402,水生根茎类,5.285263157894737,19,27.103,5.300702136294874
2023-04-22,1011010501,茄类,4.704,10,39.651,4.161852664497743
2023-04-22,1011010504,辣椒类,5.9284444444444455,45,185.589,3.6249300335688
2023-04-22,1011010801,食用菌,8.06013888888889,72,158.56799999999998,3.517263256142476
2023-04-23,1011010101,花叶类,7.939642322580645,100,279.352,2.8073611071336524
2023-04-23,1011010201,花菜类,7.0840000000000005,5,22.853,7.92361615542817
2023-04-23,1011010402,水生根茎类,5.257894736842106,19,10.291,6.806082013409776
2023-04-23,1011010501,茄类,4.4159999999999995,10,21.875999999999998,3.544514993600293
2023-04-23,1011010504,辣椒类,5.917333333333334,45,154.222,3.453482447381048
2023-04-23,1011010801,食用菌,8.061388888888889,72,81.715,3.3225913235024165
2023-04-24,1011010101,花叶类,7.935642322580645,100,189.222,2.930305249918086
2023-04-24,1011010201,花菜类,7.014,5,17.855999999999998,6.9410198252688176
2023-04-24,1011010402,水生根茎类,5.256842105263158,19,13.28,5.4279743975903605
2023-04-24,1011010501,茄类,4.67,10,25.564999999999998,4.1073420692352824
2023-04-24,1011010504,辣椒类,5.894444444444445,45,74.395,3.747781168089253
2023-04-24,1011010801,食用菌,8.065277777777776,72,60.294,4.169490164858859
2023-04-25,1011010101,花叶类,7.943942322580646,100,163.704,2.8883017519425302
2023-04-25,1011010201,花菜类,7.0,5,15.89,6.613908118313405
2023-04-25,1011010402,水生根茎类,5.266315789473684,19,9.992999999999999,5.458481937356149
2023-04-25,1011010501,茄类,4.729,10,19.3,4.144791191709845
2023-04-25,1011010504,辣椒类,5.893333333333333,45,70.19200000000001,3.3755526270800087
2023-04-25,1011010801,食用菌,8.117361111111112,72,68.882,3.4189637350831856
2023-04-26,1011010101,花叶类,7.965042322580646,100,148.39,3.066510276972842
2023-04-26,1011010201,花菜类,7.144,5,21.236,6.6944904878508185
2023-04-26,1011010402,水生根茎类,6.98578947368421,19,4.702,12.492203317737134
2023-04-26,1011010501,茄类,4.747999999999999,10,18.526,4.172436575623448
2023-04-26,1011010504,辣椒类,5.904444444444445,45,47.263,3.511035693883165
2023-04-26,1011010801,食用菌,8.116944444444444,72,45.674,3.415742435521303
2023-04-27,1011010101,花叶类,7.9729423225806455,100,142.945,2.908537899191997
2023-04-27,1011010201,花菜类,7.198,5,14.240000000000002,7.177400280898875
2023-04-27,1011010402,水生根茎类,6.98,19,11.674999999999999,10.438413704496789
2023-04-27,1011010501,茄类,4.744,10,18.48,4.260043290043289
2023-04-27,1011010504,辣椒类,5.902000000000001,45,66.69800000000001,3.266951782662148
2023-04-27,1011010801,食用菌,8.117638888888889,72,62.808,3.689622341103044
2023-04-28,1011010101,花叶类,7.968042322580645,100,164.327,2.9349345512301688
2023-04-28,1011010201,花菜类,7.688,5,22.805999999999997,7.340907655880033
2023-04-28,1011010402,水生根茎类,6.9868421052631575,19,14.48,7.292435082872927
2023-04-28,1011010501,茄类,4.747999999999999,10,22.141000000000002,4.194002529244388
2023-04-28,1011010504,辣椒类,5.915555555555556,45,84.338,3.208234722189286
2023-04-28,1011010801,食用菌,8.115694444444445,72,81.77799999999999,3.8031255349849595
2023-04-29,1011010101,花叶类,7.970542322580645,100,169.132,3.295574344299127
2023-04-29,1011010201,花菜类,7.8,5,27.577,7.490172970228814
2023-04-29,1011010402,水生根茎类,7.2310526315789465,19,24.692999999999998,5.4103875592273125
2023-04-29,1011010501,茄类,4.765,10,37.234,4.176917065048075
2023-04-29,1011010504,辣椒类,5.973777777777777,45,161.482,3.3656919037415935
2023-04-29,1011010801,食用菌,8.168333333333333,72,127.524,3.233988112041655
2023-04-30,1011010101,花叶类,7.985742322580645,100,132.248,3.5273761417942047
2023-04-30,1011010201,花菜类,7.886,5,25.487000000000002,7.722224663553968
2023-04-30,1011010402,水生根茎类,7.265263157894736,19,16.983,9.583581817111229
2023-04-30,1011010501,茄类,4.8420000000000005,10,43.783,4.4778411712308435
2023-04-30,1011010504,辣椒类,5.999333333333334,45,117.501,3.896615177743168
2023-04-30,1011010801,食用菌,8.175833333333333,72,97.254,3.1632444937997413
2023-05-01,1011010101,花叶类,8.010342322580646,100,179.89000000000001,3.583387236644616
2023-05-01,1011010201,花菜类,7.912000000000001,5,29.388999999999996,7.756309503555752
2023-05-01,1011010402,水生根茎类,7.268421052631578,19,22.754,8.746409422519118
2023-05-01,1011010501,茄类,5.038,10,31.862,4.954051220890089
2023-05-01,1011010504,辣椒类,6.240222222222222,45,138.857,3.8542543047883795
2023-05-01,1011010801,食用菌,8.176388888888887,72,83.717,3.262754995998423
2023-05-02,1011010101,花叶类,8.043542322580645,100,199.05700000000002,3.6983625795626374
2023-05-02,1011010201,花菜类,7.7540000000000004,5,22.365,7.450414486921529
2023-05-02,1011010402,水生根茎类,7.294736842105263,19,20.191,7.00785746124511
2023-05-02,1011010501,茄类,5.175,10,35.967,5.372183946395307
2023-05-02,1011010504,辣椒类,6.322,45,103.643,4.497996873884392
2023-05-02,1011010801,食用菌,8.178611111111111,72,66.312,4.044664163349017
2023-05-03,1011010101,花叶类,8.050542322580645,100,252.36599999999999,3.5598388055443286
2023-05-03,1011010201,花菜类,7.486,5,32.370999999999995,6.684919217818418
2023-05-03,1011010402,水生根茎类,7.28421052631579,19,11.586,6.3331986880718105
2023-05-03,1011010501,茄类,5.163,10,22.717,5.31
2023-05-03,1011010504,辣椒类,6.1193333333333335,45,95.795,4.218261809071454
2023-05-03,1011010801,食用菌,8.170833333333333,72,72.027,3.7000013883682508
2023-05-04,1011010101,花叶类,8.062142322580645,100,121.428,3.8064543597852225
2023-05-04,1011010201,花菜类,7.634,5,32.652,6.8909690064927105
2023-05-04,1011010402,水生根茎类,7.28421052631579,19,9.037,7.200161558039171
2023-05-04,1011010501,茄类,5.1259999999999994,10,25.655,5.809999999999999
2023-05-04,1011010504,辣椒类,6.398000000000001,45,76.542,4.72337866792088
2023-05-04,1011010801,食用菌,8.111805555555556,72,55.952,3.0090229124964254
2023-05-05,1011010101,花叶类,8.042942322580645,100,115.37100000000001,4.152846295862911
2023-05-05,1011010201,花菜类,7.714,5,28.674999999999997,7.1543734960767225
2023-05-05,1011010402,水生根茎类,7.2505263157894735,19,13.454,5.349033001337892
2023-05-05,1011010501,茄类,5.059,10,22.324,5.84
2023-05-05,1011010504,辣椒类,6.419111111111111,45,66.977,5.20080669483554
2023-05-05,1011010801,食用菌,8.072916666666666,72,63.126,3.2809880239520957
2023-05-06,1011010101,花叶类,8.023442322580644,100,163.827,3.8280296898557626
2023-05-06,1011010201,花菜类,7.517999999999999,5,34.087,6.032738580690585
2023-05-06,1011010402,水生根茎类,7.247894736842106,19,17.781,5.592841797424218
2023-05-06,1011010501,茄类,5.087999999999999,10,23.097,6.47
2023-05-06,1011010504,辣椒类,6.391111111111112,45,94.505,4.59070641764986
2023-05-06,1011010801,食用菌,8.06375,72,99.697,2.997764225603579
2023-05-07,1011010101,花叶类,8.622642322580644,100,238.132,3.5468557774679588
2023-05-07,1011010201,花菜类,7.3420000000000005,5,54.158,6.47556999889213
2023-05-07,1011010402,水生根茎类,7.2378947368421045,19,18.818,5.696840790732277
2023-05-07,1011010501,茄类,4.86,10,39.966,6.22
2023-05-07,1011010504,辣椒类,6.38111111111111,45,134.833,4.131968731690313
2023-05-07,1011010801,食用菌,8.046666666666667,72,115.423,3.2293345347114526
2023-05-08,1011010101,花叶类,8.618542322580645,100,142.341,3.9308539352681238
2023-05-08,1011010201,花菜类,7.002,5,17.863,7.53761070368919
2023-05-08,1011010402,水生根茎类,6.555789473684211,19,9.628,9.706794765267968
2023-05-08,1011010501,茄类,4.893,10,21.757,6.04
2023-05-08,1011010504,辣椒类,6.356444444444445,45,85.98400000000001,4.36167147376256
2023-05-08,1011010801,食用菌,8.04875,72,58.128,3.7784501445086702
2023-05-09,1011010101,花叶类,8.609342322580645,100,145.03300000000002,3.2603210303861876
2023-05-09,1011010201,花菜类,6.828,5,25.810000000000002,6.504531576908175
2023-05-09,1011010402,水生根茎类,6.558421052631579,19,7.406,9.185598163651095
2023-05-09,1011010501,茄类,4.891,10,17.224,6.04
2023-05-09,1011010504,辣椒类,6.350666666666667,45,81.721,4.463694032133723
2023-05-09,1011010801,食用菌,8.024027777777778,72,49.033,3.91681541002998
2023-05-10,1011010101,花叶类,8.589142322580646,100,159.328,3.394518854187588
2023-05-10,1011010201,花菜类,6.828,5,26.422,6.509191961244418
2023-05-10,1011010402,水生根茎类,6.551052631578948,19,10.336,4.937999226006192
2023-05-10,1011010501,茄类,4.858,10,28.106,5.72
2023-05-10,1011010504,辣椒类,6.273333333333333,45,99.28999999999999,3.5529026085204958
2023-05-10,1011010801,食用菌,8.020972222222222,72,78.595,2.94993421973408
2023-05-11,1011010101,花叶类,8.548942322580645,100,158.484,3.473803980212513
2023-05-11,1011010201,花菜类,6.836,5,23.274,6.447453381455701
2023-05-11,1011010402,水生根茎类,6.565789473684211,19,9.518,10.248638369405336
2023-05-11,1011010501,茄类,4.747,10,13.908,4.59
2023-05-11,1011010504,辣椒类,6.344666666666667,45,76.077,3.6670662618136887
2023-05-11,1011010801,食用菌,7.991944444444444,72,42.217,3.900147570883768
2023-05-12,1011010101,花叶类,8.553842322580646,100,142.706,3.54003097276919
2023-05-12,1011010201,花菜类,6.8340000000000005,5,21.507,7.215623750406844
2023-05-12,1011010402,水生根茎类,6.578421052631579,19,16.347,12.014763565180155
2023-05-12,1011010501,茄类,4.732,10,24.496,4.51
2023-05-12,1011010504,辣椒类,6.6593333333333335,45,88.881,3.9096623575342306
2023-05-12,1011010801,食用菌,7.990416666666666,72,67.92099999999999,3.3086058803610077
2023-05-13,1011010101,花叶类,8.558352,100,179.071,3.6305823388488365
2023-05-13,1011010201,花菜类,6.816,5,45.087,6.386054516823031
2023-05-13,1011010402,水生根茎类,6.553157894736842,19,20.655,11.779603969983054
2023-05-13,1011010501,茄类,4.736,10,33.208,4.58
2023-05-13,1011010504,辣椒类,6.536666666666666,45,135.703,3.5981455089423227
2023-05-13,1011010801,食用菌,7.989166666666667,72,95.606,3.7588843796414455
2023-05-14,1011010101,花叶类,8.536152000000001,100,199.50900000000001,3.520864021171977
2023-05-14,1011010201,花菜类,6.775999999999999,5,43.641999999999996,6.016092067274644
2023-05-14,1011010402,水生根茎类,6.417368421052632,19,15.86,7.15484552332913
2023-05-14,1011010501,茄类,4.744,10,32.974000000000004,4.6
2023-05-14,1011010504,辣椒类,6.521555555555556,45,110.866,3.7700248047192106
2023-05-14,1011010801,食用菌,7.994027777777778,72,97.67699999999999,3.471151857653286
2023-05-15,1011010101,花叶类,8.569600000000001,100,171.35,3.2827766559673184
2023-05-15,1011010201,花菜类,6.7780000000000005,5,27.764000000000003,6.476465927099841
2023-05-15,1011010402,水生根茎类,6.413684210526315,19,7.475,6.198366555183946
2023-05-15,1011010501,茄类,4.7700000000000005,10,21.584,4.645785303928836
2023-05-15,1011010504,辣椒类,6.49,45,78.687,3.593511507618793
2023-05-15,1011010801,食用菌,7.995138888888889,72,61.585,3.376190468458229
2023-05-16,1011010101,花叶类,8.5853,100,194.936,3.3148085525505806
2023-05-16,1011010201,花菜类,6.787999999999999,5,26.009,6.944302356876466
2023-05-16,1011010402,水生根茎类,6.394210526315789,19,9.603,6.404671456836406
2023-05-16,1011010501,茄类,4.781000000000001,10,14.181000000000001,4.67
2023-05-16,1011010504,辣椒类,6.476444444444445,45,80.294,3.948119660248586
2023-05-16,1011010801,食用菌,8.006527777777778,72,57.535,3.2002269922655775
2023-05-17,1011010101,花叶类,8.5712,100,150.478,3.450768683794309
2023-05-17,1011010201,花菜类,6.786,5,19.914,6.786818318770714
2023-05-17,1011010402,水生根茎类,6.407894736842105,19,12.893,8.524086713720623
2023-05-17,1011010501,茄类,4.6579999999999995,10,14.296,4.33
2023-05-17,1011010504,辣椒类,6.482444444444445,45,67.717,4.246093004710782
2023-05-17,1011010801,食用菌,8.022638888888888,72,54.7,3.5590736745886655
2023-05-18,1011010101,花叶类,8.5977,100,112.688,3.352157283827914
2023-05-18,1011010201,花菜类,6.853999999999999,5,22.684,7.195815552812554
2023-05-18,1011010402,水生根茎类,7.050526315789474,19,8.812,7.966158647299138
2023-05-18,1011010501,茄类,4.622,10,11.595,4.02
2023-05-18,1011010504,辣椒类,6.492222222222222,45,53.892,4.112350812736584
2023-05-18,1011010801,食用菌,8.029583333333333,72,49.756,3.479733097515877
2023-05-19,1011010101,花叶类,8.5962,100,141.327,3.2575955054589714
2023-05-19,1011010201,花菜类,6.9239999999999995,5,20.153,6.907762119783656
2023-05-19,1011010402,水生根茎类,7.077368421052632,19,9.66,7.0758685300207045
2023-05-19,1011010501,茄类,4.5729999999999995,10,15.232,4.01
2023-05-19,1011010504,辣椒类,6.474888888888889,45,71.713,4.271616722212151
2023-05-19,1011010801,食用菌,8.023194444444444,72,60.947,3.281805503142074
2023-05-20,1011010101,花叶类,8.5836,100,177.822,3.12173122560763
2023-05-20,1011010201,花菜类,7.037999999999999,5,27.242,7.330847955363042
2023-05-20,1011010402,水生根茎类,7.090000000000001,19,11.094,10.755407427438255
2023-05-20,1011010501,茄类,4.558,10,33.825,3.96
2023-05-20,1011010504,辣椒类,6.473111111111112,45,92.262,3.612327718887516
2023-05-20,1011010801,食用菌,8.024027777777778,72,82.754,3.441385310679846
2023-05-21,1011010101,花叶类,8.566699999999999,100,197.446,3.388349219533442
2023-05-21,1011010201,花菜类,7.306,5,29.13,7.593427394438722
2023-05-21,1011010402,水生根茎类,7.091052631578947,19,13.615,11.20610062431142
2023-05-21,1011010501,茄类,4.5200000000000005,10,38.276,3.79
2023-05-21,1011010504,辣椒类,6.459333333333333,45,117.485,3.698629186704686
2023-05-21,1011010801,食用菌,8.018472222222222,72,94.76,3.876520894892359
2023-05-22,1011010101,花叶类,8.489700000000001,100,154.18,3.0070867816837463
2023-05-22,1011010201,花菜类,7.358,5,14.808,8.10259319286872
2023-05-22,1011010402,水生根茎类,7.090526315789473,19,8.411000000000001,6.338091784567827
2023-05-22,1011010501,茄类,4.491,10,25.981,3.7615253454447477
2023-05-22,1011010504,辣椒类,6.437777777777778,45,90.848,3.636639661852765
2023-05-22,1011010801,食用菌,8.009444444444444,72,70.154,3.4301233001682014
2023-05-23,1011010101,花叶类,8.4766,100,150.721,2.9116650632625842
2023-05-23,1011010201,花菜类,7.336,5,20.181,8.1290976661216
2023-05-23,1011010402,水生根茎类,7.03842105263158,19,14.637,7.171309694609551
2023-05-23,1011010501,茄类,4.181,10,23.022,3.47
2023-05-23,1011010504,辣椒类,6.412888888888888,45,69.361,3.79604676979859
2023-05-23,1011010801,食用菌,7.995277777777777,72,49.994,3.784014081689803
2023-05-24,1011010101,花叶类,8.527899999999999,100,135.51,3.0497620101837506
2023-05-24,1011010201,花菜类,7.343999999999999,5,15.923,8.494110406330465
2023-05-24,1011010402,水生根茎类,6.988947368421052,19,9.414,9.469327597195667
2023-05-24,1011010501,茄类,4.353,10,15.749,3.27
2023-05-24,1011010504,辣椒类,6.389111111111111,45,62.956,4.506934366859394
2023-05-24,1011010801,食用菌,8.007222222222222,72,47.818,3.7495804927014933
2023-05-25,1011010101,花叶类,8.532,100,114.768,3.3300385996096473
2023-05-25,1011010201,花菜类,7.618,5,14.565000000000001,7.974479917610711
2023-05-25,1011010402,水生根茎类,6.888421052631578,19,13.962,9.97290502793296
2023-05-25,1011010501,茄类,3.9979999999999998,10,21.865000000000002,3.8550016007317627
2023-05-25,1011010504,辣椒类,6.326222222222222,45,76.118,4.10660684726346
2023-05-25,1011010801,食用菌,8.028194444444445,72,50.69,3.3444466364174397
2023-05-26,1011010101,花叶类,8.5512,100,154.12,3.2864714508175448
2023-05-26,1011010201,花菜类,7.675999999999999,5,24.236,8.436506024096385
2023-05-26,1011010402,水生根茎类,6.836315789473684,19,20.081,9.50942034759225
2023-05-26,1011010501,茄类,3.854,10,18.213,4.192757920166913
2023-05-26,1011010504,辣椒类,6.3517777777777775,45,90.26,3.8039957899401724
2023-05-26,1011010801,食用菌,8.020972222222222,72,53.736000000000004,4.704672100640166
2023-05-27,1011010101,花叶类,8.5502,100,273.537,3.341866438543963
2023-05-27,1011010201,花菜类,7.7,5,41.278999999999996,8.496037936965527
2023-05-27,1011010402,水生根茎类,6.772631578947369,19,24.97,9.49482579094914
2023-05-27,1011010501,茄类,3.9059999999999997,10,24.313,3.32
2023-05-27,1011010504,辣椒类,6.317777777777778,45,127.65799999999999,3.789288646226637
2023-05-27,1011010801,食用菌,8.01,72,91.75399999999999,3.43974104671186
2023-05-28,1011010101,花叶类,8.5567,100,262.277,3.442032431360737
2023-05-28,1011010201,花菜类,7.688,5,36.971000000000004,8.598935381785724
2023-05-28,1011010402,水生根茎类,6.689473684210526,19,22.807000000000002,8.544582803525234
2023-05-28,1011010501,茄类,4.081,10,38.881,3.776294591188498
2023-05-28,1011010504,辣椒类,6.282444444444444,45,131.518,3.8483872169588955
2023-05-28,1011010801,食用菌,8.002916666666668,72,109.63499999999999,3.175856250285037
2023-05-29,1011010101,花叶类,8.5541,100,146.434,3.3981792479888555
2023-05-29,1011010201,花菜类,7.706,5,16.312,8.9775404610103
2023-05-29,1011010402,水生根茎类,6.753157894736842,19,12.75,9.431654901960785
2023-05-29,1011010501,茄类,4.220000000000001,10,28.535999999999998,4.839761354079058
2023-05-29,1011010504,辣椒类,6.293111111111111,45,61.995,4.233217033631744
2023-05-29,1011010801,食用菌,7.9941666666666675,72,53.849000000000004,2.9145388029489867
2023-05-30,1011010101,花叶类,8.5566,100,156.287,3.3404122543781627
2023-05-30,1011010201,花菜类,8.094,5,14.652,9.818139503139504
2023-05-30,1011010402,水生根茎类,6.622631578947368,19,8.852,10.058111161319475
2023-05-30,1011010501,茄类,4.204,10,23.886,5.407316001004773
2023-05-30,1011010504,辣椒类,6.2877777777777775,45,59.897,3.7412474748317943
2023-05-30,1011010801,食用菌,7.984305555555555,72,46.299,3.4472666796259097
2023-05-31,1011010101,花叶类,8.5558,100,136.132,3.4959543678194693
2023-05-31,1011010201,花菜类,8.206,5,16.723,9.847629013932908
2023-05-31,1011010402,水生根茎类,6.627368421052632,19,7.859999999999999,11.30300763358779
2023-05-31,1011010501,茄类,4.203,10,17.471,3.8719798523267133
2023-05-31,1011010504,辣椒类,6.283555555555555,45,61.96,3.8439410910264686
2023-05-31,1011010801,食用菌,7.978750000000001,72,46.711,3.1548243454432576
2023-06-01,1011010101,花叶类,8.5778,100,136.982,3.5237847308405486
2023-06-01,1011010201,花菜类,8.702,5,19.364,9.921799215038215
2023-06-01,1011010402,水生根茎类,6.622105263157895,19,9.741,11.135804332204085
2023-06-01,1011010501,茄类,4.316,10,18.475,5.759975101488498
2023-06-01,1011010504,辣椒类,6.339777777777778,45,67.854,3.6845618533911044
2023-06-01,1011010801,食用菌,7.965694444444444,72,44.867000000000004,3.0876813693806135
2023-06-02,1011010101,花叶类,8.506499999999999,100,161.142,3.4422916433952664
2023-06-02,1011010201,花菜类,8.745999999999999,5,16.172,10.18113282216176
2023-06-02,1011010402,水生根茎类,6.618421052631579,19,11.988,11.475534701368035
2023-06-02,1011010501,茄类,4.455,10,22.501,5.78135371761255
2023-06-02,1011010504,辣椒类,6.321777777777778,45,72.847,3.8948459099207935
2023-06-02,1011010801,食用菌,8.053194444444445,72,68.38499999999999,3.0161257585727865
2023-06-03,1011010101,花叶类,8.5184,100,222.081,3.420812226169731
2023-06-03,1011010201,花菜类,8.664,5,33.243,9.884804620521612
2023-06-03,1011010402,水生根茎类,6.594736842105263,19,29.040999999999997,9.894005716056611
2023-06-03,1011010501,茄类,4.445,10,39.399,5.166982156907535
2023-06-03,1011010504,辣椒类,6.343111111111111,45,123.664,3.7460557640056926
2023-06-03,1011010801,食用菌,8.087916666666667,72,94.541,3.190803249383866
2023-06-04,1011010101,花叶类,8.5414,100,215.285,3.4907307058085792
2023-06-04,1011010201,花菜类,8.552,5,25.116999999999997,9.644302265397938
2023-06-04,1011010402,水生根茎类,6.434736842105264,19,21.047,7.9206784814938
2023-06-04,1011010501,茄类,4.399,10,34.741,5.400621743760975
2023-06-04,1011010504,辣椒类,6.357111111111111,45,123.698,3.67040970751346
2023-06-04,1011010801,食用菌,8.0725,72,95.926,2.9955966057169063
2023-06-05,1011010101,花叶类,8.5519,100,145.142,3.550058907828196
2023-06-05,1011010201,花菜类,8.453999999999999,5,22.57,9.321360212671687
2023-06-05,1011010402,水生根茎类,6.521578947368421,19,12.58,9.172693958664548
2023-06-05,1011010501,茄类,4.387,10,19.989,5.024786632647956
2023-06-05,1011010504,辣椒类,6.367333333333333,45,74.896,3.7017426831873532
2023-06-05,1011010801,食用菌,8.069027777777778,72,49.192,3.283566433566434
2023-06-06,1011010101,花叶类,8.552999999999999,100,152.439,3.5885707069713133
2023-06-06,1011010201,花菜类,8.466,5,21.351,9.890941407896586
2023-06-06,1011010402,水生根茎类,6.536315789473684,19,14.408,9.247508328706273
2023-06-06,1011010501,茄类,4.3950000000000005,10,19.081,5.076067816152194
2023-06-06,1011010504,辣椒类,6.310666666666667,45,84.74499999999999,3.6505632190689723
2023-06-06,1011010801,食用菌,8.088055555555556,72,56.608000000000004,2.8855214810627468
2023-06-07,1011010101,花叶类,8.548300000000001,100,135.735,3.4920898073451943
2023-06-07,1011010201,花菜类,8.486,5,11.835,9.94
2023-06-07,1011010402,水生根茎类,6.5268421052631584,19,14.142,11.321374628765382
2023-06-07,1011010501,茄类,4.412,10,17.873,5.255888211268394
2023-06-07,1011010504,辣椒类,6.44,45,66.121,4.041708080640039
2023-06-07,1011010801,食用菌,8.071111111111112,72,44.446,3.254961076362328
2023-06-08,1011010101,花叶类,8.559099999999999,100,119.287,3.55384702440333
2023-06-08,1011010201,花菜类,8.67,5,15.446,10.070950407872589
2023-06-08,1011010402,水生根茎类,6.484210526315789,19,9.254,10.787518910741301
2023-06-08,1011010501,茄类,4.483,10,24.509,5.639657676771798
2023-06-08,1011010504,辣椒类,6.462000000000001,45,77.363,3.8507440249214744
2023-06-08,1011010801,食用菌,8.05111111111111,72,49.993,3.051127157802092
2023-06-09,1011010101,花叶类,8.5585,100,140.024,3.5252056790264525
2023-06-09,1011010201,花菜类,8.966,5,13.684,10.552408652440807
2023-06-09,1011010402,水生根茎类,6.428947368421052,19,15.815999999999999,9.128421219018716
2023-06-09,1011010501,茄类,4.532,10,21.798000000000002,5.580197724561885
2023-06-09,1011010504,辣椒类,6.473333333333334,45,74.296,3.763961451491332
2023-06-09,1011010801,食用菌,8.054583333333333,72,55.465,2.883710448030289
2023-06-10,1011010101,花叶类,8.2883,100,240.235,3.6207210439777717
2023-06-10,1011010201,花菜类,9.076,5,26.766,10.451711126055443
2023-06-10,1011010402,水生根茎类,6.416842105263158,19,19.118,8.772532691704152
2023-06-10,1011010501,茄类,4.638,10,38.116,5.401542659250708
2023-06-10,1011010504,辣椒类,6.471111111111111,45,146.968,3.5308602552936694
2023-06-10,1011010801,食用菌,8.09138888888889,72,98.844,3.1183201812957795
2023-06-11,1011010101,花叶类,8.2909,100,213.908,3.6789203769844985
2023-06-11,1011010201,花菜类,8.984,5,25.472,10.011396435301506
2023-06-11,1011010402,水生根茎类,6.450526315789474,19,21.247,11.154659010683861
2023-06-11,1011010501,茄类,4.643,10,43.303000000000004,5.500076899983835
2023-06-11,1011010504,辣椒类,6.439111111111111,45,119.69,3.727349151975938
2023-06-11,1011010801,食用菌,8.09513888888889,72,79.626,3.400592771205385
2023-06-12,1011010101,花叶类,8.2941,100,127.399,3.506248400693883
2023-06-12,1011010201,花菜类,8.82,5,17.143,9.228395263372805
2023-06-12,1011010402,水生根茎类,6.5552631578947365,19,10.351,9.799049367210898
2023-06-12,1011010501,茄类,4.643,10,23.087,5.369836271494781
2023-06-12,1011010504,辣椒类,6.454888888888889,45,67.12,3.700045887961859
2023-06-12,1011010801,食用菌,8.038194444444445,72,36.153999999999996,3.824816064612491
2023-06-13,1011010101,花叶类,8.3042,100,140.865,3.6996455471550775
2023-06-13,1011010201,花菜类,8.82,5,10.189,10.36
2023-06-13,1011010402,水生根茎类,6.557368421052632,19,12.054,10.991679110668656
2023-06-13,1011010501,茄类,4.632,10,17.659,5.300025482756668
2023-06-13,1011010504,辣椒类,6.514,45,84.89099999999999,3.186960337373809
2023-06-13,1011010801,食用菌,8.090694444444445,72,54.24,3.642588495575221
2023-06-14,1011010101,花叶类,8.2645,100,115.60499999999999,3.5332072142208384
2023-06-14,1011010201,花菜类,9.022,5,9.174999999999999,10.333734059945506
2023-06-14,1011010402,水生根茎类,6.577894736842105,19,7.284,10.711120263591434
2023-06-14,1011010501,茄类,4.524,10,28.361,4.542230527837524
2023-06-14,1011010504,辣椒类,6.510222222222222,45,82.127,3.4595433901153094
2023-06-14,1011010801,食用菌,8.093472222222223,72,43.778,3.738105897939605
2023-06-15,1011010101,花叶类,8.2333,100,118.42,3.298428390474582
2023-06-15,1011010201,花菜类,9.028,5,9.804,10.280496736026112
2023-06-15,1011010402,水生根茎类,6.583684210526316,19,16.733,8.972440088447978
2023-06-15,1011010501,茄类,4.486,10,15.908,5.3692833794317325
2023-06-15,1011010504,辣椒类,6.5135555555555555,45,63.624,3.964369891864705
2023-06-15,1011010801,食用菌,8.086666666666666,72,34.885999999999996,4.286292495556958
2023-06-16,1011010101,花叶类,8.2124,100,172.11,3.312597118122131
2023-06-16,1011010201,花菜类,9.034,5,22.692,9.139615723603033
2023-06-16,1011010402,水生根茎类,6.596842105263158,19,15.49,9.60534086507424
2023-06-16,1011010501,茄类,4.431,10,24.133,4.938321385654499
2023-06-16,1011010504,辣椒类,6.66,45,86.159,3.6093400573358556
2023-06-16,1011010801,食用菌,8.080833333333333,72,58.503,3.3437054510025126
2023-06-17,1011010101,花叶类,8.1861,100,244.334,3.2534293221573747
2023-06-17,1011010201,花菜类,8.998,5,26.791,9.87
2023-06-17,1011010402,水生根茎类,6.884736842105263,19,22.626,10.198069035622735
2023-06-17,1011010501,茄类,4.453,10,46.628,4.581804066226302
2023-06-17,1011010504,辣椒类,6.647111111111111,45,169.193,3.288447394395749
2023-06-17,1011010801,食用菌,8.074166666666667,72,93.35,3.783395822174612
2023-06-18,1011010101,花叶类,8.1789,100,253.447,3.270183391399385
2023-06-18,1011010201,花菜类,9.044,5,23.098000000000003,9.780406095765867
2023-06-18,1011010402,水生根茎类,6.866842105263157,19,23.373,10.712936294014462
2023-06-18,1011010501,茄类,4.442,10,54.553,4.445943027881143
2023-06-18,1011010504,辣椒类,6.6608888888888895,45,149.877,3.283056239449682
2023-06-18,1011010801,食用菌,8.074305555555556,72,72.039,4.201451991282499
2023-06-19,1011010101,花叶类,8.1872,100,128.701,3.220687407246253
2023-06-19,1011010201,花菜类,9.0,5,12.363,9.56
2023-06-19,1011010402,水生根茎类,6.949473684210526,19,11.51,13.544913987836665
2023-06-19,1011010501,茄类,4.441,10,21.207,4.820419201207148
2023-06-19,1011010504,辣椒类,6.666444444444445,45,77.04899999999999,3.4112453114251973
2023-06-19,1011010801,食用菌,8.070972222222222,72,43.293,4.007825745501583
2023-06-20,1011010101,花叶类,8.273,100,126.228,3.4118252685616506
2023-06-20,1011010201,花菜类,8.958,5,13.919,9.434378906530643
2023-06-20,1011010402,水生根茎类,6.949999999999999,19,11.657,13.21748992021961
2023-06-20,1011010501,茄类,4.413,10,21.592,4.376985920711375
2023-06-20,1011010504,辣椒类,6.688,45,66.666,3.4713332133321333
2023-06-20,1011010801,食用菌,8.072361111111112,72,39.223,3.6975448078933275
2023-06-21,1011010101,花叶类,8.2619,100,126.263,3.014856371225141
2023-06-21,1011010201,花菜类,9.011999999999999,5,16.697,9.37
2023-06-21,1011010402,水生根茎类,6.864210526315789,19,27.177999999999997,12.816657958643022
2023-06-21,1011010501,茄类,4.361,10,24.123,4.412439995025494
2023-06-21,1011010504,辣椒类,6.607111111111111,45,91.365,2.663756690198654
2023-06-21,1011010801,食用菌,8.073611111111111,72,63.364000000000004,3.0949498137743827
2023-06-22,1011010101,花叶类,8.2207,100,171.91899999999998,2.9516437392027646
2023-06-22,1011010201,花菜类,8.975999999999999,5,17.912,9.2
2023-06-22,1011010402,水生根茎类,6.856315789473685,19,38.769999999999996,12.717124580861492
2023-06-22,1011010501,茄类,4.537999999999999,10,33.866,5.217174156971594
2023-06-22,1011010504,辣椒类,6.5728888888888894,45,114.288,3.130318318633628
2023-06-22,1011010801,食用菌,8.065416666666668,72,77.476,4.243321802880892
2023-06-23,1011010101,花叶类,8.2178,100,178.71800000000002,3.131810505936727
2023-06-23,1011010201,花菜类,8.974,5,9.279,9.27
2023-06-23,1011010402,水生根茎类,6.882631578947369,19,18.677,12.558743374203566
2023-06-23,1011010501,茄类,4.483,10,25.398,4.635321678872352
2023-06-23,1011010504,辣椒类,6.42,45,88.349,3.0707988771802737
2023-06-23,1011010801,食用菌,8.057916666666666,72,55.417,3.3959831820560478
2023-06-24,1011010101,花叶类,8.2933,100,161.495,3.408872720517663
2023-06-24,1011010201,花菜类,8.790000000000001,5,11.548,8.695083997228958
2023-06-24,1011010402,水生根茎类,6.882105263157894,19,16.054,11.727351438893734
2023-06-24,1011010501,茄类,4.4159999999999995,10,28.369,4.6844358278402485
2023-06-24,1011010504,辣椒类,6.4284444444444455,45,94.187,3.3397953008376953
2023-06-24,1011010801,食用菌,8.055277777777778,72,54.18,3.7437799926172013
2023-06-25,1011010101,花叶类,8.2308,100,108.89500000000001,3.442095229349373
2023-06-25,1011010201,花菜类,9.014,5,10.681,8.15
2023-06-25,1011010402,水生根茎类,6.987894736842105,19,16.5,12.986256363636365
2023-06-25,1011010501,茄类,4.322,10,23.315,4.204238473085996
2023-06-25,1011010504,辣椒类,6.403555555555556,45,69.658,3.1150119153578912
2023-06-25,1011010801,食用菌,8.061666666666666,72,35.271,3.7999376258115736
2023-06-26,1011010101,花叶类,8.2409,100,80.524,3.464859793353534
2023-06-26,1011010201,花菜类,8.693999999999999,5,8.083,7.940000000000001
2023-06-26,1011010402,水生根茎类,7.012105263157895,19,10.384,12.99875096302003
2023-06-26,1011010501,茄类,4.317,10,21.224,4.040007538635507
2023-06-26,1011010504,辣椒类,6.28688888888889,45,72.185,3.1933745237930315
2023-06-26,1011010801,食用菌,8.065694444444444,72,39.582,3.6390076297306853
2023-06-27,1011010101,花叶类,8.2273,100,127.27799999999999,3.4388060780339105
2023-06-27,1011010201,花菜类,9.16,5,14.272,7.8
2023-06-27,1011010402,水生根茎类,7.304736842105263,19,16.454,13.445782180624773
2023-06-27,1011010501,茄类,4.246,10,8.415,4.7767118241235895
2023-06-27,1011010504,辣椒类,6.308666666666666,45,67.11999999999999,3.4454691597139453
2023-06-27,1011010801,食用菌,8.062777777777777,72,38.708,3.529110261444663
2023-06-28,1011010101,花叶类,8.2245,100,130.18200000000002,3.5122402482678092
2023-06-28,1011010201,花菜类,8.606,5,16.069,7.8634246063849655
2023-06-28,1011010402,水生根茎类,7.305263157894737,19,14.946,12.31501271243142
2023-06-28,1011010501,茄类,4.171,10,15.651,4.81406491597981
2023-06-28,1011010504,辣椒类,6.323333333333333,45,68.534,3.364799953307847
2023-06-28,1011010801,食用菌,8.061805555555557,72,53.742000000000004,3.0978601466264744
2023-06-29,1011010101,花叶类,8.2159,100,135.09,3.336701754385965
2023-06-29,1011010201,花菜类,8.452,5,24.366999999999997,8.091106824804038
2023-06-29,1011010402,水生根茎类,7.307894736842105,19,22.945,12.382692961429507
2023-06-29,1011010501,茄类,4.132,10,11.511,4.555986447745634
2023-06-29,1011010504,辣椒类,6.267777777777778,45,89.113,3.6316481321468252
2023-06-29,1011010801,食用菌,8.072916666666666,72,48.314,3.1845510618040316
2023-06-30,1011010101,花叶类,8.2034,100,130.464,3.127410166789306
2023-06-30,1011010201,花菜类,8.325999999999999,5,28.086999999999996,7.90863851603945
2023-06-30,1011010402,水生根茎类,7.285789473684211,19,19.419,12.086224316391165
2023-06-30,1011010501,茄类,4.089,10,24.53,4.696214838972686
2023-06-30,1011010504,辣椒类,6.291555555555556,45,82.286,3.7039202294436477
2023-06-30,1011010801,食用菌,8.066944444444445,72,39.572,4.510593348832508
