销售日期,分类编码,分类名称,净销量,趋势,季节,残差
2020-07-01,1011010101,花叶类,205.402,226.148,-29.97,9.224
2020-07-02,1011010101,花叶类,198.362,223.784,-26.655,1.234
2020-07-03,1011010101,花叶类,192.779,221.572,-31.82,3.027
2020-07-04,1011010101,花叶类,236.587,219.491,35.753,-18.658
2020-07-05,1011010101,花叶类,223.899,217.507,106.897,-100.506
2020-07-06,1011010101,花叶类,195.74,215.604,-26.98,7.115
2020-07-07,1011010101,花叶类,178.052,213.729,-33.052,-2.625
2020-07-08,1011010101,花叶类,164.57,212.111,-21.696,-25.845
2020-07-09,1011010101,花叶类,187.439,212.502,-21.894,-3.169
2020-07-10,1011010101,花叶类,179.833,213.788,-30.254,-3.7
2020-07-11,1011010101,花叶类,271.897,215.829,33.845,22.223
2020-07-12,1011010101,花叶类,300.189,218.671,89.091,-7.573
2020-07-13,1011010101,花叶类,190.832,222.319,-23.295,-8.191
2020-07-14,1011010101,花叶类,190.599,226.117,-31.793,-3.725
2020-07-15,1011010101,花叶类,218.746,229.233,-13.912,3.425
2020-07-16,1011010101,花叶类,218.526,231.885,-16.768,3.408
2020-07-17,1011010101,花叶类,207.67,234.102,-28.141,1.709
2020-07-18,1011010101,花叶类,276.265,235.261,31.647,9.357
2020-07-19,1011010101,花叶类,322.537,234.603,70.693,17.241
2020-07-20,1011010101,花叶类,204.997,232.086,-19.664,-7.425
2020-07-21,1011010101,花叶类,214.99,228.259,-30.76,17.491
2020-07-22,1011010101,花叶类,233.156,223.903,-4.692,13.946
2020-07-23,1011010101,花叶类,200.898,219.17,-10.925,-7.347
2020-07-24,1011010101,花叶类,176.325,214.22,-25.247,-12.648
2020-07-25,1011010101,花叶类,227.137,209.79,26.322,-8.975
2020-07-26,1011010101,花叶类,250.825,206.506,53.416,-9.097
2020-07-27,1011010101,花叶类,198.009,204.498,-15.452,8.964
2020-07-28,1011010101,花叶类,165.443,203.968,-28.628,-9.897
2020-07-29,1011010101,花叶类,193.729,204.605,1.71,-12.585
2020-07-30,1011010101,花叶类,201.743,205.782,-6.796,2.757
2020-07-31,1011010101,花叶类,197.166,207.716,-19.913,9.363
2020-08-01,1011010101,花叶类,229.89,210.63,21.893,-2.633
2020-08-02,1011010101,花叶类,243.138,214.045,37.698,-8.604
2020-08-03,1011010101,花叶类,207.843,217.431,-10.579,0.991
2020-08-04,1011010101,花叶类,180.012,219.882,-23.26,-16.611
2020-08-05,1011010101,花叶类,244.395,221.293,-1.405,24.507
2020-08-06,1011010101,花叶类,234.777,222.501,-6.756,19.031
2020-08-07,1011010101,花叶类,204.941,223.474,-15.289,-3.243
2020-08-08,1011010101,花叶类,311.161,223.722,23.079,64.359
2020-08-09,1011010101,花叶类,250.59,223.246,26.884,0.459
2020-08-10,1011010101,花叶类,210.292,222.08,-7.117,-4.671
2020-08-11,1011010101,花叶类,216.713,220.512,-14.12,10.321
2020-08-12,1011010101,花叶类,206.877,219.54,-4.645,-8.019
2020-08-13,1011010101,花叶类,188.208,219.437,-9.547,-21.682
2020-08-14,1011010101,花叶类,217.758,219.92,-18.245,16.083
2020-08-15,1011010101,花叶类,245.136,221.147,26.986,-2.997
2020-08-16,1011010101,花叶类,241.48,222.998,25.338,-6.856
2020-08-17,1011010101,花叶类,215.633,225.269,-1.268,-8.368
2020-08-18,1011010101,花叶类,225.113,227.698,-10.676,8.091
2020-08-19,1011010101,花叶类,214.173,230.203,-9.762,-6.267
2020-08-20,1011010101,花叶类,233.532,232.975,-16.879,17.436
2020-08-21,1011010101,花叶类,207.076,236.094,-22.986,-6.032
2020-08-22,1011010101,花叶类,273.081,237.879,33.307,1.895
2020-08-23,1011010101,花叶类,261.552,237.769,33.78,-9.997
2020-08-24,1011010101,花叶类,260.694,236.547,2.878,21.269
2020-08-25,1011010101,花叶类,343.427,234.895,-13.777,122.31
2020-08-26,1011010101,花叶类,241.686,233.076,-18.885,27.496
2020-08-27,1011010101,花叶类,199.007,231.181,-22.279,-9.894
2020-08-28,1011010101,花叶类,195.032,228.575,-27.56,-5.983
2020-08-29,1011010101,花叶类,267.031,225.04,41.632,0.36
2020-08-30,1011010101,花叶类,266.387,221.238,50.308,-5.159
2020-08-31,1011010101,花叶类,224.882,218.125,1.006,5.75
2020-09-01,1011010101,花叶类,192.683,215.446,-20.254,-2.509
2020-09-02,1011010101,花叶类,179.819,212.58,-23.806,-8.955
2020-09-03,1011010101,花叶类,193.463,208.821,-32.254,16.896
2020-09-04,1011010101,花叶类,176.316,203.929,-30.177,2.564
2020-09-05,1011010101,花叶类,249.559,198.251,46.655,4.654
2020-09-06,1011010101,花叶类,276.429,192.857,69.592,13.98
2020-09-07,1011010101,花叶类,148.221,188.509,0.44,-40.727
2020-09-08,1011010101,花叶类,158.329,185.027,-26.624,-0.074
2020-09-09,1011010101,花叶类,131.492,182.013,-24.636,-25.885
2020-09-10,1011010101,花叶类,119.919,179.798,-36.554,-23.326
2020-09-11,1011010101,花叶类,151.957,178.847,-27.644,0.754
2020-09-12,1011010101,花叶类,232.243,179.465,49.109,3.67
2020-09-13,1011010101,花叶类,263.345,181.083,61.576,20.686
2020-09-14,1011010101,花叶类,175.844,182.786,3.606,-10.548
2020-09-15,1011010101,花叶类,156.048,184.213,-32.073,3.909
2020-09-16,1011010101,花叶类,176.949,184.931,-22.295,14.313
2020-09-17,1011010101,花叶类,143.534,185.246,-33.906,-7.806
2020-09-18,1011010101,花叶类,154.388,185.747,-21.933,-9.426
2020-09-19,1011010101,花叶类,235.874,186.093,47.801,1.98
2020-09-20,1011010101,花叶类,317.998,186.049,39.803,92.146
2020-09-21,1011010101,花叶类,212.997,185.59,24.774,2.633
2020-09-22,1011010101,花叶类,232.243,185.258,-41.421,88.405
2020-09-23,1011010101,花叶类,179.262,185.4,-17.422,11.283
2020-09-24,1011010101,花叶类,162.861,185.609,-18.502,-4.246
2020-09-25,1011010101,花叶类,173.781,185.932,-9.405,-2.746
2020-09-26,1011010101,花叶类,228.616,187.999,50.884,-10.267
2020-09-27,1011010101,花叶类,199.813,192.731,18.622,-11.541
2020-09-28,1011010101,花叶类,114.933,199.238,-4.113,-80.192
2020-09-29,1011010101,花叶类,157.957,205.865,-39.639,-8.269
2020-09-30,1011010101,花叶类,177.129,212.865,-10.794,-24.943
2020-10-01,1011010101,花叶类,248.415,220.657,-1.463,29.221
2020-10-02,1011010101,花叶类,244.124,228.597,-4.487,20.014
2020-10-03,1011010101,花叶类,298.341,235.164,55.235,7.942
2020-10-04,1011010101,花叶类,232.776,240.564,6.807,-14.595
2020-10-05,1011010101,花叶类,294.623,243.74,-16.05,66.933
2020-10-06,1011010101,花叶类,287.635,242.647,-36.301,81.288
2020-10-07,1011010101,花叶类,255.378,239.136,-13.335,29.577
2020-10-08,1011010101,花叶类,252.73,236.08,7.016,9.634
2020-10-09,1011010101,花叶类,162.518,234.422,-2.604,-69.301
2020-10-10,1011010101,花叶类,175.163,230.934,62.772,-118.543
2020-10-11,1011010101,花叶类,238.081,223.135,16.588,-1.642
2020-10-12,1011010101,花叶类,170.212,214.501,-43.704,-0.586
2020-10-13,1011010101,花叶类,178.547,206.827,-25.813,-2.467
2020-10-14,1011010101,花叶类,182.96,201.096,-13.24,-4.896
2020-10-15,1011010101,花叶类,190.238,197.676,-6.111,-1.327
2020-10-16,1011010101,花叶类,170.77,195.399,-4.335,-20.293
2020-10-17,1011010101,花叶类,250.224,193.758,69.937,-13.47
2020-10-18,1011010101,花叶类,226.735,193.694,25.976,7.065
2020-10-19,1011010101,花叶类,152.709,195.153,-37.604,-4.84
2020-10-20,1011010101,花叶类,186.078,196.612,-21.645,11.111
2020-10-21,1011010101,花叶类,168.765,197.337,-18.05,-10.523
2020-10-22,1011010101,花叶类,117.235,197.21,-18.578,-61.397
2020-10-23,1011010101,花叶类,211.914,196.258,-11.536,27.191
2020-10-24,1011010101,花叶类,282.107,194.38,73.799,13.928
2020-10-25,1011010101,花叶类,223.397,191.739,35.094,-3.436
2020-10-26,1011010101,花叶类,158.291,188.09,-30.076,0.276
2020-10-27,1011010101,花叶类,154.566,183.512,-21.101,-7.845
2020-10-28,1011010101,花叶类,167.542,178.776,-23.33,12.095
2020-10-29,1011010101,花叶类,120.551,174.488,-25.817,-28.121
2020-10-30,1011010101,花叶类,148.243,170.65,-14.368,-8.039
2020-10-31,1011010101,花叶类,248.102,167.601,74.802,5.699
2020-11-01,1011010101,花叶类,206.956,165.413,40.753,0.79
2020-11-02,1011010101,花叶类,144.442,164.016,-28.087,8.512
2020-11-03,1011010101,花叶类,135.067,163.243,-17.561,-10.614
2020-11-04,1011010101,花叶类,122.114,163.159,-22.747,-18.297
2020-11-05,1011010101,花叶类,146.327,163.513,-28.945,11.759
2020-11-06,1011010101,花叶类,142.586,164.479,-20.343,-1.55
2020-11-07,1011010101,花叶类,225.007,166.106,64.401,-5.5
2020-11-08,1011010101,花叶类,209.808,168.117,56.283,-14.592
2020-11-09,1011010101,花叶类,144.911,170.243,-37.665,12.333
2020-11-10,1011010101,花叶类,157.962,172.164,-18.594,4.392
2020-11-11,1011010101,花叶类,150.867,174.879,-27.739,3.727
2020-11-12,1011010101,花叶类,151.144,180.396,-25.181,-4.071
2020-11-13,1011010101,花叶类,141.977,187.956,-28.019,-17.959
2020-11-14,1011010101,花叶类,207.145,195.635,86.642,-75.132
2020-11-15,1011010101,花叶类,227.231,203.53,74.78,-51.079
2020-11-16,1011010101,花叶类,140.087,212.238,-52.563,-19.588
2020-11-17,1011010101,花叶类,222.517,222.213,-28.208,28.512
2020-11-18,1011010101,花叶类,203.322,233.509,-34.691,4.503
2020-11-19,1011010101,花叶类,207.8,243.846,-18.571,-17.475
2020-11-20,1011010101,花叶类,244.555,251.694,-32.826,25.687
2020-11-21,1011010101,花叶类,461.189,258.613,91.327,111.249
2020-11-22,1011010101,花叶类,371.968,264.482,90.567,16.919
2020-11-23,1011010101,花叶类,294.311,269.484,-61.478,86.305
2020-11-24,1011010101,花叶类,220.189,273.965,-40.455,-13.321
2020-11-25,1011010101,花叶类,237.713,276.626,-44.283,5.37
2020-11-26,1011010101,花叶类,282.923,276.902,-18.959,24.981
2020-11-27,1011010101,花叶类,225.596,276.354,-32.96,-17.797
2020-11-28,1011010101,花叶类,400.295,275.998,113.845,10.452
2020-11-29,1011010101,花叶类,287.707,275.539,107.318,-95.15
2020-11-30,1011010101,花叶类,207.353,273.875,-63.352,-3.17
2020-12-01,1011010101,花叶类,287.797,270.963,-46.581,63.416
2020-12-02,1011010101,花叶类,213.665,267.551,-51.079,-2.807
2020-12-03,1011010101,花叶类,274.097,263.937,-19.171,29.33
2020-12-04,1011010101,花叶类,242.529,259.45,-29.506,12.585
2020-12-05,1011010101,花叶类,306.959,254.174,80.942,-28.156
2020-12-06,1011010101,花叶类,367.129,248.507,115.425,3.196
2020-12-07,1011010101,花叶类,197.718,242.472,-48.688,3.934
2020-12-08,1011010101,花叶类,183.98,236.979,-41.402,-11.596
2020-12-09,1011010101,花叶类,180.673,233.211,-52.369,-0.169
2020-12-10,1011010101,花叶类,188.539,231.246,-23.93,-18.777
2020-12-11,1011010101,花叶类,212.51,229.217,-28.652,11.945
2020-12-12,1011010101,花叶类,269.619,226.002,70.056,-26.439
2020-12-13,1011010101,花叶类,375.781,222.056,112.136,41.589
2020-12-14,1011010101,花叶类,197.654,218.151,-39.936,19.44
2020-12-15,1011010101,花叶类,203.808,214.068,-32.407,22.148
2020-12-16,1011010101,花叶类,152.029,209.333,-51.728,-5.577
2020-12-17,1011010101,花叶类,167.799,203.569,-28.163,-7.607
2020-12-18,1011010101,花叶类,151.535,197.381,-25.041,-20.805
2020-12-19,1011010101,花叶类,266.55,191.6,65.749,9.201
2020-12-20,1011010101,花叶类,276.911,187.679,97.581,-8.348
2020-12-21,1011010101,花叶类,136.041,186.681,-33.079,-17.561
2020-12-22,1011010101,花叶类,152.185,188.104,-27.626,-8.293
2020-12-23,1011010101,花叶类,144.2,190.912,-48.142,1.429
2020-12-24,1011010101,花叶类,218.533,194.608,-27.944,51.869
2020-12-25,1011010101,花叶类,159.654,197.26,-12.361,-25.245
2020-12-26,1011010101,花叶类,285.224,199.113,59.874,26.237
2020-12-27,1011010101,花叶类,288.755,201.369,77.227,10.159
2020-12-28,1011010101,花叶类,251.455,202.792,-28.141,76.805
2020-12-29,1011010101,花叶类,223.512,202.518,-28.464,49.458
2020-12-30,1011010101,花叶类,146.39,200.923,-39.468,-15.066
2020-12-31,1011010101,花叶类,179.177,198.781,-26.941,7.337
2021-01-01,1011010101,花叶类,224.797,196.266,-0.366,28.897
2021-01-02,1011010101,花叶类,212.911,194.502,52.169,-33.76
2021-01-03,1011010101,花叶类,224.88,194.015,60.44,-29.575
2021-01-04,1011010101,花叶类,177.801,194.109,-23.275,6.967
2021-01-05,1011010101,花叶类,154.654,194.427,-25.612,-14.161
2021-01-06,1011010101,花叶类,176.824,195.067,-29.998,11.755
2021-01-07,1011010101,花叶类,161.628,196.432,-29.54,-5.264
2021-01-08,1011010101,花叶类,234.462,197.695,7.68,29.087
2021-01-09,1011010101,花叶类,233.427,197.786,40.308,-4.667
2021-01-10,1011010101,花叶类,250.645,196.763,44.497,9.385
2021-01-11,1011010101,花叶类,182.204,195.49,-17.33,4.045
2021-01-12,1011010101,花叶类,173.449,194.159,-16.896,-3.815
2021-01-13,1011010101,花叶类,172.101,193.037,-18.802,-2.134
2021-01-14,1011010101,花叶类,148.947,192.714,-31.4,-12.367
2021-01-15,1011010101,花叶类,171.213,193.412,2.918,-25.117
2021-01-16,1011010101,花叶类,252.825,195.307,32.357,25.161
2021-01-17,1011010101,花叶类,228.991,198.571,37.311,-6.891
2021-01-18,1011010101,花叶类,167.119,202.242,-14.108,-21.015
2021-01-19,1011010101,花叶类,216.055,205.916,-3.839,13.977
2021-01-20,1011010101,花叶类,197.824,209.202,-7.632,-3.747
2021-01-21,1011010101,花叶类,219.93,211.226,-29.601,38.304
2021-01-22,1011010101,花叶类,218.136,212.043,-11.923,18.016
2021-01-23,1011010101,花叶类,214.815,211.917,28.743,-25.845
2021-01-24,1011010101,花叶类,350.342,210.466,18.643,121.233
2021-01-25,1011010101,花叶类,224.149,208.07,-10.652,26.732
2021-01-26,1011010101,花叶类,215.643,205.473,9.332,0.838
2021-01-27,1011010101,花叶类,208.029,202.864,4.266,0.899
2021-01-28,1011010101,花叶类,160.384,200.571,-22.346,-17.841
2021-01-29,1011010101,花叶类,151.962,199.058,-18.928,-28.168
2021-01-30,1011010101,花叶类,236.777,198.65,18.8,19.326
2021-01-31,1011010101,花叶类,249.269,199.233,0.767,49.269
2021-02-01,1011010101,花叶类,181.621,200.474,-2.413,-16.44
2021-02-02,1011010101,花叶类,193.791,202.304,23.029,-31.542
2021-02-03,1011010101,花叶类,223.102,204.643,3.452,15.007
2021-02-04,1011010101,花叶类,197.832,207.332,-15.793,6.293
2021-02-05,1011010101,花叶类,194.292,211.017,-19.049,2.324
2021-02-06,1011010101,花叶类,212.817,216.181,13.013,-16.377
2021-02-07,1011010101,花叶类,193.778,221.164,-13.766,-13.619
2021-02-08,1011010101,花叶类,234.405,223.968,4.366,6.071
2021-02-09,1011010101,花叶类,282.558,225.381,36.508,20.669
2021-02-10,1011010101,花叶类,508.104,226.861,0.31,280.933
2021-02-11,1011010101,花叶类,0.0,227.499,-23.397,-204.102
2021-02-12,1011010101,花叶类,0.0,226.986,-11.534,-215.453
2021-02-13,1011010101,花叶类,243.485,225.483,9.182,8.82
2021-02-14,1011010101,花叶类,195.74,222.358,-29.384,2.766
2021-02-15,1011010101,花叶类,300.13,216.076,21.373,62.681
2021-02-16,1011010101,花叶类,253.696,207.755,35.36,10.581
2021-02-17,1011010101,花叶类,180.052,199.713,-4.064,-15.596
2021-02-18,1011010101,花叶类,227.336,192.594,-26.998,61.74
2021-02-19,1011010101,花叶类,184.169,188.569,0.363,-4.763
2021-02-20,1011010101,花叶类,175.262,187.257,11.661,-23.655
2021-02-21,1011010101,花叶类,144.855,187.372,-38.019,-4.498
2021-02-22,1011010101,花叶类,139.491,188.583,33.6,-82.692
2021-02-23,1011010101,花叶类,136.05,191.087,22.377,-77.414
2021-02-24,1011010101,花叶类,190.158,193.428,-10.652,7.382
2021-02-25,1011010101,花叶类,156.613,195.208,-42.71,4.114
2021-02-26,1011010101,花叶类,276.322,197.056,5.486,73.78
2021-02-27,1011010101,花叶类,218.04,197.483,12.811,7.747
2021-02-28,1011010101,花叶类,313.729,196.599,-12.295,129.425
2021-03-01,1011010101,花叶类,241.709,195.57,49.009,-2.869
2021-03-02,1011010101,花叶类,182.984,194.572,0.337,-11.925
2021-03-03,1011010101,花叶类,186.008,193.609,-20.515,12.913
2021-03-04,1011010101,花叶类,145.281,192.264,-31.989,-14.994
2021-03-05,1011010101,花叶类,211.185,189.871,6.817,14.497
2021-03-06,1011010101,花叶类,288.817,187.043,17.944,83.831
2021-03-07,1011010101,花叶类,270.819,183.567,7.573,79.678
2021-03-08,1011010101,花叶类,211.746,179.453,21.315,10.977
2021-03-09,1011010101,花叶类,170.907,174.702,-14.844,11.049
2021-03-10,1011010101,花叶类,119.599,168.874,-27.705,-21.57
2021-03-11,1011010101,花叶类,158.357,160.871,-22.099,19.585
2021-03-12,1011010101,花叶类,152.44,153.126,7.799,-8.485
2021-03-13,1011010101,花叶类,169.055,147.336,26.452,-4.733
2021-03-14,1011010101,花叶类,176.032,142.733,38.596,-5.297
2021-03-15,1011010101,花叶类,90.812,139.222,-3.927,-44.482
2021-03-16,1011010101,花叶类,100.121,137.523,-18.102,-19.299
2021-03-17,1011010101,花叶类,107.653,137.236,-33.814,4.231
2021-03-18,1011010101,花叶类,128.058,138.007,-15.081,5.132
2021-03-19,1011010101,花叶类,140.893,139.177,8.951,-7.235
2021-03-20,1011010101,花叶类,267.979,140.511,34.768,92.7
2021-03-21,1011010101,花叶类,199.712,141.938,34.633,23.141
2021-03-22,1011010101,花叶类,115.022,143.412,-20.483,-7.908
2021-03-23,1011010101,花叶类,134.706,144.322,-20.263,10.647
2021-03-24,1011010101,花叶类,103.505,144.665,-26.033,-15.127
2021-03-25,1011010101,花叶类,86.632,144.591,-13.564,-44.395
2021-03-26,1011010101,花叶类,167.327,144.712,7.827,14.788
2021-03-27,1011010101,花叶类,199.727,146.118,41.887,11.722
2021-03-28,1011010101,花叶类,161.164,148.93,31.267,-19.033
2021-03-29,1011010101,花叶类,111.308,152.388,-23.481,-17.599
2021-03-30,1011010101,花叶类,130.803,156.032,-22.267,-2.961
2021-03-31,1011010101,花叶类,143.294,159.687,-13.995,-2.399
2021-04-01,1011010101,花叶类,162.291,163.926,-19.569,17.934
2021-04-02,1011010101,花叶类,180.056,168.968,0.797,10.291
2021-04-03,1011010101,花叶类,212.267,172.428,44.521,-4.682
2021-04-04,1011010101,花叶类,192.021,173.195,29.949,-11.123
2021-04-05,1011010101,花叶类,178.469,172.649,-18.611,24.431
2021-04-06,1011010101,花叶类,55.611,171.897,-23.842,-92.444
2021-04-07,1011010101,花叶类,198.107,170.999,-4.243,31.351
2021-04-08,1011010101,花叶类,136.899,170.01,-21.584,-11.527
2021-04-09,1011010101,花叶类,145.026,168.461,-8.249,-15.186
2021-04-10,1011010101,花叶类,204.382,165.582,39.526,-0.726
2021-04-11,1011010101,花叶类,211.619,162.016,34.166,15.437
2021-04-12,1011010101,花叶类,148.371,159.458,-15.427,4.341
2021-04-13,1011010101,花叶类,127.207,157.883,-25.099,-5.577
2021-04-14,1011010101,花叶类,151.83,156.873,5.03,-10.074
2021-04-15,1011010101,花叶类,130.081,156.213,-23.973,-2.159
2021-04-16,1011010101,花叶类,130.808,156.2,-14.639,-10.753
2021-04-17,1011010101,花叶类,194.951,157.365,31.632,5.955
2021-04-18,1011010101,花叶类,194.451,159.949,41.418,-6.915
2021-04-19,1011010101,花叶类,134.781,163.516,-16.944,-11.791
2021-04-20,1011010101,花叶类,150.715,167.184,-20.529,4.061
2021-04-21,1011010101,花叶类,182.939,169.84,9.073,4.026
2021-04-22,1011010101,花叶类,150.806,171.079,-24.215,3.943
2021-04-23,1011010101,花叶类,171.226,171.075,-17.875,18.026
2021-04-24,1011010101,花叶类,264.803,169.978,19.927,74.898
2021-04-25,1011010101,花叶类,221.785,168.458,41.57,11.757
2021-04-26,1011010101,花叶类,151.258,166.915,-18.511,2.854
2021-04-27,1011010101,花叶类,135.216,164.925,-6.369,-23.34
2021-04-28,1011010101,花叶类,126.17,162.532,12.95,-49.312
2021-04-29,1011010101,花叶类,134.898,161.49,-22.788,-3.804
2021-04-30,1011010101,花叶类,138.585,162.973,-19.894,-4.494
2021-05-01,1011010101,花叶类,171.826,165.445,4.83,1.551
2021-05-02,1011010101,花叶类,198.544,168.225,41.193,-10.874
2021-05-03,1011010101,花叶类,226.265,170.786,-14.106,69.586
2021-05-04,1011010101,花叶类,200.985,172.532,3.095,25.358
2021-05-05,1011010101,花叶类,203.532,173.927,12.461,17.144
2021-05-06,1011010101,花叶类,151.84,175.336,-21.173,-2.323
2021-05-07,1011010101,花叶类,147.508,176.103,-29.397,0.802
2021-05-08,1011010101,花叶类,160.786,175.69,2.356,-17.259
2021-05-09,1011010101,花叶类,216.668,174.613,41.704,0.351
2021-05-10,1011010101,花叶类,157.721,174.06,-9.035,-7.304
2021-05-11,1011010101,花叶类,190.06,174.128,7.802,8.13
2021-05-12,1011010101,花叶类,182.519,174.455,7.779,0.284
2021-05-13,1011010101,花叶类,157.293,174.591,-18.997,1.699
2021-05-14,1011010101,花叶类,191.116,174.025,-37.5,54.591
2021-05-15,1011010101,花叶类,258.278,172.727,9.409,76.143
2021-05-16,1011010101,花叶类,212.588,170.956,43.873,-2.24
2021-05-17,1011010101,花叶类,176.658,169.159,-4.499,11.998
2021-05-18,1011010101,花叶类,173.271,167.508,0.287,5.476
2021-05-19,1011010101,花叶类,140.823,165.682,3.067,-27.926
2021-05-20,1011010101,花叶类,148.851,163.51,-17.216,2.556
2021-05-21,1011010101,花叶类,106.472,161.479,-41.771,-13.236
2021-05-22,1011010101,花叶类,190.363,160.066,17.815,12.482
2021-05-23,1011010101,花叶类,217.259,159.541,46.144,11.574
2021-05-24,1011010101,花叶类,148.831,159.644,2.06,-12.874
2021-05-25,1011010101,花叶类,130.325,159.686,-9.487,-19.874
2021-05-26,1011010101,花叶类,166.467,159.701,-2.172,8.938
2021-05-27,1011010101,花叶类,145.237,160.303,-19.355,4.289
2021-05-28,1011010101,花叶类,123.824,161.805,-44.006,6.026
2021-05-29,1011010101,花叶类,180.875,163.896,30.129,-13.149
2021-05-30,1011010101,花叶类,196.236,165.591,50.084,-19.439
2021-05-31,1011010101,花叶类,191.98,166.399,3.402,22.18
2021-06-01,1011010101,花叶类,151.091,166.695,-16.774,1.17
2021-06-02,1011010101,花叶类,178.517,166.82,-9.847,21.545
2021-06-03,1011010101,花叶类,142.372,166.771,-25.267,0.868
2021-06-04,1011010101,花叶类,121.093,165.931,-35.052,-9.786
2021-06-05,1011010101,花叶类,204.287,163.921,38.209,2.157
2021-06-06,1011010101,花叶类,222.817,161.405,51.248,10.164
2021-06-07,1011010101,花叶类,148.539,159.412,5.277,-16.149
2021-06-08,1011010101,花叶类,144.482,158.124,-20.292,6.649
2021-06-09,1011010101,花叶类,126.359,157.614,-21.344,-9.911
2021-06-10,1011010101,花叶类,122.004,157.231,-30.529,-4.699
2021-06-11,1011010101,花叶类,129.982,156.451,-23.965,-2.503
2021-06-12,1011010101,花叶类,210.267,155.535,45.585,9.147
2021-06-13,1011010101,花叶类,211.28,154.99,54.258,2.031
2021-06-14,1011010101,花叶类,170.686,154.722,1.195,14.77
2021-06-15,1011010101,花叶类,127.719,154.537,-23.702,-3.116
2021-06-16,1011010101,花叶类,104.991,154.043,-31.277,-17.776
2021-06-17,1011010101,花叶类,113.507,153.2,-29.666,-10.027
2021-06-18,1011010101,花叶类,150.875,152.375,-15.642,14.142
2021-06-19,1011010101,花叶类,203.369,152.057,48.595,2.717
2021-06-20,1011010101,花叶类,202.307,152.447,54.619,-4.759
2021-06-21,1011010101,花叶类,150.07,153.346,-2.637,-0.639
2021-06-22,1011010101,花叶类,126.727,154.109,-26.105,-1.277
2021-06-23,1011010101,花叶类,123.214,154.0,-32.022,1.235
2021-06-24,1011010101,花叶类,127.946,153.051,-23.883,-1.222
2021-06-25,1011010101,花叶类,146.582,152.002,-15.004,9.584
2021-06-26,1011010101,花叶类,197.69,151.515,43.741,2.434
2021-06-27,1011010101,花叶类,213.547,151.633,51.266,10.648
2021-06-28,1011010101,花叶类,125.782,152.027,-4.91,-21.336
2021-06-29,1011010101,花叶类,110.196,152.314,-20.973,-21.145
2021-06-30,1011010101,花叶类,125.415,152.985,-23.408,-4.162
2021-07-01,1011010101,花叶类,148.597,154.699,-18.992,12.889
2021-07-02,1011010101,花叶类,133.586,157.472,-25.045,1.16
2021-07-03,1011010101,花叶类,197.925,160.385,38.032,-0.492
2021-07-04,1011010101,花叶类,197.322,162.318,51.999,-16.996
2021-07-05,1011010101,花叶类,176.276,162.631,-7.922,21.567
2021-07-06,1011010101,花叶类,173.864,161.958,-17.55,29.457
2021-07-07,1011010101,花叶类,149.514,161.07,-15.738,4.181
2021-07-08,1011010101,花叶类,143.491,160.485,-18.028,1.033
2021-07-09,1011010101,花叶类,114.966,160.001,-31.545,-13.49
2021-07-10,1011010101,花叶类,176.065,159.2,35.022,-18.157
2021-07-11,1011010101,花叶类,212.957,158.675,52.808,1.475
2021-07-12,1011010101,花叶类,140.305,159.993,-8.683,-11.005
2021-07-13,1011010101,花叶类,149.772,163.018,-13.5,0.254
2021-07-14,1011010101,花叶类,163.863,166.825,-11.855,8.893
2021-07-15,1011010101,花叶类,141.75,170.263,-20.201,-8.311
2021-07-16,1011010101,花叶类,236.055,172.608,-29.71,93.157
2021-07-17,1011010101,花叶类,223.655,174.073,32.893,16.689
2021-07-18,1011010101,花叶类,234.028,175.205,54.147,4.676
2021-07-19,1011010101,花叶类,174.827,176.059,-17.525,16.293
2021-07-20,1011010101,花叶类,152.362,176.74,-14.321,-10.057
2021-07-21,1011010101,花叶类,152.653,177.184,-8.468,-16.063
2021-07-22,1011010101,花叶类,154.625,178.093,-17.849,-5.619
2021-07-23,1011010101,花叶类,150.636,180.235,-25.183,-4.416
2021-07-24,1011010101,花叶类,206.923,183.636,32.203,-8.916
2021-07-25,1011010101,花叶类,248.502,188.504,50.157,9.84
2021-07-26,1011010101,花叶类,155.365,194.383,-17.183,-21.835
2021-07-27,1011010101,花叶类,189.082,200.106,-21.59,10.565
2021-07-28,1011010101,花叶类,205.803,205.468,-9.031,9.366
2021-07-29,1011010101,花叶类,193.613,210.428,-4.938,-11.877
2021-07-30,1011010101,花叶类,214.155,214.685,-21.168,20.638
2021-07-31,1011010101,花叶类,255.972,217.998,29.388,8.585
2021-08-01,1011010101,花叶类,251.271,219.053,47.468,-15.25
2021-08-02,1011010101,花叶类,283.115,218.536,-18.23,82.809
2021-08-03,1011010101,花叶类,264.825,218.106,-27.309,74.027
2021-08-04,1011010101,花叶类,313.269,218.403,-10.89,105.755
2021-08-05,1011010101,花叶类,245.944,218.624,-1.833,29.153
2021-08-06,1011010101,花叶类,189.756,219.456,-18.769,-10.931
2021-08-07,1011010101,花叶类,232.089,221.664,32.123,-21.698
2021-08-08,1011010101,花叶类,265.775,225.038,51.313,-10.575
2021-08-09,1011010101,花叶类,234.344,228.887,-19.138,24.595
2021-08-10,1011010101,花叶类,193.189,231.804,-31.906,-6.709
2021-08-11,1011010101,花叶类,225.45,233.009,-15.674,8.115
2021-08-12,1011010101,花叶类,275.876,233.287,-5.057,47.646
2021-08-13,1011010101,花叶类,274.08,232.517,-17.387,58.95
2021-08-14,1011010101,花叶类,281.13,230.382,36.828,13.92
2021-08-15,1011010101,花叶类,298.155,227.367,58.313,12.475
2021-08-16,1011010101,花叶类,190.573,223.726,-15.247,-17.906
2021-08-17,1011010101,花叶类,183.216,218.861,-34.091,-1.554
2021-08-18,1011010101,花叶类,185.59,214.036,-23.677,-4.77
2021-08-19,1011010101,花叶类,183.245,209.832,-11.608,-14.979
2021-08-20,1011010101,花叶类,195.116,205.725,-19.935,9.326
2021-08-21,1011010101,花叶类,241.956,201.987,44.436,-4.468
2021-08-22,1011010101,花叶类,281.156,198.601,61.649,20.905
2021-08-23,1011010101,花叶类,178.374,195.781,-14.794,-2.613
2021-08-24,1011010101,花叶类,168.012,193.316,-27.431,2.127
2021-08-25,1011010101,花叶类,145.216,191.088,-24.318,-21.554
2021-08-26,1011010101,花叶类,255.505,188.975,-26.106,92.636
2021-08-27,1011010101,花叶类,259.053,187.403,-22.771,94.421
2021-08-28,1011010101,花叶类,244.915,186.44,50.193,8.282
2021-08-29,1011010101,花叶类,229.082,186.181,61.081,-18.18
2021-08-30,1011010101,花叶类,178.587,186.548,-9.4,1.44
2021-08-31,1011010101,花叶类,165.821,186.716,-20.793,-0.102
2021-09-01,1011010101,花叶类,177.642,186.116,-22.758,14.284
2021-09-02,1011010101,花叶类,161.364,185.602,-37.523,13.285
2021-09-03,1011010101,花叶类,149.219,185.102,-32.649,-3.234
2021-09-04,1011010101,花叶类,221.353,184.005,59.108,-21.76
2021-09-05,1011010101,花叶类,238.552,182.098,60.017,-3.563
2021-09-06,1011010101,花叶类,191.936,180.246,-7.109,18.8
2021-09-07,1011010101,花叶类,163.316,179.202,-14.214,-1.672
2021-09-08,1011010101,花叶类,161.268,178.876,-16.465,-1.143
2021-09-09,1011010101,花叶类,120.989,178.504,-45.4,-12.115
2021-09-10,1011010101,花叶类,133.882,177.223,-37.175,-6.166
2021-09-11,1011010101,花叶类,257.43,174.869,61.72,20.841
2021-09-12,1011010101,花叶类,275.532,172.333,58.512,44.687
2021-09-13,1011010101,花叶类,152.695,170.151,-11.785,-5.671
2021-09-14,1011010101,花叶类,163.291,168.023,-12.936,8.204
2021-09-15,1011010101,花叶类,150.327,165.425,-12.092,-3.006
2021-09-16,1011010101,花叶类,97.458,162.405,-45.213,-19.734
2021-09-17,1011010101,花叶类,128.348,159.91,-33.415,1.853
2021-09-18,1011010101,花叶类,135.404,157.227,61.854,-83.677
2021-09-19,1011010101,花叶类,218.41,153.94,55.891,8.579
2021-09-20,1011010101,花叶类,225.414,150.603,-21.039,95.85
2021-09-21,1011010101,花叶类,240.035,147.525,-15.103,107.614
2021-09-22,1011010101,花叶类,139.801,144.31,-10.846,6.337
2021-09-23,1011010101,花叶类,107.29,139.868,-37.259,4.681
2021-09-24,1011010101,花叶类,105.083,134.796,-20.058,-9.655
2021-09-25,1011010101,花叶类,188.368,130.658,56.24,1.47
2021-09-26,1011010101,花叶类,151.878,127.997,47.995,-24.113
2021-09-27,1011010101,花叶类,96.875,126.76,-25.663,-4.221
2021-09-28,1011010101,花叶类,104.01,126.554,-16.141,-6.403
2021-09-29,1011010101,花叶类,113.135,127.318,-12.315,-1.869
2021-09-30,1011010101,花叶类,106.123,129.164,-30.241,7.2
2021-10-01,1011010101,花叶类,205.461,131.75,-2.684,76.395
2021-10-02,1011010101,花叶类,174.863,133.484,39.294,2.085
2021-10-03,1011010101,花叶类,178.152,131.989,45.13,1.034
2021-10-04,1011010101,花叶类,174.918,129.717,-26.661,71.862
2021-10-05,1011010101,花叶类,185.163,127.679,-18.585,76.069
2021-10-06,1011010101,花叶类,267.524,125.481,-11.368,153.411
2021-10-07,1011010101,花叶类,184.099,123.238,-26.667,87.529
2021-10-08,1011010101,花叶类,139.208,120.883,10.772,7.552
2021-10-09,1011010101,花叶类,133.448,118.475,26.485,-11.512
2021-10-10,1011010101,花叶类,264.206,115.91,42.344,105.952
2021-10-11,1011010101,花叶类,88.447,114.273,-26.209,0.383
2021-10-12,1011010101,花叶类,100.382,113.888,-18.909,5.404
2021-10-13,1011010101,花叶类,91.567,114.013,-8.498,-13.948
2021-10-14,1011010101,花叶类,77.809,113.674,-24.131,-11.734
2021-10-15,1011010101,花叶类,146.297,113.094,15.102,18.101
2021-10-16,1011010101,花叶类,273.582,112.033,23.551,137.997
2021-10-17,1011010101,花叶类,163.589,110.23,37.024,16.335
2021-10-18,1011010101,花叶类,84.784,107.749,-26.838,3.873
2021-10-19,1011010101,花叶类,78.684,104.259,-18.392,-7.183
2021-10-20,1011010101,花叶类,109.339,99.207,-4.222,14.355
2021-10-21,1011010101,花叶类,79.858,93.662,-19.576,5.772
2021-10-22,1011010101,花叶类,75.936,89.503,9.266,-22.833
2021-10-23,1011010101,花叶类,101.858,86.856,26.819,-11.817
2021-10-24,1011010101,花叶类,101.014,85.287,28.52,-12.793
2021-10-25,1011010101,花叶类,48.556,84.669,-24.338,-11.775
2021-10-26,1011010101,花叶类,66.948,84.701,-18.293,0.54
2021-10-27,1011010101,花叶类,94.727,85.336,-5.564,14.955
2021-10-28,1011010101,花叶类,80.941,86.094,-13.657,8.504
2021-10-29,1011010101,花叶类,89.73,86.133,2.588,1.009
2021-10-30,1011010101,花叶类,140.981,85.407,30.687,24.887
2021-10-31,1011010101,花叶类,92.342,84.169,27.7,-19.527
2021-11-01,1011010101,花叶类,60.969,82.511,-20.472,-1.07
2021-11-02,1011010101,花叶类,68.055,80.991,-17.123,4.187
2021-11-03,1011010101,花叶类,50.572,80.02,-9.836,-19.612
2021-11-04,1011010101,花叶类,64.051,78.996,-12.244,-2.701
2021-11-05,1011010101,花叶类,84.389,77.631,-2.343,9.101
2021-11-06,1011010101,花叶类,108.548,76.088,30.875,1.585
2021-11-07,1011010101,花叶类,145.887,74.173,29.236,42.478
2021-11-08,1011010101,花叶类,66.376,71.936,-15.88,10.32
2021-11-09,1011010101,花叶类,45.303,69.483,-12.69,-11.49
2021-11-10,1011010101,花叶类,49.063,66.556,-15.59,-1.903
2021-11-11,1011010101,花叶类,48.787,63.581,-13.556,-1.239
2021-11-12,1011010101,花叶类,51.422,61.188,-5.992,-3.774
2021-11-13,1011010101,花叶类,70.452,59.489,27.737,-16.775
2021-11-14,1011010101,花叶类,99.456,58.328,33.254,7.874
2021-11-15,1011010101,花叶类,42.62,57.808,-12.028,-3.161
2021-11-16,1011010101,花叶类,53.515,57.556,-10.672,6.631
2021-11-17,1011010101,花叶类,45.689,57.509,-13.828,2.008
2021-11-18,1011010101,花叶类,41.864,57.608,-13.591,-2.152
2021-11-19,1011010101,花叶类,38.008,57.453,-8.187,-11.258
2021-11-20,1011010101,花叶类,96.203,57.059,21.946,17.198
2021-11-21,1011010101,花叶类,80.775,56.765,31.524,-7.513
2021-11-22,1011010101,花叶类,42.247,56.374,-10.798,-3.328
2021-11-23,1011010101,花叶类,55.622,55.998,-10.436,10.06
2021-11-24,1011010101,花叶类,39.991,55.903,-8.225,-7.687
2021-11-25,1011010101,花叶类,44.906,56.102,-13.972,2.777
2021-11-26,1011010101,花叶类,51.836,56.943,-8.39,3.283
2021-11-27,1011010101,花叶类,68.057,58.59,23.595,-14.128
2021-11-28,1011010101,花叶类,78.347,60.631,28.458,-10.741
2021-11-29,1011010101,花叶类,57.865,62.86,-12.625,7.63
2021-11-30,1011010101,花叶类,43.009,65.479,-13.359,-9.111
2021-12-01,1011010101,花叶类,75.42,68.356,-5.051,12.115
2021-12-02,1011010101,花叶类,58.359,71.439,-13.827,0.747
2021-12-03,1011010101,花叶类,73.847,74.193,-6.85,6.504
2021-12-04,1011010101,花叶类,93.905,75.981,26.694,-8.77
2021-12-05,1011010101,花叶类,115.184,76.95,29.926,8.308
2021-12-06,1011010101,花叶类,64.231,77.872,-15.968,2.327
2021-12-07,1011010101,花叶类,63.263,78.847,-20.7,5.117
2021-12-08,1011010101,花叶类,70.377,79.928,-4.849,-4.702
2021-12-09,1011010101,花叶类,57.675,81.167,-12.907,-10.585
2021-12-10,1011010101,花叶类,68.296,82.934,-4.077,-10.562
2021-12-11,1011010101,花叶类,141.287,85.374,32.185,23.727
2021-12-12,1011010101,花叶类,116.349,88.27,35.924,-7.845
2021-12-13,1011010101,花叶类,61.915,91.098,-20.251,-8.932
2021-12-14,1011010101,花叶类,66.116,93.764,-25.097,-2.552
2021-12-15,1011010101,花叶类,101.666,96.076,-12.638,18.228
2021-12-16,1011010101,花叶类,99.125,97.884,-13.525,14.766
2021-12-17,1011010101,花叶类,97.582,99.302,1.447,-3.166
2021-12-18,1011010101,花叶类,109.389,100.595,41.361,-32.567
2021-12-19,1011010101,花叶类,147.891,101.577,33.456,12.858
2021-12-20,1011010101,花叶类,82.832,102.491,-21.553,1.894
2021-12-21,1011010101,花叶类,71.006,103.889,-25.846,-7.037
2021-12-22,1011010101,花叶类,75.729,105.636,-20.89,-9.017
2021-12-23,1011010101,花叶类,91.213,106.748,-14.736,-0.799
2021-12-24,1011010101,花叶类,120.944,106.884,8.031,6.029
2021-12-25,1011010101,花叶类,180.787,106.761,42.484,31.542
2021-12-26,1011010101,花叶类,210.116,107.105,33.148,69.863
2021-12-27,1011010101,花叶类,82.705,107.279,-18.242,-6.332
2021-12-28,1011010101,花叶类,86.043,106.448,-23.917,3.512
2021-12-29,1011010101,花叶类,68.165,104.555,-25.862,-10.528
2021-12-30,1011010101,花叶类,84.271,102.063,-19.737,1.944
2021-12-31,1011010101,花叶类,125.701,99.829,10.059,15.813
2022-01-01,1011010101,花叶类,138.402,97.922,42.429,-1.95
2022-01-02,1011010101,花叶类,111.03,95.921,33.633,-18.525
2022-01-03,1011010101,花叶类,90.081,94.026,-16.823,12.878
2022-01-04,1011010101,花叶类,70.388,92.778,-21.097,-1.293
2022-01-05,1011010101,花叶类,65.654,92.198,-22.958,-3.586
2022-01-06,1011010101,花叶类,60.316,92.511,-21.946,-10.249
2022-01-07,1011010101,花叶类,90.664,93.466,7.889,-10.692
2022-01-08,1011010101,花叶类,130.766,94.444,37.901,-1.578
2022-01-09,1011010101,花叶类,147.528,95.367,30.969,21.192
2022-01-10,1011010101,花叶类,76.365,96.545,-13.814,-6.366
2022-01-11,1011010101,花叶类,86.15,97.853,-22.449,10.746
2022-01-12,1011010101,花叶类,85.232,98.991,-15.245,1.486
2022-01-13,1011010101,花叶类,73.369,100.047,-20.116,-6.562
2022-01-14,1011010101,花叶类,103.099,101.85,1.588,-0.339
2022-01-15,1011010101,花叶类,124.109,105.235,34.028,-15.154
2022-01-16,1011010101,花叶类,137.15,110.258,31.669,-4.777
2022-01-17,1011010101,花叶类,90.383,116.667,-8.806,-17.478
2022-01-18,1011010101,花叶类,85.852,124.203,-25.958,-12.393
2022-01-19,1011010101,花叶类,129.677,132.761,-9.649,6.565
2022-01-20,1011010101,花叶类,134.88,141.832,-19.66,12.709
2022-01-21,1011010101,花叶类,146.062,150.942,0.054,-4.935
2022-01-22,1011010101,花叶类,210.297,159.598,30.246,20.453
2022-01-23,1011010101,花叶类,186.693,167.226,32.384,-12.917
2022-01-24,1011010101,花叶类,187.463,173.287,-6.558,20.734
2022-01-25,1011010101,花叶类,153.198,178.124,-22.904,-2.022
2022-01-26,1011010101,花叶类,172.651,182.238,-10.766,1.179
2022-01-27,1011010101,花叶类,171.725,185.667,-25.041,11.099
2022-01-28,1011010101,花叶类,188.131,187.883,0.268,-0.021
2022-01-29,1011010101,花叶类,208.841,187.404,27.633,-6.196
2022-01-30,1011010101,花叶类,229.022,186.166,32.803,10.053
2022-01-31,1011010101,花叶类,0.0,186.324,-1.799,-184.525
2022-02-01,1011010101,花叶类,63.003,186.316,-12.504,-110.809
2022-02-02,1011010101,花叶类,88.412,184.942,-15.225,-81.305
2022-02-03,1011010101,花叶类,116.536,183.218,-27.688,-38.994
2022-02-04,1011010101,花叶类,216.497,181.876,-3.14,37.761
2022-02-05,1011010101,花叶类,208.189,180.033,21.765,6.391
2022-02-06,1011010101,花叶类,219.985,175.43,32.205,12.35
2022-02-07,1011010101,花叶类,160.054,169.228,1.223,-10.397
2022-02-08,1011010101,花叶类,162.297,162.733,-1.27,0.834
2022-02-09,1011010101,花叶类,138.288,156.744,-19.394,0.938
2022-02-10,1011010101,花叶类,116.133,151.633,-27.323,-8.177
2022-02-11,1011010101,花叶类,132.508,147.333,-3.13,-11.695
2022-02-12,1011010101,花叶类,154.467,143.464,19.981,-8.978
2022-02-13,1011010101,花叶类,165.85,139.391,26.186,0.273
2022-02-14,1011010101,花叶类,150.014,134.718,-1.128,16.424
2022-02-15,1011010101,花叶类,154.453,129.587,3.453,21.413
2022-02-16,1011010101,花叶类,99.015,124.027,-21.117,-3.896
2022-02-17,1011010101,花叶类,112.077,117.789,-21.004,15.291
2022-02-18,1011010101,花叶类,98.783,111.032,-4.319,-7.93
2022-02-19,1011010101,花叶类,120.64,104.312,23.261,-6.933
2022-02-20,1011010101,花叶类,105.918,98.542,20.119,-12.743
2022-02-21,1011010101,花叶类,85.387,94.221,-2.349,-6.485
2022-02-22,1011010101,花叶类,78.356,91.019,-0.606,-12.056
2022-02-23,1011010101,花叶类,65.21,88.672,-20.485,-2.977
2022-02-24,1011010101,花叶类,75.146,87.262,-15.769,3.653
2022-02-25,1011010101,花叶类,96.432,86.601,-3.796,13.626
2022-02-26,1011010101,花叶类,118.507,86.292,28.5,3.715
2022-02-27,1011010101,花叶类,94.607,85.966,19.305,-10.664
2022-02-28,1011010101,花叶类,77.285,85.601,-6.361,-1.955
2022-03-01,1011010101,花叶类,75.286,85.466,-6.076,-4.104
2022-03-02,1011010101,花叶类,70.109,85.763,-19.767,4.113
2022-03-03,1011010101,花叶类,62.041,86.491,-16.245,-8.205
2022-03-04,1011010101,花叶类,78.622,87.406,-3.64,-5.144
2022-03-05,1011010101,花叶类,125.495,88.334,35.807,1.354
2022-03-06,1011010101,花叶类,141.174,89.222,21.165,30.787
2022-03-07,1011010101,花叶类,76.686,90.045,-9.468,-3.891
2022-03-08,1011010101,花叶类,82.174,90.659,-8.137,-0.348
2022-03-09,1011010101,花叶类,66.059,91.38,-20.359,-4.962
2022-03-10,1011010101,花叶类,73.508,92.51,-18.776,-0.226
2022-03-11,1011010101,花叶类,88.822,94.64,-5.745,-0.073
2022-03-12,1011010101,花叶类,129.766,97.944,41.242,-9.42
2022-03-13,1011010101,花叶类,101.51,101.972,27.146,-27.608
2022-03-14,1011010101,花叶类,98.279,106.69,-13.5,5.089
2022-03-15,1011010101,花叶类,102.329,112.303,-8.365,-1.61
2022-03-16,1011010101,花叶类,105.619,118.727,-23.481,10.374
2022-03-17,1011010101,花叶类,108.394,124.87,-18.2,1.724
2022-03-18,1011010101,花叶类,112.098,128.718,-1.16,-15.459
2022-03-19,1011010101,花叶类,201.276,130.291,40.961,30.024
2022-03-20,1011010101,花叶类,173.788,130.814,26.294,16.68
2022-03-21,1011010101,花叶类,192.734,130.782,-17.751,79.702
2022-03-22,1011010101,花叶类,133.244,130.155,-11.836,14.926
2022-03-23,1011010101,花叶类,90.183,128.589,-21.273,-17.133
2022-03-24,1011010101,花叶类,106.202,125.188,-16.781,-2.204
2022-03-25,1011010101,花叶类,132.493,120.278,4.421,7.794
2022-03-26,1011010101,花叶类,152.529,115.856,39.61,-2.937
2022-03-27,1011010101,花叶类,140.651,112.776,21.912,5.963
2022-03-28,1011010101,花叶类,85.85,110.593,-19.701,-5.042
2022-03-29,1011010101,花叶类,75.286,108.672,-10.565,-22.821
2022-03-30,1011010101,花叶类,86.195,106.684,-16.884,-3.605
2022-03-31,1011010101,花叶类,92.587,105.469,-13.587,0.706
2022-04-01,1011010101,花叶类,130.262,105.778,7.971,16.513
2022-04-02,1011010101,花叶类,133.168,106.118,33.582,-6.532
2022-04-03,1011010101,花叶类,111.538,105.652,12.54,-6.654
2022-04-04,1011010101,花叶类,148.726,105.102,-18.949,62.573
2022-04-05,1011010101,花叶类,146.419,104.497,-10.938,52.86
2022-04-06,1011010101,花叶类,109.945,104.226,-11.31,17.029
2022-04-07,1011010101,花叶类,85.201,104.597,-6.45,-12.946
2022-04-08,1011010101,花叶类,87.65,105.438,10.096,-27.884
2022-04-09,1011010101,花叶类,141.102,106.425,24.568,10.11
2022-04-10,1011010101,花叶类,186.591,107.923,2.709,75.959
2022-04-11,1011010101,花叶类,93.428,109.661,-11.471,-4.761
2022-04-12,1011010101,花叶类,106.268,111.414,-9.941,4.795
2022-04-13,1011010101,花叶类,100.363,113.229,-7.854,-5.012
2022-04-14,1011010101,花叶类,128.586,114.26,-1.384,15.71
2022-04-15,1011010101,花叶类,131.828,114.558,5.697,11.573
2022-04-16,1011010101,花叶类,124.808,114.669,20.371,-10.232
2022-04-17,1011010101,花叶类,107.549,114.432,-1.474,-5.409
2022-04-18,1011010101,花叶类,112.679,113.47,-3.829,3.038
2022-04-19,1011010101,花叶类,101.391,111.933,-10.118,-0.425
2022-04-20,1011010101,花叶类,105.275,110.448,-9.897,4.724
2022-04-21,1011010101,花叶类,112.794,109.461,1.141,2.192
2022-04-22,1011010101,花叶类,114.043,108.746,2.707,2.59
2022-04-23,1011010101,花叶类,118.653,108.069,18.115,-7.531
2022-04-24,1011010101,花叶类,99.189,107.516,3.52,-11.847
2022-04-25,1011010101,花叶类,116.365,107.528,0.631,8.206
2022-04-26,1011010101,花叶类,91.764,108.418,-14.309,-2.345
2022-04-27,1011010101,花叶类,88.807,109.943,-10.783,-10.354
2022-04-28,1011010101,花叶类,111.594,111.526,-3.822,3.889
2022-04-29,1011010101,花叶类,106.052,112.836,-0.956,-5.829
2022-04-30,1011010101,花叶类,143.039,113.463,21.317,8.259
2022-05-01,1011010101,花叶类,147.275,113.337,15.849,18.089
2022-05-02,1011010101,花叶类,115.468,112.399,-1.633,4.702
2022-05-03,1011010101,花叶类,88.193,110.393,-17.074,-5.125
2022-05-04,1011010101,花叶类,105.769,107.716,-12.42,10.474
2022-05-05,1011010101,花叶类,90.652,105.181,-11.857,-2.672
2022-05-06,1011010101,花叶类,95.683,103.014,-5.978,-1.353
2022-05-07,1011010101,花叶类,113.896,101.435,30.74,-18.279
2022-05-08,1011010101,花叶类,116.519,100.714,30.474,-14.669
2022-05-09,1011010101,花叶类,91.68,100.938,-9.249,-0.009
2022-05-10,1011010101,花叶类,95.42,102.081,-18.904,12.243
2022-05-11,1011010101,花叶类,86.213,103.796,-14.506,-3.077
2022-05-12,1011010101,花叶类,79.619,105.321,-17.791,-7.911
2022-05-13,1011010101,花叶类,102.98,106.341,-11.251,7.889
2022-05-14,1011010101,花叶类,159.404,106.957,40.177,12.269
2022-05-15,1011010101,花叶类,157.511,107.382,41.763,8.366
2022-05-16,1011010101,花叶类,82.78,107.687,-16.912,-7.995
2022-05-17,1011010101,花叶类,67.12,107.885,-18.243,-22.522
2022-05-18,1011010101,花叶类,92.724,107.95,-20.056,4.83
2022-05-19,1011010101,花叶类,92.356,108.393,-20.883,4.846
2022-05-20,1011010101,花叶类,90.647,109.509,-18.932,0.07
2022-05-21,1011010101,花叶类,154.655,110.887,53.631,-9.863
2022-05-22,1011010101,花叶类,165.103,112.046,52.52,0.537
2022-05-23,1011010101,花叶类,92.654,113.06,-22.727,2.321
2022-05-24,1011010101,花叶类,122.403,114.19,-22.25,30.463
2022-05-25,1011010101,花叶类,84.787,115.511,-24.378,-6.346
2022-05-26,1011010101,花叶类,88.361,116.583,-18.673,-9.549
2022-05-27,1011010101,花叶类,86.554,117.118,-22.235,-8.328
2022-05-28,1011010101,花叶类,188.829,117.35,60.092,11.387
2022-05-29,1011010101,花叶类,178.516,117.863,51.826,8.827
2022-05-30,1011010101,花叶类,92.512,119.071,-23.627,-2.933
2022-05-31,1011010101,花叶类,87.827,120.475,-22.616,-10.032
2022-06-01,1011010101,花叶类,90.488,121.39,-25.629,-5.273
2022-06-02,1011010101,花叶类,112.624,122.48,-19.231,9.374
2022-06-03,1011010101,花叶类,185.595,123.896,-21.898,83.597
2022-06-04,1011010101,花叶类,113.331,125.706,62.91,-75.286
2022-06-05,1011010101,花叶类,102.505,127.83,49.158,-74.483
2022-06-06,1011010101,花叶类,104.547,129.723,-21.094,-4.082
2022-06-07,1011010101,花叶类,105.767,130.869,-23.528,-1.574
2022-06-08,1011010101,花叶类,113.862,131.243,-24.735,7.354
2022-06-09,1011010101,花叶类,281.247,131.422,-22.449,172.274
2022-06-10,1011010101,花叶类,115.093,131.527,-19.772,3.339
2022-06-11,1011010101,花叶类,195.647,131.645,61.706,2.296
2022-06-12,1011010101,花叶类,166.515,131.787,45.663,-10.935
2022-06-13,1011010101,花叶类,116.051,131.908,-18.867,3.01
2022-06-14,1011010101,花叶类,110.671,132.475,-21.292,-0.511
2022-06-15,1011010101,花叶类,107.248,133.633,-18.705,-7.68
2022-06-16,1011010101,花叶类,109.346,134.604,-25.864,0.606
2022-06-17,1011010101,花叶类,119.464,134.869,-16.21,0.805
2022-06-18,1011010101,花叶类,193.82,134.214,53.37,6.236
2022-06-19,1011010101,花叶类,187.623,132.746,41.129,13.748
2022-06-20,1011010101,花叶类,123.54,130.836,-20.052,12.756
2022-06-21,1011010101,花叶类,110.973,128.754,-16.564,-1.216
2022-06-22,1011010101,花叶类,108.759,126.778,-9.249,-8.771
2022-06-23,1011010101,花叶类,84.617,125.534,-28.37,-12.547
2022-06-24,1011010101,花叶类,104.325,125.566,-14.117,-7.124
2022-06-25,1011010101,花叶类,156.646,127.217,44.122,-14.694
2022-06-26,1011010101,花叶类,163.919,130.571,40.261,-6.913
2022-06-27,1011010101,花叶类,105.207,135.158,-22.635,-7.316
2022-06-28,1011010101,花叶类,133.899,140.049,-15.052,8.902
2022-06-29,1011010101,花叶类,156.09,144.413,-0.158,11.835
2022-06-30,1011010101,花叶类,127.274,147.913,-24.322,3.683
2022-07-01,1011010101,花叶类,149.719,150.559,-15.777,14.937
2022-07-02,1011010101,花叶类,195.295,152.247,35.32,7.728
2022-07-03,1011010101,花叶类,189.494,152.839,38.501,-1.847
2022-07-04,1011010101,花叶类,116.605,152.383,-23.848,-11.929
2022-07-05,1011010101,花叶类,133.21,151.411,-14.677,-3.524
2022-07-06,1011010101,花叶类,164.461,150.484,7.056,6.921
2022-07-07,1011010101,花叶类,134.044,149.773,-18.653,2.925
2022-07-08,1011010101,花叶类,129.05,149.305,-18.949,-1.306
2022-07-09,1011010101,花叶类,173.971,148.907,29.724,-4.661
2022-07-10,1011010101,花叶类,186.916,148.338,38.062,0.516
2022-07-11,1011010101,花叶类,134.274,147.731,-22.975,9.517
2022-07-12,1011010101,花叶类,129.271,147.417,-14.667,-3.479
2022-07-13,1011010101,花叶类,150.034,147.512,10.581,-8.059
2022-07-14,1011010101,花叶类,131.965,147.79,-15.672,-0.153
2022-07-15,1011010101,花叶类,118.425,148.086,-24.799,-4.863
2022-07-16,1011010101,花叶类,175.925,148.524,23.112,4.29
2022-07-17,1011010101,花叶类,190.249,149.03,40.195,1.024
2022-07-18,1011010101,花叶类,132.053,149.382,-19.877,2.548
2022-07-19,1011010101,花叶类,135.494,149.328,-15.741,1.907
2022-07-20,1011010101,花叶类,161.371,149.136,14.086,-1.851
2022-07-21,1011010101,花叶类,140.656,149.494,-21.647,12.809
2022-07-22,1011010101,花叶类,119.449,150.671,-20.077,-11.145
2022-07-23,1011010101,花叶类,163.238,153.316,22.465,-12.543
2022-07-24,1011010101,花叶类,187.595,157.335,42.633,-12.372
2022-07-25,1011010101,花叶类,128.305,164.274,-18.731,-17.238
2022-07-26,1011010101,花叶类,161.853,177.735,-16.605,0.724
2022-07-27,1011010101,花叶类,131.633,195.348,9.749,-73.464
2022-07-28,1011010101,花叶类,170.771,213.076,-25.206,-17.1
2022-07-29,1011010101,花叶类,331.236,230.825,-14.05,114.461
2022-07-30,1011010101,花叶类,345.157,249.016,24.883,71.258
2022-07-31,1011010101,花叶类,320.998,266.694,41.819,12.485
2022-08-01,1011010101,花叶类,304.399,283.366,-20.482,41.515
2022-08-02,1011010101,花叶类,270.798,298.016,-15.535,-11.683
2022-08-03,1011010101,花叶类,337.105,308.414,0.471,28.22
2022-08-04,1011010101,花叶类,354.404,314.402,-29.242,69.243
2022-08-05,1011010101,花叶类,329.423,318.739,-9.757,20.441
2022-08-06,1011010101,花叶类,355.128,322.931,36.734,-4.537
2022-08-07,1011010101,花叶类,322.015,326.415,49.551,-53.95
2022-08-08,1011010101,花叶类,302.077,328.971,-19.397,-7.498
2022-08-09,1011010101,花叶类,322.432,330.701,-19.459,11.19
2022-08-10,1011010101,花叶类,293.822,333.405,-12.031,-27.552
2022-08-11,1011010101,花叶类,313.919,337.655,-34.769,11.033
2022-08-12,1011010101,花叶类,326.821,343.579,-13.796,-2.962
2022-08-13,1011010101,花叶类,480.995,350.583,52.823,77.588
2022-08-14,1011010101,花叶类,394.715,357.471,62.193,-24.949
2022-08-15,1011010101,花叶类,347.367,360.429,-17.799,4.737
2022-08-16,1011010101,花叶类,368.861,359.269,-28.773,38.365
2022-08-17,1011010101,花叶类,358.863,357.189,-36.392,38.066
2022-08-18,1011010101,花叶类,424.262,354.531,-40.143,109.875
2022-08-19,1011010101,花叶类,403.426,350.022,-14.989,68.393
2022-08-20,1011010101,花叶类,429.043,344.502,68.028,16.513
2022-08-21,1011010101,花叶类,432.675,336.311,93.495,2.869
2022-08-22,1011010101,花叶类,303.2,323.601,-16.223,-4.178
2022-08-23,1011010101,花叶类,260.56,310.393,-40.694,-9.139
2022-08-24,1011010101,花叶类,233.767,301.13,-49.426,-17.937
2022-08-25,1011010101,花叶类,243.786,296.272,-52.557,0.071
2022-08-26,1011010101,花叶类,250.941,293.163,-7.398,-34.823
2022-08-27,1011010101,花叶类,357.705,291.272,88.864,-22.431
2022-08-28,1011010101,花叶类,252.244,291.76,81.071,-120.587
2022-08-29,1011010101,花叶类,297.05,294.307,-13.315,16.058
2022-08-30,1011010101,花叶类,236.727,298.135,-51.634,-9.775
2022-08-31,1011010101,花叶类,242.409,302.1,-55.074,-4.617
2022-09-01,1011010101,花叶类,311.034,305.414,-60.803,66.422
2022-09-02,1011010101,花叶类,328.216,307.485,2.586,18.145
2022-09-03,1011010101,花叶类,419.813,308.304,102.174,9.335
2022-09-04,1011010101,花叶类,491.166,308.829,85.823,96.513
2022-09-05,1011010101,花叶类,285.889,309.001,-20.604,-2.508
2022-09-06,1011010101,花叶类,250.203,307.224,-55.937,-1.083
2022-09-07,1011010101,花叶类,260.624,303.617,-57.891,14.898
2022-09-08,1011010101,花叶类,222.459,299.188,-62.112,-14.616
2022-09-09,1011010101,花叶类,311.923,293.738,11.911,6.275
2022-09-10,1011010101,花叶类,420.263,287.605,109.545,23.114
2022-09-11,1011010101,花叶类,352.428,281.369,79.644,-8.586
2022-09-12,1011010101,花叶类,315.002,275.529,-28.288,67.761
2022-09-13,1011010101,花叶类,216.669,270.827,-56.762,2.604
2022-09-14,1011010101,花叶类,185.157,266.633,-57.128,-24.348
2022-09-15,1011010101,花叶类,201.569,262.623,-56.846,-4.208
2022-09-16,1011010101,花叶类,193.806,260.402,5.649,-72.245
2022-09-17,1011010101,花叶类,360.256,260.165,109.767,-9.675
2022-09-18,1011010101,花叶类,378.496,260.212,90.708,27.577
2022-09-19,1011010101,花叶类,212.507,259.735,-31.296,-15.932
2022-09-20,1011010101,花叶类,262.543,258.683,-58.683,62.543
2022-09-21,1011010101,花叶类,213.475,256.296,-62.238,19.417
2022-09-22,1011010101,花叶类,226.528,252.413,-43.553,17.669
2022-09-23,1011010101,花叶类,243.19,247.491,-5.784,1.484
2022-09-24,1011010101,花叶类,345.852,241.359,101.88,2.613
2022-09-25,1011010101,花叶类,320.644,234.777,90.01,-4.143
2022-09-26,1011010101,花叶类,196.445,228.537,-22.979,-9.112
2022-09-27,1011010101,花叶类,158.187,223.627,-54.403,-11.037
2022-09-28,1011010101,花叶类,142.124,221.503,-57.651,-21.728
2022-09-29,1011010101,花叶类,175.757,222.245,-37.185,-9.303
2022-09-30,1011010101,花叶类,200.098,225.974,-22.729,-3.147
2022-10-01,1011010101,花叶类,318.485,233.127,96.621,-11.263
2022-10-02,1011010101,花叶类,253.861,241.994,85.074,-73.207
2022-10-03,1011010101,花叶类,254.587,245.624,-10.131,19.094
2022-10-04,1011010101,花叶类,328.918,249.517,-46.434,125.835
2022-10-05,1011010101,花叶类,373.666,255.96,-53.12,170.826
2022-10-06,1011010101,花叶类,353.217,263.071,-34.892,125.038
2022-10-07,1011010101,花叶类,471.807,269.218,-43.208,245.797
2022-10-08,1011010101,花叶类,361.239,272.42,93.532,-4.713
2022-10-09,1011010101,花叶类,342.075,275.399,77.803,-11.127
2022-10-10,1011010101,花叶类,288.07,279.769,-14.941,23.242
2022-10-11,1011010101,花叶类,244.759,282.559,-36.539,-1.261
2022-10-12,1011010101,花叶类,240.312,284.834,-53.114,8.592
2022-10-13,1011010101,花叶类,153.046,287.089,-38.71,-95.333
2022-10-14,1011010101,花叶类,135.637,288.466,-10.418,-142.411
2022-10-15,1011010101,花叶类,379.486,288.568,103.119,-12.201
2022-10-16,1011010101,花叶类,367.681,287.668,61.528,18.485
2022-10-17,1011010101,花叶类,247.302,286.428,-37.456,-1.67
2022-10-18,1011010101,花叶类,273.91,283.93,-38.15,28.13
2022-10-19,1011010101,花叶类,225.807,280.286,-45.125,-9.354
2022-10-20,1011010101,花叶类,242.853,277.109,-29.467,-4.789
2022-10-21,1011010101,花叶类,616.352,274.337,6.432,335.583
2022-10-22,1011010101,花叶类,299.448,270.7,129.18,-100.432
2022-10-23,1011010101,花叶类,242.892,265.635,43.636,-66.379
2022-10-24,1011010101,花叶类,199.326,259.975,-59.137,-1.512
2022-10-25,1011010101,花叶类,217.397,255.228,-47.83,9.999
2022-10-26,1011010101,花叶类,226.633,247.985,-47.478,26.126
2022-10-27,1011010101,花叶类,209.0,235.204,-45.471,19.267
2022-10-28,1011010101,花叶类,229.524,221.146,17.194,-8.816
2022-10-29,1011010101,花叶类,369.131,207.257,171.509,-9.636
2022-10-30,1011010101,花叶类,221.196,193.341,24.888,2.967
2022-10-31,1011010101,花叶类,85.398,181.839,-75.809,-20.632
2022-11-01,1011010101,花叶类,96.786,179.359,-71.655,-10.918
2022-11-02,1011010101,花叶类,0.0,181.605,-64.513,-117.092
2022-11-03,1011010101,花叶类,83.973,184.055,-73.987,-26.095
2022-11-04,1011010101,花叶类,0.0,186.732,-33.353,-153.379
2022-11-05,1011010101,花叶类,190.421,190.466,414.645,-414.69
2022-11-06,1011010101,花叶类,162.064,196.323,-32.024,-2.235
2022-11-07,1011010101,花叶类,102.677,204.227,-105.382,3.832
2022-11-08,1011010101,花叶类,96.371,213.931,-118.176,0.616
2022-11-09,1011010101,花叶类,129.325,226.38,-96.43,-0.625
2022-11-10,1011010101,花叶类,122.883,242.25,-103.517,-15.85
2022-11-11,1011010101,花叶类,173.21,258.636,-68.156,-17.27
2022-11-12,1011010101,花叶类,293.677,274.466,651.71,-632.498
2022-11-13,1011010101,花叶类,312.032,290.488,-101.045,122.589
2022-11-14,1011010101,花叶类,180.626,307.305,-137.721,11.041
2022-11-15,1011010101,花叶类,165.843,325.032,-168.767,9.577
2022-11-16,1011010101,花叶类,205.406,341.567,-133.344,-2.817
2022-11-17,1011010101,花叶类,232.975,351.412,-123.973,5.536
2022-11-18,1011010101,花叶类,385.687,355.743,-106.8,136.744
2022-11-19,1011010101,花叶类,1265.473,356.888,881.792,26.794
2022-11-20,1011010101,花叶类,146.034,356.584,-150.849,-59.701
2022-11-21,1011010101,花叶类,821.168,355.456,-103.353,569.066
2022-11-22,1011010101,花叶类,173.192,352.398,-199.194,19.988
2022-11-23,1011010101,花叶类,247.572,345.092,-122.077,24.557
2022-11-24,1011010101,花叶类,260.618,328.373,-82.082,14.327
2022-11-25,1011010101,花叶类,228.796,304.386,-75.731,0.141
2022-11-26,1011010101,花叶类,352.511,275.677,618.994,-542.161
2022-11-27,1011010101,花叶类,40.471,245.132,-202.344,-2.317
2022-11-28,1011010101,花叶类,40.862,234.981,-57.442,-136.677
2022-11-29,1011010101,花叶类,31.298,239.941,-110.708,-97.936
2022-11-30,1011010101,花叶类,0.0,228.448,-56.719,-171.729
2022-12-01,1011010101,花叶类,0.0,215.282,-41.432,-173.85
2022-12-02,1011010101,花叶类,0.0,205.879,-59.343,-146.536
2022-12-03,1011010101,花叶类,0.0,195.236,365.478,-560.714
2022-12-04,1011010101,花叶类,99.399,188.38,-93.928,4.946
2022-12-05,1011010101,花叶类,170.093,187.42,-10.055,-7.272
2022-12-06,1011010101,花叶类,226.171,186.456,-65.862,105.577
2022-12-07,1011010101,花叶类,272.787,186.157,-12.125,98.756
2022-12-08,1011010101,花叶类,173.924,186.311,-16.198,3.811
2022-12-09,1011010101,花叶类,140.88,186.698,-40.237,-5.581
2022-12-10,1011010101,花叶类,231.009,187.316,57.485,-13.792
2022-12-11,1011010101,花叶类,204.481,188.776,-2.841,18.546
2022-12-12,1011010101,花叶类,173.035,192.64,-13.8,-5.805
2022-12-13,1011010101,花叶类,185.802,198.94,-2.349,-10.789
2022-12-14,1011010101,花叶类,226.115,205.502,30.763,-10.15
2022-12-15,1011010101,花叶类,291.759,212.353,-17.855,97.261
2022-12-16,1011010101,花叶类,308.232,219.659,-41.892,130.465
2022-12-17,1011010101,花叶类,265.09,226.956,35.461,2.672
2022-12-18,1011010101,花叶类,295.364,234.607,45.423,15.335
2022-12-19,1011010101,花叶类,201.178,242.262,-23.946,-17.138
2022-12-20,1011010101,花叶类,252.224,248.445,-7.852,11.632
2022-12-21,1011010101,花叶类,285.265,253.356,11.927,19.982
2022-12-22,1011010101,花叶类,224.252,257.647,-26.239,-7.156
2022-12-23,1011010101,花叶类,210.784,261.006,-35.288,-14.934
2022-12-24,1011010101,花叶类,285.085,263.31,17.553,4.222
2022-12-25,1011010101,花叶类,362.94,264.859,78.914,19.168
2022-12-26,1011010101,花叶类,253.075,265.728,-24.224,11.57
2022-12-27,1011010101,花叶类,253.518,265.798,-8.194,-4.087
2022-12-28,1011010101,花叶类,257.429,264.383,-5.901,-1.054
2022-12-29,1011010101,花叶类,238.063,260.238,-26.639,4.463
2022-12-30,1011010101,花叶类,244.088,253.621,-22.868,13.334
2022-12-31,1011010101,花叶类,329.509,246.054,0.419,83.036
2023-01-01,1011010101,花叶类,329.635,238.875,85.444,5.316
2023-01-02,1011010101,花叶类,287.812,232.077,-16.646,72.381
2023-01-03,1011010101,花叶类,215.984,224.83,-10.301,1.454
2023-01-04,1011010101,花叶类,171.91,217.49,-20.559,-25.021
2023-01-05,1011010101,花叶类,186.069,211.699,-17.408,-8.221
2023-01-06,1011010101,花叶类,202.912,208.525,-4.293,-1.32
2023-01-07,1011010101,花叶类,187.324,207.128,-18.253,-1.551
2023-01-08,1011010101,花叶类,219.372,207.033,80.893,-68.553
2023-01-09,1011010101,花叶类,185.585,207.555,-7.488,-14.482
2023-01-10,1011010101,花叶类,200.196,208.38,-17.305,9.121
2023-01-11,1011010101,花叶类,185.254,209.216,-27.585,3.622
2023-01-12,1011010101,花叶类,202.709,209.973,-9.727,2.464
2023-01-13,1011010101,花叶类,215.635,210.639,6.424,-1.428
2023-01-14,1011010101,花叶类,447.993,210.88,-16.854,253.967
2023-01-15,1011010101,花叶类,278.968,210.547,70.389,-1.968
2023-01-16,1011010101,花叶类,216.173,209.947,-2.598,8.824
2023-01-17,1011010101,花叶类,180.232,214.776,-23.611,-10.933
2023-01-18,1011010101,花叶类,281.893,230.057,-32.866,84.703
2023-01-19,1011010101,花叶类,371.074,240.98,-5.087,135.181
2023-01-20,1011010101,花叶类,594.071,247.874,7.119,339.078
2023-01-21,1011010101,花叶类,0.0,253.763,-9.343,-244.42
2023-01-22,1011010101,花叶类,219.378,262.963,73.402,-116.987
2023-01-23,1011010101,花叶类,291.352,281.799,-2.513,12.066
2023-01-24,1011010101,花叶类,205.447,286.552,-29.346,-51.759
2023-01-25,1011010101,花叶类,245.072,279.221,-37.56,3.412
2023-01-26,1011010101,花叶类,272.125,270.628,-1.074,2.571
2023-01-27,1011010101,花叶类,283.135,261.64,3.753,17.741
2023-01-28,1011010101,花叶类,235.443,252.49,-7.391,-9.656
2023-01-29,1011010101,花叶类,229.694,243.368,79.931,-93.605
2023-01-30,1011010101,花叶类,218.18,234.735,-7.148,-9.407
2023-01-31,1011010101,花叶类,202.836,226.682,-34.89,11.044
2023-02-01,1011010101,花叶类,156.42,219.31,-41.271,-21.619
2023-02-02,1011010101,花叶类,204.688,213.053,-3.556,-4.809
2023-02-03,1011010101,花叶类,189.282,208.381,-6.633,-12.466
2023-02-04,1011010101,花叶类,252.725,205.136,21.577,26.012
2023-02-05,1011010101,花叶类,281.351,202.957,85.646,-7.252
2023-02-06,1011010101,花叶类,179.662,201.857,-15.615,-6.579
2023-02-07,1011010101,花叶类,154.543,201.944,-35.53,-11.872
2023-02-08,1011010101,花叶类,161.297,202.677,-36.354,-5.027
2023-02-09,1011010101,花叶类,203.645,203.702,-11.235,11.178
2023-02-10,1011010101,花叶类,175.847,204.56,-20.07,-8.643
2023-02-11,1011010101,花叶类,243.908,204.385,39.112,0.412
2023-02-12,1011010101,花叶类,309.307,203.203,80.585,25.519
2023-02-13,1011010101,花叶类,226.189,201.102,-20.628,45.714
2023-02-14,1011010101,花叶类,160.285,197.468,-34.098,-3.085
2023-02-15,1011010101,花叶类,184.475,192.893,-28.828,20.41
2023-02-16,1011010101,花叶类,155.351,188.278,-14.735,-18.192
2023-02-17,1011010101,花叶类,160.609,183.189,-23.28,0.7
2023-02-18,1011010101,花叶类,285.815,178.185,45.139,62.491
2023-02-19,1011010101,花叶类,230.404,173.964,73.652,-17.212
2023-02-20,1011010101,花叶类,140.164,170.57,-22.758,-7.648
2023-02-21,1011010101,花叶类,150.154,168.313,-31.714,13.555
2023-02-22,1011010101,花叶类,138.874,167.412,-21.059,-7.479
2023-02-23,1011010101,花叶类,154.467,166.879,-18.507,6.095
2023-02-24,1011010101,花叶类,134.956,166.088,-17.506,-13.627
2023-02-25,1011010101,花叶类,219.47,164.708,47.348,7.414
2023-02-26,1011010101,花叶类,243.01,162.931,60.29,19.789
2023-02-27,1011010101,花叶类,136.926,160.644,-27.436,3.718
2023-02-28,1011010101,花叶类,115.968,157.626,-28.055,-13.603
2023-03-01,1011010101,花叶类,139.125,153.996,-19.805,4.934
2023-03-02,1011010101,花叶类,131.001,150.595,-18.387,-1.207
2023-03-03,1011010101,花叶类,152.142,147.68,-9.811,14.273
2023-03-04,1011010101,花叶类,163.918,145.401,53.99,-35.473
2023-03-05,1011010101,花叶类,178.491,143.708,48.798,-14.016
2023-03-06,1011010101,花叶类,107.018,142.689,-30.05,-5.621
2023-03-07,1011010101,花叶类,125.449,142.475,-29.411,12.386
2023-03-08,1011010101,花叶类,119.807,143.726,-22.277,-1.642
2023-03-09,1011010101,花叶类,121.336,146.748,-18.268,-7.144
2023-03-10,1011010101,花叶类,131.927,151.501,-0.015,-19.559
2023-03-11,1011010101,花叶类,222.762,157.469,59.923,5.37
2023-03-12,1011010101,花叶类,195.971,164.832,41.874,-10.736
2023-03-13,1011010101,花叶类,135.094,173.691,-30.347,-8.25
2023-03-14,1011010101,花叶类,140.076,183.196,-29.261,-13.86
2023-03-15,1011010101,花叶类,171.809,192.36,-29.263,8.712
2023-03-16,1011010101,花叶类,190.911,200.529,-18.523,8.905
2023-03-17,1011010101,花叶类,238.58,207.223,5.817,25.54
2023-03-18,1011010101,花叶类,295.075,212.147,61.666,21.262
2023-03-19,1011010101,花叶类,255.654,214.79,41.843,-0.979
2023-03-20,1011010101,花叶类,199.663,215.118,-27.976,12.521
2023-03-21,1011010101,花叶类,195.648,213.483,-27.152,9.317
2023-03-22,1011010101,花叶类,170.723,210.113,-39.366,-0.023
2023-03-23,1011010101,花叶类,179.648,205.281,-16.018,-9.615
2023-03-24,1011010101,花叶类,202.72,199.856,8.392,-5.528
2023-03-25,1011010101,花叶类,253.903,195.03,54.588,4.285
2023-03-26,1011010101,花叶类,264.043,191.345,41.972,30.726
2023-03-27,1011010101,花叶类,152.435,188.375,-21.664,-14.276
2023-03-28,1011010101,花叶类,145.975,185.354,-16.845,-22.533
2023-03-29,1011010101,花叶类,130.475,182.42,-40.979,-10.966
2023-03-30,1011010101,花叶类,179.795,179.842,-19.627,19.581
2023-03-31,1011010101,花叶类,208.892,178.038,1.181,29.673
2023-04-01,1011010101,花叶类,208.377,176.745,45.435,-13.803
2023-04-02,1011010101,花叶类,185.985,174.604,45.482,-34.101
2023-04-03,1011010101,花叶类,170.821,171.141,-19.327,19.007
2023-04-04,1011010101,花叶类,171.641,166.829,-4.31,9.122
2023-04-05,1011010101,花叶类,217.271,162.366,-35.947,90.851
2023-04-06,1011010101,花叶类,136.403,158.803,-28.313,5.913
2023-04-07,1011010101,花叶类,131.267,155.858,-9.504,-15.087
2023-04-08,1011010101,花叶类,183.926,152.369,41.283,-9.726
2023-04-09,1011010101,花叶类,197.616,148.975,47.349,1.291
2023-04-10,1011010101,花叶类,123.411,147.359,-13.881,-10.067
2023-04-11,1011010101,花叶类,158.881,147.332,4.679,6.87
2023-04-12,1011010101,花叶类,119.342,148.076,-29.971,1.238
2023-04-13,1011010101,花叶类,92.251,149.951,-38.71,-18.99
2023-04-14,1011010101,花叶类,131.729,152.871,-17.231,-3.912
2023-04-15,1011010101,花叶类,208.169,156.187,30.694,21.288
2023-04-16,1011010101,花叶类,204.874,159.818,63.105,-18.048
2023-04-17,1011010101,花叶类,106.884,163.9,-7.816,-49.199
2023-04-18,1011010101,花叶类,182.607,168.836,6.287,7.484
2023-04-19,1011010101,花叶类,156.553,173.588,-25.818,8.783
2023-04-20,1011010101,花叶类,122.087,176.612,-45.627,-8.899
2023-04-21,1011010101,花叶类,215.684,178.385,-22.295,59.594
2023-04-22,1011010101,花叶类,330.85,179.912,20.027,130.911
2023-04-23,1011010101,花叶类,279.352,180.916,72.616,25.819
2023-04-24,1011010101,花叶类,190.222,181.616,-4.133,12.738
2023-04-25,1011010101,花叶类,163.704,182.156,5.204,-23.656
2023-04-26,1011010101,花叶类,148.39,181.294,-21.621,-11.283
2023-04-27,1011010101,花叶类,144.223,179.728,-42.795,7.29
2023-04-28,1011010101,花叶类,164.327,178.975,-25.247,10.599
2023-04-29,1011010101,花叶类,169.132,177.854,9.359,-18.081
2023-04-30,1011010101,花叶类,132.248,175.474,73.747,-116.972
2023-05-01,1011010101,花叶类,179.89,172.878,0.312,6.701
2023-05-02,1011010101,花叶类,199.057,170.507,3.358,25.192
2023-05-03,1011010101,花叶类,252.366,167.969,-17.077,101.474
2023-05-04,1011010101,花叶类,121.428,165.384,-36.185,-7.771
2023-05-05,1011010101,花叶类,115.371,162.7,-26.464,-20.865
2023-05-06,1011010101,花叶类,163.827,160.175,2.321,1.331
2023-05-07,1011010101,花叶类,238.132,159.086,68.427,10.619
2023-05-08,1011010101,花叶类,142.341,159.773,-0.481,-16.952
2023-05-09,1011010101,花叶类,145.033,161.082,6.8,-22.849
2023-05-10,1011010101,花叶类,159.328,162.309,-13.155,10.174
2023-05-11,1011010101,花叶类,158.484,163.825,-36.394,31.053
2023-05-12,1011010101,花叶类,142.706,165.362,-24.026,1.37
2023-05-13,1011010101,花叶类,179.071,166.5,12.402,0.169
2023-05-14,1011010101,花叶类,199.509,166.745,52.558,-19.794
2023-05-15,1011010101,花叶类,171.35,165.544,-3.402,9.208
2023-05-16,1011010101,花叶类,194.936,163.494,4.038,27.403
2023-05-17,1011010101,花叶类,150.478,161.732,-11.666,0.412
2023-05-18,1011010101,花叶类,112.688,160.422,-36.355,-11.378
2023-05-19,1011010101,花叶类,141.327,159.041,-17.06,-0.655
2023-05-20,1011010101,花叶类,177.822,157.423,24.782,-4.383
2023-05-21,1011010101,花叶类,197.446,155.983,46.091,-4.628
2023-05-22,1011010101,花叶类,154.18,155.472,-6.648,5.357
2023-05-23,1011010101,花叶类,150.721,156.067,0.143,-5.49
2023-05-24,1011010101,花叶类,135.51,157.093,-19.738,-1.844
2023-05-25,1011010101,花叶类,114.768,158.031,-38.437,-4.826
2023-05-26,1011010101,花叶类,154.12,159.032,-11.442,6.53
2023-05-27,1011010101,花叶类,274.537,160.426,40.238,73.873
2023-05-28,1011010101,花叶类,262.277,162.037,46.554,53.686
2023-05-29,1011010101,花叶类,146.434,163.67,-12.897,-4.338
2023-05-30,1011010101,花叶类,156.287,164.99,-6.449,-2.254
2023-05-31,1011010101,花叶类,136.132,165.825,-26.964,-2.729
2023-06-01,1011010101,花叶类,136.982,166.194,-39.984,10.772
2023-06-02,1011010101,花叶类,161.142,166.428,-8.346,3.06
2023-06-03,1011010101,花叶类,222.081,166.242,56.732,-0.893
2023-06-04,1011010101,花叶类,215.285,165.4,50.796,-0.911
2023-06-05,1011010101,花叶类,145.142,164.339,-21.282,2.086
2023-06-06,1011010101,花叶类,152.439,163.634,-13.652,2.457
2023-06-07,1011010101,花叶类,135.735,163.259,-31.211,3.687
2023-06-08,1011010101,花叶类,119.287,162.723,-32.284,-11.152
2023-06-09,1011010101,花叶类,140.024,161.413,0.688,-22.078
2023-06-10,1011010101,花叶类,240.235,159.395,61.841,18.999
2023-06-11,1011010101,花叶类,213.908,157.674,28.756,27.477
2023-06-12,1011010101,花叶类,127.399,156.93,-28.291,-1.24
2023-06-13,1011010101,花叶类,140.865,156.966,-14.032,-2.069
2023-06-14,1011010101,花叶类,115.605,157.216,-24.452,-17.159
2023-06-15,1011010101,花叶类,118.42,156.457,-14.763,-23.274
2023-06-16,1011010101,花叶类,172.11,154.839,9.856,7.414
2023-06-17,1011010101,花叶类,244.334,154.0,58.742,31.592
2023-06-18,1011010101,花叶类,253.447,154.235,6.025,93.187
2023-06-19,1011010101,花叶类,128.701,154.326,-36.388,10.763
2023-06-20,1011010101,花叶类,126.228,153.232,-12.894,-14.11
2023-06-21,1011010101,花叶类,126.263,150.284,-16.123,-7.898
2023-06-22,1011010101,花叶类,171.919,146.018,1.734,24.167
2023-06-23,1011010101,花叶类,178.718,142.039,18.933,17.746
2023-06-24,1011010101,花叶类,161.495,138.584,53.725,-30.814
2023-06-25,1011010101,花叶类,108.895,134.397,-18.213,-7.288
2023-06-26,1011010101,花叶类,80.524,129.975,-44.014,-5.437
2023-06-27,1011010101,花叶类,127.278,125.513,-11.129,12.894
2023-06-28,1011010101,花叶类,130.182,121.09,-6.458,15.55
2023-06-29,1011010101,花叶类,135.09,116.7,20.192,-1.802
2023-06-30,1011010101,花叶类,130.464,112.289,28.814,-10.639
2020-07-01,1011010201,花菜类,47.512,53.418,-6.273,0.367
2020-07-02,1011010201,花菜类,43.943,52.883,-8.828,-0.113
2020-07-03,1011010201,花菜类,42.076,52.339,-9.623,-0.64
2020-07-04,1011010201,花菜类,55.662,51.779,4.724,-0.841
2020-07-05,1011010201,花菜类,55.474,51.198,31.765,-27.489
2020-07-06,1011010201,花菜类,42.721,50.598,-10.769,2.893
2020-07-07,1011010201,花菜类,45.749,49.983,-1.728,-2.506
2020-07-08,1011010201,花菜类,45.433,49.35,-5.184,1.267
2020-07-09,1011010201,花菜类,41.131,48.635,-8.907,1.403
2020-07-10,1011010201,花菜类,62.344,48.023,-9.078,23.399
2020-07-11,1011010201,花菜类,76.564,47.638,6.377,22.548
2020-07-12,1011010201,花菜类,71.615,47.53,26.619,-2.534
2020-07-13,1011010201,花菜类,32.028,47.523,-8.458,-7.037
2020-07-14,1011010201,花菜类,57.575,47.529,-2.191,12.237
2020-07-15,1011010201,花菜类,37.962,48.105,-4.035,-6.107
2020-07-16,1011010201,花菜类,39.45,49.286,-8.773,-1.063
2020-07-17,1011010201,花菜类,44.198,50.436,-8.486,2.248
2020-07-18,1011010201,花菜类,61.088,51.315,7.992,1.781
2020-07-19,1011010201,花菜类,76.351,51.766,21.052,3.533
2020-07-20,1011010201,花菜类,47.431,51.778,-6.225,1.878
2020-07-21,1011010201,花菜类,49.005,51.539,-2.287,-0.247
2020-07-22,1011010201,花菜类,53.675,50.979,-3.153,5.849
2020-07-23,1011010201,花菜类,39.425,50.058,-8.63,-2.002
2020-07-24,1011010201,花菜类,38.873,48.928,-7.805,-2.25
2020-07-25,1011010201,花菜类,57.421,47.804,9.668,-0.051
2020-07-26,1011010201,花菜类,64.119,46.841,15.41,1.868
2020-07-27,1011010201,花菜类,42.876,46.048,-3.584,0.412
2020-07-28,1011010201,花菜类,34.937,45.372,-2.624,-7.812
2020-07-29,1011010201,花菜类,42.22,44.877,-2.017,-0.639
2020-07-30,1011010201,花菜类,38.198,44.546,-7.704,1.356
2020-07-31,1011010201,花菜类,37.549,44.388,-7.206,0.367
2020-08-01,1011010201,花菜类,54.362,44.442,9.541,0.378
2020-08-02,1011010201,花菜类,49.219,44.697,10.029,-5.507
2020-08-03,1011010201,花菜类,44.426,45.077,-2.042,1.39
2020-08-04,1011010201,花菜类,44.534,45.533,-1.884,0.885
2020-08-05,1011010201,花菜类,43.631,46.219,-1.765,-0.822
2020-08-06,1011010201,花菜类,40.827,47.201,-4.585,-1.789
2020-08-07,1011010201,花菜类,40.272,48.272,-5.816,-2.184
2020-08-08,1011010201,花菜类,58.156,49.242,7.278,1.636
2020-08-09,1011010201,花菜类,54.876,50.203,6.479,-1.806
2020-08-10,1011010201,花菜类,50.7,51.243,-3.366,2.823
2020-08-11,1011010201,花菜类,56.279,52.199,-1.187,5.267
2020-08-12,1011010201,花菜类,50.065,53.061,-0.626,-2.37
2020-08-13,1011010201,花菜类,47.468,53.894,0.569,-6.995
2020-08-14,1011010201,花菜类,58.582,54.754,-6.407,10.234
2020-08-15,1011010201,花菜类,79.38,55.601,4.898,18.882
2020-08-16,1011010201,花菜类,60.231,56.27,7.65,-3.689
2020-08-17,1011010201,花菜类,51.749,56.849,-6.738,1.639
2020-08-18,1011010201,花菜类,55.92,57.429,-1.318,-0.191
2020-08-19,1011010201,花菜类,64.061,57.588,-3.752,10.225
2020-08-20,1011010201,花菜类,69.587,57.244,9.55,2.793
2020-08-21,1011010201,花菜类,50.062,56.677,-6.723,0.109
2020-08-22,1011010201,花菜类,55.886,55.768,3.782,-3.664
2020-08-23,1011010201,花菜类,71.556,54.472,8.528,8.556
2020-08-24,1011010201,花菜类,41.784,53.291,-10.426,-1.081
2020-08-25,1011010201,花菜类,47.761,52.246,-1.915,-2.57
2020-08-26,1011010201,花菜类,82.544,51.528,-5.241,36.258
2020-08-27,1011010201,花菜类,92.506,51.391,12.318,28.797
2020-08-28,1011010201,花菜类,39.93,51.263,-6.38,-4.953
2020-08-29,1011010201,花菜类,56.803,51.005,4.839,0.96
2020-08-30,1011010201,花菜类,80.779,50.95,9.657,20.172
2020-08-31,1011010201,花菜类,54.722,51.083,-13.764,17.403
2020-09-01,1011010201,花菜类,55.858,51.058,-2.995,7.795
2020-09-02,1011010201,花菜类,38.716,50.738,-7.627,-4.395
2020-09-03,1011010201,花菜类,38.893,50.162,14.301,-25.57
2020-09-04,1011010201,花菜类,46.612,48.878,-6.644,4.378
2020-09-05,1011010201,花菜类,57.828,46.994,7.25,3.584
2020-09-06,1011010201,花菜类,53.202,45.239,9.153,-1.19
2020-09-07,1011010201,花菜类,26.257,43.608,-12.6,-4.751
2020-09-08,1011010201,花菜类,33.239,41.915,-3.391,-5.285
2020-09-09,1011010201,花菜类,32.73,40.119,-9.688,2.299
2020-09-10,1011010201,花菜类,57.319,38.523,15.983,2.814
2020-09-11,1011010201,花菜类,31.538,37.232,-5.442,-0.252
2020-09-12,1011010201,花菜类,43.337,36.011,7.759,-0.433
2020-09-13,1011010201,花菜类,41.704,34.702,8.234,-1.232
2020-09-14,1011010201,花菜类,64.257,33.54,-10.689,41.406
2020-09-15,1011010201,花菜类,29.878,33.306,-3.315,-0.114
2020-09-16,1011010201,花菜类,59.448,34.122,-7.906,33.232
2020-09-17,1011010201,花菜类,32.648,35.155,6.757,-9.264
2020-09-18,1011010201,花菜类,27.705,35.812,-2.189,-5.917
2020-09-19,1011010201,花菜类,82.76,36.458,6.022,40.28
2020-09-20,1011010201,花菜类,53.497,37.43,7.698,8.369
2020-09-21,1011010201,花菜类,39.191,38.597,-6.967,7.56
2020-09-22,1011010201,花菜类,40.905,39.419,-3.192,4.677
2020-09-23,1011010201,花菜类,31.972,39.283,-4.487,-2.824
2020-09-24,1011010201,花菜类,38.952,38.12,1.765,-0.933
2020-09-25,1011010201,花菜类,41.561,36.295,0.522,4.744
2020-09-26,1011010201,花菜类,86.643,34.431,2.287,49.925
2020-09-27,1011010201,花菜类,35.964,33.087,8.166,-5.289
2020-09-28,1011010201,花菜类,24.576,33.167,-6.679,-1.912
2020-09-29,1011010201,花菜类,28.105,33.899,-2.65,-3.144
2020-09-30,1011010201,花菜类,60.771,35.059,-1.77,27.482
2020-10-01,1011010201,花菜类,93.928,37.143,-0.645,57.429
2020-10-02,1011010201,花菜类,67.145,39.53,3.558,24.057
2020-10-03,1011010201,花菜类,44.493,41.628,2.338,0.527
2020-10-04,1011010201,花菜类,34.491,43.735,8.909,-18.152
2020-10-05,1011010201,花菜类,92.279,46.069,-9.822,56.032
2020-10-06,1011010201,花菜类,108.157,47.758,-1.925,62.324
2020-10-07,1011010201,花菜类,56.266,48.865,3.548,3.853
2020-10-08,1011010201,花菜类,49.58,49.76,-0.727,0.547
2020-10-09,1011010201,花菜类,55.845,50.056,3.692,2.097
2020-10-10,1011010201,花菜类,37.393,49.252,-10.593,-1.266
2020-10-11,1011010201,花菜类,60.47,48.125,11.294,1.051
2020-10-12,1011010201,花菜类,34.815,46.953,-10.178,-1.961
2020-10-13,1011010201,花菜类,47.321,45.725,-2.153,3.749
2020-10-14,1011010201,花菜类,48.259,44.318,5.666,-1.725
2020-10-15,1011010201,花菜类,59.624,42.865,-3.913,20.672
2020-10-16,1011010201,花菜类,88.361,41.719,-1.355,47.997
2020-10-17,1011010201,花菜类,109.311,40.509,8.223,60.579
2020-10-18,1011010201,花菜类,91.597,39.157,12.273,40.167
2020-10-19,1011010201,花菜类,57.412,37.676,-12.501,32.237
2020-10-20,1011010201,花菜类,30.899,36.38,-4.089,-1.392
2020-10-21,1011010201,花菜类,40.555,35.151,2.71,2.693
2020-10-22,1011010201,花菜类,26.166,34.403,-7.792,-0.444
2020-10-23,1011010201,花菜类,23.854,33.845,-8.028,-1.963
2020-10-24,1011010201,花菜类,31.113,33.468,20.214,-22.569
2020-10-25,1011010201,花菜类,43.114,33.479,13.669,-4.034
2020-10-26,1011010201,花菜类,22.371,34.023,-14.189,2.536
2020-10-27,1011010201,花菜类,23.305,35.146,-7.572,-4.27
2020-10-28,1011010201,花菜类,30.297,36.972,0.506,-7.182
2020-10-29,1011010201,花菜类,24.902,39.733,-10.823,-4.008
2020-10-30,1011010201,花菜类,28.939,43.347,-11.175,-3.233
2020-10-31,1011010201,花菜类,82.701,47.408,35.393,-0.1
2020-11-01,1011010201,花菜类,69.062,51.872,13.765,3.426
2020-11-02,1011010201,花菜类,32.726,56.595,-15.855,-8.014
2020-11-03,1011010201,花菜类,52.795,61.039,-11.646,3.402
2020-11-04,1011010201,花菜类,67.527,64.732,-3.771,6.565
2020-11-05,1011010201,花菜类,57.354,67.677,-12.063,1.741
2020-11-06,1011010201,花菜类,95.136,69.702,-10.817,36.251
2020-11-07,1011010201,花菜类,121.453,71.071,45.928,4.454
2020-11-08,1011010201,花菜类,125.591,71.848,13.888,39.855
2020-11-09,1011010201,花菜类,57.592,72.042,-16.535,2.086
2020-11-10,1011010201,花菜类,25.698,71.497,-15.006,-30.792
2020-11-11,1011010201,花菜类,63.25,70.429,-7.145,-0.033
2020-11-12,1011010201,花菜类,13.406,68.917,-12.746,-42.765
2020-11-13,1011010201,花菜类,60.306,67.302,-10.26,3.265
2020-11-14,1011010201,花菜类,84.001,65.717,45.046,-26.762
2020-11-15,1011010201,花菜类,77.798,64.319,17.726,-4.247
2020-11-16,1011010201,花菜类,48.64,63.249,-13.039,-1.571
2020-11-17,1011010201,花菜类,43.621,62.605,-16.805,-2.179
2020-11-18,1011010201,花菜类,50.438,62.631,-10.964,-1.229
2020-11-19,1011010201,花菜类,77.165,62.868,-12.911,27.208
2020-11-20,1011010201,花菜类,52.701,61.253,-10.544,1.992
2020-11-21,1011010201,花菜类,114.066,59.087,43.336,11.642
2020-11-22,1011010201,花菜类,119.596,57.292,21.5,40.804
2020-11-23,1011010201,花菜类,74.623,55.716,-9.841,28.748
2020-11-24,1011010201,花菜类,60.927,53.935,-17.383,24.375
2020-11-25,1011010201,花菜类,37.137,51.473,-14.345,0.009
2020-11-26,1011010201,花菜类,34.766,48.746,-13.597,-0.383
2020-11-27,1011010201,花菜类,28.934,46.823,-12.06,-5.829
2020-11-28,1011010201,花菜类,79.441,45.682,39.083,-5.324
2020-11-29,1011010201,花菜类,77.335,44.653,27.528,5.154
2020-11-30,1011010201,花菜类,41.156,43.721,-7.915,5.35
2020-12-01,1011010201,花菜类,25.82,42.88,-14.459,-2.601
2020-12-02,1011010201,花菜类,24.46,42.095,-16.037,-1.598
2020-12-03,1011010201,花菜类,27.342,41.286,-14.655,0.711
2020-12-04,1011010201,花菜类,27.457,40.349,-12.718,-0.174
2020-12-05,1011010201,花菜类,72.116,39.412,31.552,1.153
2020-12-06,1011010201,花菜类,67.968,38.78,31.415,-2.227
2020-12-07,1011010201,花菜类,29.017,38.457,-6.268,-3.172
2020-12-08,1011010201,花菜类,29.686,38.348,-11.768,3.105
2020-12-09,1011010201,花菜类,20.825,38.48,-14.974,-2.681
2020-12-10,1011010201,花菜类,20.405,38.793,-12.517,-5.872
2020-12-11,1011010201,花菜类,30.644,39.114,-11.744,3.273
2020-12-12,1011010201,花菜类,66.118,39.418,26.787,-0.087
2020-12-13,1011010201,花菜类,78.67,39.627,24.96,14.083
2020-12-14,1011010201,花菜类,33.376,39.755,-6.098,-0.28
2020-12-15,1011010201,花菜类,33.43,39.836,-9.691,3.285
2020-12-16,1011010201,花菜类,26.065,39.792,-11.238,-2.489
2020-12-17,1011010201,花菜类,31.098,39.653,-9.784,1.229
2020-12-18,1011010201,花菜类,26.454,39.716,-10.341,-2.92
2020-12-19,1011010201,花菜类,60.29,40.033,22.83,-2.573
2020-12-20,1011010201,花菜类,89.851,40.477,20.342,29.032
2020-12-21,1011010201,花菜类,37.057,40.934,-6.299,2.422
2020-12-22,1011010201,花菜类,27.346,41.343,-8.495,-5.502
2020-12-23,1011010201,花菜类,39.823,41.679,-6.757,4.901
2020-12-24,1011010201,花菜类,39.293,41.952,-6.136,3.477
2020-12-25,1011010201,花菜类,33.711,41.94,-9.206,0.977
2020-12-26,1011010201,花菜类,62.717,41.526,19.275,1.916
2020-12-27,1011010201,花菜类,51.016,40.772,14.671,-4.427
2020-12-28,1011010201,花菜类,33.949,39.64,-6.31,0.619
2020-12-29,1011010201,花菜类,33.714,38.508,-9.486,4.692
2020-12-30,1011010201,花菜类,33.438,37.531,-5.139,1.046
2020-12-31,1011010201,花菜类,23.092,36.552,-2.42,-11.04
2021-01-01,1011010201,花菜类,55.985,35.683,-7.504,27.806
2021-01-02,1011010201,花菜类,31.833,35.433,16.094,-19.694
2021-01-03,1011010201,花菜类,50.09,35.387,14.437,0.266
2021-01-04,1011010201,花菜类,24.728,35.12,-6.498,-3.894
2021-01-05,1011010201,花菜类,49.049,35.243,-9.339,23.145
2021-01-06,1011010201,花菜类,51.711,35.799,-5.297,21.209
2021-01-07,1011010201,花菜类,42.427,36.104,-1.428,7.751
2021-01-08,1011010201,花菜类,29.703,36.179,-5.883,-0.592
2021-01-09,1011010201,花菜类,47.188,36.196,13.089,-2.098
2021-01-10,1011010201,花菜类,57.696,35.848,14.87,6.978
2021-01-11,1011010201,花菜类,28.862,35.228,-6.444,0.078
2021-01-12,1011010201,花菜类,18.847,34.732,-8.68,-7.205
2021-01-13,1011010201,花菜类,25.301,34.461,-5.19,-3.97
2021-01-14,1011010201,花菜类,34.119,34.503,-1.156,0.773
2021-01-15,1011010201,花菜类,30.979,34.781,-4.566,0.764
2021-01-16,1011010201,花菜类,45.807,35.193,10.295,0.318
2021-01-17,1011010201,花菜类,45.21,35.639,14.567,-4.996
2021-01-18,1011010201,花菜类,33.17,36.07,-6.288,3.388
2021-01-19,1011010201,花菜类,33.818,36.655,-9.659,6.822
2021-01-20,1011010201,花菜类,33.627,37.466,-3.263,-0.577
2021-01-21,1011010201,花菜类,27.553,38.51,-0.506,-10.451
2021-01-22,1011010201,花菜类,32.636,39.672,-2.225,-4.812
2021-01-23,1011010201,花菜类,48.218,40.857,9.552,-2.191
2021-01-24,1011010201,花菜类,56.086,42.245,10.433,3.408
2021-01-25,1011010201,花菜类,34.554,44.147,-8.288,-1.305
2021-01-26,1011010201,花菜类,36.857,46.526,-10.824,1.155
2021-01-27,1011010201,花菜类,50.986,48.972,1.844,0.17
2021-01-28,1011010201,花菜类,47.788,51.067,1.543,-4.822
2021-01-29,1011010201,花菜类,56.588,52.812,-0.87,4.646
2021-01-30,1011010201,花菜类,63.124,54.167,6.88,2.077
2021-01-31,1011010201,花菜类,37.907,55.287,4.633,-22.013
2021-02-01,1011010201,花菜类,25.144,56.318,-0.778,-30.395
2021-02-02,1011010201,花菜类,41.328,57.106,-16.965,1.187
2021-02-03,1011010201,花菜类,84.615,57.633,0.258,26.725
2021-02-04,1011010201,花菜类,69.983,57.752,10.226,2.005
2021-02-05,1011010201,花菜类,58.169,57.474,2.071,-1.376
2021-02-06,1011010201,花菜类,75.497,56.768,3.878,14.852
2021-02-07,1011010201,花菜类,53.682,53.593,-0.542,0.631
2021-02-08,1011010201,花菜类,122.215,47.043,1.301,73.871
2021-02-09,1011010201,花菜类,139.056,42.723,-15.478,111.81
2021-02-10,1011010201,花菜类,167.055,39.419,0.351,127.285
2021-02-11,1011010201,花菜类,0.0,35.879,4.42,-40.299
2021-02-12,1011010201,花菜类,0.0,31.026,5.69,-36.716
2021-02-13,1011010201,花菜类,22.759,24.432,1.397,-3.07
2021-02-14,1011010201,花菜类,16.607,23.952,-4.267,-3.077
2021-02-15,1011010201,花菜类,41.123,26.907,10.345,3.871
2021-02-16,1011010201,花菜类,40.493,29.272,-14.879,26.1
2021-02-17,1011010201,花菜类,33.589,31.058,1.558,0.972
2021-02-18,1011010201,花菜类,56.001,32.566,3.008,20.427
2021-02-19,1011010201,花菜类,47.197,34.076,6.183,6.939
2021-02-20,1011010201,花菜类,39.445,35.432,1.554,2.459
2021-02-21,1011010201,花菜类,35.248,36.329,1.162,-2.243
2021-02-22,1011010201,花菜类,30.813,36.953,-0.678,-5.462
2021-02-23,1011010201,花菜类,24.456,37.598,-12.054,-1.088
2021-02-24,1011010201,花菜类,37.41,38.176,-3.525,2.758
2021-02-25,1011010201,花菜类,39.885,38.682,0.749,0.454
2021-02-26,1011010201,花菜类,70.064,39.002,7.903,23.159
2021-02-27,1011010201,花菜类,74.704,39.159,5.192,30.353
2021-02-28,1011010201,花菜类,54.964,39.132,4.951,10.881
2021-03-01,1011010201,花菜类,28.579,38.997,-3.919,-6.499
2021-03-02,1011010201,花菜类,40.61,38.713,-6.816,8.713
2021-03-03,1011010201,花菜类,22.01,38.512,-6.615,-9.887
2021-03-04,1011010201,花菜类,18.952,38.567,-1.287,-18.327
2021-03-05,1011010201,花菜类,41.955,38.263,4.351,-0.658
2021-03-06,1011010201,花菜类,64.332,37.681,7.445,19.206
2021-03-07,1011010201,花菜类,84.586,37.179,9.133,38.273
2021-03-08,1011010201,花菜类,45.65,36.766,-5.273,14.157
2021-03-09,1011010201,花菜类,34.073,36.441,-6.037,3.669
2021-03-10,1011010201,花菜类,25.101,35.74,-8.367,-2.273
2021-03-11,1011010201,花菜类,30.749,34.666,-3.581,-0.336
2021-03-12,1011010201,花菜类,31.282,33.548,3.74,-6.006
2021-03-13,1011010201,花菜类,43.017,32.924,8.982,1.11
2021-03-14,1011010201,花菜类,41.13,32.716,11.737,-3.323
2021-03-15,1011010201,花菜类,28.603,32.761,-4.31,0.152
2021-03-16,1011010201,花菜类,19.792,33.107,-7.65,-5.665
2021-03-17,1011010201,花菜类,29.326,33.678,-9.269,4.916
2021-03-18,1011010201,花菜类,29.081,34.427,-6.269,0.923
2021-03-19,1011010201,花菜类,42.902,35.189,7.515,0.198
2021-03-20,1011010201,花菜类,34.377,35.841,11.072,-12.536
2021-03-21,1011010201,花菜类,51.413,36.308,12.272,2.833
2021-03-22,1011010201,花菜类,30.625,36.629,-6.051,0.047
2021-03-23,1011010201,花菜类,28.634,36.853,-11.37,3.152
2021-03-24,1011010201,花菜类,27.331,37.111,-10.415,0.634
2021-03-25,1011010201,花菜类,25.174,37.346,-8.772,-3.4
2021-03-26,1011010201,花菜类,48.956,37.663,11.829,-0.536
2021-03-27,1011010201,花菜类,51.805,38.395,13.409,0.002
2021-03-28,1011010201,花菜类,50.119,39.645,12.979,-2.505
2021-03-29,1011010201,花菜类,60.434,41.323,-5.301,24.411
2021-03-30,1011010201,花菜类,26.924,43.352,-11.804,-4.625
2021-03-31,1011010201,花菜类,28.74,45.664,-12.122,-4.802
2021-04-01,1011010201,花菜类,39.109,47.854,-11.164,2.418
2021-04-02,1011010201,花菜类,69.53,48.161,13.261,8.108
2021-04-03,1011010201,花菜类,68.593,46.884,15.4,6.309
2021-04-04,1011010201,花菜类,71.456,45.692,12.288,13.476
2021-04-05,1011010201,花菜类,76.701,44.788,-6.093,38.007
2021-04-06,1011010201,花菜类,13.13,43.713,-11.028,-19.555
2021-04-07,1011010201,花菜类,26.939,41.935,-11.835,-3.161
2021-04-08,1011010201,花菜类,22.294,39.516,-10.901,-6.321
2021-04-09,1011010201,花菜类,51.978,37.676,12.171,2.131
2021-04-10,1011010201,花菜类,50.186,37.267,15.055,-2.136
2021-04-11,1011010201,花菜类,47.112,37.297,11.855,-2.04
2021-04-12,1011010201,花菜类,32.027,37.237,-6.941,1.731
2021-04-13,1011010201,花菜类,28.593,37.154,-10.2,1.639
2021-04-14,1011010201,花菜类,30.12,37.04,-10.346,3.427
2021-04-15,1011010201,花菜类,27.05,36.958,-9.634,-0.274
2021-04-16,1011010201,花菜类,40.232,36.952,8.677,-5.397
2021-04-17,1011010201,花菜类,77.636,37.162,16.54,23.934
2021-04-18,1011010201,花菜类,48.315,37.589,8.714,2.012
2021-04-19,1011010201,花菜类,25.092,38.165,-4.563,-8.51
2021-04-20,1011010201,花菜类,30.338,39.012,-8.895,0.22
2021-04-21,1011010201,花菜类,49.748,39.98,-8.217,17.985
2021-04-22,1011010201,花菜类,34.615,40.433,-8.198,2.38
2021-04-23,1011010201,花菜类,47.035,40.471,3.685,2.88
2021-04-24,1011010201,花菜类,107.309,40.592,16.333,50.384
2021-04-25,1011010201,花菜类,94.264,40.728,6.121,47.416
2021-04-26,1011010201,花菜类,43.118,40.515,-2.372,4.975
2021-04-27,1011010201,花菜类,26.49,39.932,-6.994,-6.449
2021-04-28,1011010201,花菜类,29.405,39.202,-7.054,-2.743
2021-04-29,1011010201,花菜类,33.858,38.53,-8.145,3.474
2021-04-30,1011010201,花菜类,38.125,38.194,0.442,-0.51
2021-05-01,1011010201,花菜类,57.443,37.879,18.041,1.523
2021-05-02,1011010201,花菜类,36.466,37.262,5.534,-6.33
2021-05-03,1011010201,花菜类,37.613,36.296,-0.679,1.995
2021-05-04,1011010201,花菜类,37.838,35.079,-5.283,8.042
2021-05-05,1011010201,花菜类,34.156,34.011,-6.449,6.594
2021-05-06,1011010201,花菜类,21.199,33.173,-8.783,-3.191
2021-05-07,1011010201,花菜类,26.046,32.306,-0.002,-6.258
2021-05-08,1011010201,花菜类,28.122,31.423,10.672,-13.973
2021-05-09,1011010201,花菜类,37.443,30.693,8.114,-1.364
2021-05-10,1011010201,花菜类,30.866,30.461,-0.761,1.166
2021-05-11,1011010201,花菜类,27.768,30.807,-3.559,0.52
2021-05-12,1011010201,花菜类,19.252,31.48,-3.99,-8.238
2021-05-13,1011010201,花菜类,24.095,32.188,-9.331,1.238
2021-05-14,1011010201,花菜类,40.997,32.803,-1.486,9.68
2021-05-15,1011010201,花菜类,37.347,33.312,4.66,-0.626
2021-05-16,1011010201,花菜类,52.382,33.748,16.641,1.993
2021-05-17,1011010201,花菜类,27.587,34.116,-2.41,-4.119
2021-05-18,1011010201,花菜类,31.098,34.566,-4.934,1.466
2021-05-19,1011010201,花菜类,33.901,35.232,-2.498,1.167
2021-05-20,1011010201,花菜类,17.189,36.113,-7.663,-11.261
2021-05-21,1011010201,花菜类,33.979,37.251,-2.005,-1.267
2021-05-22,1011010201,花菜类,34.962,38.59,2.478,-6.106
2021-05-23,1011010201,花菜类,64.231,40.045,17.882,6.304
2021-05-24,1011010201,花菜类,40.924,41.601,-4.186,3.509
2021-05-25,1011010201,花菜类,29.554,43.272,-5.89,-7.828
2021-05-26,1011010201,花菜类,46.547,44.661,-1.167,3.053
2021-05-27,1011010201,花菜类,43.952,45.569,-5.41,3.793
2021-05-28,1011010201,花菜类,42.189,46.031,-4.346,0.503
2021-05-29,1011010201,花菜类,52.779,45.984,4.767,2.029
2021-05-30,1011010201,花菜类,21.296,45.572,16.968,-41.244
2021-05-31,1011010201,花菜类,39.165,44.742,-5.698,0.121
2021-06-01,1011010201,花菜类,41.593,43.322,-6.031,4.302
2021-06-02,1011010201,花菜类,43.414,41.582,-2.107,3.939
2021-06-03,1011010201,花菜类,36.284,39.757,-1.302,-2.17
2021-06-04,1011010201,花菜类,31.416,37.902,-5.956,-0.529
2021-06-05,1011010201,花菜类,61.486,36.024,7.321,18.141
2021-06-06,1011010201,花菜类,42.143,34.419,15.486,-7.761
2021-06-07,1011010201,花菜类,24.819,33.826,-8.543,-0.465
2021-06-08,1011010201,花菜类,25.106,34.263,-4.315,-4.842
2021-06-09,1011010201,花菜类,26.845,35.464,-6.758,-1.86
2021-06-10,1011010201,花菜类,13.847,37.497,1.078,-24.728
2021-06-11,1011010201,花菜类,21.048,39.938,-5.338,-13.552
2021-06-12,1011010201,花菜类,52.462,41.826,8.971,1.665
2021-06-13,1011010201,花菜类,62.324,42.955,12.749,6.62
2021-06-14,1011010201,花菜类,73.037,43.831,-5.664,34.87
2021-06-15,1011010201,花菜类,45.326,44.122,-4.715,5.919
2021-06-16,1011010201,花菜类,12.99,43.355,-7.582,-22.783
2021-06-17,1011010201,花菜类,48.477,41.951,1.222,5.304
2021-06-18,1011010201,花菜类,34.971,40.093,-5.724,0.603
2021-06-19,1011010201,花菜类,44.511,38.085,8.994,-2.568
2021-06-20,1011010201,花菜类,43.614,36.651,13.241,-6.278
2021-06-21,1011010201,花菜类,54.07,35.952,-4.697,22.816
2021-06-22,1011010201,花菜类,26.162,36.125,-3.792,-6.171
2021-06-23,1011010201,花菜类,57.723,36.362,-8.128,29.488
2021-06-24,1011010201,花菜类,34.885,36.407,0.475,-1.998
2021-06-25,1011010201,花菜类,40.437,36.801,-6.507,10.143
2021-06-26,1011010201,花菜类,71.821,37.559,9.585,24.677
2021-06-27,1011010201,花菜类,56.542,38.1,11.929,6.512
2021-06-28,1011010201,花菜类,35.784,38.281,-2.384,-0.113
2021-06-29,1011010201,花菜类,34.383,37.928,-1.033,-2.512
2021-06-30,1011010201,花菜类,27.052,37.205,-9.249,-0.903
2021-07-01,1011010201,花菜类,33.72,36.626,-4.28,1.374
2021-07-02,1011010201,花菜类,24.972,36.687,-7.226,-4.49
2021-07-03,1011010201,花菜类,48.497,37.084,11.601,-0.188
2021-07-04,1011010201,花菜类,45.679,37.53,12.541,-4.392
2021-07-05,1011010201,花菜类,66.355,37.961,-7.934,36.328
2021-07-06,1011010201,花菜类,44.901,38.353,1.555,4.993
2021-07-07,1011010201,花菜类,40.488,38.612,-0.693,2.569
2021-07-08,1011010201,花菜类,61.361,39.149,-8.201,30.413
2021-07-09,1011010201,花菜类,28.476,39.859,-8.507,-2.876
2021-07-10,1011010201,花菜类,70.59,40.319,10.531,19.74
2021-07-11,1011010201,花菜类,75.634,40.488,13.198,21.947
2021-07-12,1011010201,花菜类,24.48,40.622,-11.855,-4.287
2021-07-13,1011010201,花菜类,47.258,41.1,3.086,3.071
2021-07-14,1011010201,花菜类,50.127,42.064,4.979,3.084
2021-07-15,1011010201,花菜类,27.632,43.16,-10.831,-4.696
2021-07-16,1011010201,花菜类,39.074,44.203,-6.669,1.54
2021-07-17,1011010201,花菜类,79.353,45.034,10.039,24.281
2021-07-18,1011010201,花菜类,60.81,45.514,15.595,-0.298
2021-07-19,1011010201,花菜类,34.935,45.675,-13.99,3.25
2021-07-20,1011010201,花菜类,46.461,45.635,-0.116,0.942
2021-07-21,1011010201,花菜类,52.983,45.287,1.884,5.812
2021-07-22,1011010201,花菜类,34.223,44.437,-11.129,0.915
2021-07-23,1011010201,花菜类,38.509,43.236,-2.531,-2.196
2021-07-24,1011010201,花菜类,51.625,42.148,8.967,0.51
2021-07-25,1011010201,花菜类,60.229,41.468,20.484,-1.723
2021-07-26,1011010201,花菜类,25.066,40.92,-12.911,-2.944
2021-07-27,1011010201,花菜类,53.678,40.415,-4.573,17.836
2021-07-28,1011010201,花菜类,58.303,39.916,-4.844,23.232
2021-07-29,1011010201,花菜类,31.376,39.303,-7.851,-0.077
2021-07-30,1011010201,花菜类,43.631,38.61,-0.486,5.507
2021-07-31,1011010201,花菜类,47.859,37.87,11.041,-1.052
2021-08-01,1011010201,花菜类,66.798,36.666,24.859,5.273
2021-08-02,1011010201,花菜类,24.162,35.057,-12.477,1.581
2021-08-03,1011010201,花菜类,20.641,33.335,-7.977,-4.717
2021-08-04,1011010201,花菜类,14.278,31.478,-11.156,-6.044
2021-08-05,1011010201,花菜类,26.638,29.506,-6.061,3.194
2021-08-06,1011010201,花菜类,28.948,27.558,-0.935,2.326
2021-08-07,1011010201,花菜类,40.416,25.735,12.999,1.682
2021-08-08,1011010201,花菜类,50.406,23.997,28.493,-2.084
2021-08-09,1011010201,花菜类,56.607,22.112,-11.893,46.389
2021-08-10,1011010201,花菜类,11.233,20.079,-9.688,0.842
2021-08-11,1011010201,花菜类,1.054,18.745,-15.248,-2.443
2021-08-12,1011010201,花菜类,12.87,18.186,-6.514,1.197
2021-08-13,1011010201,花菜类,3.504,17.935,-0.993,-13.438
2021-08-14,1011010201,花菜类,16.528,17.841,14.52,-15.833
2021-08-15,1011010201,花菜类,8.103,17.894,30.333,-40.124
2021-08-16,1011010201,花菜类,6.045,18.022,-12.007,0.03
2021-08-17,1011010201,花菜类,9.498,18.337,-8.736,-0.102
2021-08-18,1011010201,花菜类,8.645,18.799,-14.602,4.449
2021-08-19,1011010201,花菜类,8.906,19.023,-8.605,-1.512
2021-08-20,1011010201,花菜类,47.274,18.847,-1.689,30.117
2021-08-21,1011010201,花菜类,34.9,18.539,14.583,1.777
2021-08-22,1011010201,花菜类,1.546,18.36,30.72,-47.534
2021-08-23,1011010201,花菜类,4.509,18.293,-13.569,-0.215
2021-08-24,1011010201,花菜类,9.207,18.315,-7.233,-1.875
2021-08-25,1011010201,花菜类,2.219,18.588,-14.046,-2.323
2021-08-26,1011010201,花菜类,5.452,19.118,-9.501,-4.164
2021-08-27,1011010201,花菜类,19.568,19.796,-2.193,1.965
2021-08-28,1011010201,花菜类,35.502,20.659,12.1,2.743
2021-08-29,1011010201,花菜类,56.181,21.563,34.389,0.229
2021-08-30,1011010201,花菜类,48.287,22.351,-11.866,37.802
2021-08-31,1011010201,花菜类,42.879,23.025,-6.759,26.613
2021-09-01,1011010201,花菜类,8.003,23.561,-13.017,-2.541
2021-09-02,1011010201,花菜类,27.869,23.961,-9.87,13.778
2021-09-03,1011010201,花菜类,24.967,24.339,-0.439,1.067
2021-09-04,1011010201,花菜类,32.878,24.719,9.591,-1.432
2021-09-05,1011010201,花菜类,51.129,24.931,27.314,-1.117
2021-09-06,1011010201,花菜类,34.751,24.839,-10.057,19.969
2021-09-07,1011010201,花菜类,23.172,24.315,-5.622,4.479
2021-09-08,1011010201,花菜类,15.183,23.449,-9.799,1.534
2021-09-09,1011010201,花菜类,14.255,22.596,-8.165,-0.176
2021-09-10,1011010201,花菜类,24.651,21.774,-3.49,6.367
2021-09-11,1011010201,花菜类,18.06,20.796,9.941,-12.677
2021-09-12,1011010201,花菜类,32.063,19.833,24.724,-12.494
2021-09-13,1011010201,花菜类,11.356,19.121,-8.025,0.26
2021-09-14,1011010201,花菜类,10.777,18.767,-6.702,-1.289
2021-09-15,1011010201,花菜类,12.702,18.978,-5.729,-0.547
2021-09-16,1011010201,花菜类,9.283,20.085,-4.907,-5.895
2021-09-17,1011010201,花菜类,13.163,21.813,-8.504,-0.147
2021-09-18,1011010201,花菜类,35.325,23.335,12.807,-0.817
2021-09-19,1011010201,花菜类,51.647,24.402,23.093,4.152
2021-09-20,1011010201,花菜类,71.31,25.52,-14.063,59.853
2021-09-21,1011010201,花菜类,56.3,26.593,-9.768,39.476
2021-09-22,1011010201,花菜类,39.498,27.109,-2.685,15.073
2021-09-23,1011010201,花菜类,27.898,27.299,-1.059,1.658
2021-09-24,1011010201,花菜类,8.431,27.492,-8.082,-10.978
2021-09-25,1011010201,花菜类,51.184,27.15,15.469,8.565
2021-09-26,1011010201,花菜类,2.299,26.597,21.988,-46.285
2021-09-27,1011010201,花菜类,4.863,26.292,-17.399,-4.029
2021-09-28,1011010201,花菜类,12.669,25.996,-9.651,-3.676
2021-09-29,1011010201,花菜类,23.336,25.686,-2.293,-0.058
2021-09-30,1011010201,花菜类,34.511,25.458,0.516,8.537
2021-10-01,1011010201,花菜类,57.984,25.373,-6.872,39.483
2021-10-02,1011010201,花菜类,41.094,25.231,15.374,0.49
2021-10-03,1011010201,花菜类,42.314,25.017,19.466,-2.169
2021-10-04,1011010201,花菜类,41.943,24.65,-17.864,35.157
2021-10-05,1011010201,花菜类,52.78,24.125,-8.435,37.09
2021-10-06,1011010201,花菜类,42.757,23.533,-1.789,21.014
2021-10-07,1011010201,花菜类,23.278,23.145,-0.369,0.502
2021-10-08,1011010201,花菜类,19.823,22.861,-3.926,0.888
2021-10-09,1011010201,花菜类,22.222,22.565,12.805,-13.148
2021-10-10,1011010201,花菜类,43.425,22.104,13.915,7.406
2021-10-11,1011010201,花菜类,4.407,21.862,-12.929,-4.526
2021-10-12,1011010201,花菜类,18.892,21.782,-5.184,2.295
2021-10-13,1011010201,花菜类,16.528,21.8,-0.948,-4.324
2021-10-14,1011010201,花菜类,14.852,21.873,-3.583,-3.438
2021-10-15,1011010201,花菜类,23.991,21.971,-0.64,2.66
2021-10-16,1011010201,花菜类,36.28,21.974,8.274,6.032
2021-10-17,1011010201,花菜类,26.795,21.84,9.257,-4.302
2021-10-18,1011010201,花菜类,20.606,21.419,-8.038,7.225
2021-10-19,1011010201,花菜类,16.958,20.632,-2.483,-1.191
2021-10-20,1011010201,花菜类,25.154,19.41,0.306,5.439
2021-10-21,1011010201,花菜类,11.947,18.018,-6.085,0.014
2021-10-22,1011010201,花菜类,16.412,16.748,-0.159,-0.177
2021-10-23,1011010201,花菜类,18.086,15.641,4.853,-2.408
2021-10-24,1011010201,花菜类,9.108,14.639,6.383,-11.914
2021-10-25,1011010201,花菜类,8.749,13.931,-2.964,-2.218
2021-10-26,1011010201,花菜类,12.041,13.734,-1.358,-0.336
2021-10-27,1011010201,花菜类,15.305,14.242,1.657,-0.595
2021-10-28,1011010201,花菜类,6.449,15.436,-6.942,-2.045
2021-10-29,1011010201,花菜类,13.574,17.146,0.158,-3.73
2021-10-30,1011010201,花菜类,17.279,19.129,1.61,-3.46
2021-10-31,1011010201,花菜类,28.424,21.226,5.642,1.556
2021-11-01,1011010201,花菜类,26.24,23.327,-0.892,3.805
2021-11-02,1011010201,花菜类,25.844,25.239,-0.388,0.993
2021-11-03,1011010201,花菜类,27.868,26.819,1.931,-0.882
2021-11-04,1011010201,花菜类,23.879,27.975,-7.472,3.376
2021-11-05,1011010201,花菜类,37.479,28.616,-0.711,9.574
2021-11-06,1011010201,花菜类,29.401,28.691,0.193,0.517
2021-11-07,1011010201,花菜类,35.638,28.259,7.817,-0.438
2021-11-08,1011010201,花菜类,28.296,27.415,-0.963,1.844
2021-11-09,1011010201,花菜类,28.493,26.215,-0.587,2.865
2021-11-10,1011010201,花菜类,27.656,24.723,1.343,1.589
2021-11-11,1011010201,花菜类,13.156,23.114,-7.289,-2.669
2021-11-12,1011010201,花菜类,18.935,21.489,-0.703,-1.85
2021-11-13,1011010201,花菜类,20.049,19.808,1.136,-0.895
2021-11-14,1011010201,花菜类,30.582,18.124,8.292,4.167
2021-11-15,1011010201,花菜类,12.677,16.616,-2.35,-1.589
2021-11-16,1011010201,花菜类,12.525,15.38,-0.78,-2.075
2021-11-17,1011010201,花菜类,15.791,14.39,0.883,0.519
2021-11-18,1011010201,花菜类,6.018,13.535,-6.42,-1.097
2021-11-19,1011010201,花菜类,8.768,12.853,-0.768,-3.317
2021-11-20,1011010201,花菜类,14.406,12.483,2.74,-0.817
2021-11-21,1011010201,花菜类,19.739,12.528,7.716,-0.505
2021-11-22,1011010201,花菜类,9.756,12.906,-4.386,1.237
2021-11-23,1011010201,花菜类,9.495,13.472,-0.393,-3.584
2021-11-24,1011010201,花菜类,12.559,14.129,0.078,-1.648
2021-11-25,1011010201,花菜类,10.217,14.913,-4.994,0.298
2021-11-26,1011010201,花菜类,17.511,15.827,-0.65,2.334
2021-11-27,1011010201,花菜类,23.115,16.849,4.557,1.709
2021-11-28,1011010201,花菜类,21.817,17.825,5.68,-1.688
2021-11-29,1011010201,花菜类,9.182,18.579,-4.197,-5.2
2021-11-30,1011010201,花菜类,25.737,19.087,-1.159,7.809
2021-12-01,1011010201,花菜类,19.322,19.402,-1.507,1.426
2021-12-02,1011010201,花菜类,18.263,19.628,-3.673,2.308
2021-12-03,1011010201,花菜类,20.739,19.777,0.437,0.525
2021-12-04,1011010201,花菜类,22.865,19.673,7.414,-4.222
2021-12-05,1011010201,花菜类,25.795,19.195,2.181,4.419
2021-12-06,1011010201,花菜类,14.424,18.59,-2.554,-1.612
2021-12-07,1011010201,花菜类,16.639,18.135,-2.784,1.288
2021-12-08,1011010201,花菜类,15.059,17.989,-3.786,0.856
2021-12-09,1011010201,花菜类,12.175,18.117,-2.613,-3.33
2021-12-10,1011010201,花菜类,14.231,18.489,2.095,-6.353
2021-12-11,1011010201,花菜类,30.45,19.15,9.498,1.802
2021-12-12,1011010201,花菜类,15.656,20.194,1.466,-6.004
2021-12-13,1011010201,花菜类,27.925,21.583,-1.498,7.84
2021-12-14,1011010201,花菜类,13.141,23.282,-4.897,-5.244
2021-12-15,1011010201,花菜类,18.179,24.883,-5.658,-1.046
2021-12-16,1011010201,花菜类,25.768,25.891,-2.988,2.865
2021-12-17,1011010201,花菜类,34.299,26.338,3.918,4.043
2021-12-18,1011010201,花菜类,42.242,26.578,10.255,5.409
2021-12-19,1011010201,花菜类,51.133,26.742,1.396,22.995
2021-12-20,1011010201,花菜类,26.659,26.818,-1.23,1.07
2021-12-21,1011010201,花菜类,18.202,26.563,-4.659,-3.702
2021-12-22,1011010201,花菜类,14.458,25.897,-5.579,-5.86
2021-12-23,1011010201,花菜类,24.073,25.159,-4.141,3.055
2021-12-24,1011010201,花菜类,30.135,24.76,2.325,3.05
2021-12-25,1011010201,花菜类,33.162,24.73,9.01,-0.577
2021-12-26,1011010201,花菜类,28.498,24.896,3.721,-0.12
2021-12-27,1011010201,花菜类,15.213,25.278,-2.126,-7.939
2021-12-28,1011010201,花菜类,24.145,25.924,-0.521,-1.258
2021-12-29,1011010201,花菜类,24.749,27.266,-4.581,2.064
2021-12-30,1011010201,花菜类,17.651,29.153,-6.291,-5.212
2021-12-31,1011010201,花菜类,69.793,31.222,-2.172,40.743
2022-01-01,1011010201,花菜类,38.272,33.348,5.783,-0.859
2022-01-02,1011010201,花菜类,26.605,35.366,10.165,-18.926
2022-01-03,1011010201,花菜类,38.027,37.221,-5.406,6.212
2022-01-04,1011010201,花菜类,45.257,39.022,6.516,-0.282
2022-01-05,1011010201,花菜类,39.688,40.465,-3.401,2.624
2022-01-06,1011010201,花菜类,35.897,41.304,-8.936,3.53
2022-01-07,1011010201,花菜类,31.834,41.664,-6.92,-2.911
2022-01-08,1011010201,花菜类,43.284,41.388,3.343,-1.447
2022-01-09,1011010201,花菜类,114.262,40.655,17.11,56.498
2022-01-10,1011010201,花菜类,35.175,39.773,-9.132,4.534
2022-01-11,1011010201,花菜类,54.466,38.849,9.628,5.989
2022-01-12,1011010201,花菜类,35.007,37.888,-4.443,1.561
2022-01-13,1011010201,花菜类,21.816,36.686,-8.753,-6.117
2022-01-14,1011010201,花菜类,23.405,35.063,-9.279,-2.38
2022-01-15,1011010201,花菜类,37.538,34.117,2.618,0.803
2022-01-16,1011010201,花菜类,58.007,34.182,23.566,0.26
2022-01-17,1011010201,花菜类,11.755,34.666,-14.254,-8.657
2022-01-18,1011010201,花菜类,9.211,35.498,11.031,-37.319
2022-01-19,1011010201,花菜类,16.223,36.201,-5.703,-14.275
2022-01-20,1011010201,花菜类,32.318,36.656,-10.842,6.504
2022-01-21,1011010201,花菜类,32.031,37.256,-5.675,0.45
2022-01-22,1011010201,花菜类,64.541,38.189,2.912,23.44
2022-01-23,1011010201,花菜类,74.249,38.901,22.81,12.538
2022-01-24,1011010201,花菜类,22.147,38.986,-12.833,-4.005
2022-01-25,1011010201,花菜类,48.877,38.774,10.324,-0.221
2022-01-26,1011010201,花菜类,32.217,38.48,-7.287,1.023
2022-01-27,1011010201,花菜类,58.027,39.624,-11.903,30.305
2022-01-28,1011010201,花菜类,85.253,40.954,-3.341,47.64
2022-01-29,1011010201,花菜类,90.907,41.358,3.33,46.219
2022-01-30,1011010201,花菜类,102.128,42.032,18.6,41.497
2022-01-31,1011010201,花菜类,0.0,42.814,-7.152,-35.662
2022-02-01,1011010201,花菜类,13.968,44.585,8.115,-38.732
2022-02-02,1011010201,花菜类,38.729,45.239,-7.827,1.317
2022-02-03,1011010201,花菜类,26.229,44.469,-12.393,-5.848
2022-02-04,1011010201,花菜类,48.036,43.512,-2.239,6.763
2022-02-05,1011010201,花菜类,45.665,42.263,3.35,0.053
2022-02-06,1011010201,花菜类,52.784,40.745,13.888,-1.848
2022-02-07,1011010201,花菜类,43.144,39.091,-0.333,4.386
2022-02-08,1011010201,花菜类,44.616,37.444,5.159,2.012
2022-02-09,1011010201,花菜类,25.255,35.86,-7.002,-3.603
2022-02-10,1011010201,花菜类,23.057,34.34,-11.93,0.647
2022-02-11,1011010201,花菜类,24.982,32.953,-1.947,-6.025
2022-02-12,1011010201,花菜类,35.481,31.654,3.406,0.421
2022-02-13,1011010201,花菜类,37.882,30.506,9.296,-1.92
2022-02-14,1011010201,花菜类,35.754,29.646,3.296,2.812
2022-02-15,1011010201,花菜类,30.547,29.08,1.507,-0.041
2022-02-16,1011010201,花菜类,21.875,28.655,-5.763,-1.017
2022-02-17,1011010201,花菜类,20.645,28.258,-6.227,-1.386
2022-02-18,1011010201,花菜类,24.401,27.993,-3.281,-0.311
2022-02-19,1011010201,花菜类,49.665,27.987,3.769,17.909
2022-02-20,1011010201,花菜类,36.386,28.13,8.518,-0.262
2022-02-21,1011010201,花菜类,28.045,28.221,0.459,-0.636
2022-02-22,1011010201,花菜类,21.47,28.177,-1.515,-5.192
2022-02-23,1011010201,花菜类,28.796,28.013,-4.434,5.217
2022-02-24,1011010201,花菜类,34.624,27.781,-2.974,9.817
2022-02-25,1011010201,花菜类,25.668,27.478,-2.635,0.825
2022-02-26,1011010201,花菜类,29.244,27.08,4.763,-2.599
2022-02-27,1011010201,花菜类,34.072,26.475,9.043,-1.445
2022-02-28,1011010201,花菜类,22.582,25.625,-2.96,-0.084
2022-03-01,1011010201,花菜类,22.944,24.698,-4.073,2.319
2022-03-02,1011010201,花菜类,18.905,23.929,-3.656,-1.368
2022-03-03,1011010201,花菜类,21.88,23.269,-1.217,-0.172
2022-03-04,1011010201,花菜类,20.119,22.588,-1.439,-1.03
2022-03-05,1011010201,花菜类,29.269,21.885,6.157,1.226
2022-03-06,1011010201,花菜类,31.384,21.248,9.086,1.05
2022-03-07,1011010201,花菜类,0.632,20.757,-4.495,-15.63
2022-03-08,1011010201,花菜类,14.951,20.406,-4.413,-1.042
2022-03-09,1011010201,花菜类,15.084,19.985,-4.161,-0.74
2022-03-10,1011010201,花菜类,16.971,19.394,-1.705,-0.718
2022-03-11,1011010201,花菜类,19.221,18.706,-0.524,1.039
2022-03-12,1011010201,花菜类,27.529,18.031,7.706,1.792
2022-03-13,1011010201,花菜类,30.393,17.414,7.105,5.874
2022-03-14,1011010201,花菜类,9.127,16.877,-5.214,-2.536
2022-03-15,1011010201,花菜类,7.721,16.35,-2.997,-5.632
2022-03-16,1011010201,花菜类,11.877,15.856,-3.805,-0.175
2022-03-17,1011010201,花菜类,12.813,15.451,-2.317,-0.321
2022-03-18,1011010201,花菜类,14.473,15.105,0.824,-1.455
2022-03-19,1011010201,花菜类,24.298,14.792,7.13,2.377
2022-03-20,1011010201,花菜类,16.749,14.503,3.361,-1.115
2022-03-21,1011010201,花菜类,13.613,14.15,-4.846,4.309
2022-03-22,1011010201,花菜类,16.239,13.731,-0.986,3.494
2022-03-23,1011010201,花菜类,7.625,13.22,-1.68,-3.915
2022-03-24,1011010201,花菜类,7.711,12.622,-1.904,-3.007
2022-03-25,1011010201,花菜类,14.528,12.467,1.46,0.602
2022-03-26,1011010201,花菜类,16.707,13.559,5.557,-2.408
2022-03-27,1011010201,花菜类,11.68,15.345,-0.932,-2.733
2022-03-28,1011010201,花菜类,2.089,16.873,-2.917,-11.867
2022-03-29,1011010201,花菜类,0.0,18.121,0.511,-18.632
2022-03-30,1011010201,花菜类,30.3,19.321,-0.242,11.221
2022-03-31,1011010201,花菜类,25.097,20.608,-2.049,6.538
2022-04-01,1011010201,花菜类,26.905,22.011,1.324,3.57
2022-04-02,1011010201,花菜类,26.163,22.704,3.994,-0.535
2022-04-03,1011010201,花菜类,16.438,21.762,-2.239,-3.086
2022-04-04,1011010201,花菜类,22.224,19.947,-2.314,4.59
2022-04-05,1011010201,花菜类,21.248,18.059,0.637,2.552
2022-04-06,1011010201,花菜类,17.497,16.262,1.019,0.216
2022-04-07,1011010201,花菜类,10.494,14.57,-2.351,-1.725
2022-04-08,1011010201,花菜类,10.629,13.009,1.336,-3.716
2022-04-09,1011010201,花菜类,15.591,11.612,3.367,0.612
2022-04-10,1011010201,花菜类,7.757,10.468,-0.518,-2.193
2022-04-11,1011010201,花菜类,6.383,9.712,-1.023,-2.306
2022-04-12,1011010201,花菜类,6.375,9.443,-1.34,-1.728
2022-04-13,1011010201,花菜类,9.797,9.578,0.061,0.158
2022-04-14,1011010201,花菜类,6.047,9.927,-3.591,-0.289
2022-04-15,1011010201,花菜类,10.73,10.378,1.721,-1.369
2022-04-16,1011010201,花菜类,12.666,10.924,4.386,-2.644
2022-04-17,1011010201,花菜类,20.254,11.549,1.595,7.11
2022-04-18,1011010201,花菜类,12.087,12.196,-0.593,0.484
2022-04-19,1011010201,花菜类,7.869,12.781,-2.888,-2.023
2022-04-20,1011010201,花菜类,11.413,13.298,-1.694,-0.191
2022-04-21,1011010201,花菜类,8.548,13.658,-4.635,-0.475
2022-04-22,1011010201,花菜类,18.726,13.825,1.902,2.999
2022-04-23,1011010201,花菜类,19.648,13.981,4.737,0.931
2022-04-24,1011010201,花菜类,15.603,14.377,4.436,-3.21
2022-04-25,1011010201,花菜类,16.833,14.988,-1.021,2.865
2022-04-26,1011010201,花菜类,9.969,15.603,-2.694,-2.94
2022-04-27,1011010201,花菜类,9.138,16.156,-2.586,-4.432
2022-04-28,1011010201,花菜类,11.202,16.89,-4.866,-0.823
2022-04-29,1011010201,花菜类,21.479,18.004,0.724,2.751
2022-04-30,1011010201,花菜类,28.319,19.307,3.664,5.349
2022-05-01,1011010201,花菜类,23.295,20.496,7.916,-5.117
2022-05-02,1011010201,花菜类,13.734,21.487,-0.614,-7.139
2022-05-03,1011010201,花菜类,27.601,22.366,-3.003,8.238
2022-05-04,1011010201,花菜类,26.182,23.233,-3.543,6.492
2022-05-05,1011010201,花菜类,18.79,24.099,-4.461,-0.848
2022-05-06,1011010201,花菜类,20.488,24.896,-1.73,-2.678
2022-05-07,1011010201,花菜类,23.375,25.492,3.421,-5.539
2022-05-08,1011010201,花菜类,42.607,25.744,11.116,5.747
2022-05-09,1011010201,花菜类,29.087,25.915,-1.459,4.631
2022-05-10,1011010201,花菜类,22.638,26.316,-3.006,-0.672
2022-05-11,1011010201,花菜类,19.261,26.676,-3.309,-4.106
2022-05-12,1011010201,花菜类,24.59,26.619,-3.533,1.504
2022-05-13,1011010201,花菜类,21.993,26.173,-4.54,0.36
2022-05-14,1011010201,花菜类,48.521,25.488,3.798,19.235
2022-05-15,1011010201,花菜类,43.781,24.812,12.873,6.096
2022-05-16,1011010201,花菜类,23.633,24.198,-1.83,1.265
2022-05-17,1011010201,花菜类,15.163,23.395,-3.801,-4.431
2022-05-18,1011010201,花菜类,20.24,22.316,-3.667,1.591
2022-05-19,1011010201,花菜类,17.603,21.337,-2.486,-1.248
2022-05-20,1011010201,花菜类,13.908,20.892,-5.154,-1.83
2022-05-21,1011010201,花菜类,26.494,20.98,5.526,-0.013
2022-05-22,1011010201,花菜类,23.847,21.353,11.7,-9.206
2022-05-23,1011010201,花菜类,15.361,21.901,-2.007,-4.533
2022-05-24,1011010201,花菜类,27.64,22.647,-4.764,9.757
2022-05-25,1011010201,花菜类,19.562,23.581,-3.734,-0.285
2022-05-26,1011010201,花菜类,25.011,24.496,-2.222,2.737
2022-05-27,1011010201,花菜类,18.568,25.222,-4.464,-2.19
2022-05-28,1011010201,花菜类,35.114,25.627,8.374,1.114
2022-05-29,1011010201,花菜类,42.403,25.783,7.946,8.674
2022-05-30,1011010201,花菜类,24.336,25.81,-2.088,0.614
2022-05-31,1011010201,花菜类,15.854,25.612,-3.709,-6.049
2022-06-01,1011010201,花菜类,22.234,25.156,-4.123,1.201
2022-06-02,1011010201,花菜类,20.605,24.66,-2.473,-1.583
2022-06-03,1011010201,花菜类,29.489,24.178,-3.838,9.149
2022-06-04,1011010201,花菜类,13.898,23.827,8.884,-18.813
2022-06-05,1011010201,花菜类,21.97,23.586,6.463,-8.079
2022-06-06,1011010201,花菜类,23.309,23.362,-0.931,0.877
2022-06-07,1011010201,花菜类,20.909,23.051,-3.252,1.11
2022-06-08,1011010201,花菜类,17.046,22.853,-4.278,-1.529
2022-06-09,1011010201,花菜类,21.532,22.958,-4.024,2.598
2022-06-10,1011010201,花菜类,13.058,23.234,-2.516,-7.66
2022-06-11,1011010201,花菜类,34.691,23.452,8.109,3.129
2022-06-12,1011010201,花菜类,29.698,23.676,6.141,-0.12
2022-06-13,1011010201,花菜类,23.638,23.978,-0.112,-0.229
2022-06-14,1011010201,花菜类,23.587,24.307,-2.302,1.582
2022-06-15,1011010201,花菜类,18.931,24.596,-2.989,-2.676
2022-06-16,1011010201,花菜类,18.079,24.778,-5.872,-0.827
2022-06-17,1011010201,花菜类,27.301,24.829,-2.725,5.197
2022-06-18,1011010201,花菜类,29.834,24.792,5.337,-0.295
2022-06-19,1011010201,花菜类,31.956,24.595,8.482,-1.121
2022-06-20,1011010201,花菜类,26.02,24.241,-1.017,2.795
2022-06-21,1011010201,花菜类,22.014,23.851,-1.022,-0.814
2022-06-22,1011010201,花菜类,23.449,23.484,-1.982,1.947
2022-06-23,1011010201,花菜类,14.583,23.207,-6.919,-1.705
2022-06-24,1011010201,花菜类,17.64,23.092,-1.951,-3.5
2022-06-25,1011010201,花菜类,22.426,23.205,1.7,-2.479
2022-06-26,1011010201,花菜类,36.32,23.833,12.079,0.408
2022-06-27,1011010201,花菜类,21.772,24.988,-3.365,0.149
2022-06-28,1011010201,花菜类,23.307,26.413,1.477,-4.583
2022-06-29,1011010201,花菜类,40.424,27.765,-2.149,14.808
2022-06-30,1011010201,花菜类,47.528,29.096,-7.341,25.773
2022-07-01,1011010201,花菜类,28.897,30.436,-2.829,1.29
2022-07-02,1011010201,花菜类,55.851,31.93,-0.98,24.901
2022-07-03,1011010201,花菜类,48.788,33.713,14.102,0.973
2022-07-04,1011010201,花菜类,27.955,35.788,-4.11,-3.723
2022-07-05,1011010201,花菜类,42.64,38.16,6.52,-2.04
2022-07-06,1011010201,花菜类,31.186,40.728,-1.789,-7.753
2022-07-07,1011010201,花菜类,50.962,43.209,-8.136,15.889
2022-07-08,1011010201,花菜类,48.356,45.23,-6.213,9.339
2022-07-09,1011010201,花菜类,44.535,46.703,-2.864,0.696
2022-07-10,1011010201,花菜类,67.457,47.899,14.38,5.177
2022-07-11,1011010201,花菜类,24.264,48.417,-3.125,-21.029
2022-07-12,1011010201,花菜类,64.579,47.786,10.184,6.609
2022-07-13,1011010201,花菜类,46.435,46.653,-2.231,2.013
2022-07-14,1011010201,花菜类,34.033,45.58,-7.674,-3.873
2022-07-15,1011010201,花菜类,30.18,44.71,-8.465,-6.065
2022-07-16,1011010201,花菜类,59.714,44.072,-4.459,20.102
2022-07-17,1011010201,花菜类,53.705,43.74,11.865,-1.9
2022-07-18,1011010201,花菜类,43.19,43.653,-0.002,-0.461
2022-07-19,1011010201,花菜类,33.363,43.969,11.46,-22.066
2022-07-20,1011010201,花菜类,43.777,44.888,-1.199,0.089
2022-07-21,1011010201,花菜类,38.147,46.776,-9.01,0.381
2022-07-22,1011010201,花菜类,33.655,49.639,-10.285,-5.7
2022-07-23,1011010201,花菜类,45.47,52.73,-2.562,-4.698
2022-07-24,1011010201,花菜类,45.96,55.869,10.898,-20.807
2022-07-25,1011010201,花菜类,79.565,59.16,2.19,18.215
2022-07-26,1011010201,花菜类,74.472,62.527,10.123,1.822
2022-07-27,1011010201,花菜类,67.503,65.913,-2.763,4.353
2022-07-28,1011010201,花菜类,60.76,68.949,-9.423,1.234
2022-07-29,1011010201,花菜类,64.225,71.07,-9.216,2.37
2022-07-30,1011010201,花菜类,61.873,72.339,2.36,-12.826
2022-07-31,1011010201,花菜类,49.207,73.406,9.375,-33.574
2022-08-01,1011010201,花菜类,82.282,74.531,2.184,5.567
2022-08-02,1011010201,花菜类,80.493,75.586,4.808,0.099
2022-08-03,1011010201,花菜类,68.436,76.518,-5.117,-2.965
2022-08-04,1011010201,花菜类,65.154,77.193,-9.583,-2.456
2022-08-05,1011010201,花菜类,72.799,77.53,-7.136,2.405
2022-08-06,1011010201,花菜类,96.079,77.753,11.436,6.89
2022-08-07,1011010201,花菜类,86.982,78.151,8.62,0.211
2022-08-08,1011010201,花菜类,76.689,78.79,0.893,-2.994
2022-08-09,1011010201,花菜类,75.303,79.486,-1.711,-2.471
2022-08-10,1011010201,花菜类,71.454,80.257,-7.15,-1.653
2022-08-11,1011010201,花菜类,73.029,81.258,-6.297,-1.932
2022-08-12,1011010201,花菜类,74.91,82.595,-6.275,-1.41
2022-08-13,1011010201,花菜类,102.596,84.276,15.076,3.245
2022-08-14,1011010201,花菜类,120.907,86.184,11.099,23.623
2022-08-15,1011010201,花菜类,85.398,87.141,-1.298,-0.445
2022-08-16,1011010201,花菜类,81.22,85.155,-8.109,4.174
2022-08-17,1011010201,花菜类,87.672,82.295,-8.363,13.74
2022-08-18,1011010201,花菜类,121.725,78.966,-1.891,44.65
2022-08-19,1011010201,花菜类,186.155,75.638,-5.447,115.964
2022-08-20,1011010201,花菜类,123.124,72.312,12.849,37.964
2022-08-21,1011010201,花菜类,82.198,68.81,12.856,0.532
2022-08-22,1011010201,花菜类,45.204,64.604,-1.148,-18.252
2022-08-23,1011010201,花菜类,43.039,60.764,-10.543,-7.182
2022-08-24,1011010201,花菜类,46.96,57.689,-9.069,-1.66
2022-08-25,1011010201,花菜类,63.776,54.94,0.351,8.485
2022-08-26,1011010201,花菜类,48.086,52.747,-3.425,-1.236
2022-08-27,1011010201,花菜类,57.998,51.102,10.26,-3.364
2022-08-28,1011010201,花菜类,88.504,49.704,13.3,25.5
2022-08-29,1011010201,花菜类,45.738,48.381,-0.282,-2.361
2022-08-30,1011010201,花菜类,66.738,47.247,-11.576,31.067
2022-08-31,1011010201,花菜类,35.261,46.559,-10.741,-0.558
2022-09-01,1011010201,花菜类,47.503,46.445,-0.016,1.074
2022-09-02,1011010201,花菜类,42.416,46.858,1.871,-6.313
2022-09-03,1011010201,花菜类,53.626,47.649,10.365,-4.388
2022-09-04,1011010201,花菜类,62.544,48.678,12.337,1.529
2022-09-05,1011010201,花菜类,53.158,49.918,-1.182,4.421
2022-09-06,1011010201,花菜类,39.139,51.195,-10.696,-1.36
2022-09-07,1011010201,花菜类,40.007,52.432,-11.379,-1.047
2022-09-08,1011010201,花菜类,43.258,53.394,-10.552,0.417
2022-09-09,1011010201,花菜类,68.172,53.903,8.932,5.337
2022-09-10,1011010201,花菜类,72.293,53.977,15.919,2.397
2022-09-11,1011010201,花菜类,63.234,53.729,11.163,-1.657
2022-09-12,1011010201,花菜类,71.588,53.131,-4.583,23.04
2022-09-13,1011010201,花菜类,47.126,52.316,-8.313,3.123
2022-09-14,1011010201,花菜类,41.841,51.413,-12.607,3.035
2022-09-15,1011010201,花菜类,27.431,50.527,-14.667,-8.429
2022-09-16,1011010201,花菜类,41.283,49.674,11.427,-19.818
2022-09-17,1011010201,花菜类,69.613,48.86,21.255,-0.502
2022-09-18,1011010201,花菜类,57.716,48.278,9.659,-0.221
2022-09-19,1011010201,花菜类,38.815,48.097,-6.621,-2.661
2022-09-20,1011010201,花菜类,42.297,48.17,-8.068,2.195
2022-09-21,1011010201,花菜类,32.068,48.142,-13.156,-2.918
2022-09-22,1011010201,花菜类,50.388,47.688,-17.214,19.914
2022-09-23,1011010201,花菜类,65.746,47.119,11.816,6.811
2022-09-24,1011010201,花菜类,75.743,46.809,25.062,3.873
2022-09-25,1011010201,花菜类,55.324,46.741,9.036,-0.453
2022-09-26,1011010201,花菜类,30.76,46.734,-5.669,-10.305
2022-09-27,1011010201,花菜类,29.389,46.804,-7.787,-9.628
2022-09-28,1011010201,花菜类,32.625,47.138,-12.944,-1.569
2022-09-29,1011010201,花菜类,31.877,47.878,-16.11,0.109
2022-09-30,1011010201,花菜类,53.33,49.085,4.589,-0.345
2022-10-01,1011010201,花菜类,76.799,50.745,25.421,0.633
2022-10-02,1011010201,花菜类,61.869,52.461,10.863,-1.455
2022-10-03,1011010201,花菜类,59.161,53.508,-1.435,7.088
2022-10-04,1011010201,花菜类,49.869,52.717,-8.146,5.298
2022-10-05,1011010201,花菜类,40.769,51.115,-11.138,0.792
2022-10-06,1011010201,花菜类,71.588,49.696,-12.552,34.444
2022-10-07,1011010201,花菜类,88.233,48.338,-9.036,48.931
2022-10-08,1011010201,花菜类,37.814,46.739,23.531,-32.456
2022-10-09,1011010201,花菜类,53.058,44.73,14.347,-6.019
2022-10-10,1011010201,花菜类,47.046,42.717,-0.387,4.716
2022-10-11,1011010201,花菜类,29.66,41.555,-8.141,-3.754
2022-10-12,1011010201,花菜类,29.309,41.503,-10.162,-2.033
2022-10-13,1011010201,花菜类,30.605,41.567,-12.25,1.288
2022-10-14,1011010201,花菜类,11.595,41.554,-1.266,-28.693
2022-10-15,1011010201,花菜类,60.965,41.544,19.183,0.237
2022-10-16,1011010201,花菜类,62.74,41.566,17.86,3.314
2022-10-17,1011010201,花菜类,35.261,41.572,-3.563,-2.748
2022-10-18,1011010201,花菜类,56.159,41.351,-8.878,23.687
2022-10-19,1011010201,花菜类,33.063,40.932,-8.343,0.474
2022-10-20,1011010201,花菜类,30.363,40.799,-11.642,1.206
2022-10-21,1011010201,花菜类,95.213,41.002,-6.176,60.387
2022-10-22,1011010201,花菜类,56.496,41.324,17.59,-2.418
2022-10-23,1011010201,花菜类,38.944,41.798,22.13,-24.984
2022-10-24,1011010201,花菜类,30.369,42.36,-5.391,-6.6
2022-10-25,1011010201,花菜类,36.506,43.051,-9.268,2.723
2022-10-26,1011010201,花菜类,38.152,44.147,-8.312,2.317
2022-10-27,1011010201,花菜类,31.661,45.665,-10.889,-3.115
2022-10-28,1011010201,花菜类,40.855,47.195,-6.153,-0.187
2022-10-29,1011010201,花菜类,64.94,48.579,17.287,-0.926
2022-10-30,1011010201,花菜类,76.791,49.805,23.23,3.756
2022-10-31,1011010201,花菜类,47.777,50.984,-5.952,2.745
2022-11-01,1011010201,花菜类,39.603,51.969,-8.738,-3.627
2022-11-02,1011010201,花菜类,0.0,52.571,-10.847,-41.724
2022-11-03,1011010201,花菜类,63.801,52.78,-9.256,20.277
2022-11-04,1011010201,花菜类,0.0,52.711,-3.138,-49.573
2022-11-05,1011010201,花菜类,73.537,52.589,16.43,4.518
2022-11-06,1011010201,花菜类,75.888,52.732,19.446,3.71
2022-11-07,1011010201,花菜类,47.225,52.24,-4.477,-0.538
2022-11-08,1011010201,花菜类,41.117,50.276,-7.402,-1.757
2022-11-09,1011010201,花菜类,35.22,48.21,-13.37,0.38
2022-11-10,1011010201,花菜类,39.756,46.483,-6.884,0.157
2022-11-11,1011010201,花菜类,45.043,44.977,1.766,-1.7
2022-11-12,1011010201,花菜类,56.455,43.719,17.125,-4.389
2022-11-13,1011010201,花菜类,50.639,42.693,9.614,-1.668
2022-11-14,1011010201,花菜类,38.303,41.913,-4.935,1.325
2022-11-15,1011010201,花菜类,38.944,41.486,-5.606,3.064
2022-11-16,1011010201,花菜类,18.714,41.446,-14.887,-7.845
2022-11-17,1011010201,花菜类,38.752,41.586,-4.795,1.961
2022-11-18,1011010201,花菜类,68.424,41.72,7.075,19.63
2022-11-19,1011010201,花菜类,123.597,41.399,17.261,64.937
2022-11-20,1011010201,花菜类,97.969,40.852,4.929,52.188
2022-11-21,1011010201,花菜类,132.212,40.446,-5.821,97.587
2022-11-22,1011010201,花菜类,36.972,40.527,-4.304,0.748
2022-11-23,1011010201,花菜类,31.84,40.202,-15.507,7.145
2022-11-24,1011010201,花菜类,31.131,37.118,-1.879,-4.108
2022-11-25,1011010201,花菜类,46.435,32.827,8.235,5.373
2022-11-26,1011010201,花菜类,47.408,28.414,17.305,1.69
2022-11-27,1011010201,花菜类,3.192,23.903,-0.962,-19.749
2022-11-28,1011010201,花菜类,10.708,20.579,-6.598,-3.273
2022-11-29,1011010201,花菜类,7.624,21.764,-2.822,-11.318
2022-11-30,1011010201,花菜类,0.0,23.601,-13.022,-10.579
2022-12-01,1011010201,花菜类,0.0,24.326,1.314,-25.639
2022-12-02,1011010201,花菜类,0.0,25.284,7.555,-32.839
2022-12-03,1011010201,花菜类,0.0,27.555,16.68,-44.235
2022-12-04,1011010201,花菜类,24.722,30.562,-5.418,-0.422
2022-12-05,1011010201,花菜类,30.282,33.973,-7.493,3.802
2022-12-06,1011010201,花菜类,38.551,36.638,-1.443,3.356
2022-12-07,1011010201,花菜类,25.636,38.113,-8.938,-3.539
2022-12-08,1011010201,花菜类,46.357,38.761,3.302,4.295
2022-12-09,1011010201,花菜类,41.33,39.216,0.241,1.873
2022-12-10,1011010201,花菜类,55.053,39.662,12.676,2.715
2022-12-11,1011010201,花菜类,62.536,39.84,0.838,21.858
2022-12-12,1011010201,花菜类,27.823,39.703,-7.608,-4.273
2022-12-13,1011010201,花菜类,37.876,39.312,0.894,-2.33
2022-12-14,1011010201,花菜类,40.701,38.866,-5.27,7.105
2022-12-15,1011010201,花菜类,44.891,38.893,2.509,3.488
2022-12-16,1011010201,花菜类,28.131,39.313,-5.567,-5.615
2022-12-17,1011010201,花菜类,43.945,39.458,9.383,-4.896
2022-12-18,1011010201,花菜类,68.962,39.244,5.4,24.318
2022-12-19,1011010201,花菜类,47.456,38.991,-6.785,15.25
2022-12-20,1011010201,花菜类,45.501,38.8,1.812,4.89
2022-12-21,1011010201,花菜类,76.358,38.919,-2.377,39.816
2022-12-22,1011010201,花菜类,33.671,39.266,-2.715,-2.881
2022-12-23,1011010201,花菜类,29.486,39.048,-7.334,-2.227
2022-12-24,1011010201,花菜类,47.279,38.234,5.731,3.314
2022-12-25,1011010201,花菜类,51.941,37.45,12.863,1.627
2022-12-26,1011010201,花菜类,27.857,36.869,-4.329,-4.683
2022-12-27,1011010201,花菜类,39.591,36.343,0.396,2.852
2022-12-28,1011010201,花菜类,36.052,35.815,-0.689,0.926
2022-12-29,1011010201,花菜类,25.895,35.235,-5.248,-4.092
2022-12-30,1011010201,花菜类,29.769,34.57,-5.993,1.192
2022-12-31,1011010201,花菜类,39.573,33.912,3.032,2.629
2023-01-01,1011010201,花菜类,39.38,33.248,10.41,-4.277
2023-01-02,1011010201,花菜类,36.172,32.48,-0.322,4.014
2023-01-03,1011010201,花菜类,30.654,31.645,-2.634,1.642
2023-01-04,1011010201,花菜类,27.843,30.762,0.233,-3.152
2023-01-05,1011010201,花菜类,25.709,29.816,-5.015,0.908
2023-01-06,1011010201,花菜类,27.047,29.024,-3.648,1.671
2023-01-07,1011010201,花菜类,24.606,28.503,-2.321,-1.576
2023-01-08,1011010201,花菜类,34.433,28.177,11.951,-5.695
2023-01-09,1011010201,花菜类,31.341,28.196,2.018,1.127
2023-01-10,1011010201,花菜类,15.292,29.011,-7.911,-5.809
2023-01-11,1011010201,花菜类,31.199,30.768,1.492,-1.061
2023-01-12,1011010201,花菜类,27.908,33.226,-3.457,-1.861
2023-01-13,1011010201,花菜类,29.708,36.177,0.164,-6.633
2023-01-14,1011010201,花菜类,55.134,39.491,-4.484,20.127
2023-01-15,1011010201,花菜类,61.584,43.184,14.752,3.648
2023-01-16,1011010201,花菜类,46.516,47.313,1.776,-2.573
2023-01-17,1011010201,花菜类,39.869,51.388,-10.106,-1.412
2023-01-18,1011010201,花菜类,58.399,54.174,-0.032,4.258
2023-01-19,1011010201,花菜类,104.101,56.595,-1.625,49.131
2023-01-20,1011010201,花菜类,139.43,58.536,4.901,75.994
2023-01-21,1011010201,花菜类,0.0,59.252,-5.471,-53.781
2023-01-22,1011010201,花菜类,34.134,59.939,9.372,-35.177
2023-01-23,1011010201,花菜类,66.018,61.355,0.43,4.232
2023-01-24,1011010201,花菜类,89.421,63.039,-8.784,35.166
2023-01-25,1011010201,花菜类,114.337,61.828,-1.377,53.886
2023-01-26,1011010201,花菜类,60.15,58.961,-0.19,1.379
2023-01-27,1011010201,花菜类,69.283,55.912,10.048,3.324
2023-01-28,1011010201,花菜类,43.626,52.934,-8.795,-0.512
2023-01-29,1011010201,花菜类,40.249,50.138,7.886,-17.775
2023-01-30,1011010201,花菜类,42.686,47.584,-1.123,-3.775
2023-01-31,1011010201,花菜类,37.502,45.273,-6.527,-1.245
2023-02-01,1011010201,花菜类,33.307,43.162,-3.566,-6.289
2023-02-02,1011010201,花菜类,41.747,41.491,-0.721,0.977
2023-02-03,1011010201,花菜类,53.285,40.49,10.614,2.181
2023-02-04,1011010201,花菜类,39.93,39.865,1.23,-1.166
2023-02-05,1011010201,花菜类,39.59,39.296,1.758,-1.464
2023-02-06,1011010201,花菜类,34.646,38.949,-3.325,-0.978
2023-02-07,1011010201,花菜类,33.83,38.95,-4.538,-0.582
2023-02-08,1011010201,花菜类,35.924,39.128,-5.902,2.698
2023-02-09,1011010201,花菜类,30.833,39.37,-2.434,-6.103
2023-02-10,1011010201,花菜类,31.996,39.552,6.029,-13.585
2023-02-11,1011010201,花菜类,53.417,39.618,7.323,6.476
2023-02-12,1011010201,花菜类,48.809,39.618,6.689,2.503
2023-02-13,1011010201,花菜类,33.601,39.597,-6.024,0.029
2023-02-14,1011010201,花菜类,37.56,39.476,-4.358,2.442
2023-02-15,1011010201,花菜类,31.355,39.11,-5.863,-1.891
2023-02-16,1011010201,花菜类,34.159,38.422,-3.562,-0.702
2023-02-17,1011010201,花菜类,38.594,37.668,1.684,-0.758
2023-02-18,1011010201,花菜类,48.488,37.027,10.017,1.444
2023-02-19,1011010201,花菜类,45.805,36.472,10.686,-1.353
2023-02-20,1011010201,花菜类,29.447,36.01,-8.02,1.457
2023-02-21,1011010201,花菜类,29.466,35.587,-3.692,-2.429
2023-02-22,1011010201,花菜类,29.54,35.024,-6.122,0.638
2023-02-23,1011010201,花菜类,33.284,34.308,-3.081,2.056
2023-02-24,1011010201,花菜类,31.17,33.54,-0.57,-1.799
2023-02-25,1011010201,花菜类,44.994,32.843,8.093,4.058
2023-02-26,1011010201,花菜类,47.396,32.332,14.162,0.902
2023-02-27,1011010201,花菜类,13.221,31.952,-8.358,-10.373
2023-02-28,1011010201,花菜类,27.118,31.587,-3.159,-1.31
2023-03-01,1011010201,花菜类,23.98,31.27,-6.117,-1.173
2023-03-02,1011010201,花菜类,28.182,31.084,-1.011,-1.89
2023-03-03,1011010201,花菜类,34.915,30.982,-2.265,6.198
2023-03-04,1011010201,花菜类,33.769,30.776,3.28,-0.286
2023-03-05,1011010201,花菜类,47.699,30.094,16.63,0.975
2023-03-06,1011010201,花菜类,23.166,28.83,-7.81,2.146
2023-03-07,1011010201,花菜类,31.21,27.12,-2.784,6.874
2023-03-08,1011010201,花菜类,22.18,25.126,-6.646,3.7
2023-03-09,1011010201,花菜类,22.245,23.088,0.308,-1.151
2023-03-10,1011010201,花菜类,12.423,21.317,-1.808,-7.086
2023-03-11,1011010201,花菜类,15.802,19.943,-0.296,-3.845
2023-03-12,1011010201,花菜类,19.536,18.91,17.849,-17.222
2023-03-13,1011010201,花菜类,10.596,18.706,-6.293,-1.817
2023-03-14,1011010201,花菜类,9.076,19.8,-2.952,-7.772
2023-03-15,1011010201,花菜类,9.683,21.836,-6.529,-5.625
2023-03-16,1011010201,花菜类,31.584,24.37,0.224,6.99
2023-03-17,1011010201,花菜类,49.121,26.738,-0.861,23.244
2023-03-18,1011010201,花菜类,59.217,28.748,-0.725,31.194
2023-03-19,1011010201,花菜类,49.399,30.603,17.912,0.884
2023-03-20,1011010201,花菜类,37.566,32.41,-6.7,11.856
2023-03-21,1011010201,花菜类,37.629,33.593,-5.125,9.161
2023-03-22,1011010201,花菜类,27.368,33.53,-5.86,-0.302
2023-03-23,1011010201,花菜类,29.488,32.703,-0.077,-3.137
2023-03-24,1011010201,花菜类,33.301,31.733,1.096,0.473
2023-03-25,1011010201,花菜类,28.459,30.802,0.887,-3.23
2023-03-26,1011010201,花菜类,48.675,30.047,16.092,2.536
2023-03-27,1011010201,花菜类,20.459,29.638,-7.315,-1.864
2023-03-28,1011010201,花菜类,18.519,29.417,-6.343,-4.554
2023-03-29,1011010201,花菜类,26.46,29.158,-4.666,1.969
2023-03-30,1011010201,花菜类,27.493,28.838,-1.566,0.222
2023-03-31,1011010201,花菜类,34.604,28.512,3.915,2.176
2023-04-01,1011010201,花菜类,35.079,28.167,4.052,2.861
2023-04-02,1011010201,花菜类,39.362,27.894,11.861,-0.393
2023-04-03,1011010201,花菜类,16.457,27.644,-7.726,-3.461
2023-04-04,1011010201,花菜类,20.022,27.255,-6.839,-0.394
2023-04-05,1011010201,花菜类,45.417,26.764,-3.449,22.101
2023-04-06,1011010201,花菜类,23.05,26.197,-1.805,-1.342
2023-04-07,1011010201,花菜类,31.899,25.63,3.719,2.549
2023-04-08,1011010201,花菜类,35.691,25.111,6.545,4.036
2023-04-09,1011010201,花菜类,30.536,24.423,7.795,-1.682
2023-04-10,1011010201,花菜类,18.365,23.36,-6.826,1.831
2023-04-11,1011010201,花菜类,15.788,22.123,-6.119,-0.215
2023-04-12,1011010201,花菜类,17.265,21.013,-2.63,-1.118
2023-04-13,1011010201,花菜类,19.775,20.156,-2.08,1.698
2023-04-14,1011010201,花菜类,18.183,19.62,3.173,-4.611
2023-04-15,1011010201,花菜类,20.852,19.383,7.531,-6.061
2023-04-16,1011010201,花菜类,23.472,19.418,4.336,-0.282
2023-04-17,1011010201,花菜类,14.475,19.81,-4.479,-0.856
2023-04-18,1011010201,花菜类,16.779,20.451,-5.136,1.464
2023-04-19,1011010201,花菜类,19.103,21.112,-1.574,-0.436
2023-04-20,1011010201,花菜类,19.807,21.631,-2.193,0.37
2023-04-21,1011010201,花菜类,26.17,21.902,1.914,2.354
2023-04-22,1011010201,花菜类,40.026,21.927,6.59,11.509
2023-04-23,1011010201,花菜类,22.853,21.838,2.081,-1.067
2023-04-24,1011010201,花菜类,17.856,21.668,-3.091,-0.721
2023-04-25,1011010201,花菜类,15.89,21.48,-4.574,-1.015
2023-04-26,1011010201,花菜类,21.236,21.441,-0.056,-0.149
2023-04-27,1011010201,花菜类,14.24,21.762,-2.296,-5.226
2023-04-28,1011010201,花菜类,22.806,22.586,0.345,-0.125
2023-04-29,1011010201,花菜类,27.577,23.812,6.857,-3.091
2023-04-30,1011010201,花菜类,25.487,25.165,3.78,-3.458
2023-05-01,1011010201,花菜类,29.389,26.475,-3.422,6.336
2023-05-02,1011010201,花菜类,22.365,27.697,-4.083,-1.248
2023-05-03,1011010201,花菜类,32.371,28.481,-0.401,4.291
2023-05-04,1011010201,花菜类,32.652,28.799,-3.004,6.857
2023-05-05,1011010201,花菜类,28.675,28.922,-1.904,1.657
2023-05-06,1011010201,花菜类,34.087,28.821,7.63,-2.364
2023-05-07,1011010201,花菜类,54.158,28.469,6.161,19.528
2023-05-08,1011010201,花菜类,17.863,28.133,-3.574,-6.696
2023-05-09,1011010201,花菜类,25.81,27.947,-3.365,1.228
2023-05-10,1011010201,花菜类,26.422,28.11,-2.131,0.443
2023-05-11,1011010201,花菜类,23.274,28.597,-3.185,-2.138
2023-05-12,1011010201,花菜类,21.507,29.095,-3.13,-4.458
2023-05-13,1011010201,花菜类,45.087,29.286,8.955,6.846
2023-05-14,1011010201,花菜类,43.642,29.139,8.821,5.681
2023-05-15,1011010201,花菜类,27.764,28.652,-5.072,4.184
2023-05-16,1011010201,花菜类,26.009,27.831,-3.003,1.181
2023-05-17,1011010201,花菜类,19.914,26.661,-4.412,-2.335
2023-05-18,1011010201,花菜类,22.684,25.251,-4.373,1.806
2023-05-19,1011010201,花菜类,20.153,23.861,-3.488,-0.219
2023-05-20,1011010201,花菜类,27.242,22.745,11.36,-6.863
2023-05-21,1011010201,花菜类,29.13,22.059,10.814,-3.743
2023-05-22,1011010201,花菜类,14.808,21.875,-5.023,-2.044
2023-05-23,1011010201,花菜类,20.181,22.123,-3.275,1.333
2023-05-24,1011010201,花菜类,15.923,22.55,-6.083,-0.544
2023-05-25,1011010201,花菜类,14.565,22.95,-4.576,-3.809
2023-05-26,1011010201,花菜类,24.236,23.222,-3.338,4.352
2023-05-27,1011010201,花菜类,41.279,23.355,11.857,6.068
2023-05-28,1011010201,花菜类,36.971,23.346,9.026,4.599
2023-05-29,1011010201,花菜类,16.312,23.182,-3.375,-3.494
2023-05-30,1011010201,花菜类,14.652,22.792,-3.328,-4.812
2023-05-31,1011010201,花菜类,16.723,22.232,-6.756,1.248
2023-06-01,1011010201,花菜类,19.364,21.707,-4.681,2.338
2023-06-02,1011010201,花菜类,16.172,21.387,-2.439,-2.776
2023-06-03,1011010201,花菜类,33.243,21.188,11.733,0.322
2023-06-04,1011010201,花菜类,25.117,20.908,8.14,-3.932
2023-06-05,1011010201,花菜类,22.57,20.468,-2.294,4.396
2023-06-06,1011010201,花菜类,21.351,20.026,-3.808,5.132
2023-06-07,1011010201,花菜类,11.835,19.712,-6.081,-1.796
2023-06-08,1011010201,花菜类,15.446,19.358,-3.642,-0.27
2023-06-09,1011010201,花菜类,13.684,18.748,-1.376,-3.688
2023-06-10,1011010201,花菜类,26.766,17.906,8.888,-0.028
2023-06-11,1011010201,花菜类,25.472,17.185,5.621,2.666
2023-06-12,1011010201,花菜类,17.143,16.944,-2.921,3.12
2023-06-13,1011010201,花菜类,10.189,17.108,-3.137,-3.782
2023-06-14,1011010201,花菜类,9.175,17.313,-3.968,-4.17
2023-06-15,1011010201,花菜类,9.804,17.389,-0.558,-7.027
2023-06-16,1011010201,花菜类,22.692,17.361,1.197,4.134
2023-06-17,1011010201,花菜类,26.791,17.355,4.85,4.586
2023-06-18,1011010201,花菜类,23.098,17.359,2.423,3.316
2023-06-19,1011010201,花菜类,12.363,17.144,-4.014,-0.767
2023-06-20,1011010201,花菜类,13.919,16.52,-2.638,0.037
2023-06-21,1011010201,花菜类,16.697,15.659,-2.047,3.085
2023-06-22,1011010201,花菜类,17.912,14.874,2.459,0.579
2023-06-23,1011010201,花菜类,9.279,14.364,4.487,-9.572
2023-06-24,1011010201,花菜类,11.548,14.641,0.624,-3.717
2023-06-25,1011010201,花菜类,10.681,14.987,-0.856,-3.45
2023-06-26,1011010201,花菜类,8.083,15.353,-5.528,-1.742
2023-06-27,1011010201,花菜类,14.272,15.775,-2.109,0.606
2023-06-28,1011010201,花菜类,16.069,16.27,0.184,-0.385
2023-06-29,1011010201,花菜类,24.367,16.843,5.801,1.722
2023-06-30,1011010201,花菜类,28.087,17.496,7.839,2.752
2020-07-01,1011010402,水生根茎类,4.85,3.878,1.779,-0.807
2020-07-02,1011010402,水生根茎类,4.6,4.217,-0.794,1.177
2020-07-03,1011010402,水生根茎类,9.572,4.578,3.25,1.744
2020-07-04,1011010402,水生根茎类,5.439,4.967,-0.064,0.536
2020-07-05,1011010402,水生根茎类,4.019,5.381,0.69,-2.052
2020-07-06,1011010402,水生根茎类,3.089,5.809,-1.069,-1.651
2020-07-07,1011010402,水生根茎类,3.117,6.233,-2.486,-0.63
2020-07-08,1011010402,水生根茎类,10.605,6.644,1.531,2.43
2020-07-09,1011010402,水生根茎类,2.106,7.374,-1.622,-3.646
2020-07-10,1011010402,水生根茎类,9.025,8.118,2.2,-1.293
2020-07-11,1011010402,水生根茎类,8.928,8.833,-0.021,0.116
2020-07-12,1011010402,水生根茎类,13.994,9.446,0.841,3.707
2020-07-13,1011010402,水生根茎类,11.605,9.952,-0.568,2.22
2020-07-14,1011010402,水生根茎类,9.007,10.356,-1.222,-0.128
2020-07-15,1011010402,水生根茎类,10.238,10.627,1.398,-1.787
2020-07-16,1011010402,水生根茎类,11.354,10.73,-2.576,3.2
2020-07-17,1011010402,水生根茎类,10.727,10.71,1.298,-1.281
2020-07-18,1011010402,水生根茎类,10.418,10.667,0.177,-0.426
2020-07-19,1011010402,水生根茎类,11.124,10.674,0.995,-0.545
2020-07-20,1011010402,水生根茎类,9.548,10.692,-0.2,-0.944
2020-07-21,1011010402,水生根茎类,12.744,10.779,-0.084,2.049
2020-07-22,1011010402,水生根茎类,11.25,11.05,1.07,-0.87
2020-07-23,1011010402,水生根茎类,30.417,11.495,-3.146,22.068
2020-07-24,1011010402,水生根茎类,11.74,12.036,0.615,-0.911
2020-07-25,1011010402,水生根茎类,10.424,12.589,0.481,-2.646
2020-07-26,1011010402,水生根茎类,12.988,13.172,0.732,-0.917
2020-07-27,1011010402,水生根茎类,17.265,13.893,-0.309,3.682
2020-07-28,1011010402,水生根茎类,13.959,14.811,0.797,-1.65
2020-07-29,1011010402,水生根茎类,18.597,15.759,0.956,1.882
2020-07-30,1011010402,水生根茎类,10.645,16.725,-3.833,-2.247
2020-07-31,1011010402,水生根茎类,19.062,17.674,1.452,-0.064
2020-08-01,1011010402,水生根茎类,21.432,18.573,1.45,1.409
2020-08-02,1011010402,水生根茎类,56.154,19.418,0.689,36.047
2020-08-03,1011010402,水生根茎类,15.555,20.251,-1.34,-3.356
2020-08-04,1011010402,水生根茎类,26.208,21.077,-0.163,5.295
2020-08-05,1011010402,水生根茎类,21.452,21.932,0.55,-1.029
2020-08-06,1011010402,水生根茎类,19.115,22.696,-4.714,1.133
2020-08-07,1011010402,水生根茎类,25.415,23.374,3.334,-1.293
2020-08-08,1011010402,水生根茎类,27.461,23.912,4.003,-0.454
2020-08-09,1011010402,水生根茎类,25.9,24.271,1.011,0.618
2020-08-10,1011010402,水生根茎类,30.683,24.393,-3.472,9.763
2020-08-11,1011010402,水生根茎类,20.458,24.357,-1.419,-2.48
2020-08-12,1011010402,水生根茎类,27.355,24.198,-1.61,4.767
2020-08-13,1011010402,水生根茎类,19.324,24.003,-4.151,-0.528
2020-08-14,1011010402,水生根茎类,29.991,23.742,3.988,2.262
2020-08-15,1011010402,水生根茎类,25.642,23.539,8.175,-6.072
2020-08-16,1011010402,水生根茎类,24.454,23.597,2.147,-1.29
2020-08-17,1011010402,水生根茎类,15.916,23.964,-5.008,-3.04
2020-08-18,1011010402,水生根茎类,21.753,24.572,-3.556,0.737
2020-08-19,1011010402,水生根茎类,17.95,25.31,-3.406,-3.954
2020-08-20,1011010402,水生根茎类,22.966,25.834,-4.263,1.395
2020-08-21,1011010402,水生根茎类,34.598,26.128,2.462,6.008
2020-08-22,1011010402,水生根茎类,42.772,26.274,12.739,3.76
2020-08-23,1011010402,水生根茎类,46.057,26.276,4.058,15.722
2020-08-24,1011010402,水生根茎类,20.305,26.067,-6.826,1.064
2020-08-25,1011010402,水生根茎类,20.062,25.633,-3.626,-1.945
2020-08-26,1011010402,水生根茎类,18.95,24.983,-5.316,-0.717
2020-08-27,1011010402,水生根茎类,19.487,24.477,-4.824,-0.166
2020-08-28,1011010402,水生根茎类,20.997,24.279,-0.441,-2.841
2020-08-29,1011010402,水生根茎类,65.814,23.98,17.729,24.105
2020-08-30,1011010402,水生根茎类,30.005,23.598,3.405,3.001
2020-08-31,1011010402,水生根茎类,52.949,23.303,-5.351,34.996
2020-09-01,1011010402,水生根茎类,47.658,23.09,-3.135,27.703
2020-09-02,1011010402,水生根茎类,17.941,22.872,-5.992,1.061
2020-09-03,1011010402,水生根茎类,15.996,22.5,-5.296,-1.208
2020-09-04,1011010402,水生根茎类,16.635,21.933,-4.487,-0.811
2020-09-05,1011010402,水生根茎类,42.554,21.41,21.303,-0.159
2020-09-06,1011010402,水生根茎类,46.963,21.03,2.143,23.791
2020-09-07,1011010402,水生根茎类,38.926,20.727,-5.23,23.43
2020-09-08,1011010402,水生根茎类,19.127,20.483,-2.518,1.161
2020-09-09,1011010402,水生根茎类,12.161,20.35,-5.898,-2.292
2020-09-10,1011010402,水生根茎类,14.492,20.305,-5.812,-0.001
2020-09-11,1011010402,水生根茎类,13.364,20.439,-7.337,0.261
2020-09-12,1011010402,水生根茎类,16.957,20.783,26.611,-30.437
2020-09-13,1011010402,水生根茎类,18.739,21.125,-0.284,-2.102
2020-09-14,1011010402,水生根茎类,17.361,21.423,-4.161,0.099
2020-09-15,1011010402,水生根茎类,19.219,21.74,-2.707,0.186
2020-09-16,1011010402,水生根茎类,18.818,22.155,-6.607,3.27
2020-09-17,1011010402,水生根茎类,17.437,22.717,-5.589,0.309
2020-09-18,1011010402,水生根茎类,11.389,23.297,-7.855,-4.053
2020-09-19,1011010402,水生根茎类,39.431,23.862,32.327,-16.757
2020-09-20,1011010402,水生根茎类,39.551,24.526,-1.103,16.128
2020-09-21,1011010402,水生根茎类,16.289,25.136,-9.813,0.966
2020-09-22,1011010402,水生根茎类,37.808,25.655,-3.906,16.059
2020-09-23,1011010402,水生根茎类,18.629,26.337,-7.032,-0.676
2020-09-24,1011010402,水生根茎类,51.886,27.009,-6.14,31.017
2020-09-25,1011010402,水生根茎类,22.732,27.284,-7.996,3.444
2020-09-26,1011010402,水生根茎类,65.744,27.469,37.699,0.576
2020-09-27,1011010402,水生根茎类,28.289,27.667,1.405,-0.783
2020-09-28,1011010402,水生根茎类,11.861,27.811,-12.416,-3.533
2020-09-29,1011010402,水生根茎类,24.135,27.908,-5.284,1.511
2020-09-30,1011010402,水生根茎类,36.839,28.166,-7.321,15.994
2020-10-01,1011010402,水生根茎类,55.356,28.651,-7.27,33.975
2020-10-02,1011010402,水生根茎类,21.931,29.37,-7.083,-0.356
2020-10-03,1011010402,水生根茎类,18.497,30.483,35.639,-47.625
2020-10-04,1011010402,水生根茎类,19.254,31.582,5.843,-18.171
2020-10-05,1011010402,水生根茎类,79.752,32.678,-13.235,60.309
2020-10-06,1011010402,水生根茎类,25.784,34.249,-5.268,-3.197
2020-10-07,1011010402,水生根茎类,52.907,36.126,-7.477,24.257
2020-10-08,1011010402,水生根茎类,31.952,38.161,-7.501,1.292
2020-10-09,1011010402,水生根茎类,51.476,40.937,-10.55,21.089
2020-10-10,1011010402,水生根茎类,22.07,43.857,32.99,-54.777
2020-10-11,1011010402,水生根茎类,57.223,46.572,13.389,-2.738
2020-10-12,1011010402,水生根茎类,38.333,48.99,-13.573,2.916
2020-10-13,1011010402,水生根茎类,50.519,50.943,-5.64,5.217
2020-10-14,1011010402,水生根茎类,46.207,52.447,-7.024,0.784
2020-10-15,1011010402,水生根茎类,42.162,53.527,-10.846,-0.52
2020-10-16,1011010402,水生根茎类,58.973,54.287,-12.6,17.286
2020-10-17,1011010402,水生根茎类,87.12,54.501,31.94,0.679
2020-10-18,1011010402,水生根茎类,79.338,54.019,21.573,3.746
2020-10-19,1011010402,水生根茎类,40.6,53.1,-13.532,1.032
2020-10-20,1011010402,水生根茎类,49.434,51.9,-7.047,4.581
2020-10-21,1011010402,水生根茎类,21.201,50.18,-5.459,-23.52
2020-10-22,1011010402,水生根茎类,35.917,47.915,-13.365,1.367
2020-10-23,1011010402,水生根茎类,30.801,45.51,-14.525,-0.184
2020-10-24,1011010402,水生根茎类,67.932,43.046,25.183,-0.297
2020-10-25,1011010402,水生根茎类,71.16,40.607,29.738,0.815
2020-10-26,1011010402,水生根茎类,20.666,38.356,-13.769,-3.92
2020-10-27,1011010402,水生根茎类,21.273,36.562,-9.159,-6.13
2020-10-28,1011010402,水生根茎类,32.418,35.16,-5.765,3.023
2020-10-29,1011010402,水生根茎类,15.828,33.893,-14.92,-3.145
2020-10-30,1011010402,水生根茎类,18.769,32.63,-13.772,-0.089
2020-10-31,1011010402,水生根茎类,79.265,31.45,27.453,20.362
2020-11-01,1011010402,水生根茎类,71.332,30.417,33.365,7.55
2020-11-02,1011010402,水生根茎类,15.053,29.404,-14.105,-0.246
2020-11-03,1011010402,水生根茎类,15.727,28.41,-12.044,-0.639
2020-11-04,1011010402,水生根茎类,18.183,27.541,-7.25,-2.107
2020-11-05,1011010402,水生根茎类,8.347,26.756,-14.832,-3.577
2020-11-06,1011010402,水生根茎类,13.443,26.222,-13.627,0.848
2020-11-07,1011010402,水生根茎类,71.413,26.021,27.339,18.053
2020-11-08,1011010402,水生根茎类,58.207,26.106,33.88,-1.779
2020-11-09,1011010402,水生根茎类,14.579,26.408,-12.023,0.194
2020-11-10,1011010402,水生根茎类,12.103,26.844,-11.795,-2.946
2020-11-11,1011010402,水生根茎类,17.155,27.321,-11.026,0.86
2020-11-12,1011010402,水生根茎类,16.665,27.953,-13.83,2.542
2020-11-13,1011010402,水生根茎类,13.766,28.771,-13.57,-1.436
2020-11-14,1011010402,水生根茎类,58.127,29.652,27.988,0.487
2020-11-15,1011010402,水生根茎类,45.353,30.529,32.674,-17.85
2020-11-16,1011010402,水生根茎类,14.45,31.356,-7.852,-9.054
2020-11-17,1011010402,水生根茎类,24.762,32.088,-11.428,4.102
2020-11-18,1011010402,水生根茎类,19.171,32.848,-13.107,-0.57
2020-11-19,1011010402,水生根茎类,22.977,33.697,-11.151,0.431
2020-11-20,1011010402,水生根茎类,22.48,34.448,-12.683,0.716
2020-11-21,1011010402,水生根茎类,96.203,34.725,18.202,43.277
2020-11-22,1011010402,水生根茎类,67.538,34.625,32.633,0.28
2020-11-23,1011010402,水生根茎类,34.987,34.45,-2.049,2.586
2020-11-24,1011010402,水生根茎类,44.692,34.247,-10.893,21.338
2020-11-25,1011010402,水生根茎类,38.697,33.951,-13.908,18.654
2020-11-26,1011010402,水生根茎类,24.099,33.897,-8.685,-1.112
2020-11-27,1011010402,水生根茎类,23.178,34.134,-9.306,-1.65
2020-11-28,1011010402,水生根茎类,30.289,34.379,12.008,-16.097
2020-11-29,1011010402,水生根茎类,31.494,34.8,27.02,-30.326
2020-11-30,1011010402,水生根茎类,18.481,35.775,3.767,-21.061
2020-12-01,1011010402,水生根茎类,25.029,36.984,-9.656,-2.298
2020-12-02,1011010402,水生根茎类,22.979,38.31,-13.473,-1.857
2020-12-03,1011010402,水生根茎类,35.348,40.124,-6.742,1.967
2020-12-04,1011010402,水生根茎类,87.25,42.571,-4.557,49.236
2020-12-05,1011010402,水生根茎类,43.518,44.963,0.274,-1.72
2020-12-06,1011010402,水生根茎类,93.761,47.235,22.448,24.078
2020-12-07,1011010402,水生根茎类,60.127,49.448,7.981,2.698
2020-12-08,1011010402,水生根茎类,78.345,51.593,-9.284,36.036
2020-12-09,1011010402,水生根茎类,39.897,53.599,-14.036,0.334
2020-12-10,1011010402,水生根茎类,48.448,55.437,-6.919,-0.07
2020-12-11,1011010402,水生根茎类,56.094,57.047,-1.937,0.984
2020-12-12,1011010402,水生根茎类,71.47,58.313,12.735,0.422
2020-12-13,1011010402,水生根茎类,73.578,59.365,13.832,0.381
2020-12-14,1011010402,水生根茎类,65.517,60.305,5.343,-0.131
2020-12-15,1011010402,水生根茎类,52.358,61.118,-10.702,1.943
2020-12-16,1011010402,水生根茎类,47.282,61.802,-17.126,2.606
2020-12-17,1011010402,水生根茎类,47.929,62.308,-7.072,-7.307
2020-12-18,1011010402,水生根茎类,63.362,62.639,-0.906,1.628
2020-12-19,1011010402,水生根茎类,87.825,63.159,21.701,2.965
2020-12-20,1011010402,水生根茎类,77.313,63.941,16.445,-3.072
2020-12-21,1011010402,水生根茎类,48.468,64.926,0.039,-16.498
2020-12-22,1011010402,水生根茎类,38.698,66.065,-13.119,-14.248
2020-12-23,1011010402,水生根茎类,43.83,67.109,-18.418,-4.861
2020-12-24,1011010402,水生根茎类,62.358,67.917,-7.069,1.51
2020-12-25,1011010402,水生根茎类,65.984,68.808,-3.188,0.364
2020-12-26,1011010402,水生根茎类,103.905,69.832,27.357,6.716
2020-12-27,1011010402,水生根茎类,93.232,70.777,18.207,4.248
2020-12-28,1011010402,水生根茎类,63.262,71.521,-3.831,-4.428
2020-12-29,1011010402,水生根茎类,54.924,71.996,-12.602,-4.47
2020-12-30,1011010402,水生根茎类,75.742,72.302,-18.773,22.214
2020-12-31,1011010402,水生根茎类,73.305,72.448,-7.333,8.19
2021-01-01,1011010402,水生根茎类,91.569,72.172,-4.967,24.363
2021-01-02,1011010402,水生根茎类,102.214,71.695,29.872,0.647
2021-01-03,1011010402,水生根茎类,76.505,71.419,19.701,-14.615
2021-01-04,1011010402,水生根茎类,68.248,70.635,-6.818,4.431
2021-01-05,1011010402,水生根茎类,89.144,68.868,-11.291,31.567
2021-01-06,1011010402,水生根茎类,49.852,66.894,-17.795,0.753
2021-01-07,1011010402,水生根茎类,54.723,65.025,-8.129,-2.173
2021-01-08,1011010402,水生根茎类,53.904,63.202,-6.46,-2.838
2021-01-09,1011010402,水生根茎类,90.49,61.472,27.258,1.759
2021-01-10,1011010402,水生根茎类,79.563,60.097,21.883,-2.417
2021-01-11,1011010402,水生根茎类,47.911,59.175,-7.664,-3.6
2021-01-12,1011010402,水生根茎类,55.595,58.536,-8.099,5.158
2021-01-13,1011010402,水生根茎类,40.616,58.065,-15.155,-2.294
2021-01-14,1011010402,水生根茎类,43.51,57.556,-8.834,-5.212
2021-01-15,1011010402,水生根茎类,51.428,57.083,-7.661,2.006
2021-01-16,1011010402,水生根茎类,82.624,56.749,20.529,5.346
2021-01-17,1011010402,水生根茎类,67.482,56.509,24.354,-13.382
2021-01-18,1011010402,水生根茎类,48.095,56.328,-8.02,-0.213
2021-01-19,1011010402,水生根茎类,42.265,56.259,-5.716,-8.278
2021-01-20,1011010402,水生根茎类,44.546,56.153,-13.8,2.193
2021-01-21,1011010402,水生根茎类,48.089,56.249,-6.741,-1.419
2021-01-22,1011010402,水生根茎类,48.728,56.949,-7.509,-0.712
2021-01-23,1011010402,水生根茎类,66.893,57.826,12.329,-3.262
2021-01-24,1011010402,水生根茎类,88.664,58.409,29.295,0.959
2021-01-25,1011010402,水生根茎类,86.892,58.833,-7.303,35.362
2021-01-26,1011010402,水生根茎类,59.222,59.092,-6.524,6.654
2021-01-27,1011010402,水生根茎类,50.075,59.02,-13.878,4.933
2021-01-28,1011010402,水生根茎类,58.18,58.564,-1.15,0.766
2021-01-29,1011010402,水生根茎类,48.372,57.819,-5.614,-3.833
2021-01-30,1011010402,水生根茎类,39.938,56.879,5.227,-22.168
2021-01-31,1011010402,水生根茎类,47.573,56.003,22.471,-30.9
2021-02-01,1011010402,水生根茎类,50.34,55.29,-5.404,0.455
2021-02-02,1011010402,水生根茎类,47.323,54.755,-2.951,-4.481
2021-02-03,1011010402,水生根茎类,36.091,54.623,-12.231,-6.3
2021-02-04,1011010402,水生根茎类,61.4,55.072,1.675,4.653
2021-02-05,1011010402,水生根茎类,56.39,55.944,-0.689,1.136
2021-02-06,1011010402,水生根茎类,55.472,57.081,0.04,-1.649
2021-02-07,1011010402,水生根茎类,101.527,56.704,16.139,28.683
2021-02-08,1011010402,水生根茎类,124.55,55.152,-9.548,78.946
2021-02-09,1011010402,水生根茎类,211.431,55.007,1.889,154.535
2021-02-10,1011010402,水生根茎类,296.792,54.888,-10.213,252.116
2021-02-11,1011010402,水生根茎类,0.0,54.591,2.707,-57.298
2021-02-12,1011010402,水生根茎类,0.0,52.55,5.953,-58.503
2021-02-13,1011010402,水生根茎类,50.0,53.244,-2.126,-1.119
2021-02-14,1011010402,水生根茎类,65.073,55.64,9.266,0.167
2021-02-15,1011010402,水生根茎类,68.394,57.384,-12.771,23.781
2021-02-16,1011010402,水生根茎类,67.819,58.8,4.371,4.648
2021-02-17,1011010402,水生根茎类,53.632,59.904,-7.23,0.958
2021-02-18,1011010402,水生根茎类,62.327,60.674,-0.048,1.701
2021-02-19,1011010402,水生根茎类,73.044,61.061,13.021,-1.038
2021-02-20,1011010402,水生根茎类,60.612,60.899,-2.341,2.054
2021-02-21,1011010402,水生根茎类,38.554,59.995,6.13,-27.571
2021-02-22,1011010402,水生根茎类,40.444,58.471,-18.415,0.388
2021-02-23,1011010402,水生根茎类,44.084,56.806,6.715,-19.437
2021-02-24,1011010402,水生根茎类,54.382,55.144,-7.072,6.31
2021-02-25,1011010402,水生根茎类,74.027,53.41,-3.829,24.446
2021-02-26,1011010402,水生根茎类,72.508,51.34,20.402,0.766
2021-02-27,1011010402,水生根茎类,45.651,48.851,0.743,-3.943
2021-02-28,1011010402,水生根茎类,49.705,46.012,2.648,1.045
2021-03-01,1011010402,水生根茎类,29.048,43.15,-14.835,0.733
2021-03-02,1011010402,水生根茎类,46.406,41.313,4.538,0.555
2021-03-03,1011010402,水生根茎类,20.757,40.392,-8.283,-11.352
2021-03-04,1011010402,水生根茎类,28.177,39.678,-5.578,-5.923
2021-03-05,1011010402,水生根茎类,35.138,38.869,17.146,-20.877
2021-03-06,1011010402,水生根茎类,61.735,38.024,6.021,17.689
2021-03-07,1011010402,水生根茎类,36.889,37.383,0.517,-1.012
2021-03-08,1011010402,水生根茎类,26.921,37.219,-11.635,1.338
2021-03-09,1011010402,水生根茎类,42.608,37.232,0.928,4.448
2021-03-10,1011010402,水生根茎类,24.891,36.777,-9.398,-2.487
2021-03-11,1011010402,水生根茎类,31.801,35.801,-6.878,2.878
2021-03-12,1011010402,水生根茎类,21.764,34.632,17.14,-30.009
2021-03-13,1011010402,水生根茎类,47.086,33.412,11.189,2.485
2021-03-14,1011010402,水生根茎类,30.295,32.089,0.9,-2.694
2021-03-15,1011010402,水生根茎类,22.597,30.688,-10.57,2.479
2021-03-16,1011010402,水生根茎类,19.772,29.256,-4.122,-5.362
2021-03-17,1011010402,水生根茎类,19.493,27.795,-9.715,1.414
2021-03-18,1011010402,水生根茎类,20.852,26.505,-6.005,0.353
2021-03-19,1011010402,水生根茎类,39.292,25.421,14.666,-0.795
2021-03-20,1011010402,水生根茎类,39.984,24.558,15.558,-0.132
2021-03-21,1011010402,水生根茎类,41.705,23.964,2.888,14.853
2021-03-22,1011010402,水生根茎类,10.113,23.665,-10.326,-3.226
2021-03-23,1011010402,水生根茎类,13.349,23.52,-9.101,-1.069
2021-03-24,1011010402,水生根茎类,14.013,23.551,-7.775,-1.763
2021-03-25,1011010402,水生根茎类,15.827,23.818,-6.16,-1.831
2021-03-26,1011010402,水生根茎类,40.178,24.286,14.278,1.613
2021-03-27,1011010402,水生根茎类,43.191,24.835,15.154,3.202
2021-03-28,1011010402,水生根茎类,30.71,25.318,5.418,-0.026
2021-03-29,1011010402,水生根茎类,15.5,25.679,-10.393,0.214
2021-03-30,1011010402,水生根茎类,14.905,25.917,-11.939,0.927
2021-03-31,1011010402,水生根茎类,19.503,25.97,-5.324,-1.144
2021-04-01,1011010402,水生根茎类,20.743,25.671,-6.187,1.259
2021-04-02,1011010402,水生根茎类,37.764,24.995,12.415,0.354
2021-04-03,1011010402,水生根茎类,38.786,24.056,13.489,1.24
2021-04-04,1011010402,水生根茎类,33.95,23.046,7.053,3.851
2021-04-05,1011010402,水生根茎类,24.241,21.945,-9.663,11.959
2021-04-06,1011010402,水生根茎类,3.622,20.758,-11.745,-5.391
2021-04-07,1011010402,水生根茎类,17.735,19.447,-2.858,1.146
2021-04-08,1011010402,水生根茎类,9.582,18.148,-4.832,-3.734
2021-04-09,1011010402,水生根茎类,29.704,17.091,8.389,4.225
2021-04-10,1011010402,水生根茎类,22.753,16.55,11.473,-5.271
2021-04-11,1011010402,水生根茎类,22.196,16.464,6.099,-0.368
2021-04-12,1011010402,水生根茎类,4.178,16.589,-7.33,-5.082
2021-04-13,1011010402,水生根茎类,5.553,16.792,-9.681,-1.558
2021-04-14,1011010402,水生根茎类,19.197,17.08,-1.387,3.503
2021-04-15,1011010402,水生根茎类,17.098,17.416,-3.606,3.288
2021-04-16,1011010402,水生根茎类,19.018,17.702,4.491,-3.174
2021-04-17,1011010402,水生根茎类,35.302,17.747,8.85,8.705
2021-04-18,1011010402,水生根茎类,22.237,17.443,4.505,0.289
2021-04-19,1011010402,水生根茎类,12.658,16.745,-4.703,0.615
2021-04-20,1011010402,水生根茎类,12.167,15.768,-6.518,2.918
2021-04-21,1011010402,水生根茎类,13.078,14.757,-0.999,-0.679
2021-04-22,1011010402,水生根茎类,11.64,13.812,-2.992,0.82
2021-04-23,1011010402,水生根茎类,10.413,12.928,0.889,-3.404
2021-04-24,1011010402,水生根茎类,17.178,12.214,6.87,-1.906
2021-04-25,1011010402,水生根茎类,11.454,11.747,3.862,-4.156
2021-04-26,1011010402,水生根茎类,11.871,11.576,-1.161,1.456
2021-04-27,1011010402,水生根茎类,9.127,11.723,-3.972,1.375
2021-04-28,1011010402,水生根茎类,7.359,12.14,-1.347,-3.434
2021-04-29,1011010402,水生根茎类,8.818,12.651,-2.778,-1.056
2021-04-30,1011010402,水生根茎类,14.856,13.097,-1.095,2.854
2021-05-01,1011010402,水生根茎类,18.075,13.307,4.335,0.433
2021-05-02,1011010402,水生根茎类,17.439,13.21,4.141,0.087
2021-05-03,1011010402,水生根茎类,18.743,12.946,-0.364,6.161
2021-05-04,1011010402,水生根茎类,8.799,12.652,-2.353,-1.5
2021-05-05,1011010402,水生根茎类,15.352,12.279,-1.482,4.554
2021-05-06,1011010402,水生根茎类,5.992,11.83,-1.738,-4.1
2021-05-07,1011010402,水生根茎类,6.436,11.316,-1.412,-3.468
2021-05-08,1011010402,水生根茎类,11.457,10.865,2.438,-1.846
2021-05-09,1011010402,水生根茎类,21.145,10.641,4.339,6.164
2021-05-10,1011010402,水生根茎类,8.06,10.654,-1.226,-1.369
2021-05-11,1011010402,水生根茎类,8.963,10.694,-1.34,-0.391
2021-05-12,1011010402,水生根茎类,6.081,10.651,-0.671,-3.898
2021-05-13,1011010402,水生根茎类,14.949,10.534,-0.425,4.841
2021-05-14,1011010402,水生根茎类,11.412,10.464,-1.996,2.945
2021-05-15,1011010402,水生根茎类,12.399,10.431,1.653,0.315
2021-05-16,1011010402,水生根茎类,6.386,10.324,4.059,-7.997
2021-05-17,1011010402,水生根茎类,5.011,10.032,-2.772,-2.249
2021-05-18,1011010402,水生根茎类,12.309,9.647,-0.73,3.392
2021-05-19,1011010402,水生根茎类,12.199,9.294,-0.855,3.76
2021-05-20,1011010402,水生根茎类,9.837,9.057,1.237,-0.457
2021-05-21,1011010402,水生根茎类,4.178,8.817,-1.323,-3.316
2021-05-22,1011010402,水生根茎类,9.18,8.447,2.426,-1.694
2021-05-23,1011010402,水生根茎类,17.229,7.953,1.627,7.649
2021-05-24,1011010402,水生根茎类,4.28,7.454,-3.263,0.088
2021-05-25,1011010402,水生根茎类,5.412,7.081,-0.698,-0.972
2021-05-26,1011010402,水生根茎类,4.008,6.852,-0.971,-1.873
2021-05-27,1011010402,水生根茎类,8.319,6.707,1.36,0.252
2021-05-28,1011010402,水生根茎类,6.205,6.686,-0.846,0.365
2021-05-29,1011010402,水生根茎类,9.57,6.911,4.624,-1.965
2021-05-30,1011010402,水生根茎类,4.719,7.435,-0.082,-2.635
2021-05-31,1011010402,水生根茎类,5.404,8.121,-2.241,-0.476
2021-06-01,1011010402,水生根茎类,7.217,8.779,-1.484,-0.078
2021-06-02,1011010402,水生根茎类,8.681,9.33,-1.828,1.179
2021-06-03,1011010402,水生根茎类,11.019,9.785,0.661,0.572
2021-06-04,1011010402,水生根茎类,13.461,10.157,-1.054,4.359
2021-06-05,1011010402,水生根茎类,19.495,10.405,6.791,2.299
2021-06-06,1011010402,水生根茎类,7.182,10.498,-1.118,-2.198
2021-06-07,1011010402,水生根茎类,8.757,10.515,-0.924,-0.834
2021-06-08,1011010402,水生根茎类,7.394,10.53,-1.449,-1.687
2021-06-09,1011010402,水生根茎类,7.943,10.625,-2.673,-0.009
2021-06-10,1011010402,水生根茎类,10.34,10.795,-0.481,0.026
2021-06-11,1011010402,水生根茎类,6.744,10.987,-1.258,-2.986
2021-06-12,1011010402,水生根茎类,22.347,11.156,7.532,3.659
2021-06-13,1011010402,水生根茎类,11.431,11.237,-0.441,0.634
2021-06-14,1011010402,水生根茎类,14.049,11.153,-0.502,3.398
2021-06-15,1011010402,水生根茎类,9.998,10.88,-0.995,0.114
2021-06-16,1011010402,水生根茎类,5.187,10.544,-3.152,-2.204
2021-06-17,1011010402,水生根茎类,9.409,10.322,-2.375,1.462
2021-06-18,1011010402,水生根茎类,7.902,10.277,-2.253,-0.123
2021-06-19,1011010402,水生根茎类,10.313,10.369,8.379,-8.436
2021-06-20,1011010402,水生根茎类,10.001,10.56,2.442,-3.001
2021-06-21,1011010402,水生根茎类,9.9,10.855,-0.439,-0.516
2021-06-22,1011010402,水生根茎类,13.91,11.257,-1.437,4.09
2021-06-23,1011010402,水生根茎类,10.931,11.729,-3.899,3.102
2021-06-24,1011010402,水生根茎类,6.119,12.212,-3.432,-2.661
2021-06-25,1011010402,水生根茎类,10.916,12.513,-2.978,1.381
2021-06-26,1011010402,水生根茎类,20.953,12.583,8.505,-0.135
2021-06-27,1011010402,水生根茎类,19.982,12.575,5.003,2.404
2021-06-28,1011010402,水生根茎类,9.933,12.719,-0.891,-1.896
2021-06-29,1011010402,水生根茎类,9.52,13.112,-2.412,-1.181
2021-06-30,1011010402,水生根茎类,7.464,13.597,-3.426,-2.707
2021-07-01,1011010402,水生根茎类,8.512,13.927,-3.948,-1.467
2021-07-02,1011010402,水生根茎类,10.79,14.103,-3.82,0.506
2021-07-03,1011010402,水生根茎类,29.657,14.243,8.904,6.51
2021-07-04,1011010402,水生根茎类,24.214,14.29,7.049,2.875
2021-07-05,1011010402,水生根茎类,14.947,14.055,-1.609,2.501
2021-07-06,1011010402,水生根茎类,7.861,13.437,-4.059,-1.517
2021-07-07,1011010402,水生根茎类,8.404,12.544,-2.601,-1.539
2021-07-08,1011010402,水生根茎类,12.209,11.665,-4.132,4.676
2021-07-09,1011010402,水生根茎类,4.507,11.057,-4.662,-1.888
2021-07-10,1011010402,水生根茎类,14.838,10.709,9.882,-5.753
2021-07-11,1011010402,水生根茎类,14.099,10.615,8.014,-4.53
2021-07-12,1011010402,水生根茎类,7.559,10.955,-2.082,-1.313
2021-07-13,1011010402,水生根茎类,7.123,11.802,-5.418,0.739
2021-07-14,1011010402,水生根茎类,14.182,12.974,-1.266,2.474
2021-07-15,1011010402,水生根茎类,5.78,14.235,-3.692,-4.764
2021-07-16,1011010402,水生根茎类,23.636,15.42,-4.882,13.099
2021-07-17,1011010402,水生根茎类,27.115,16.474,8.915,1.726
2021-07-18,1011010402,水生根茎类,30.138,17.409,7.868,4.861
2021-07-19,1011010402,水生根茎类,15.754,18.292,-2.792,0.254
2021-07-20,1011010402,水生根茎类,12.512,19.002,-3.878,-2.612
2021-07-21,1011010402,水生根茎类,18.057,19.377,-0.396,-0.924
2021-07-22,1011010402,水生根茎类,17.843,19.476,-4.622,2.989
2021-07-23,1011010402,水生根茎类,13.844,19.639,-4.35,-1.445
2021-07-24,1011010402,水生根茎类,32.222,20.021,7.027,5.175
2021-07-25,1011010402,水生根茎类,24.134,20.5,9.091,-5.458
2021-07-26,1011010402,水生根茎类,16.444,20.857,-3.299,-1.113
2021-07-27,1011010402,水生根茎类,33.891,21.172,-2.441,15.16
2021-07-28,1011010402,水生根茎类,32.418,21.589,-1.533,12.362
2021-07-29,1011010402,水生根茎类,17.107,22.204,-4.976,-0.121
2021-07-30,1011010402,水生根茎类,20.72,22.95,-2.838,0.608
2021-07-31,1011010402,水生根茎类,23.282,23.73,4.548,-4.995
2021-08-01,1011010402,水生根茎类,36.228,24.192,10.996,1.04
2021-08-02,1011010402,水生根茎类,22.943,24.408,-4.21,2.745
2021-08-03,1011010402,水生根茎类,27.549,24.624,-1.183,4.108
2021-08-04,1011010402,水生根茎类,22.617,24.844,-3.497,1.27
2021-08-05,1011010402,水生根茎类,16.412,25.019,-4.999,-3.609
2021-08-06,1011010402,水生根茎类,22.376,25.167,0.683,-3.474
2021-08-07,1011010402,水生根茎类,28.627,25.417,1.092,2.118
2021-08-08,1011010402,水生根茎类,24.273,25.878,12.84,-14.445
2021-08-09,1011010402,水生根茎类,19.711,26.546,-3.977,-2.858
2021-08-10,1011010402,水生根茎类,24.532,27.446,-2.102,-0.813
2021-08-11,1011010402,水生根茎类,20.738,28.508,-5.409,-2.361
2021-08-12,1011010402,水生根茎类,28.536,29.667,-5.402,4.271
2021-08-13,1011010402,水生根茎类,37.722,30.924,4.619,2.179
2021-08-14,1011010402,水生根茎类,27.112,31.775,0.253,-4.915
2021-08-15,1011010402,水生根茎类,49.471,32.256,14.028,3.187
2021-08-16,1011010402,水生根茎类,50.533,32.775,-4.025,21.783
2021-08-17,1011010402,水生根茎类,56.145,33.521,-6.405,29.028
2021-08-18,1011010402,水生根茎类,54.55,34.375,-5.856,26.032
2021-08-19,1011010402,水生根茎类,28.569,35.235,-4.585,-2.082
2021-08-20,1011010402,水生根茎类,27.29,36.002,7.235,-15.947
2021-08-21,1011010402,水生根茎类,37.692,36.806,2.37,-1.484
2021-08-22,1011010402,水生根茎类,51.313,38.277,13.413,-0.377
2021-08-23,1011010402,水生根茎类,38.788,39.762,-4.837,3.863
2021-08-24,1011010402,水生根茎类,31.616,40.97,-10.217,0.864
2021-08-25,1011010402,水生根茎类,35.363,42.009,-5.679,-0.968
2021-08-26,1011010402,水生根茎类,63.126,42.906,-4.627,24.846
2021-08-27,1011010402,水生根茎类,56.396,43.806,8.06,4.53
2021-08-28,1011010402,水生根茎类,49.574,44.701,7.85,-2.977
2021-08-29,1011010402,水生根茎类,55.375,45.552,11.786,-1.963
2021-08-30,1011010402,水生根茎类,40.953,46.401,-6.622,1.174
2021-08-31,1011010402,水生根茎类,31.335,47.123,-12.16,-3.629
2021-09-01,1011010402,水生根茎类,47.449,47.558,-5.57,5.461
2021-09-02,1011010402,水生根茎类,45.638,47.748,-4.958,2.848
2021-09-03,1011010402,水生根茎类,54.834,47.759,5.686,1.389
2021-09-04,1011010402,水生根茎类,66.409,47.508,15.628,3.273
2021-09-05,1011010402,水生根茎类,58.946,47.006,11.517,0.423
2021-09-06,1011010402,水生根茎类,33.471,46.372,-10.928,-1.974
2021-09-07,1011010402,水生根茎类,34.142,45.714,-9.432,-2.14
2021-09-08,1011010402,水生根茎类,38.571,45.135,-5.457,-1.107
2021-09-09,1011010402,水生根茎类,39.028,44.661,-4.44,-1.193
2021-09-10,1011010402,水生根茎类,43.851,44.206,0.912,-1.267
2021-09-11,1011010402,水生根茎类,67.532,43.735,16.278,7.519
2021-09-12,1011010402,水生根茎类,57.208,43.154,12.611,1.443
2021-09-13,1011010402,水生根茎类,29.937,42.412,-11.357,-1.117
2021-09-14,1011010402,水生根茎类,41.431,41.389,-7.07,7.112
2021-09-15,1011010402,水生根茎类,32.841,39.945,-4.782,-2.322
2021-09-16,1011010402,水生根茎类,35.965,38.322,-5.601,3.244
2021-09-17,1011010402,水生根茎类,31.276,37.409,-2.072,-4.061
2021-09-18,1011010402,水生根茎类,34.827,36.449,15.605,-17.227
2021-09-19,1011010402,水生根茎类,93.77,35.509,12.071,46.19
2021-09-20,1011010402,水生根茎类,94.882,34.63,-9.457,69.709
2021-09-21,1011010402,水生根茎类,95.054,33.943,-4.704,65.815
2021-09-22,1011010402,水生根茎类,30.622,33.112,-3.901,1.411
2021-09-23,1011010402,水生根茎类,19.216,32.733,-5.492,-8.026
2021-09-24,1011010402,水生根茎类,32.314,33.768,-2.781,1.327
2021-09-25,1011010402,水生根茎类,43.444,35.229,12.945,-4.73
2021-09-26,1011010402,水生根茎类,49.506,36.787,10.691,2.028
2021-09-27,1011010402,水生根茎类,42.395,38.504,-7.926,11.817
2021-09-28,1011010402,水生根茎类,33.697,40.224,-3.291,-3.236
2021-09-29,1011010402,水生根茎类,39.563,41.869,-3.213,0.907
2021-09-30,1011010402,水生根茎类,38.451,43.51,-5.416,0.358
2021-10-01,1011010402,水生根茎类,69.809,45.22,-2.263,26.852
2021-10-02,1011010402,水生根茎类,61.246,46.929,11.067,3.25
2021-10-03,1011010402,水生根茎类,54.298,48.566,9.32,-3.587
2021-10-04,1011010402,水生根茎类,40.659,50.015,-5.578,-3.778
2021-10-05,1011010402,水生根茎类,53.813,51.015,-3.896,6.694
2021-10-06,1011010402,水生根茎类,51.355,51.589,-4.224,3.99
2021-10-07,1011010402,水生根茎类,51.57,51.791,-4.635,4.414
2021-10-08,1011010402,水生根茎类,49.695,51.497,-1.749,-0.053
2021-10-09,1011010402,水生根茎类,41.198,50.678,11.691,-21.17
2021-10-10,1011010402,水生根茎类,58.704,49.331,8.25,1.123
2021-10-11,1011010402,水生根茎类,45.351,47.856,-5.116,2.61
2021-10-12,1011010402,水生根茎类,29.953,46.803,-3.912,-12.938
2021-10-13,1011010402,水生根茎类,36.526,46.143,-5.455,-4.163
2021-10-14,1011010402,水生根茎类,38.264,45.729,-3.552,-3.913
2021-10-15,1011010402,水生根茎类,65.659,45.515,-1.74,21.884
2021-10-16,1011010402,水生根茎类,54.821,45.486,12.616,-3.281
2021-10-17,1011010402,水生根茎类,56.02,45.856,7.95,2.214
2021-10-18,1011010402,水生根茎类,44.513,46.567,-4.784,2.73
2021-10-19,1011010402,水生根茎类,42.738,47.067,-4.59,0.261
2021-10-20,1011010402,水生根茎类,41.248,47.027,-6.799,1.02
2021-10-21,1011010402,水生根茎类,46.91,46.504,-4.11,4.516
2021-10-22,1011010402,水生根茎类,45.315,45.85,-1.052,0.517
2021-10-23,1011010402,水生根茎类,61.274,45.149,13.171,2.955
2021-10-24,1011010402,水生根茎类,47.917,44.418,8.861,-5.361
2021-10-25,1011010402,水生根茎类,33.696,43.762,-4.638,-5.428
2021-10-26,1011010402,水生根茎类,37.216,43.294,-6.111,0.032
2021-10-27,1011010402,水生根茎类,36.161,43.198,-6.699,-0.337
2021-10-28,1011010402,水生根茎类,37.949,43.516,-5.367,-0.2
2021-10-29,1011010402,水生根茎类,40.045,44.142,0.768,-4.865
2021-10-30,1011010402,水生根茎类,59.756,44.975,13.924,0.856
2021-10-31,1011010402,水生根茎类,55.961,45.917,9.833,0.211
2021-11-01,1011010402,水生根茎类,44.316,46.911,-6.192,3.597
2021-11-02,1011010402,水生根茎类,39.893,47.985,-7.236,-0.856
2021-11-03,1011010402,水生根茎类,39.941,49.041,-5.165,-3.936
2021-11-04,1011010402,水生根茎类,42.366,49.914,-8.032,0.484
2021-11-05,1011010402,水生根茎类,58.696,50.543,2.646,5.507
2021-11-06,1011010402,水生根茎类,63.927,50.859,14.337,-1.268
2021-11-07,1011010402,水生根茎类,64.622,50.859,11.298,2.465
2021-11-08,1011010402,水生根茎类,58.811,50.52,-6.742,15.034
2021-11-09,1011010402,水生根茎类,43.617,49.771,-8.424,2.27
2021-11-10,1011010402,水生根茎类,49.851,48.574,-4.306,5.583
2021-11-11,1011010402,水生根茎类,35.903,47.021,-10.485,-0.633
2021-11-12,1011010402,水生根茎类,50.696,45.198,3.07,2.428
2021-11-13,1011010402,水生根茎类,55.708,43.075,15.561,-2.927
2021-11-14,1011010402,水生根茎类,54.093,40.903,11.913,1.277
2021-11-15,1011010402,水生根茎类,28.879,39.137,-7.149,-3.109
2021-11-16,1011010402,水生根茎类,19.63,37.887,-8.465,-9.792
2021-11-17,1011010402,水生根茎类,34.26,37.127,-3.85,0.984
2021-11-18,1011010402,水生根茎类,21.426,36.73,-11.398,-3.906
2021-11-19,1011010402,水生根茎类,28.706,36.646,2.257,-10.197
2021-11-20,1011010402,水生根茎类,57.021,36.886,17.982,2.153
2021-11-21,1011010402,水生根茎类,47.591,37.461,11.979,-1.848
2021-11-22,1011010402,水生根茎类,32.75,38.094,-8.063,2.719
2021-11-23,1011010402,水生根茎类,31.403,38.591,-8.181,0.993
2021-11-24,1011010402,水生根茎类,33.315,38.939,-5.169,-0.455
2021-11-25,1011010402,水生根茎类,30.299,39.052,-11.545,2.791
2021-11-26,1011010402,水生根茎类,41.234,39.0,0.126,2.108
2021-11-27,1011010402,水生根茎类,58.68,38.821,21.669,-1.81
2021-11-28,1011010402,水生根茎类,49.546,38.505,13.166,-2.125
2021-11-29,1011010402,水生根茎类,29.92,38.169,-10.135,1.886
2021-11-30,1011010402,水生根茎类,30.369,37.824,-7.078,-0.378
2021-12-01,1011010402,水生根茎类,30.015,37.473,-7.957,0.5
2021-12-02,1011010402,水生根茎类,25.404,37.215,-10.585,-1.227
2021-12-03,1011010402,水生根茎类,18.925,37.008,-1.465,-16.618
2021-12-04,1011010402,水生根茎类,62.259,36.784,23.46,2.015
2021-12-05,1011010402,水生根茎类,50.994,36.551,15.818,-1.375
2021-12-06,1011010402,水生根茎类,12.844,36.397,-11.395,-12.158
2021-12-07,1011010402,水生根茎类,31.831,36.402,-6.412,1.841
2021-12-08,1011010402,水生根茎类,25.319,36.541,-10.121,-1.101
2021-12-09,1011010402,水生根茎类,25.262,36.774,-10.202,-1.31
2021-12-10,1011010402,水生根茎类,32.792,37.153,-3.332,-1.03
2021-12-11,1011010402,水生根茎类,124.24,37.952,24.15,62.139
2021-12-12,1011010402,水生根茎类,61.198,39.137,19.246,2.816
2021-12-13,1011010402,水生根茎类,21.832,40.354,-11.488,-7.034
2021-12-14,1011010402,水生根茎类,33.175,41.468,-6.575,-1.718
2021-12-15,1011010402,水生根茎类,2.602,42.568,-11.559,-28.406
2021-12-16,1011010402,水生根茎类,39.569,43.678,-10.773,6.663
2021-12-17,1011010402,水生根茎类,40.154,44.676,-5.863,1.341
2021-12-18,1011010402,水生根茎类,70.551,45.401,24.241,0.908
2021-12-19,1011010402,水生根茎类,67.19,45.707,22.305,-0.822
2021-12-20,1011010402,水生根茎类,38.283,45.459,-9.146,1.97
2021-12-21,1011010402,水生根茎类,48.369,44.921,-7.228,10.676
2021-12-22,1011010402,水生根茎类,31.469,44.465,-12.653,-0.342
2021-12-23,1011010402,水生根茎类,30.021,44.153,-11.089,-3.042
2021-12-24,1011010402,水生根茎类,35.441,43.99,-5.578,-2.971
2021-12-25,1011010402,水生根茎类,66.839,43.989,21.827,1.023
2021-12-26,1011010402,水生根茎类,95.584,44.235,18.335,33.014
2021-12-27,1011010402,水生根茎类,42.155,44.859,-1.119,-1.585
2021-12-28,1011010402,水生根茎类,35.054,45.82,-7.83,-2.936
2021-12-29,1011010402,水生根茎类,34.882,47.221,-12.329,-0.009
2021-12-30,1011010402,水生根茎类,37.37,48.65,-12.499,1.219
2021-12-31,1011010402,水生根茎类,60.713,49.33,-3.792,15.176
2022-01-01,1011010402,水生根茎类,82.658,49.429,18.053,15.176
2022-01-02,1011010402,水生根茎类,27.438,49.46,15.501,-37.523
2022-01-03,1011010402,水生根茎类,59.009,49.733,1.918,7.358
2022-01-04,1011010402,水生根茎类,46.598,50.153,-10.216,6.66
2022-01-05,1011010402,水生根茎类,34.15,49.94,-9.437,-6.353
2022-01-06,1011010402,水生根茎类,34.198,48.922,-9.02,-5.703
2022-01-07,1011010402,水生根茎类,46.045,48.006,-1.543,-0.418
2022-01-08,1011010402,水生根茎类,60.006,47.327,14.143,-1.464
2022-01-09,1011010402,水生根茎类,59.741,46.948,12.3,0.493
2022-01-10,1011010402,水生根茎类,56.153,46.833,1.875,7.445
2022-01-11,1011010402,水生根茎类,29.824,46.794,-13.292,-3.678
2022-01-12,1011010402,水生根茎类,41.626,46.692,-6.014,0.949
2022-01-13,1011010402,水生根茎类,22.185,46.584,-3.969,-20.43
2022-01-14,1011010402,水生根茎类,48.285,46.635,1.616,0.034
2022-01-15,1011010402,水生根茎类,56.825,46.901,10.544,-0.62
2022-01-16,1011010402,水生根茎类,52.794,47.483,9.412,-4.101
2022-01-17,1011010402,水生根茎类,42.312,48.436,-4.086,-2.038
2022-01-18,1011010402,水生根茎类,32.418,49.747,-14.334,-2.995
2022-01-19,1011010402,水生根茎类,50.389,51.439,-3.52,2.471
2022-01-20,1011010402,水生根茎类,55.56,53.457,2.792,-0.689
2022-01-21,1011010402,水生根茎类,58.294,55.838,3.977,-1.521
2022-01-22,1011010402,水生根茎类,64.682,58.394,7.003,-0.715
2022-01-23,1011010402,水生根茎类,68.285,61.002,6.805,0.479
2022-01-24,1011010402,水生根茎类,38.076,63.71,-2.412,-23.222
2022-01-25,1011010402,水生根茎类,70.849,66.622,-14.173,18.399
2022-01-26,1011010402,水生根茎类,64.858,66.304,-4.568,3.123
2022-01-27,1011010402,水生根茎类,95.025,61.706,-1.064,34.384
2022-01-28,1011010402,水生根茎类,197.934,60.023,4.836,133.074
2022-01-29,1011010402,水生根茎类,200.905,59.095,13.569,128.24
2022-01-30,1011010402,水生根茎类,234.678,56.807,6.564,171.308
2022-01-31,1011010402,水生根茎类,0.0,53.758,-3.756,-50.002
2022-02-01,1011010402,水生根茎类,38.25,50.214,-12.915,0.952
2022-02-02,1011010402,水生根茎类,37.868,48.716,-6.404,-4.444
2022-02-03,1011010402,水生根茎类,7.01,47.941,-4.722,-36.209
2022-02-04,1011010402,水生根茎类,55.923,46.815,5.443,3.665
2022-02-05,1011010402,水生根茎类,2.203,45.557,15.956,-59.309
2022-02-06,1011010402,水生根茎类,66.88,44.252,6.574,16.053
2022-02-07,1011010402,水生根茎类,41.735,43.009,-2.936,1.662
2022-02-08,1011010402,水生根茎类,29.778,41.557,-12.18,0.401
2022-02-09,1011010402,水生根茎类,30.194,39.588,-8.064,-1.33
2022-02-10,1011010402,水生根茎类,29.54,37.515,-8.45,0.475
2022-02-11,1011010402,水生根茎类,38.286,35.684,6.32,-3.718
2022-02-12,1011010402,水生根茎类,58.417,34.157,22.377,1.883
2022-02-13,1011010402,水生根茎类,38.757,32.791,6.254,-0.288
2022-02-14,1011010402,水生根茎类,24.829,31.413,-2.795,-3.788
2022-02-15,1011010402,水生根茎类,50.087,30.202,-16.793,36.679
2022-02-16,1011010402,水生根茎类,25.24,29.214,-7.993,4.019
2022-02-17,1011010402,水生根茎类,38.54,28.374,-7.208,17.373
2022-02-18,1011010402,水生根茎类,34.695,27.611,9.103,-2.018
2022-02-19,1011010402,水生根茎类,38.763,26.991,17.307,-5.535
2022-02-20,1011010402,水生根茎类,35.58,26.556,7.423,1.601
2022-02-21,1011010402,水生根茎类,26.034,26.316,-1.403,1.122
2022-02-22,1011010402,水生根茎类,25.201,26.31,-18.802,17.692
2022-02-23,1011010402,水生根茎类,17.076,26.589,-6.946,-2.567
2022-02-24,1011010402,水生根茎类,19.778,26.961,-5.456,-1.728
2022-02-25,1011010402,水生根茎类,43.644,27.329,10.063,6.252
2022-02-26,1011010402,水生根茎类,40.831,27.731,15.475,-2.376
2022-02-27,1011010402,水生根茎类,34.212,28.282,8.814,-2.884
2022-02-28,1011010402,水生根茎类,31.328,28.865,-0.698,3.161
2022-03-01,1011010402,水生根茎类,5.051,29.35,-23.902,-0.397
2022-03-02,1011010402,水生根茎类,23.171,29.546,-6.743,0.369
2022-03-03,1011010402,水生根茎类,27.705,29.401,-3.812,2.116
2022-03-04,1011010402,水生根茎类,21.276,29.05,9.292,-17.066
2022-03-05,1011010402,水生根茎类,44.23,28.445,14.899,0.886
2022-03-06,1011010402,水生根茎类,47.119,27.667,8.999,10.453
2022-03-07,1011010402,水生根茎类,24.482,26.827,-2.392,0.047
2022-03-08,1011010402,水生根茎类,6.754,25.816,-17.537,-1.525
2022-03-09,1011010402,水生根茎类,17.2,24.673,-8.321,0.849
2022-03-10,1011010402,水生根茎类,16.626,23.746,-2.542,-4.577
2022-03-11,1011010402,水生根茎类,29.63,23.26,5.905,0.465
2022-03-12,1011010402,水生根茎类,37.329,23.293,15.016,-0.979
2022-03-13,1011010402,水生根茎类,28.204,23.712,9.908,-5.417
2022-03-14,1011010402,水生根茎类,15.345,24.413,-4.923,-4.145
2022-03-15,1011010402,水生根茎类,15.026,25.365,-11.885,1.546
2022-03-16,1011010402,水生根茎类,16.886,26.541,-9.391,-0.264
2022-03-17,1011010402,水生根茎类,30.851,27.819,-1.838,4.87
2022-03-18,1011010402,水生根茎类,28.674,29.011,1.883,-2.22
2022-03-19,1011010402,水生根茎类,45.815,29.863,14.323,1.629
2022-03-20,1011010402,水生根茎类,43.592,30.217,11.196,2.179
2022-03-21,1011010402,水生根茎类,25.391,30.209,-7.076,2.258
2022-03-22,1011010402,水生根茎类,27.306,30.103,-7.541,4.745
2022-03-23,1011010402,水生根茎类,15.255,29.877,-9.222,-5.4
2022-03-24,1011010402,水生根茎类,16.899,29.47,-1.338,-11.233
2022-03-25,1011010402,水生根茎类,43.221,29.012,-0.668,14.877
2022-03-26,1011010402,水生根茎类,43.227,28.656,11.998,2.573
2022-03-27,1011010402,水生根茎类,41.214,28.45,12.856,-0.092
2022-03-28,1011010402,水生根茎类,19.777,28.48,-7.545,-1.157
2022-03-29,1011010402,水生根茎类,18.541,28.635,-3.927,-6.166
2022-03-30,1011010402,水生根茎类,27.389,28.571,-8.608,7.426
2022-03-31,1011010402,水生根茎类,30.993,28.196,-1.83,4.627
2022-04-01,1011010402,水生根茎类,25.437,27.168,-1.735,0.004
2022-04-02,1011010402,水生根茎类,34.452,25.488,9.187,-0.223
2022-04-03,1011010402,水生根茎类,42.998,23.299,11.95,7.749
2022-04-04,1011010402,水生根茎类,31.759,20.682,-7.122,18.199
2022-04-05,1011010402,水生根茎类,21.71,17.982,-2.264,5.992
2022-04-06,1011010402,水生根茎类,5.855,15.52,-6.402,-3.264
2022-04-07,1011010402,水生根茎类,6.533,13.215,-2.277,-4.405
2022-04-08,1011010402,水生根茎类,6.366,11.063,-0.615,-4.082
2022-04-09,1011010402,水生根茎类,11.218,9.55,6.873,-5.205
2022-04-10,1011010402,水生根茎类,18.379,8.825,8.99,0.564
2022-04-11,1011010402,水生根茎类,1.03,8.563,-6.207,-1.325
2022-04-12,1011010402,水生根茎类,7.538,8.575,-0.728,-0.309
2022-04-13,1011010402,水生根茎类,4.61,8.636,-4.937,0.911
2022-04-14,1011010402,水生根茎类,6.495,8.584,-2.692,0.603
2022-04-15,1011010402,水生根茎类,14.18,8.403,0.977,4.801
2022-04-16,1011010402,水生根茎类,15.042,8.139,5.19,1.713
2022-04-17,1011010402,水生根茎类,9.701,7.813,5.239,-3.352
2022-04-18,1011010402,水生根茎类,3.024,7.358,-4.045,-0.289
2022-04-19,1011010402,水生根茎类,5.106,6.764,-0.627,-1.032
2022-04-20,1011010402,水生根茎类,2.772,6.172,-3.462,0.062
2022-04-21,1011010402,水生根茎类,3.552,5.731,-2.917,0.737
2022-04-22,1011010402,水生根茎类,7.417,5.487,1.793,0.137
2022-04-23,1011010402,水生根茎类,9.767,5.348,4.25,0.168
2022-04-24,1011010402,水生根茎类,4.52,5.24,2.652,-3.372
2022-04-25,1011010402,水生根茎类,4.202,5.188,-1.489,0.503
2022-04-26,1011010402,水生根茎类,4.905,5.269,-1.185,0.821
2022-04-27,1011010402,水生根茎类,2.398,5.496,-2.101,-0.997
2022-04-28,1011010402,水生根茎类,2.139,5.778,-2.66,-0.979
2022-04-29,1011010402,水生根茎类,7.15,6.042,0.937,0.171
2022-04-30,1011010402,水生根茎类,9.22,6.176,3.483,-0.439
2022-05-01,1011010402,水生根茎类,10.863,6.129,1.637,3.097
2022-05-02,1011010402,水生根茎类,8.503,5.941,-0.077,2.64
2022-05-03,1011010402,水生根茎类,2.868,5.638,-1.024,-1.745
2022-05-04,1011010402,水生根茎类,6.398,5.238,-1.769,2.929
2022-05-05,1011010402,水生根茎类,1.193,4.823,-2.103,-1.527
2022-05-06,1011010402,水生根茎类,3.42,4.444,-0.329,-0.694
2022-05-07,1011010402,水生根茎类,4.66,4.165,3.082,-2.587
2022-05-08,1011010402,水生根茎类,4.476,4.036,1.718,-1.278
2022-05-09,1011010402,水生根茎类,3.538,4.091,0.454,-1.008
2022-05-10,1011010402,水生根茎类,5.181,4.277,-1.213,2.117
2022-05-11,1011010402,水生根茎类,2.043,4.546,-1.579,-0.924
2022-05-12,1011010402,水生根茎类,5.134,4.759,-1.375,1.751
2022-05-13,1011010402,水生根茎类,2.792,4.843,-0.469,-1.581
2022-05-14,1011010402,水生根茎类,11.341,4.781,2.682,3.878
2022-05-15,1011010402,水生根茎类,6.072,4.611,1.245,0.216
2022-05-16,1011010402,水生根茎类,4.637,4.373,0.103,0.162
2022-05-17,1011010402,水生根茎类,1.853,4.129,-1.218,-1.058
2022-05-18,1011010402,水生根茎类,0.926,3.908,-1.877,-1.105
2022-05-19,1011010402,水生根茎类,3.425,3.77,-0.417,0.073
2022-05-20,1011010402,水生根茎类,3.575,3.764,0.59,-0.779
2022-05-21,1011010402,水生根茎类,4.691,3.91,2.191,-1.409
2022-05-22,1011010402,水生根茎类,4.885,4.18,0.901,-0.196
2022-05-23,1011010402,水生根茎类,4.437,4.553,-0.512,0.396
2022-05-24,1011010402,水生根茎类,3.361,4.982,-1.418,-0.203
2022-05-25,1011010402,水生根茎类,4.619,5.444,-2.074,1.249
2022-05-26,1011010402,水生根茎类,4.438,5.907,0.063,-1.532
2022-05-27,1011010402,水生根茎类,8.858,6.33,2.182,0.347
2022-05-28,1011010402,水生根茎类,8.906,6.772,0.911,1.223
2022-05-29,1011010402,水生根茎类,7.44,7.256,1.187,-1.003
2022-05-30,1011010402,水生根茎类,6.684,7.663,-1.376,0.397
2022-05-31,1011010402,水生根茎类,6.611,7.934,-0.887,-0.436
2022-06-01,1011010402,水生根茎类,5.084,8.072,-1.909,-1.08
2022-06-02,1011010402,水生根茎类,11.33,8.099,-0.559,3.79
2022-06-03,1011010402,水生根茎类,14.235,8.106,2.487,3.643
2022-06-04,1011010402,水生根茎类,5.135,8.103,1.036,-4.005
2022-06-05,1011010402,水生根茎类,10.109,8.035,1.875,0.199
2022-06-06,1011010402,水生根茎类,5.253,7.869,-2.332,-0.284
2022-06-07,1011010402,水生根茎类,6.312,7.616,-0.162,-1.142
2022-06-08,1011010402,水生根茎类,6.725,7.402,-1.88,1.202
2022-06-09,1011010402,水生根茎类,5.241,7.418,-1.827,-0.35
2022-06-10,1011010402,水生根茎类,9.447,7.587,1.135,0.725
2022-06-11,1011010402,水生根茎类,9.209,7.785,2.922,-1.498
2022-06-12,1011010402,水生根茎类,10.588,8.025,4.236,-1.673
2022-06-13,1011010402,水生根茎类,3.944,8.342,-2.905,-1.493
2022-06-14,1011010402,水生根茎类,14.604,8.677,-0.212,6.139
2022-06-15,1011010402,水生根茎类,5.184,9.055,-1.459,-2.412
2022-06-16,1011010402,水生根茎类,5.347,9.414,-4.335,0.269
2022-06-17,1011010402,水生根茎类,6.991,9.801,-2.313,-0.498
2022-06-18,1011010402,水生根茎类,18.484,10.171,3.576,4.737
2022-06-19,1011010402,水生根茎类,15.541,10.505,9.953,-4.917
2022-06-20,1011010402,水生根茎类,8.896,10.843,-3.989,2.042
2022-06-21,1011010402,水生根茎类,6.063,11.261,-0.203,-4.994
2022-06-22,1011010402,水生根茎类,13.806,11.917,-1.794,3.683
2022-06-23,1011010402,水生根茎类,5.402,12.86,-5.759,-1.699
2022-06-24,1011010402,水生根茎类,25.878,13.914,-5.915,17.879
2022-06-25,1011010402,水生根茎类,40.332,15.013,3.144,22.175
2022-06-26,1011010402,水生根茎类,31.364,16.139,18.388,-3.164
2022-06-27,1011010402,水生根茎类,12.659,17.39,-5.105,0.374
2022-06-28,1011010402,水生根茎类,19.501,18.82,-2.765,3.446
2022-06-29,1011010402,水生根茎类,16.118,20.7,-3.567,-1.015
2022-06-30,1011010402,水生根茎类,10.625,23.035,-5.163,-7.247
2022-07-01,1011010402,水生根茎类,15.086,25.709,-9.11,-1.513
2022-07-02,1011010402,水生根茎类,28.667,28.552,1.144,-1.029
2022-07-03,1011010402,水生根茎类,63.873,31.344,30.909,1.62
2022-07-04,1011010402,水生根茎类,20.219,34.148,-5.233,-8.696
2022-07-05,1011010402,水生根茎类,34.508,36.975,-6.927,4.46
2022-07-06,1011010402,水生根茎类,39.018,39.463,-7.624,7.179
2022-07-07,1011010402,水生根茎类,43.066,41.339,-1.027,2.754
2022-07-08,1011010402,水生根茎类,32.713,42.596,-9.593,-0.291
2022-07-09,1011010402,水生根茎类,44.591,43.298,-1.164,2.456
2022-07-10,1011010402,水生根茎类,35.703,43.805,30.901,-39.002
2022-07-11,1011010402,水生根茎类,43.103,44.359,-2.978,1.722
2022-07-12,1011010402,水生根茎类,29.78,45.182,-8.462,-6.94
2022-07-13,1011010402,水生根茎类,31.995,46.383,-8.303,-6.084
2022-07-14,1011010402,水生根茎类,12.376,47.735,-2.299,-33.059
2022-07-15,1011010402,水生根茎类,43.241,49.501,-9.306,3.046
2022-07-16,1011010402,水生根茎类,107.272,52.044,-3.4,58.628
2022-07-17,1011010402,水生根茎类,131.3,55.247,33.825,42.228
2022-07-18,1011010402,水生根茎类,57.442,58.538,2.216,-3.312
2022-07-19,1011010402,水生根茎类,90.19,61.664,-10.479,39.004
2022-07-20,1011010402,水生根茎类,89.355,64.483,-9.348,34.22
2022-07-21,1011010402,水生根茎类,75.92,67.259,-3.915,12.576
2022-07-22,1011010402,水生根茎类,44.43,70.538,-10.147,-15.96
2022-07-23,1011010402,水生根茎类,67.395,73.932,-5.935,-0.602
2022-07-24,1011010402,水生根茎类,112.091,76.742,34.562,0.787
2022-07-25,1011010402,水生根茎类,90.633,77.572,6.835,6.226
2022-07-26,1011010402,水生根茎类,68.863,77.749,-9.512,0.626
2022-07-27,1011010402,水生根茎类,71.087,77.968,-7.37,0.489
2022-07-28,1011010402,水生根茎类,70.756,78.2,-6.476,-0.968
2022-07-29,1011010402,水生根茎类,66.925,78.268,-8.854,-2.489
2022-07-30,1011010402,水生根茎类,71.293,78.002,-6.899,0.19
2022-07-31,1011010402,水生根茎类,131.591,77.604,26.142,27.845
2022-08-01,1011010402,水生根茎类,91.813,77.106,10.659,4.048
2022-08-02,1011010402,水生根茎类,28.385,76.495,-8.804,-39.306
2022-08-03,1011010402,水生根茎类,95.589,76.243,-7.266,26.612
2022-08-04,1011010402,水生根茎类,64.171,76.04,-9.981,-1.888
2022-08-05,1011010402,水生根茎类,43.931,75.666,-6.578,-25.157
2022-08-06,1011010402,水生根茎类,106.723,75.558,4.686,26.479
2022-08-07,1011010402,水生根茎类,89.746,76.007,19.856,-6.117
2022-08-08,1011010402,水生根茎类,86.531,77.142,8.44,0.949
2022-08-09,1011010402,水生根茎类,54.281,78.362,-8.368,-15.714
2022-08-10,1011010402,水生根茎类,89.973,79.439,-8.56,19.094
2022-08-11,1011010402,水生根茎类,70.377,80.254,-11.669,1.791
2022-08-12,1011010402,水生根茎类,79.938,80.86,-8.052,7.13
2022-08-13,1011010402,水生根茎类,139.761,81.218,14.06,44.484
2022-08-14,1011010402,水生根茎类,97.044,80.68,16.835,-0.471
2022-08-15,1011010402,水生根茎类,102.925,79.251,3.445,20.229
2022-08-16,1011010402,水生根茎类,69.881,77.521,-8.13,0.49
2022-08-17,1011010402,水生根茎类,104.095,75.82,-10.427,38.702
2022-08-18,1011010402,水生根茎类,81.503,74.077,-13.192,20.618
2022-08-19,1011010402,水生根茎类,144.451,72.509,-9.451,81.393
2022-08-20,1011010402,水生根茎类,95.698,71.032,23.623,1.043
2022-08-21,1011010402,水生根茎类,87.971,69.563,23.099,-4.691
2022-08-22,1011010402,水生根茎类,66.488,68.236,-2.268,0.52
2022-08-23,1011010402,水生根茎类,86.205,67.415,-9.279,28.069
2022-08-24,1011010402,水生根茎类,57.232,67.002,-10.768,0.998
2022-08-25,1011010402,水生根茎类,51.219,66.726,-13.731,-1.776
2022-08-26,1011010402,水生根茎类,48.72,66.573,-14.795,-3.058
2022-08-27,1011010402,水生根茎类,104.458,66.69,21.904,15.864
2022-08-28,1011010402,水生根茎类,102.839,66.939,33.167,2.733
2022-08-29,1011010402,水生根茎类,59.775,67.233,-5.744,-1.714
2022-08-30,1011010402,水生根茎类,93.293,67.548,-10.419,36.165
2022-08-31,1011010402,水生根茎类,28.994,67.812,-8.086,-30.732
2022-09-01,1011010402,水生根茎类,56.77,67.891,-13.124,2.002
2022-09-02,1011010402,水生根茎类,53.186,67.743,-15.031,0.474
2022-09-03,1011010402,水生根茎类,88.589,67.416,20.517,0.656
2022-09-04,1011010402,水生根茎类,124.55,66.764,29.696,28.09
2022-09-05,1011010402,水生根茎类,60.192,65.613,-6.346,0.924
2022-09-06,1011010402,水生根茎类,54.584,64.048,-10.369,0.904
2022-09-07,1011010402,水生根茎类,61.05,61.408,-7.847,7.489
2022-09-08,1011010402,水生根茎类,46.658,58.17,-10.959,-0.553
2022-09-09,1011010402,水生根茎类,112.02,54.918,-11.28,68.382
2022-09-10,1011010402,水生根茎类,155.467,51.662,18.564,85.24
2022-09-11,1011010402,水生根茎类,97.363,48.406,29.294,19.663
2022-09-12,1011010402,水生根茎类,38.383,45.008,-6.502,-0.122
2022-09-13,1011010402,水生根茎类,25.627,41.576,-13.019,-2.929
2022-09-14,1011010402,水生根茎类,27.935,38.772,-8.124,-2.712
2022-09-15,1011010402,水生根茎类,29.546,36.749,-9.945,2.741
2022-09-16,1011010402,水生根茎类,26.977,35.138,-5.981,-2.18
2022-09-17,1011010402,水生根茎类,50.024,33.812,16.565,-0.353
2022-09-18,1011010402,水生根茎类,58.668,32.722,26.723,-0.777
2022-09-19,1011010402,水生根茎类,9.274,31.881,-6.314,-16.293
2022-09-20,1011010402,水生根茎类,14.946,31.331,-12.656,-3.728
2022-09-21,1011010402,水生根茎类,18.429,31.489,-12.8,-0.26
2022-09-22,1011010402,水生根茎类,20.182,32.454,-9.458,-2.814
2022-09-23,1011010402,水生根茎类,30.662,34.053,1.147,-4.538
2022-09-24,1011010402,水生根茎类,49.291,36.449,16.703,-3.862
2022-09-25,1011010402,水生根茎类,14.038,39.449,21.722,-47.133
2022-09-26,1011010402,水生根茎类,34.863,42.733,-8.166,0.296
2022-09-27,1011010402,水生根茎类,35.665,46.35,-11.829,1.145
2022-09-28,1011010402,水生根茎类,62.641,50.318,-15.496,27.819
2022-09-29,1011010402,水生根茎类,43.663,54.437,-7.922,-2.852
2022-09-30,1011010402,水生根茎类,70.235,58.495,10.845,0.895
2022-10-01,1011010402,水生根茎类,102.731,62.595,17.792,22.345
2022-10-02,1011010402,水生根茎类,81.611,64.551,14.39,2.671
2022-10-03,1011010402,水生根茎类,93.09,62.475,-11.623,42.237
2022-10-04,1011010402,水生根茎类,104.984,61.975,-12.431,55.439
2022-10-05,1011010402,水生根茎类,118.421,62.499,-18.655,74.577
2022-10-06,1011010402,水生根茎类,132.357,62.947,-6.307,75.717
2022-10-07,1011010402,水生根茎类,110.302,62.252,25.77,22.279
2022-10-08,1011010402,水生根茎类,81.908,60.84,19.268,1.8
2022-10-09,1011010402,水生根茎类,66.479,60.6,10.045,-4.166
2022-10-10,1011010402,水生根茎类,46.834,61.109,-14.335,0.06
2022-10-11,1011010402,水生根茎类,51.596,61.52,-11.811,1.886
2022-10-12,1011010402,水生根茎类,39.206,60.906,-21.021,-0.679
2022-10-13,1011010402,水生根茎类,61.838,59.763,-2.998,5.073
2022-10-14,1011010402,水生根茎类,13.046,58.935,13.179,-59.068
2022-10-15,1011010402,水生根茎类,101.798,58.326,23.524,19.948
2022-10-16,1011010402,水生根茎类,86.333,57.572,11.036,17.725
2022-10-17,1011010402,水生根茎类,38.615,56.571,-15.143,-2.814
2022-10-18,1011010402,水生根茎类,41.022,55.361,-12.526,-1.813
2022-10-19,1011010402,水生根茎类,38.515,54.259,-17.219,1.474
2022-10-20,1011010402,水生根茎类,52.368,53.595,-4.023,2.797
2022-10-21,1011010402,水生根茎类,99.046,53.093,14.003,31.95
2022-10-22,1011010402,水生根茎类,77.747,52.59,25.84,-0.682
2022-10-23,1011010402,水生根茎类,61.265,52.015,12.364,-3.114
2022-10-24,1011010402,水生根茎类,37.236,51.339,-15.324,1.221
2022-10-25,1011010402,水生根茎类,36.981,50.738,-13.469,-0.287
2022-10-26,1011010402,水生根茎类,35.475,50.311,-16.254,1.418
2022-10-27,1011010402,水生根茎类,35.991,49.849,-12.445,-1.414
2022-10-28,1011010402,水生根茎类,63.12,49.26,14.229,-0.369
2022-10-29,1011010402,水生根茎类,98.462,48.532,28.471,21.459
2022-10-30,1011010402,水生根茎类,67.588,47.707,15.466,4.415
2022-10-31,1011010402,水生根茎类,32.213,46.943,-15.513,0.783
2022-11-01,1011010402,水生根茎类,29.485,46.19,-13.128,-3.577
2022-11-02,1011010402,水生根茎类,0.0,45.333,-17.977,-27.356
2022-11-03,1011010402,水生根茎类,13.926,44.411,-7.534,-22.952
2022-11-04,1011010402,水生根茎类,0.0,43.468,6.789,-50.257
2022-11-05,1011010402,水生根茎类,74.216,42.6,30.862,0.754
2022-11-06,1011010402,水生根茎类,60.306,41.995,18.011,0.3
2022-11-07,1011010402,水生根茎类,22.799,41.689,-15.159,-3.731
2022-11-08,1011010402,水生根茎类,31.054,41.328,-11.874,1.599
2022-11-09,1011010402,水生根茎类,21.313,40.98,-20.37,0.703
2022-11-10,1011010402,水生根茎类,17.046,40.801,-6.577,-17.178
2022-11-11,1011010402,水生根茎类,40.363,40.736,-0.297,-0.076
2022-11-12,1011010402,水生根茎类,73.358,40.748,32.581,0.028
2022-11-13,1011010402,水生根茎类,54.616,40.765,20.593,-6.742
2022-11-14,1011010402,水生根茎类,27.893,40.815,-14.441,1.519
2022-11-15,1011010402,水生根茎类,31.82,41.159,-11.441,2.102
2022-11-16,1011010402,水生根茎类,17.224,41.689,-22.141,-2.324
2022-11-17,1011010402,水生根茎类,40.679,42.093,-1.687,0.272
2022-11-18,1011010402,水生根茎类,59.901,42.29,-8.019,25.63
2022-11-19,1011010402,水生根茎类,183.307,42.191,32.424,108.691
2022-11-20,1011010402,水生根茎类,69.057,41.975,24.141,2.941
2022-11-21,1011010402,水生根茎类,264.657,41.773,-5.131,228.015
2022-11-22,1011010402,水生根茎类,30.541,41.411,-11.384,0.514
2022-11-23,1011010402,水生根茎类,50.24,39.674,-20.605,31.172
2022-11-24,1011010402,水生根茎类,29.738,36.019,-8.842,2.561
2022-11-25,1011010402,水生根茎类,62.003,32.636,-11.743,41.11
2022-11-26,1011010402,水生根茎类,37.043,29.737,29.449,-22.143
2022-11-27,1011010402,水生根茎类,3.165,26.853,20.74,-44.428
2022-11-28,1011010402,水生根茎类,1.809,23.716,5.098,-27.005
2022-11-29,1011010402,水生根茎类,9.194,20.204,-8.375,-2.636
2022-11-30,1011010402,水生根茎类,0.0,17.226,-15.501,-1.725
2022-12-01,1011010402,水生根茎类,0.0,17.905,-15.145,-2.76
2022-12-02,1011010402,水生根茎类,0.0,19.903,-18.386,-1.517
2022-12-03,1011010402,水生根茎类,0.0,22.363,19.221,-41.585
2022-12-04,1011010402,水生根茎类,18.158,25.76,17.94,-25.542
2022-12-05,1011010402,水生根茎类,41.811,29.249,13.739,-1.177
2022-12-06,1011010402,水生根茎类,67.863,32.632,-8.102,43.333
2022-12-07,1011010402,水生根茎类,64.331,36.139,-10.857,39.049
2022-12-08,1011010402,水生根茎类,47.48,39.797,-15.162,22.845
2022-12-09,1011010402,水生根茎类,30.039,43.646,-13.197,-0.41
2022-12-10,1011010402,水生根茎类,73.28,47.531,25.424,0.325
2022-12-11,1011010402,水生根茎类,63.385,51.165,11.717,0.503
2022-12-12,1011010402,水生根茎类,30.168,54.103,7.288,-31.224
2022-12-13,1011010402,水生根茎类,50.434,56.511,-8.684,2.607
2022-12-14,1011010402,水生根茎类,29.923,58.636,-6.822,-21.891
2022-12-15,1011010402,水生根茎类,60.996,60.59,-17.07,17.477
2022-12-16,1011010402,水生根茎类,59.198,62.386,-8.504,5.315
2022-12-17,1011010402,水生根茎类,97.791,63.679,33.005,1.107
2022-12-18,1011010402,水生根茎类,65.117,63.965,0.028,1.124
2022-12-19,1011010402,水生根茎类,67.122,63.445,2.347,1.33
2022-12-20,1011010402,水生根茎类,53.792,62.32,-7.679,-0.849
2022-12-21,1011010402,水生根茎类,61.727,61.149,0.322,0.256
2022-12-22,1011010402,水生根茎类,45.018,60.194,-16.081,0.905
2022-12-23,1011010402,水生根茎类,54.487,59.618,-2.202,-2.93
2022-12-24,1011010402,水生根茎类,61.874,59.237,20.697,-18.06
2022-12-25,1011010402,水生根茎类,105.129,58.94,3.85,42.338
2022-12-26,1011010402,水生根茎类,56.004,58.66,-0.888,-1.769
2022-12-27,1011010402,水生根茎类,72.514,58.456,-5.845,19.903
2022-12-28,1011010402,水生根茎类,60.286,58.353,-0.168,2.101
2022-12-29,1011010402,水生根茎类,66.287,58.178,-16.587,24.696
2022-12-30,1011010402,水生根茎类,62.525,57.65,4.618,0.257
2022-12-31,1011010402,水生根茎类,103.271,56.858,13.886,32.527
2023-01-01,1011010402,水生根茎类,92.503,55.947,4.869,31.688
2023-01-02,1011010402,水生根茎类,54.334,54.798,-4.886,4.422
2023-01-03,1011010402,水生根茎类,50.818,53.615,-3.277,0.48
2023-01-04,1011010402,水生根茎类,48.908,52.471,1.085,-4.648
2023-01-05,1011010402,水生根茎类,32.701,51.372,-17.154,-1.518
2023-01-06,1011010402,水生根茎类,61.74,50.509,12.671,-1.44
2023-01-07,1011010402,水生根茎类,53.524,50.427,4.091,-0.995
2023-01-08,1011010402,水生根茎类,56.788,51.125,6.601,-0.938
2023-01-09,1011010402,水生根茎类,39.959,52.492,-9.789,-2.744
2023-01-10,1011010402,水生根茎类,45.848,54.841,-0.099,-8.894
2023-01-11,1011010402,水生根茎类,44.885,58.588,2.076,-15.779
2023-01-12,1011010402,水生根茎类,43.65,62.497,-18.209,-0.638
2023-01-13,1011010402,水生根茎类,31.759,66.103,18.977,-53.321
2023-01-14,1011010402,水生根茎类,112.724,69.907,5.898,36.919
2023-01-15,1011010402,水生根茎类,92.61,74.131,4.173,14.306
2023-01-16,1011010402,水生根茎类,61.379,78.401,-16.135,-0.887
2023-01-17,1011010402,水生根茎类,86.319,81.213,-0.192,5.298
2023-01-18,1011010402,水生根茎类,84.28,80.172,0.981,3.127
2023-01-19,1011010402,水生根茎类,157.124,78.034,-14.047,93.137
2023-01-20,1011010402,水生根茎类,252.074,75.79,22.601,153.682
2023-01-21,1011010402,水生根茎类,0.0,73.423,7.582,-81.005
2023-01-22,1011010402,水生根茎类,39.08,71.093,0.811,-32.825
2023-01-23,1011010402,水生根茎类,46.756,68.445,-20.865,-0.824
2023-01-24,1011010402,水生根茎类,84.834,65.419,-1.692,21.108
2023-01-25,1011010402,水生根茎类,97.229,62.729,-0.246,34.746
2023-01-26,1011010402,水生根茎类,72.927,60.093,-11.047,23.881
2023-01-27,1011010402,水生根茎类,89.434,57.262,30.968,1.205
2023-01-28,1011010402,水生根茎类,63.873,54.267,9.102,0.504
2023-01-29,1011010402,水生根茎类,48.473,51.092,-3.046,0.428
2023-01-30,1011010402,水生根茎类,52.383,47.662,-21.431,26.152
2023-01-31,1011010402,水生根茎类,40.683,44.301,-4.348,0.73
2023-02-01,1011010402,水生根茎类,34.281,41.37,-1.491,-5.598
2023-02-02,1011010402,水生根茎类,32.252,39.184,-5.573,-1.358
2023-02-03,1011010402,水生根茎类,54.97,37.837,18.805,-1.673
2023-02-04,1011010402,水生根茎类,85.605,37.263,14.854,33.488
2023-02-05,1011010402,水生根茎类,83.513,37.234,1.496,44.783
2023-02-06,1011010402,水生根茎类,11.684,37.362,-19.744,-5.934
2023-02-07,1011010402,水生根茎类,25.653,37.737,-6.706,-5.378
2023-02-08,1011010402,水生根茎类,41.347,38.571,-2.356,5.132
2023-02-09,1011010402,水生根茎类,42.757,39.905,-6.273,9.125
2023-02-10,1011010402,水生根茎类,49.257,41.345,12.216,-4.304
2023-02-11,1011010402,水生根茎类,77.149,42.503,18.028,16.618
2023-02-12,1011010402,水生根茎类,74.087,43.402,4.644,26.04
2023-02-13,1011010402,水生根茎类,30.456,43.886,-17.794,4.364
2023-02-14,1011010402,水生根茎类,39.561,43.989,-8.271,3.843
2023-02-15,1011010402,水生根茎类,41.209,43.877,-2.889,0.221
2023-02-16,1011010402,水生根茎类,32.783,43.223,-7.705,-2.736
2023-02-17,1011010402,水生根茎类,28.471,41.833,6.995,-20.356
2023-02-18,1011010402,水生根茎类,65.745,40.201,23.572,1.972
2023-02-19,1011010402,水生根茎类,48.268,38.553,8.403,1.312
2023-02-20,1011010402,水生根茎类,24.15,36.902,-14.529,1.777
2023-02-21,1011010402,水生根茎类,24.144,35.204,-8.001,-3.058
2023-02-22,1011010402,水生根茎类,31.124,33.366,-4.726,2.484
2023-02-23,1011010402,水生根茎类,22.517,31.538,-7.19,-1.832
2023-02-24,1011010402,水生根茎类,35.391,29.864,4.835,0.692
2023-02-25,1011010402,水生根茎类,41.824,28.447,16.959,-3.582
2023-02-26,1011010402,水生根茎类,34.64,27.299,8.132,-0.79
2023-02-27,1011010402,水生根茎类,13.331,26.319,-10.451,-2.537
2023-02-28,1011010402,水生根茎类,21.011,25.482,-7.132,2.661
2023-03-01,1011010402,水生根茎类,15.748,24.927,-5.639,-3.54
2023-03-02,1011010402,水生根茎类,21.735,24.67,-4.441,1.506
2023-03-03,1011010402,水生根茎类,29.054,24.623,2.85,1.581
2023-03-04,1011010402,水生根茎类,34.038,24.604,13.88,-4.446
2023-03-05,1011010402,水生根茎类,31.386,24.505,9.05,-2.169
2023-03-06,1011010402,水生根茎类,18.411,24.362,-7.722,1.771
2023-03-07,1011010402,水生根茎类,19.542,24.261,-8.384,3.665
2023-03-08,1011010402,水生根茎类,17.906,24.186,-6.792,0.511
2023-03-09,1011010402,水生根茎类,22.284,24.102,-1.783,-0.035
2023-03-10,1011010402,水生根茎类,21.612,23.975,0.538,-2.9
2023-03-11,1011010402,水生根茎类,38.49,23.8,13.856,0.834
2023-03-12,1011010402,水生根茎类,33.314,23.662,9.818,-0.166
2023-03-13,1011010402,水生根茎类,18.418,23.783,-5.805,0.44
2023-03-14,1011010402,水生根茎类,9.612,24.369,-9.812,-4.945
2023-03-15,1011010402,水生根茎类,17.683,25.089,-6.398,-1.008
2023-03-16,1011010402,水生根茎类,25.921,25.461,-1.238,1.698
2023-03-17,1011010402,水生根茎类,46.065,25.578,-0.62,21.107
2023-03-18,1011010402,水生根茎类,54.936,25.736,13.561,15.639
2023-03-19,1011010402,水生根茎类,41.768,26.0,9.793,5.974
2023-03-20,1011010402,水生根茎类,22.99,26.307,-5.326,2.009
2023-03-21,1011010402,水生根茎类,12.706,26.313,-10.285,-3.322
2023-03-22,1011010402,水生根茎类,17.709,25.797,-3.733,-4.355
2023-03-23,1011010402,水生根茎类,25.455,25.007,-2.843,3.292
2023-03-24,1011010402,水生根茎类,22.479,24.315,-1.051,-0.784
2023-03-25,1011010402,水生根茎类,40.776,23.741,11.947,5.088
2023-03-26,1011010402,水生根茎类,30.047,23.282,9.354,-2.588
2023-03-27,1011010402,水生根茎类,15.436,22.784,-4.451,-2.897
2023-03-28,1011010402,水生根茎类,14.816,22.165,-9.067,1.718
2023-03-29,1011010402,水生根茎类,23.049,21.538,-0.978,2.49
2023-03-30,1011010402,水生根茎类,13.154,21.154,-4.679,-3.321
2023-03-31,1011010402,水生根茎类,22.161,21.006,-0.039,1.194
2023-04-01,1011010402,水生根茎类,26.836,20.801,9.564,-3.529
2023-04-02,1011010402,水生根茎类,27.876,20.302,6.987,0.588
2023-04-03,1011010402,水生根茎类,29.721,19.607,-4.096,14.21
2023-04-04,1011010402,水生根茎类,14.977,19.035,-7.207,3.149
2023-04-05,1011010402,水生根茎类,24.199,18.728,0.632,4.839
2023-04-06,1011010402,水生根茎类,9.889,18.502,-5.821,-2.792
2023-04-07,1011010402,水生根茎类,16.629,18.284,2.929,-4.584
2023-04-08,1011010402,水生根茎类,20.73,18.057,8.194,-5.521
2023-04-09,1011010402,水生根茎类,32.522,17.974,3.551,10.997
2023-04-10,1011010402,水生根茎类,17.868,18.068,-3.754,3.554
2023-04-11,1011010402,水生根茎类,7.577,18.324,-5.591,-5.157
2023-04-12,1011010402,水生根茎类,19.088,18.647,-0.494,0.935
2023-04-13,1011010402,水生根茎类,15.052,18.746,-5.377,1.682
2023-04-14,1011010402,水生根茎类,26.338,18.521,4.47,3.347
2023-04-15,1011010402,水生根茎类,29.033,18.196,8.541,2.296
2023-04-16,1011010402,水生根茎类,16.458,17.995,1.06,-2.597
2023-04-17,1011010402,水生根茎类,7.066,17.794,-2.318,-8.41
2023-04-18,1011010402,水生根茎类,15.097,17.365,-4.358,2.091
2023-04-19,1011010402,水生根茎类,12.216,16.804,-3.312,-1.276
2023-04-20,1011010402,水生根茎类,12.171,16.236,-4.205,0.139
2023-04-21,1011010402,水生根茎类,28.934,15.743,4.232,8.959
2023-04-22,1011010402,水生根茎类,27.103,15.33,9.439,2.333
2023-04-23,1011010402,水生根茎类,10.291,14.883,-0.546,-4.046
2023-04-24,1011010402,水生根茎类,13.28,14.443,-1.559,0.396
2023-04-25,1011010402,水生根茎类,9.993,14.124,-2.5,-1.632
2023-04-26,1011010402,水生根茎类,4.702,14.04,-4.773,-4.566
2023-04-27,1011010402,水生根茎类,11.675,14.372,-3.998,1.301
2023-04-28,1011010402,水生根茎类,14.882,14.943,3.289,-3.35
2023-04-29,1011010402,水生根茎类,24.693,15.384,8.696,0.612
2023-04-30,1011010402,水生根茎类,16.983,15.561,0.952,0.47
2023-05-01,1011010402,水生根茎类,22.754,15.573,-1.363,8.543
2023-05-02,1011010402,水生根茎类,20.191,15.509,-2.104,6.786
2023-05-03,1011010402,水生根茎类,11.586,15.308,-4.227,0.505
2023-05-04,1011010402,水生根茎类,9.037,14.897,-3.758,-2.102
2023-05-05,1011010402,水生根茎类,13.454,14.226,1.321,-2.093
2023-05-06,1011010402,水生根茎类,17.781,13.457,6.992,-2.668
2023-05-07,1011010402,水生根茎类,18.818,12.904,2.593,3.32
2023-05-08,1011010402,水生根茎类,9.628,12.722,-1.782,-1.312
2023-05-09,1011010402,水生根茎类,7.406,12.755,-1.689,-3.66
2023-05-10,1011010402,水生根茎类,10.336,12.799,-2.708,0.246
2023-05-11,1011010402,水生根茎类,9.518,12.79,-3.389,0.117
2023-05-12,1011010402,水生根茎类,16.347,12.795,0.887,2.665
2023-05-13,1011010402,水生根茎类,20.655,12.825,5.769,2.061
2023-05-14,1011010402,水生根茎类,15.86,12.781,3.704,-0.625
2023-05-15,1011010402,水生根茎类,7.475,12.468,-3.242,-1.751
2023-05-16,1011010402,水生根茎类,9.603,11.912,-2.035,-0.273
2023-05-17,1011010402,水生根茎类,12.893,11.41,-2.71,4.193
2023-05-18,1011010402,水生根茎类,8.812,11.205,-2.939,0.546
2023-05-19,1011010402,水生根茎类,9.66,11.298,1.148,-2.786
2023-05-20,1011010402,水生根茎类,11.094,11.62,6.79,-7.316
2023-05-21,1011010402,水生根茎类,13.615,12.099,4.265,-2.749
2023-05-22,1011010402,水生根茎类,8.411,12.713,-3.741,-0.56
2023-05-23,1011010402,水生根茎类,14.637,13.519,-2.446,3.564
2023-05-24,1011010402,水生根茎类,9.414,14.476,-3.376,-1.686
2023-05-25,1011010402,水生根茎类,13.962,15.294,-3.196,1.865
2023-05-26,1011010402,水生根茎类,20.081,15.713,0.503,3.865
2023-05-27,1011010402,水生根茎类,24.97,15.74,7.696,1.534
2023-05-28,1011010402,水生根茎类,22.807,15.518,4.936,2.354
2023-05-29,1011010402,水生根茎类,12.75,15.251,-3.501,0.999
2023-05-30,1011010402,水生根茎类,8.852,15.023,-2.25,-3.922
2023-05-31,1011010402,水生根茎类,7.86,14.811,-4.424,-2.527
2023-06-01,1011010402,水生根茎类,9.741,14.709,-3.407,-1.561
2023-06-02,1011010402,水生根茎类,11.988,14.788,0.285,-3.084
2023-06-03,1011010402,水生根茎类,29.041,14.981,8.058,6.002
2023-06-04,1011010402,水生根茎类,21.047,15.252,6.155,-0.36
2023-06-05,1011010402,水生根茎类,12.58,15.479,-3.369,0.47
2023-06-06,1011010402,水生根茎类,14.408,15.578,-2.75,1.58
2023-06-07,1011010402,水生根茎类,14.142,15.537,-5.181,3.786
2023-06-08,1011010402,水生根茎类,9.254,15.35,-2.533,-3.563
2023-06-09,1011010402,水生根茎类,15.816,15.042,0.362,0.412
2023-06-10,1011010402,水生根茎类,19.118,14.766,6.633,-2.281
2023-06-11,1011010402,水生根茎类,21.247,14.552,5.615,1.081
2023-06-12,1011010402,水生根茎类,10.351,14.523,-3.978,-0.194
2023-06-13,1011010402,水生根茎类,12.054,14.756,-2.506,-0.196
2023-06-14,1011010402,水生根茎类,7.284,15.122,-4.244,-3.594
2023-06-15,1011010402,水生根茎类,16.733,15.423,0.11,1.2
2023-06-16,1011010402,水生根茎类,15.49,15.684,0.997,-1.191
2023-06-17,1011010402,水生根茎类,22.626,15.928,4.291,2.407
2023-06-18,1011010402,水生根茎类,23.373,16.118,4.41,2.845
2023-06-19,1011010402,水生根茎类,11.51,16.15,-4.837,0.198
2023-06-20,1011010402,水生根茎类,11.657,16.047,-2.078,-2.312
2023-06-21,1011010402,水生根茎类,27.178,15.89,-3.541,14.829
2023-06-22,1011010402,水生根茎类,38.77,15.758,2.843,20.169
2023-06-23,1011010402,水生根茎类,18.677,15.651,1.672,1.354
2023-06-24,1011010402,水生根茎类,16.054,15.877,1.781,-1.605
2023-06-25,1011010402,水生根茎类,16.5,16.086,3.119,-2.704
2023-06-26,1011010402,水生根茎类,10.384,16.299,-5.698,-0.216
2023-06-27,1011010402,水生根茎类,16.454,16.536,-1.615,1.533
2023-06-28,1011010402,水生根茎类,14.946,16.801,-2.799,0.944
2023-06-29,1011010402,水生根茎类,22.945,17.092,5.736,0.117
2023-06-30,1011010402,水生根茎类,19.419,17.4,2.456,-0.437
2020-07-01,1011010501,茄类,35.374,44.625,-8.351,-0.9
2020-07-02,1011010501,茄类,32.199,44.559,-15.708,3.348
2020-07-03,1011010501,茄类,35.896,44.502,-7.699,-0.907
2020-07-04,1011010501,茄类,57.067,44.452,13.112,-0.497
2020-07-05,1011010501,茄类,61.816,44.405,43.284,-25.873
2020-07-06,1011010501,茄类,30.727,44.359,-13.529,-0.103
2020-07-07,1011010501,茄类,32.112,44.309,-11.401,-0.796
2020-07-08,1011010501,茄类,39.67,44.271,-6.527,1.926
2020-07-09,1011010501,茄类,25.921,44.315,-15.632,-2.763
2020-07-10,1011010501,茄类,37.86,44.258,-7.39,0.991
2020-07-11,1011010501,茄类,68.277,44.105,13.163,11.009
2020-07-12,1011010501,茄类,81.706,43.966,36.816,0.923
2020-07-13,1011010501,茄类,44.379,43.854,-11.584,12.109
2020-07-14,1011010501,茄类,34.747,43.723,-9.468,0.492
2020-07-15,1011010501,茄类,38.17,43.576,-4.814,-0.592
2020-07-16,1011010501,茄类,26.586,43.349,-14.744,-2.019
2020-07-17,1011010501,茄类,37.251,43.14,-7.187,1.298
2020-07-18,1011010501,茄类,56.585,43.022,12.947,0.616
2020-07-19,1011010501,茄类,71.772,43.015,30.466,-1.708
2020-07-20,1011010501,茄类,33.947,43.231,-9.764,0.481
2020-07-21,1011010501,茄类,27.094,43.557,-7.761,-8.702
2020-07-22,1011010501,茄类,48.247,43.836,-3.451,7.862
2020-07-23,1011010501,茄类,44.142,44.054,-12.722,12.809
2020-07-24,1011010501,茄类,34.97,44.279,-7.187,-2.122
2020-07-25,1011010501,茄类,61.874,44.566,12.513,4.795
2020-07-26,1011010501,茄类,69.521,44.745,24.224,0.552
2020-07-27,1011010501,茄类,36.121,44.388,-8.391,0.124
2020-07-28,1011010501,茄类,40.34,43.651,-5.965,2.654
2020-07-29,1011010501,茄类,40.777,42.715,-2.854,0.916
2020-07-30,1011010501,茄类,46.311,41.604,-10.05,14.757
2020-07-31,1011010501,茄类,34.092,40.471,-6.11,-0.269
2020-08-01,1011010501,茄类,48.805,39.535,10.121,-0.851
2020-08-02,1011010501,茄类,50.893,38.648,18.967,-6.722
2020-08-03,1011010501,茄类,45.191,37.9,-6.104,13.395
2020-08-04,1011010501,茄类,30.591,37.431,-5.243,-1.597
2020-08-05,1011010501,茄类,49.472,37.141,-2.693,15.025
2020-08-06,1011010501,茄类,31.596,36.995,-5.942,0.543
2020-08-07,1011010501,茄类,51.799,37.025,-4.562,19.336
2020-08-08,1011010501,茄类,63.764,37.286,7.259,19.22
2020-08-09,1011010501,茄类,51.835,37.588,15.122,-0.875
2020-08-10,1011010501,茄类,47.664,37.83,-4.255,14.089
2020-08-11,1011010501,茄类,33.572,37.983,-4.525,0.114
2020-08-12,1011010501,茄类,36.009,38.029,-3.064,1.044
2020-08-13,1011010501,茄类,31.109,37.93,-6.827,0.006
2020-08-14,1011010501,茄类,37.826,37.708,-2.802,2.919
2020-08-15,1011010501,茄类,43.279,37.361,5.136,0.782
2020-08-16,1011010501,茄类,48.366,36.763,13.685,-2.082
2020-08-17,1011010501,茄类,35.014,35.93,-1.008,0.092
2020-08-18,1011010501,茄类,34.019,35.007,-3.359,2.372
2020-08-19,1011010501,茄类,30.347,34.076,-4.359,0.63
2020-08-20,1011010501,茄类,37.957,33.083,-7.273,12.146
2020-08-21,1011010501,茄类,29.694,32.041,-1.485,-0.862
2020-08-22,1011010501,茄类,30.422,30.958,4.438,-4.975
2020-08-23,1011010501,茄类,47.316,29.878,13.76,3.678
2020-08-24,1011010501,茄类,26.874,28.883,-2.838,0.829
2020-08-25,1011010501,茄类,23.272,28.031,-1.309,-3.449
2020-08-26,1011010501,茄类,30.722,27.229,-5.778,9.271
2020-08-27,1011010501,茄类,19.129,26.425,-6.895,-0.402
2020-08-28,1011010501,茄类,24.597,25.598,-0.976,-0.025
2020-08-29,1011010501,茄类,30.675,24.759,3.852,2.063
2020-08-30,1011010501,茄类,21.641,24.008,13.626,-15.992
2020-08-31,1011010501,茄类,15.943,23.289,-3.602,-3.744
2020-09-01,1011010501,茄类,26.329,22.572,-0.088,3.845
2020-09-02,1011010501,茄类,13.873,21.964,-7.102,-0.989
2020-09-03,1011010501,茄类,14.172,21.435,-5.832,-1.431
2020-09-04,1011010501,茄类,20.233,21.057,0.037,-0.861
2020-09-05,1011010501,茄类,33.731,20.856,3.598,9.277
2020-09-06,1011010501,茄类,33.397,20.717,13.149,-0.469
2020-09-07,1011010501,茄类,17.365,20.589,-4.649,1.425
2020-09-08,1011010501,茄类,20.623,20.514,0.179,-0.07
2020-09-09,1011010501,茄类,12.041,20.452,-7.886,-0.525
2020-09-10,1011010501,茄类,16.916,20.385,-3.634,0.165
2020-09-11,1011010501,茄类,22.019,20.46,0.043,1.516
2020-09-12,1011010501,茄类,21.411,20.724,3.466,-2.779
2020-09-13,1011010501,茄类,28.737,21.101,12.724,-5.088
2020-09-14,1011010501,茄类,16.134,21.674,-5.603,0.062
2020-09-15,1011010501,茄类,13.243,22.414,-0.85,-8.321
2020-09-16,1011010501,茄类,15.194,23.235,-7.025,-1.017
2020-09-17,1011010501,茄类,22.924,24.155,-1.426,0.194
2020-09-18,1011010501,茄类,13.805,25.178,-0.459,-10.915
2020-09-19,1011010501,茄类,30.406,26.131,3.515,0.76
2020-09-20,1011010501,茄类,41.474,26.908,12.984,1.582
2020-09-21,1011010501,茄类,20.868,27.544,-7.381,0.705
2020-09-22,1011010501,茄类,25.819,28.037,-2.54,0.322
2020-09-23,1011010501,茄类,22.515,28.257,-5.565,-0.176
2020-09-24,1011010501,茄类,18.9,28.275,0.586,-9.961
2020-09-25,1011010501,茄类,26.529,28.316,-1.518,-0.269
2020-09-26,1011010501,茄类,33.517,28.435,3.67,1.412
2020-09-27,1011010501,茄类,20.532,28.601,12.818,-20.887
2020-09-28,1011010501,茄类,18.401,28.821,-7.987,-2.433
2020-09-29,1011010501,茄类,24.719,29.121,-3.102,-1.3
2020-09-30,1011010501,茄类,25.865,29.497,-3.817,0.186
2020-10-01,1011010501,茄类,32.482,29.973,1.422,1.087
2020-10-02,1011010501,茄类,38.762,30.502,-2.662,10.922
2020-10-03,1011010501,茄类,63.535,30.853,3.315,29.367
2020-10-04,1011010501,茄类,43.849,30.883,12.388,0.579
2020-10-05,1011010501,茄类,31.128,30.713,-7.324,7.739
2020-10-06,1011010501,茄类,42.318,30.441,-3.119,14.997
2020-10-07,1011010501,茄类,29.085,29.929,-3.53,2.685
2020-10-08,1011010501,茄类,33.49,28.967,0.771,3.751
2020-10-09,1011010501,茄类,24.289,27.901,-3.086,-0.526
2020-10-10,1011010501,茄类,26.814,26.752,3.669,-3.607
2020-10-11,1011010501,茄类,34.726,25.598,12.27,-3.142
2020-10-12,1011010501,茄类,17.876,24.691,-6.022,-0.793
2020-10-13,1011010501,茄类,23.119,24.075,-3.216,2.26
2020-10-14,1011010501,茄类,13.742,23.722,-3.4,-6.58
2020-10-15,1011010501,茄类,19.447,23.448,-1.026,-2.975
2020-10-16,1011010501,茄类,20.139,23.058,-3.311,0.392
2020-10-17,1011010501,茄类,30.556,22.493,3.48,4.583
2020-10-18,1011010501,茄类,36.361,21.835,12.817,1.709
2020-10-19,1011010501,茄类,20.03,21.178,-4.557,3.409
2020-10-20,1011010501,茄类,13.777,20.542,-2.886,-3.879
2020-10-21,1011010501,茄类,15.327,19.806,-3.651,-0.829
2020-10-22,1011010501,茄类,14.725,18.939,-2.314,-1.9
2020-10-23,1011010501,茄类,14.427,18.09,-3.212,-0.451
2020-10-24,1011010501,茄类,22.221,17.425,3.826,0.97
2020-10-25,1011010501,茄类,30.136,16.969,11.686,1.481
2020-10-26,1011010501,茄类,10.797,16.611,-3.328,-2.485
2020-10-27,1011010501,茄类,13.444,16.219,-2.929,0.154
2020-10-28,1011010501,茄类,12.238,15.787,-2.895,-0.653
2020-10-29,1011010501,茄类,14.436,15.332,-2.079,1.183
2020-10-30,1011010501,茄类,12.192,14.856,-3.506,0.842
2020-10-31,1011010501,茄类,16.499,14.357,3.069,-0.927
2020-11-01,1011010501,茄类,15.407,13.829,9.399,-7.821
2020-11-02,1011010501,茄类,11.378,13.223,-2.426,0.58
2020-11-03,1011010501,茄类,10.846,12.596,-2.624,0.874
2020-11-04,1011010501,茄类,10.702,12.031,-0.948,-0.381
2020-11-05,1011010501,茄类,9.067,11.616,-1.187,-1.362
2020-11-06,1011010501,茄类,7.22,11.428,-4.218,0.01
2020-11-07,1011010501,茄类,10.878,11.494,2.662,-3.277
2020-11-08,1011010501,茄类,16.906,11.719,6.829,-1.642
2020-11-09,1011010501,茄类,10.063,12.048,-1.216,-0.769
2020-11-10,1011010501,茄类,9.574,12.455,-2.323,-0.557
2020-11-11,1011010501,茄类,15.585,12.934,-0.079,2.73
2020-11-12,1011010501,茄类,15.508,13.468,-1.317,3.357
2020-11-13,1011010501,茄类,8.044,14.008,-4.643,-1.321
2020-11-14,1011010501,茄类,18.146,14.43,3.141,0.575
2020-11-15,1011010501,茄类,18.9,14.687,5.627,-1.414
2020-11-16,1011010501,茄类,15.672,14.829,-0.057,0.899
2020-11-17,1011010501,茄类,12.224,15.003,-2.665,-0.114
2020-11-18,1011010501,茄类,15.946,15.269,-0.468,1.145
2020-11-19,1011010501,茄类,12.808,15.533,-1.562,-1.163
2020-11-20,1011010501,茄类,9.804,15.69,-4.382,-1.503
2020-11-21,1011010501,茄类,25.752,15.753,3.856,6.143
2020-11-22,1011010501,茄类,26.933,15.778,5.797,5.358
2020-11-23,1011010501,茄类,15.902,15.8,0.446,-0.344
2020-11-24,1011010501,茄类,13.897,15.826,-3.114,1.185
2020-11-25,1011010501,茄类,13.199,15.815,-1.87,-0.747
2020-11-26,1011010501,茄类,12.868,15.626,-1.892,-0.865
2020-11-27,1011010501,茄类,13.175,15.298,-3.15,1.027
2020-11-28,1011010501,茄类,18.759,14.982,4.194,-0.417
2020-11-29,1011010501,茄类,20.702,14.705,6.186,-0.189
2020-11-30,1011010501,茄类,18.29,14.48,0.025,3.785
2020-12-01,1011010501,茄类,9.271,14.281,-3.145,-1.865
2020-12-02,1011010501,茄类,9.603,14.033,-3.19,-1.24
2020-12-03,1011010501,茄类,12.913,13.769,-1.865,1.009
2020-12-04,1011010501,茄类,11.517,13.551,-0.917,-1.117
2020-12-05,1011010501,茄类,18.693,13.396,3.23,2.067
2020-12-06,1011010501,茄类,18.881,13.327,5.871,-0.317
2020-12-07,1011010501,茄类,10.537,13.291,-0.125,-2.629
2020-12-08,1011010501,茄类,10.904,13.255,-2.988,0.637
2020-12-09,1011010501,茄类,9.89,13.234,-3.593,0.249
2020-12-10,1011010501,茄类,11.411,13.222,-1.457,-0.353
2020-12-11,1011010501,茄类,14.918,13.199,0.3,1.419
2020-12-12,1011010501,茄类,11.965,13.209,2.649,-3.893
2020-12-13,1011010501,茄类,20.845,13.223,4.344,3.278
2020-12-14,1011010501,茄类,12.715,13.196,-0.365,-0.116
2020-12-15,1011010501,茄类,10.295,13.135,-2.238,-0.602
2020-12-16,1011010501,茄类,9.313,13.061,-2.81,-0.939
2020-12-17,1011010501,茄类,12.154,12.967,-1.5,0.687
2020-12-18,1011010501,茄类,19.541,12.841,0.768,5.931
2020-12-19,1011010501,茄类,14.524,12.669,2.439,-0.583
2020-12-20,1011010501,茄类,14.386,12.492,2.528,-0.635
2020-12-21,1011010501,茄类,12.997,12.321,-0.508,1.184
2020-12-22,1011010501,茄类,11.079,12.145,-1.468,0.402
2020-12-23,1011010501,茄类,9.4,12.043,-1.579,-1.064
2020-12-24,1011010501,茄类,9.801,12.087,-1.701,-0.585
2020-12-25,1011010501,茄类,10.328,12.268,0.648,-2.588
2020-12-26,1011010501,茄类,16.19,12.563,2.787,0.841
2020-12-27,1011010501,茄类,11.874,13.052,1.131,-2.309
2020-12-28,1011010501,茄类,13.266,13.613,-0.973,0.626
2020-12-29,1011010501,茄类,12.741,13.997,-0.687,-0.569
2020-12-30,1011010501,茄类,16.318,14.174,-0.48,2.623
2020-12-31,1011010501,茄类,20.725,14.271,-1.576,8.03
2021-01-01,1011010501,茄类,18.037,14.339,-0.812,4.509
2021-01-02,1011010501,茄类,18.302,14.396,2.915,0.991
2021-01-03,1011010501,茄类,13.385,14.368,1.914,-2.897
2021-01-04,1011010501,茄类,9.867,14.225,-1.634,-2.723
2021-01-05,1011010501,茄类,14.439,14.111,-0.509,0.837
2021-01-06,1011010501,茄类,13.689,14.266,0.144,-0.721
2021-01-07,1011010501,茄类,12.56,14.649,-1.018,-1.07
2021-01-08,1011010501,茄类,12.049,15.23,-2.199,-0.982
2021-01-09,1011010501,茄类,17.965,15.852,2.506,-0.393
2021-01-10,1011010501,茄类,23.755,16.368,3.407,3.979
2021-01-11,1011010501,茄类,15.841,16.833,-1.083,0.092
2021-01-12,1011010501,茄类,6.304,17.333,-1.308,-9.721
2021-01-13,1011010501,茄类,0.0,17.821,-0.886,-16.935
2021-01-14,1011010501,茄类,18.643,18.202,0.016,0.425
2021-01-15,1011010501,茄类,14.644,18.51,-3.749,-0.117
2021-01-16,1011010501,茄类,20.109,18.831,2.09,-0.812
2021-01-17,1011010501,茄类,24.613,19.039,5.189,0.385
2021-01-18,1011010501,茄类,10.266,19.04,0.446,-9.22
2021-01-19,1011010501,茄类,9.304,18.943,-1.545,-8.094
2021-01-20,1011010501,茄类,19.321,18.863,-2.431,2.889
2021-01-21,1011010501,茄类,23.411,18.853,0.192,4.366
2021-01-22,1011010501,茄类,12.333,18.823,-4.601,-1.889
2021-01-23,1011010501,茄类,20.333,18.62,2.439,-0.726
2021-01-24,1011010501,茄类,23.807,18.39,5.935,-0.518
2021-01-25,1011010501,茄类,20.041,18.325,2.564,-0.848
2021-01-26,1011010501,茄类,16.078,18.416,-2.213,-0.126
2021-01-27,1011010501,茄类,11.937,18.71,-5.89,-0.882
2021-01-28,1011010501,茄类,17.792,19.245,-0.25,-1.203
2021-01-29,1011010501,茄类,15.072,20.064,-5.413,0.421
2021-01-30,1011010501,茄类,23.084,21.368,2.279,-0.564
2021-01-31,1011010501,茄类,24.61,23.042,5.84,-4.273
2021-02-01,1011010501,茄类,13.664,24.903,5.074,-16.314
2021-02-02,1011010501,茄类,24.133,26.84,-1.119,-1.588
2021-02-03,1011010501,茄类,14.938,28.847,-2.133,-11.776
2021-02-04,1011010501,茄类,27.716,31.017,-3.175,-0.126
2021-02-05,1011010501,茄类,25.906,33.475,-7.373,-0.196
2021-02-06,1011010501,茄类,39.051,36.072,0.804,2.175
2021-02-07,1011010501,茄类,43.635,36.893,6.371,0.37
2021-02-08,1011010501,茄类,58.326,34.924,7.645,15.756
2021-02-09,1011010501,茄类,87.912,33.78,0.222,53.91
2021-02-10,1011010501,茄类,118.931,33.24,-1.131,86.822
2021-02-11,1011010501,茄类,0.0,32.834,-5.975,-26.859
2021-02-12,1011010501,茄类,0.0,31.935,-9.965,-21.971
2021-02-13,1011010501,茄类,28.967,30.715,-0.713,-1.035
2021-02-14,1011010501,茄类,25.06,30.129,6.456,-11.524
2021-02-15,1011010501,茄类,39.655,29.325,9.901,0.428
2021-02-16,1011010501,茄类,31.647,28.374,0.941,2.332
2021-02-17,1011010501,茄类,30.358,27.524,1.757,1.078
2021-02-18,1011010501,茄类,18.17,26.786,-6.834,-1.781
2021-02-19,1011010501,茄类,13.769,26.049,-7.866,-4.414
2021-02-20,1011010501,茄类,21.798,25.257,-1.916,-1.543
2021-02-21,1011010501,茄类,33.803,24.52,6.414,2.869
2021-02-22,1011010501,茄类,15.47,23.992,6.57,-15.091
2021-02-23,1011010501,茄类,25.429,23.66,1.48,0.289
2021-02-24,1011010501,茄类,22.668,23.485,0.546,-1.363
2021-02-25,1011010501,茄类,34.618,23.313,-6.326,17.631
2021-02-26,1011010501,茄类,31.286,23.116,-6.412,14.582
2021-02-27,1011010501,茄类,22.579,23.012,0.174,-0.608
2021-02-28,1011010501,茄类,27.705,23.083,5.744,-1.122
2021-03-01,1011010501,茄类,27.232,23.242,2.836,1.154
2021-03-02,1011010501,茄类,16.541,23.461,0.0,-6.92
2021-03-03,1011010501,茄类,23.654,23.54,0.346,-0.232
2021-03-04,1011010501,茄类,20.344,23.47,-4.861,1.735
2021-03-05,1011010501,茄类,22.986,23.338,-1.415,1.063
2021-03-06,1011010501,茄类,38.176,23.096,2.431,12.649
2021-03-07,1011010501,茄类,26.748,22.775,3.118,0.855
2021-03-08,1011010501,茄类,19.815,22.422,-0.817,-1.79
2021-03-09,1011010501,茄类,20.838,21.941,-1.106,0.003
2021-03-10,1011010501,茄类,14.35,21.301,0.283,-7.233
2021-03-11,1011010501,茄类,16.37,20.582,-3.962,-0.25
2021-03-12,1011010501,茄类,23.836,19.895,1.038,2.903
2021-03-13,1011010501,茄类,26.434,19.276,4.61,2.549
2021-03-14,1011010501,茄类,17.721,18.669,1.605,-2.554
2021-03-15,1011010501,茄类,13.658,18.001,-3.331,-1.012
2021-03-16,1011010501,茄类,13.577,17.356,-1.063,-2.716
2021-03-17,1011010501,茄类,19.313,16.823,0.203,2.287
2021-03-18,1011010501,茄类,11.866,16.498,-3.789,-0.844
2021-03-19,1011010501,茄类,16.235,16.405,1.287,-1.457
2021-03-20,1011010501,茄类,21.477,16.476,6.34,-1.34
2021-03-21,1011010501,茄类,17.949,16.663,0.673,0.612
2021-03-22,1011010501,茄类,11.561,16.956,-4.553,-0.841
2021-03-23,1011010501,茄类,19.312,17.325,-0.191,2.177
2021-03-24,1011010501,茄类,15.113,17.798,-0.178,-2.507
2021-03-25,1011010501,茄类,14.621,18.329,-2.932,-0.776
2021-03-26,1011010501,茄类,21.313,18.887,0.531,1.895
2021-03-27,1011010501,茄类,26.111,19.467,6.888,-0.244
2021-03-28,1011010501,茄类,19.628,20.051,1.219,-1.642
2021-03-29,1011010501,茄类,16.139,20.616,-4.925,0.448
2021-03-30,1011010501,茄类,21.407,21.07,-0.466,0.803
2021-03-31,1011010501,茄类,21.649,21.368,-0.837,1.118
2021-04-01,1011010501,茄类,20.604,21.548,-2.248,1.304
2021-04-02,1011010501,茄类,20.665,21.548,-0.388,-0.494
2021-04-03,1011010501,茄类,32.71,21.374,6.618,4.718
2021-04-04,1011010501,茄类,22.976,21.093,3.09,-1.207
2021-04-05,1011010501,茄类,16.492,20.795,-4.926,0.623
2021-04-06,1011010501,茄类,3.138,20.481,-1.657,-15.686
2021-04-07,1011010501,茄类,16.213,20.083,0.101,-3.971
2021-04-08,1011010501,茄类,20.319,19.617,-2.71,3.412
2021-04-09,1011010501,茄类,17.451,19.138,-0.677,-1.01
2021-04-10,1011010501,茄类,25.525,18.692,5.701,1.132
2021-04-11,1011010501,茄类,24.902,18.226,4.388,2.287
2021-04-12,1011010501,茄类,10.203,17.771,-4.395,-3.174
2021-04-13,1011010501,茄类,13.4,17.409,-3.284,-0.725
2021-04-14,1011010501,茄类,18.975,17.262,1.858,-0.145
2021-04-15,1011010501,茄类,12.151,17.383,-3.828,-1.403
2021-04-16,1011010501,茄类,15.371,17.728,0.738,-3.095
2021-04-17,1011010501,茄类,20.407,18.263,3.334,-1.191
2021-04-18,1011010501,茄类,28.972,18.977,4.469,5.527
2021-04-19,1011010501,茄类,17.311,19.773,-2.389,-0.073
2021-04-20,1011010501,茄类,16.234,20.534,-3.895,-0.405
2021-04-21,1011010501,茄类,26.622,21.185,2.454,2.983
2021-04-22,1011010501,茄类,15.227,21.634,-5.186,-1.222
2021-04-23,1011010501,茄类,27.427,21.923,1.739,3.766
2021-04-24,1011010501,茄类,37.796,22.11,1.281,14.405
2021-04-25,1011010501,茄类,24.708,22.271,4.426,-1.989
2021-04-26,1011010501,茄类,12.618,22.269,-0.182,-9.469
2021-04-27,1011010501,茄类,31.042,22.121,-3.173,12.094
2021-04-28,1011010501,茄类,27.487,21.992,0.868,4.626
2021-04-29,1011010501,茄类,15.705,21.872,-4.951,-1.216
2021-04-30,1011010501,茄类,26.786,21.804,2.096,2.886
2021-05-01,1011010501,茄类,19.976,21.635,-0.244,-1.416
2021-05-02,1011010501,茄类,22.784,21.351,4.403,-2.971
2021-05-03,1011010501,茄类,25.175,21.212,1.803,2.16
2021-05-04,1011010501,茄类,18.032,21.251,-2.371,-0.849
2021-05-05,1011010501,茄类,17.339,21.398,-1.469,-2.59
2021-05-06,1011010501,茄类,22.682,21.657,-4.415,5.44
2021-05-07,1011010501,茄类,20.724,22.026,0.585,-1.887
2021-05-08,1011010501,茄类,22.625,22.416,-0.278,0.487
2021-05-09,1011010501,茄类,30.75,22.827,6.944,0.979
2021-05-10,1011010501,茄类,24.956,23.298,3.11,-1.451
2021-05-11,1011010501,茄类,26.533,23.733,-1.945,4.746
2021-05-12,1011010501,茄类,19.247,24.134,-4.135,-0.752
2021-05-13,1011010501,茄类,20.687,24.476,-3.563,-0.226
2021-05-14,1011010501,茄类,32.193,24.751,-1.258,8.7
2021-05-15,1011010501,茄类,40.776,24.98,1.272,14.524
2021-05-16,1011010501,茄类,19.009,25.151,6.367,-12.509
2021-05-17,1011010501,茄类,29.921,25.256,3.535,1.129
2021-05-18,1011010501,茄类,23.783,25.416,-1.876,0.243
2021-05-19,1011010501,茄类,20.578,25.3,-4.929,0.206
2021-05-20,1011010501,茄类,22.177,24.639,-3.733,1.27
2021-05-21,1011010501,茄类,21.886,23.94,-2.869,0.815
2021-05-22,1011010501,茄类,25.845,23.314,4.156,-1.625
2021-05-23,1011010501,茄类,42.331,22.714,6.626,12.991
2021-05-24,1011010501,茄类,17.043,22.118,3.87,-8.945
2021-05-25,1011010501,茄类,17.94,21.588,-2.267,-1.381
2021-05-26,1011010501,茄类,15.81,21.154,-5.855,0.511
2021-05-27,1011010501,茄类,15.645,20.901,-4.368,-0.888
2021-05-28,1011010501,茄类,16.472,20.907,-4.252,-0.183
2021-05-29,1011010501,茄类,18.291,21.029,7.454,-10.192
2021-05-30,1011010501,茄类,27.038,21.234,5.843,-0.039
2021-05-31,1011010501,茄类,25.363,21.597,4.13,-0.364
2021-06-01,1011010501,茄类,26.938,22.025,-2.685,7.599
2021-06-02,1011010501,茄类,27.706,22.515,-7.493,12.684
2021-06-03,1011010501,茄类,11.679,23.045,-5.012,-6.355
2021-06-04,1011010501,茄类,16.743,23.615,-5.465,-1.407
2021-06-05,1011010501,茄类,36.367,24.2,11.545,0.622
2021-06-06,1011010501,茄类,30.644,24.958,5.9,-0.214
2021-06-07,1011010501,茄类,29.868,26.13,3.562,0.176
2021-06-08,1011010501,茄类,24.611,27.532,-1.945,-0.976
2021-06-09,1011010501,茄类,19.353,28.964,-7.459,-2.151
2021-06-10,1011010501,茄类,24.961,30.385,-5.788,0.364
2021-06-11,1011010501,茄类,16.567,31.752,-5.909,-9.276
2021-06-12,1011010501,茄类,48.073,32.701,12.378,2.994
2021-06-13,1011010501,茄类,40.009,33.287,5.704,1.019
2021-06-14,1011010501,茄类,37.545,33.831,1.296,2.419
2021-06-15,1011010501,茄类,20.698,34.146,-0.283,-13.165
2021-06-16,1011010501,茄类,19.793,33.951,-6.77,-7.389
2021-06-17,1011010501,茄类,28.237,33.329,-5.85,0.758
2021-06-18,1011010501,茄类,27.339,32.612,-5.156,-0.117
2021-06-19,1011010501,茄类,30.488,31.832,10.816,-12.16
2021-06-20,1011010501,茄类,61.881,30.916,5.703,25.262
2021-06-21,1011010501,茄类,18.566,29.985,-2.183,-9.235
2021-06-22,1011010501,茄类,31.526,29.128,2.26,0.138
2021-06-23,1011010501,茄类,24.859,28.293,-4.215,0.781
2021-06-24,1011010501,茄类,19.543,27.552,-4.933,-3.077
2021-06-25,1011010501,茄类,12.896,27.148,-4.972,-9.28
2021-06-26,1011010501,茄类,35.449,27.147,8.282,0.019
2021-06-27,1011010501,茄类,31.776,27.387,6.176,-1.787
2021-06-28,1011010501,茄类,21.088,27.755,-4.022,-2.645
2021-06-29,1011010501,茄类,19.721,28.351,1.571,-10.201
2021-06-30,1011010501,茄类,27.425,29.186,-2.286,0.525
2021-07-01,1011010501,茄类,26.278,30.085,-2.906,-0.901
2021-07-02,1011010501,茄类,28.565,30.863,-5.521,3.223
2021-07-03,1011010501,茄类,47.285,31.478,7.31,8.497
2021-07-04,1011010501,茄类,39.241,31.948,7.239,0.054
2021-07-05,1011010501,茄类,49.588,32.271,-5.442,22.759
2021-07-06,1011010501,茄类,49.005,32.477,0.728,15.801
2021-07-07,1011010501,茄类,31.752,32.507,-2.179,1.425
2021-07-08,1011010501,茄类,33.078,32.287,-0.175,0.967
2021-07-09,1011010501,茄类,22.81,31.856,-8.359,-0.687
2021-07-10,1011010501,茄类,49.929,31.162,6.257,12.51
2021-07-11,1011010501,茄类,40.365,30.18,7.881,2.305
2021-07-12,1011010501,茄类,24.025,29.241,-5.135,-0.081
2021-07-13,1011010501,茄类,28.125,28.453,-0.781,0.453
2021-07-14,1011010501,茄类,20.281,27.724,-3.5,-3.943
2021-07-15,1011010501,茄类,17.221,26.974,1.198,-10.95
2021-07-16,1011010501,茄类,53.38,26.286,-1.173,28.267
2021-07-17,1011010501,茄类,29.918,25.688,4.319,-0.089
2021-07-18,1011010501,茄类,31.604,25.223,7.052,-0.67
2021-07-19,1011010501,茄类,19.986,24.978,-5.826,0.834
2021-07-20,1011010501,茄类,19.324,24.855,-2.741,-2.79
2021-07-21,1011010501,茄类,22.554,24.691,-5.487,3.35
2021-07-22,1011010501,茄类,26.636,24.551,2.313,-0.228
2021-07-23,1011010501,茄类,19.1,24.389,3.692,-8.981
2021-07-24,1011010501,茄类,37.029,24.222,2.337,10.47
2021-07-25,1011010501,茄类,29.736,24.067,6.082,-0.413
2021-07-26,1011010501,茄类,16.386,23.919,-7.376,-0.157
2021-07-27,1011010501,茄类,20.927,23.764,-4.221,1.384
2021-07-28,1011010501,茄类,15.551,23.72,-5.817,-2.352
2021-07-29,1011010501,茄类,59.522,23.727,2.959,32.837
2021-07-30,1011010501,茄类,33.845,23.78,9.564,0.502
2021-07-31,1011010501,茄类,24.536,23.946,0.676,-0.087
2021-08-01,1011010501,茄类,20.536,24.063,4.854,-8.381
2021-08-02,1011010501,茄类,35.577,24.137,-6.595,18.035
2021-08-03,1011010501,茄类,48.444,24.374,-4.706,28.776
2021-08-04,1011010501,茄类,33.147,24.622,-5.33,13.855
2021-08-05,1011010501,茄类,29.12,24.814,4.282,0.024
2021-08-06,1011010501,茄类,20.331,24.94,5.393,-10.002
2021-08-07,1011010501,茄类,23.784,25.574,1.258,-3.049
2021-08-08,1011010501,茄类,32.192,26.516,4.308,1.369
2021-08-09,1011010501,茄类,31.015,27.487,-5.308,8.836
2021-08-10,1011010501,茄类,22.361,28.257,-4.691,-1.205
2021-08-11,1011010501,茄类,25.757,28.804,-4.433,1.385
2021-08-12,1011010501,茄类,37.175,29.259,4.801,3.116
2021-08-13,1011010501,茄类,49.079,29.566,1.752,17.761
2021-08-14,1011010501,茄类,35.09,29.659,2.83,2.601
2021-08-15,1011010501,茄类,31.245,29.607,5.328,-3.69
2021-08-16,1011010501,茄类,24.663,29.48,-4.568,-0.249
2021-08-17,1011010501,茄类,28.565,29.237,-5.44,4.768
2021-08-18,1011010501,茄类,25.035,29.088,-3.163,-0.89
2021-08-19,1011010501,茄类,31.478,29.113,4.021,-1.656
2021-08-20,1011010501,茄类,25.752,29.218,-2.539,-0.927
2021-08-21,1011010501,茄类,33.887,29.432,3.89,0.565
2021-08-22,1011010501,茄类,21.861,29.747,6.566,-14.452
2021-08-23,1011010501,茄类,29.713,30.135,-2.097,1.674
2021-08-24,1011010501,茄类,22.695,30.55,-4.995,-2.86
2021-08-25,1011010501,茄类,27.139,30.925,-3.165,-0.62
2021-08-26,1011010501,茄类,34.842,31.211,1.86,1.771
2021-08-27,1011010501,茄类,33.381,31.29,-3.237,5.328
2021-08-28,1011010501,茄类,34.078,30.859,3.772,-0.553
2021-08-29,1011010501,茄类,39.917,30.137,7.891,1.888
2021-08-30,1011010501,茄类,41.208,29.376,-1.054,12.886
2021-08-31,1011010501,茄类,39.432,28.464,-4.484,15.452
2021-09-01,1011010501,茄类,27.264,27.372,-3.791,3.683
2021-09-02,1011010501,茄类,24.511,26.232,0.851,-2.573
2021-09-03,1011010501,茄类,20.685,25.088,-4.582,0.179
2021-09-04,1011010501,茄类,26.823,23.935,3.108,-0.22
2021-09-05,1011010501,茄类,30.823,22.989,9.525,-1.691
2021-09-06,1011010501,茄类,20.716,22.333,-0.172,-1.445
2021-09-07,1011010501,茄类,19.175,22.08,-3.301,0.395
2021-09-08,1011010501,茄类,16.32,22.177,-4.86,-0.997
2021-09-09,1011010501,茄类,12.804,22.483,-0.04,-9.639
2021-09-10,1011010501,茄类,13.491,22.962,-6.063,-3.408
2021-09-11,1011010501,茄类,26.026,23.594,4.932,-2.5
2021-09-12,1011010501,茄类,34.906,24.332,8.83,1.744
2021-09-13,1011010501,茄类,26.428,25.253,1.278,-0.103
2021-09-14,1011010501,茄类,24.411,26.446,-2.295,0.26
2021-09-15,1011010501,茄类,20.887,27.72,-6.075,-0.759
2021-09-16,1011010501,茄类,28.808,28.873,-0.668,0.604
2021-09-17,1011010501,茄类,22.689,29.117,-7.173,0.745
2021-09-18,1011010501,茄类,25.935,27.606,7.443,-9.115
2021-09-19,1011010501,茄类,46.835,26.64,7.993,12.202
2021-09-20,1011010501,茄类,40.869,26.181,-0.056,14.743
2021-09-21,1011010501,茄类,32.862,25.711,-2.179,9.329
2021-09-22,1011010501,茄类,31.009,24.947,-6.785,12.847
2021-09-23,1011010501,茄类,22.845,23.798,-1.063,0.109
2021-09-24,1011010501,茄类,15.31,23.27,-5.631,-2.329
2021-09-25,1011010501,茄类,36.532,22.943,9.691,3.898
2021-09-26,1011010501,茄类,28.75,22.577,6.659,-0.486
2021-09-27,1011010501,茄类,11.333,22.27,-0.792,-10.145
2021-09-28,1011010501,茄类,19.696,22.068,-2.531,0.159
2021-09-29,1011010501,茄类,14.816,21.93,-6.299,-0.815
2021-09-30,1011010501,茄类,18.757,21.806,-1.718,-1.331
2021-10-01,1011010501,茄类,36.474,21.744,-3.752,18.482
2021-10-02,1011010501,茄类,32.247,21.827,10.176,0.245
2021-10-03,1011010501,茄类,27.065,22.019,5.359,-0.313
2021-10-04,1011010501,茄类,20.632,22.211,-2.055,0.476
2021-10-05,1011010501,茄类,37.212,22.143,-2.438,17.508
2021-10-06,1011010501,茄类,24.547,21.693,-4.981,7.834
2021-10-07,1011010501,茄类,20.343,21.011,-1.82,1.151
2021-10-08,1011010501,茄类,23.041,20.338,-2.124,4.828
2021-10-09,1011010501,茄类,16.792,19.679,6.93,-9.816
2021-10-10,1011010501,茄类,24.273,18.667,4.53,1.076
2021-10-11,1011010501,茄类,14.56,17.238,-1.481,-1.197
2021-10-12,1011010501,茄类,12.799,15.766,-2.027,-0.939
2021-10-13,1011010501,茄类,11.277,14.405,-3.066,-0.062
2021-10-14,1011010501,茄类,10.191,13.265,-2.003,-1.07
2021-10-15,1011010501,茄类,10.811,12.387,-0.628,-0.948
2021-10-16,1011010501,茄类,14.772,11.687,4.163,-1.078
2021-10-17,1011010501,茄类,13.639,11.093,3.59,-1.044
2021-10-18,1011010501,茄类,10.502,10.518,-0.754,0.737
2021-10-19,1011010501,茄类,8.766,9.973,-1.125,-0.082
2021-10-20,1011010501,茄类,8.978,9.504,-1.712,1.186
2021-10-21,1011010501,茄类,11.262,9.157,-2.871,4.976
2021-10-22,1011010501,茄类,5.062,8.885,-0.641,-3.182
2021-10-23,1011010501,茄类,9.346,8.606,2.623,-1.884
2021-10-24,1011010501,茄类,11.389,8.355,3.266,-0.232
2021-10-25,1011010501,茄类,7.279,8.203,0.559,-1.483
2021-10-26,1011010501,茄类,8.68,8.172,-1.199,1.707
2021-10-27,1011010501,茄类,6.836,8.26,-1.823,0.399
2021-10-28,1011010501,茄类,3.122,8.364,-3.419,-1.823
2021-10-29,1011010501,茄类,11.124,8.379,-0.28,3.024
2021-10-30,1011010501,茄类,12.133,8.304,2.547,1.282
2021-10-31,1011010501,茄类,8.639,8.124,4.016,-3.501
2021-11-01,1011010501,茄类,10.293,7.918,1.268,1.107
2021-11-02,1011010501,茄类,13.551,7.801,-2.191,7.941
2021-11-03,1011010501,茄类,5.176,7.728,-2.271,-0.281
2021-11-04,1011010501,茄类,12.227,7.622,-4.16,8.765
2021-11-05,1011010501,茄类,6.524,7.542,0.482,-1.5
2021-11-06,1011010501,茄类,9.658,7.501,2.491,-0.334
2021-11-07,1011010501,茄类,14.185,7.482,5.344,1.359
2021-11-08,1011010501,茄类,10.662,7.582,1.362,1.718
2021-11-09,1011010501,茄类,3.419,7.733,-3.333,-0.981
2021-11-10,1011010501,茄类,3.044,7.815,-2.016,-2.754
2021-11-11,1011010501,茄类,3.602,7.791,-4.406,0.217
2021-11-12,1011010501,茄类,10.337,7.72,0.164,2.453
2021-11-13,1011010501,茄类,10.383,7.666,2.361,0.356
2021-11-14,1011010501,茄类,14.612,7.659,6.412,0.54
2021-11-15,1011010501,茄类,7.194,7.662,0.987,-1.455
2021-11-16,1011010501,茄类,2.834,7.65,-3.921,-0.895
2021-11-17,1011010501,茄类,7.203,7.664,-1.407,0.946
2021-11-18,1011010501,茄类,3.246,7.757,-3.878,-0.632
2021-11-19,1011010501,茄类,6.776,7.931,-0.457,-0.699
2021-11-20,1011010501,茄类,9.051,8.119,2.389,-1.457
2021-11-21,1011010501,茄类,17.99,8.264,5.692,4.034
2021-11-22,1011010501,茄类,9.175,8.361,0.146,0.669
2021-11-23,1011010501,茄类,5.163,8.379,-2.756,-0.46
2021-11-24,1011010501,茄类,9.217,8.319,-0.751,1.649
2021-11-25,1011010501,茄类,5.166,8.18,-3.197,0.183
2021-11-26,1011010501,茄类,6.06,7.944,-0.937,-0.947
2021-11-27,1011010501,茄类,11.622,7.668,2.354,1.601
2021-11-28,1011010501,茄类,9.694,7.413,4.542,-2.261
2021-11-29,1011010501,茄类,5.796,7.174,-0.468,-0.911
2021-11-30,1011010501,茄类,7.103,6.998,-1.944,2.049
2021-12-01,1011010501,茄类,5.252,6.969,-0.506,-1.212
2021-12-02,1011010501,茄类,4.474,7.067,-2.5,-0.093
2021-12-03,1011010501,茄类,5.683,7.258,-0.553,-1.022
2021-12-04,1011010501,茄类,9.205,7.508,2.763,-1.066
2021-12-05,1011010501,茄类,10.65,7.738,3.13,-0.218
2021-12-06,1011010501,茄类,8.862,7.94,-1.322,2.245
2021-12-07,1011010501,茄类,6.648,8.122,-1.381,-0.093
2021-12-08,1011010501,茄类,7.96,8.204,-1.008,0.764
2021-12-09,1011010501,茄类,7.254,8.162,-2.068,1.159
2021-12-10,1011010501,茄类,8.928,8.031,0.459,0.438
2021-12-11,1011010501,茄类,10.714,7.842,3.368,-0.496
2021-12-12,1011010501,茄类,10.426,7.666,2.368,0.393
2021-12-13,1011010501,茄类,1.537,7.534,-1.819,-4.178
2021-12-14,1011010501,茄类,5.472,7.427,-1.614,-0.341
2021-12-15,1011010501,茄类,6.299,7.383,-1.947,0.862
2021-12-16,1011010501,茄类,4.506,7.437,-1.491,-1.44
2021-12-17,1011010501,茄类,10.173,7.554,1.314,1.305
2021-12-18,1011010501,茄类,11.996,7.679,4.396,-0.079
2021-12-19,1011010501,茄类,9.451,7.757,1.987,-0.293
2021-12-20,1011010501,茄类,6.115,7.779,-2.247,0.583
2021-12-21,1011010501,茄类,6.431,7.784,-2.315,0.962
2021-12-22,1011010501,茄类,4.455,7.78,-2.928,-0.397
2021-12-23,1011010501,茄类,6.563,7.749,-0.932,-0.254
2021-12-24,1011010501,茄类,8.624,7.72,2.042,-1.138
2021-12-25,1011010501,茄类,13.596,7.772,5.023,0.801
2021-12-26,1011010501,茄类,9.123,7.972,1.461,-0.31
2021-12-27,1011010501,茄类,5.35,8.364,-1.986,-1.028
2021-12-28,1011010501,茄类,5.317,8.914,-2.741,-0.855
2021-12-29,1011010501,茄类,3.027,9.551,-3.224,-3.3
2021-12-30,1011010501,茄类,11.272,10.175,-0.425,1.521
2021-12-31,1011010501,茄类,12.997,10.764,2.742,-0.509
2022-01-01,1011010501,茄类,18.428,11.326,4.26,2.842
2022-01-02,1011010501,茄类,13.349,11.796,1.107,0.447
2022-01-03,1011010501,茄类,12.782,12.098,-2.031,2.715
2022-01-04,1011010501,茄类,8.174,12.215,-3.13,-0.912
2022-01-05,1011010501,茄类,9.827,12.182,-2.717,0.362
2022-01-06,1011010501,茄类,7.001,12.097,0.682,-5.778
2022-01-07,1011010501,茄类,16.284,11.988,3.241,1.055
2022-01-08,1011010501,茄类,14.224,11.9,2.5,-0.176
2022-01-09,1011010501,茄类,11.879,11.838,0.964,-0.923
2022-01-10,1011010501,茄类,8.582,11.785,-2.159,-1.044
2022-01-11,1011010501,茄类,10.573,11.784,-3.509,2.298
2022-01-12,1011010501,茄类,10.637,11.886,-1.495,0.245
2022-01-13,1011010501,茄类,12.889,12.024,1.734,-0.868
2022-01-14,1011010501,茄类,6.196,12.234,3.504,-9.542
2022-01-15,1011010501,茄类,9.146,12.695,0.409,-3.959
2022-01-16,1011010501,茄类,14.67,13.456,0.647,0.568
2022-01-17,1011010501,茄类,10.665,14.426,-2.509,-1.252
2022-01-18,1011010501,茄类,8.478,15.63,-3.524,-3.628
2022-01-19,1011010501,茄类,4.206,17.176,-1.038,-11.932
2022-01-20,1011010501,茄类,22.912,19.003,4.214,-0.305
2022-01-21,1011010501,茄类,23.798,20.938,3.035,-0.175
2022-01-22,1011010501,茄类,22.592,22.976,-0.93,0.546
2022-01-23,1011010501,茄类,25.009,25.204,0.358,-0.553
2022-01-24,1011010501,茄类,25.579,27.49,-1.8,-0.111
2022-01-25,1011010501,茄类,26.834,29.764,-2.109,-0.821
2022-01-26,1011010501,茄类,31.875,32.113,-1.028,0.79
2022-01-27,1011010501,茄类,21.963,32.523,1.456,-12.016
2022-01-28,1011010501,茄类,54.803,31.121,1.336,22.346
2022-01-29,1011010501,茄类,86.85,31.121,0.312,55.418
2022-01-30,1011010501,茄类,88.028,31.409,1.015,55.605
2022-01-31,1011010501,茄类,0.0,31.616,-0.595,-31.021
2022-02-01,1011010501,茄类,18.86,31.674,-0.609,-12.205
2022-02-02,1011010501,茄类,29.266,31.357,-2.11,0.018
2022-02-03,1011010501,茄类,51.215,30.326,0.657,20.232
2022-02-04,1011010501,茄类,49.812,29.264,-0.137,20.684
2022-02-05,1011010501,茄类,43.637,28.068,1.564,14.005
2022-02-06,1011010501,茄类,38.299,26.785,1.824,9.69
2022-02-07,1011010501,茄类,25.718,25.518,0.062,0.138
2022-02-08,1011010501,茄类,28.361,24.176,0.71,3.474
2022-02-09,1011010501,茄类,17.827,22.413,-3.488,-1.098
2022-02-10,1011010501,茄类,18.122,20.625,-0.932,-1.571
2022-02-11,1011010501,茄类,16.356,19.021,-2.113,-0.552
2022-02-12,1011010501,茄类,19.233,17.752,2.165,-0.684
2022-02-13,1011010501,茄类,18.593,16.798,2.948,-1.153
2022-02-14,1011010501,茄类,22.165,16.096,0.095,5.974
2022-02-15,1011010501,茄类,13.33,15.61,1.165,-3.445
2022-02-16,1011010501,茄类,8.002,15.225,-4.602,-2.62
2022-02-17,1011010501,茄类,16.258,14.939,-1.074,2.393
2022-02-18,1011010501,茄类,13.181,14.826,-1.438,-0.207
2022-02-19,1011010501,茄类,19.604,14.874,4.707,0.023
2022-02-20,1011010501,茄类,19.499,14.992,3.345,1.162
2022-02-21,1011010501,茄类,12.819,15.093,-0.62,-1.654
2022-02-22,1011010501,茄类,14.993,15.103,-0.628,0.519
2022-02-23,1011010501,茄类,10.987,15.069,-5.231,1.148
2022-02-24,1011010501,茄类,11.295,15.045,-1.217,-2.533
2022-02-25,1011010501,茄类,15.162,15.002,-1.341,1.502
2022-02-26,1011010501,茄类,22.413,14.949,6.55,0.914
2022-02-27,1011010501,茄类,17.194,14.838,4.006,-1.65
2022-02-28,1011010501,茄类,14.358,14.633,-1.374,1.099
2022-03-01,1011010501,茄类,13.075,14.416,-1.828,0.487
2022-03-02,1011010501,茄类,8.61,14.226,-5.07,-0.546
2022-03-03,1011010501,茄类,14.025,14.023,-1.82,1.822
2022-03-04,1011010501,茄类,9.297,13.815,-0.949,-3.569
2022-03-05,1011010501,茄类,14.836,13.607,7.831,-6.603
2022-03-06,1011010501,茄类,19.161,13.463,4.164,1.534
2022-03-07,1011010501,茄类,11.448,13.46,-1.984,-0.028
2022-03-08,1011010501,茄类,9.594,13.593,-2.816,-1.183
2022-03-09,1011010501,茄类,8.401,13.846,-4.488,-0.957
2022-03-10,1011010501,茄类,10.189,14.18,-1.944,-2.046
2022-03-11,1011010501,茄类,15.262,14.509,-1.03,1.783
2022-03-12,1011010501,茄类,24.795,14.896,8.186,1.712
2022-03-13,1011010501,茄类,19.47,15.38,4.595,-0.505
2022-03-14,1011010501,茄类,12.678,15.886,-2.366,-0.843
2022-03-15,1011010501,茄类,12.816,16.309,-3.608,0.115
2022-03-16,1011010501,茄类,12.564,16.631,-3.4,-0.667
2022-03-17,1011010501,茄类,15.834,16.929,-2.547,1.452
2022-03-18,1011010501,茄类,16.346,17.315,-0.947,-0.023
2022-03-19,1011010501,茄类,26.011,17.728,7.508,0.775
2022-03-20,1011010501,茄类,21.443,18.045,5.246,-1.849
2022-03-21,1011010501,茄类,25.338,18.242,-1.805,8.902
2022-03-22,1011010501,茄类,21.947,18.387,-3.827,7.387
2022-03-23,1011010501,茄类,17.569,18.467,-2.444,1.546
2022-03-24,1011010501,茄类,16.036,18.548,-3.42,0.908
2022-03-25,1011010501,茄类,17.128,18.614,-1.594,0.108
2022-03-26,1011010501,茄类,23.286,18.5,6.516,-1.73
2022-03-27,1011010501,茄类,26.977,18.245,5.483,3.249
2022-03-28,1011010501,茄类,15.998,18.032,-0.137,-1.897
2022-03-29,1011010501,茄类,13.184,17.906,-3.618,-1.103
2022-03-30,1011010501,茄类,17.223,17.914,-2.28,1.589
2022-03-31,1011010501,茄类,10.145,18.005,-3.728,-4.131
2022-04-01,1011010501,茄类,16.697,18.048,-3.153,1.802
2022-04-02,1011010501,茄类,18.016,18.043,6.542,-6.569
2022-04-03,1011010501,茄类,23.887,18.05,6.069,-0.232
2022-04-04,1011010501,茄类,23.387,18.095,0.5,4.793
2022-04-05,1011010501,茄类,15.356,18.154,-3.47,0.672
2022-04-06,1011010501,茄类,11.695,18.247,-2.477,-4.075
2022-04-07,1011010501,茄类,14.479,18.468,-3.692,-0.298
2022-04-08,1011010501,茄类,12.371,18.973,-3.96,-2.642
2022-04-09,1011010501,茄类,27.258,19.62,6.828,0.811
2022-04-10,1011010501,茄类,24.485,20.295,6.588,-2.399
2022-04-11,1011010501,茄类,10.687,21.026,0.592,-10.931
2022-04-12,1011010501,茄类,20.041,21.786,-4.215,2.47
2022-04-13,1011010501,茄类,20.903,22.489,-2.925,1.339
2022-04-14,1011010501,茄类,21.356,23.087,-3.284,1.553
2022-04-15,1011010501,茄类,17.358,23.45,-3.654,-2.438
2022-04-16,1011010501,茄类,32.118,23.473,7.115,1.531
2022-04-17,1011010501,茄类,32.008,23.217,7.283,1.508
2022-04-18,1011010501,茄类,23.28,22.861,0.079,0.339
2022-04-19,1011010501,茄类,16.985,22.484,-6.246,0.747
2022-04-20,1011010501,茄类,18.031,22.25,-2.234,-1.985
2022-04-21,1011010501,茄类,11.668,22.232,-2.847,-7.717
2022-04-22,1011010501,茄类,20.471,22.366,-1.44,-0.455
2022-04-23,1011010501,茄类,25.194,22.568,7.367,-4.74
2022-04-24,1011010501,茄类,13.679,22.873,8.292,-17.486
2022-04-25,1011010501,茄类,20.592,23.349,-2.759,0.002
2022-04-26,1011010501,茄类,14.113,24.053,-8.689,-1.251
2022-04-27,1011010501,茄类,24.953,24.883,-2.87,2.94
2022-04-28,1011010501,茄类,21.918,25.743,-2.59,-1.235
2022-04-29,1011010501,茄类,29.707,26.503,2.311,0.893
2022-04-30,1011010501,茄类,35.229,27.038,7.443,0.748
2022-05-01,1011010501,茄类,36.606,27.408,9.568,-0.37
2022-05-02,1011010501,茄类,47.127,27.513,-4.469,24.083
2022-05-03,1011010501,茄类,42.378,27.411,-8.85,23.817
2022-05-04,1011010501,茄类,44.495,27.22,-4.411,21.687
2022-05-05,1011010501,茄类,26.05,26.907,-2.788,1.931
2022-05-06,1011010501,茄类,32.15,26.592,1.631,3.927
2022-05-07,1011010501,茄类,34.564,26.118,9.082,-0.636
2022-05-08,1011010501,茄类,33.433,25.321,11.543,-3.431
2022-05-09,1011010501,茄类,34.866,24.679,-5.792,15.979
2022-05-10,1011010501,茄类,13.224,24.582,-8.325,-3.033
2022-05-11,1011010501,茄类,15.419,24.741,-5.903,-3.419
2022-05-12,1011010501,茄类,22.173,24.977,-2.934,0.13
2022-05-13,1011010501,茄类,45.528,25.45,-0.354,20.432
2022-05-14,1011010501,茄类,51.014,26.242,11.172,13.599
2022-05-15,1011010501,茄类,43.627,27.046,15.587,0.994
2022-05-16,1011010501,茄类,19.412,27.718,-7.878,-0.428
2022-05-17,1011010501,茄类,23.194,28.247,-7.833,2.78
2022-05-18,1011010501,茄类,21.794,28.668,-7.8,0.926
2022-05-19,1011010501,茄类,21.799,29.066,-2.099,-5.168
2022-05-20,1011010501,茄类,22.675,29.404,-2.305,-4.424
2022-05-21,1011010501,茄类,43.426,29.649,11.71,2.067
2022-05-22,1011010501,茄类,29.841,29.85,13.746,-13.755
2022-05-23,1011010501,茄类,26.0,30.101,-5.274,1.173
2022-05-24,1011010501,茄类,29.285,30.469,-8.273,7.089
2022-05-25,1011010501,茄类,22.563,30.702,-7.66,-0.479
2022-05-26,1011010501,茄类,29.903,30.604,-1.306,0.605
2022-05-27,1011010501,茄类,27.341,30.316,-3.183,0.209
2022-05-28,1011010501,茄类,54.447,30.015,11.889,12.543
2022-05-29,1011010501,茄类,55.666,29.76,13.077,12.829
2022-05-30,1011010501,茄类,25.618,29.596,-4.45,0.472
2022-05-31,1011010501,茄类,18.11,29.517,-9.148,-2.259
2022-06-01,1011010501,茄类,21.105,29.475,-7.461,-0.909
2022-06-02,1011010501,茄类,34.716,29.665,-0.599,5.65
2022-06-03,1011010501,茄类,59.95,30.171,-1.104,30.883
2022-06-04,1011010501,茄类,39.752,30.845,10.862,-1.954
2022-06-05,1011010501,茄类,42.328,31.586,11.303,-0.561
2022-06-06,1011010501,茄类,37.312,32.411,-4.364,9.265
2022-06-07,1011010501,茄类,23.212,33.36,-9.69,-0.458
2022-06-08,1011010501,茄类,27.37,34.429,-6.966,-0.092
2022-06-09,1011010501,茄类,35.271,35.455,-0.388,0.204
2022-06-10,1011010501,茄类,38.776,36.352,-0.274,2.698
2022-06-11,1011010501,茄类,48.32,37.022,11.032,0.266
2022-06-12,1011010501,茄类,49.505,37.447,9.794,2.264
2022-06-13,1011010501,茄类,33.306,37.683,-4.683,0.306
2022-06-14,1011010501,茄类,29.762,37.609,-7.527,-0.32
2022-06-15,1011010501,茄类,33.776,37.183,-6.68,3.274
2022-06-16,1011010501,茄类,35.463,36.507,-0.837,-0.207
2022-06-17,1011010501,茄类,36.326,35.677,-0.586,1.235
2022-06-18,1011010501,茄类,48.562,34.703,10.47,3.389
2022-06-19,1011010501,茄类,40.858,33.557,8.617,-1.316
2022-06-20,1011010501,茄类,27.416,32.25,-4.299,-0.535
2022-06-21,1011010501,茄类,27.152,30.952,-4.895,1.095
2022-06-22,1011010501,茄类,22.451,29.746,-6.752,-0.543
2022-06-23,1011010501,茄类,17.152,28.568,-0.981,-10.435
2022-06-24,1011010501,茄类,22.836,27.475,-2.952,-1.686
2022-06-25,1011010501,茄类,28.57,26.529,9.872,-7.831
2022-06-26,1011010501,茄类,33.783,25.62,7.534,0.629
2022-06-27,1011010501,茄类,21.427,24.685,-2.855,-0.402
2022-06-28,1011010501,茄类,13.137,23.848,-2.178,-8.533
2022-06-29,1011010501,茄类,26.758,23.08,-6.554,10.231
2022-06-30,1011010501,茄类,21.969,22.277,-1.071,0.764
2022-07-01,1011010501,茄类,17.165,21.382,-4.719,0.502
2022-07-02,1011010501,茄类,27.475,20.443,8.54,-1.508
2022-07-03,1011010501,茄类,42.368,19.455,6.772,16.141
2022-07-04,1011010501,茄类,17.802,18.512,-2.551,1.841
2022-07-05,1011010501,茄类,17.524,17.748,0.266,-0.49
2022-07-06,1011010501,茄类,9.038,17.129,-5.777,-2.314
2022-07-07,1011010501,茄类,14.602,16.73,-1.1,-1.029
2022-07-08,1011010501,茄类,7.971,16.537,-4.956,-3.61
2022-07-09,1011010501,茄类,26.107,16.403,6.132,3.572
2022-07-10,1011010501,茄类,21.797,16.285,6.024,-0.512
2022-07-11,1011010501,茄类,30.141,16.246,-2.418,16.313
2022-07-12,1011010501,茄类,19.218,16.273,1.711,1.234
2022-07-13,1011010501,茄类,12.755,16.265,-4.35,0.84
2022-07-14,1011010501,茄类,14.374,16.235,-0.837,-1.024
2022-07-15,1011010501,茄类,11.364,16.283,-4.314,-0.605
2022-07-16,1011010501,茄类,18.431,16.493,3.846,-1.907
2022-07-17,1011010501,茄类,21.934,16.81,5.124,0.0
2022-07-18,1011010501,茄类,11.582,17.185,-2.345,-3.258
2022-07-19,1011010501,茄类,20.509,17.646,1.473,1.389
2022-07-20,1011010501,茄类,17.192,18.146,-2.765,1.811
2022-07-21,1011010501,茄类,18.296,18.519,-0.015,-0.209
2022-07-22,1011010501,茄类,16.449,18.717,-3.225,0.957
2022-07-23,1011010501,茄类,20.601,18.786,1.153,0.662
2022-07-24,1011010501,茄类,10.549,18.72,5.399,-13.57
2022-07-25,1011010501,茄类,17.972,18.478,-1.909,1.403
2022-07-26,1011010501,茄类,18.262,18.099,0.566,-0.403
2022-07-27,1011010501,茄类,14.402,17.619,-1.773,-1.444
2022-07-28,1011010501,茄类,22.58,17.077,-0.059,5.562
2022-07-29,1011010501,茄类,15.616,16.669,-2.708,1.655
2022-07-30,1011010501,茄类,13.837,16.467,-0.887,-1.743
2022-07-31,1011010501,茄类,19.875,16.356,6.373,-2.854
2022-08-01,1011010501,茄类,29.243,16.283,-0.105,13.065
2022-08-02,1011010501,茄类,14.101,16.271,-0.633,-1.537
2022-08-03,1011010501,茄类,15.585,16.36,-1.416,0.641
2022-08-04,1011010501,茄类,17.149,16.622,-1.167,1.694
2022-08-05,1011010501,茄类,13.432,17.033,-3.274,-0.327
2022-08-06,1011010501,茄类,15.462,17.399,-1.233,-0.703
2022-08-07,1011010501,茄类,26.316,17.646,8.227,0.443
2022-08-08,1011010501,茄类,18.528,17.864,0.814,-0.15
2022-08-09,1011010501,茄类,17.542,18.205,-1.693,1.031
2022-08-10,1011010501,茄类,17.255,18.742,-1.08,-0.407
2022-08-11,1011010501,茄类,13.387,19.307,-2.463,-3.457
2022-08-12,1011010501,茄类,15.139,19.796,-4.064,-0.593
2022-08-13,1011010501,茄类,28.498,20.258,-0.372,8.612
2022-08-14,1011010501,茄类,32.987,20.689,10.241,2.058
2022-08-15,1011010501,茄类,24.222,20.905,0.478,2.839
2022-08-16,1011010501,茄类,18.14,20.819,-2.427,-0.252
2022-08-17,1011010501,茄类,20.658,20.307,-1.005,1.357
2022-08-18,1011010501,茄类,26.979,19.6,-3.241,10.62
2022-08-19,1011010501,茄类,89.616,18.801,-4.737,75.552
2022-08-20,1011010501,茄类,18.641,18.027,1.192,-0.578
2022-08-21,1011010501,茄类,19.233,17.285,10.298,-8.35
2022-08-22,1011010501,茄类,14.33,16.571,-0.256,-1.986
2022-08-23,1011010501,茄类,13.572,16.061,-2.901,0.412
2022-08-24,1011010501,茄类,14.23,15.914,-0.312,-1.372
2022-08-25,1011010501,茄类,12.514,15.782,-3.291,0.023
2022-08-26,1011010501,茄类,11.488,15.57,-5.028,0.946
2022-08-27,1011010501,茄类,19.554,15.256,2.605,1.693
2022-08-28,1011010501,茄类,25.88,14.823,9.19,1.866
2022-08-29,1011010501,茄类,13.378,14.374,-1.198,0.202
2022-08-30,1011010501,茄类,7.934,13.931,-2.564,-3.433
2022-08-31,1011010501,茄类,3.304,13.461,0.032,-10.188
2022-09-01,1011010501,茄类,11.464,12.994,-2.007,0.478
2022-09-02,1011010501,茄类,4.884,12.576,-4.442,-3.25
2022-09-03,1011010501,茄类,15.738,12.219,2.45,1.069
2022-09-04,1011010501,茄类,18.362,11.913,6.696,-0.247
2022-09-05,1011010501,茄类,10.812,11.5,-1.471,0.783
2022-09-06,1011010501,茄类,11.684,10.765,-1.996,2.915
2022-09-07,1011010501,茄类,12.388,9.727,0.317,2.344
2022-09-08,1011010501,茄类,7.918,8.491,-1.033,0.459
2022-09-09,1011010501,茄类,4.65,7.139,-2.947,0.458
2022-09-10,1011010501,茄类,0.491,5.759,1.708,-6.976
2022-09-11,1011010501,茄类,6.927,4.396,3.483,-0.952
2022-09-12,1011010501,茄类,0.0,3.106,-1.088,-2.018
2022-09-13,1011010501,茄类,0.0,1.975,-0.937,-1.038
2022-09-14,1011010501,茄类,0.0,1.099,0.616,-1.715
2022-09-15,1011010501,茄类,0.0,0.554,-0.404,-0.149
2022-09-16,1011010501,茄类,0.0,0.282,-1.327,1.045
2022-09-17,1011010501,茄类,0.0,0.136,0.657,-0.793
2022-09-18,1011010501,茄类,0.0,0.067,1.411,-1.478
2022-09-19,1011010501,茄类,0.0,0.032,-0.706,0.675
2022-09-20,1011010501,茄类,0.0,0.003,-0.329,0.326
2022-09-21,1011010501,茄类,0.0,-0.017,0.113,-0.096
2022-09-22,1011010501,茄类,0.0,-0.008,-0.055,0.063
2022-09-23,1011010501,茄类,0.0,0.022,-0.185,0.163
2022-09-24,1011010501,茄类,0.0,0.032,0.05,-0.082
2022-09-25,1011010501,茄类,0.0,0.019,0.379,-0.398
2022-09-26,1011010501,茄类,0.0,0.009,-0.166,0.157
2022-09-27,1011010501,茄类,0.0,0.005,-0.081,0.076
2022-09-28,1011010501,茄类,0.0,-0.003,-0.027,0.03
2022-09-29,1011010501,茄类,0.0,-0.013,-0.047,0.06
2022-09-30,1011010501,茄类,0.0,-0.018,-0.083,0.102
2022-10-01,1011010501,茄类,0.0,-0.016,0.094,-0.078
2022-10-02,1011010501,茄类,0.0,-0.008,-0.012,0.02
2022-10-03,1011010501,茄类,0.0,-0.001,0.22,-0.219
2022-10-04,1011010501,茄类,0.0,0.003,0.26,-0.263
2022-10-05,1011010501,茄类,0.0,0.001,-0.091,0.089
2022-10-06,1011010501,茄类,0.0,-0.001,-0.259,0.26
2022-10-07,1011010501,茄类,0.0,0.016,-0.548,0.532
2022-10-08,1011010501,茄类,0.0,0.056,0.605,-0.661
2022-10-09,1011010501,茄类,0.0,0.094,-0.291,0.198
2022-10-10,1011010501,茄类,0.0,0.131,0.152,-0.284
2022-10-11,1011010501,茄类,0.0,0.263,0.335,-0.598
2022-10-12,1011010501,茄类,0.0,0.646,-0.53,-0.116
2022-10-13,1011010501,茄类,0.0,1.273,-0.91,-0.363
2022-10-14,1011010501,茄类,0.0,2.037,0.432,-2.469
2022-10-15,1011010501,茄类,12.033,2.855,1.505,7.673
2022-10-16,1011010501,茄类,2.55,3.655,0.341,-1.445
2022-10-17,1011010501,茄类,5.762,4.335,-0.604,2.031
2022-10-18,1011010501,茄类,7.187,4.93,-0.266,2.524
2022-10-19,1011010501,茄类,13.004,5.341,-1.576,9.239
2022-10-20,1011010501,茄类,4.701,5.588,-1.719,0.833
2022-10-21,1011010501,茄类,38.486,5.725,2.303,30.458
2022-10-22,1011010501,茄类,7.952,5.784,2.63,-0.462
2022-10-23,1011010501,茄类,14.581,5.734,0.757,8.09
2022-10-24,1011010501,茄类,3.223,5.71,-1.387,-1.1
2022-10-25,1011010501,茄类,4.156,5.863,-0.918,-0.789
2022-10-26,1011010501,茄类,4.56,6.091,-2.602,1.071
2022-10-27,1011010501,茄类,2.299,6.28,-1.711,-2.271
2022-10-28,1011010501,茄类,11.885,6.318,2.827,2.74
2022-10-29,1011010501,茄类,11.396,6.252,3.778,1.366
2022-10-30,1011010501,茄类,10.805,6.142,1.011,3.652
2022-10-31,1011010501,茄类,3.319,5.979,-2.067,-0.593
2022-11-01,1011010501,茄类,3.305,5.74,-1.513,-0.922
2022-11-02,1011010501,茄类,0.0,5.462,-3.424,-2.038
2022-11-03,1011010501,茄类,4.012,5.182,-1.204,0.034
2022-11-04,1011010501,茄类,0.0,5.018,3.284,-8.302
2022-11-05,1011010501,茄类,9.816,5.029,4.196,0.591
2022-11-06,1011010501,茄类,4.647,5.183,1.161,-1.697
2022-11-07,1011010501,茄类,3.256,5.396,-2.093,-0.047
2022-11-08,1011010501,茄类,3.86,5.633,-1.517,-0.257
2022-11-09,1011010501,茄类,2.871,5.896,-3.419,0.394
2022-11-10,1011010501,茄类,6.897,6.201,0.06,0.635
2022-11-11,1011010501,茄类,7.801,6.475,1.318,0.008
2022-11-12,1011010501,茄类,10.572,6.686,4.383,-0.497
2022-11-13,1011010501,茄类,7.366,6.821,0.033,0.512
2022-11-14,1011010501,茄类,5.605,6.889,-1.865,0.581
2022-11-15,1011010501,茄类,7.266,6.868,-1.205,1.603
2022-11-16,1011010501,茄类,2.568,6.699,-2.438,-1.693
2022-11-17,1011010501,茄类,8.038,6.538,0.868,0.632
2022-11-18,1011010501,茄类,17.923,6.674,0.607,10.643
2022-11-19,1011010501,茄类,35.948,6.816,3.749,25.383
2022-11-20,1011010501,茄类,0.252,6.882,-0.24,-6.39
2022-11-21,1011010501,茄类,55.692,6.884,-1.848,50.656
2022-11-22,1011010501,茄类,4.816,6.908,-0.877,-1.216
2022-11-23,1011010501,茄类,8.243,6.955,-1.495,2.783
2022-11-24,1011010501,茄类,8.455,6.665,0.898,0.892
2022-11-25,1011010501,茄类,16.927,6.061,0.223,10.642
2022-11-26,1011010501,茄类,9.864,5.28,3.018,1.566
2022-11-27,1011010501,茄类,4.146,4.392,-0.335,0.089
2022-11-28,1011010501,茄类,1.04,3.441,-1.84,-0.56
2022-11-29,1011010501,茄类,1.778,2.494,-0.734,0.017
2022-11-30,1011010501,茄类,0.0,1.734,-0.691,-1.043
2022-12-01,1011010501,茄类,0.0,1.179,0.889,-2.067
2022-12-02,1011010501,茄类,0.0,0.853,-0.258,-0.596
2022-12-03,1011010501,茄类,0.0,0.941,2.609,-3.55
2022-12-04,1011010501,茄类,1.168,1.324,-0.208,0.052
2022-12-05,1011010501,茄类,0.0,1.767,-1.644,-0.124
2022-12-06,1011010501,茄类,7.977,2.238,-0.947,6.685
2022-12-07,1011010501,茄类,11.597,2.754,-0.442,9.285
2022-12-08,1011010501,茄类,4.524,3.319,0.538,0.667
2022-12-09,1011010501,茄类,4.422,3.913,-0.45,0.959
2022-12-10,1011010501,茄类,6.572,4.466,2.446,-0.34
2022-12-11,1011010501,茄类,3.629,5.004,-0.009,-1.366
2022-12-12,1011010501,茄类,3.379,5.612,-0.395,-1.839
2022-12-13,1011010501,茄类,5.316,6.341,-1.311,0.286
2022-12-14,1011010501,茄类,6.973,7.107,-0.291,0.156
2022-12-15,1011010501,茄类,8.607,7.83,-0.069,0.847
2022-12-16,1011010501,茄类,6.839,8.503,-0.606,-1.058
2022-12-17,1011010501,茄类,16.786,9.018,2.179,5.589
2022-12-18,1011010501,茄类,12.025,9.369,-0.099,2.755
2022-12-19,1011010501,茄类,11.56,9.599,1.311,0.651
2022-12-20,1011010501,茄类,6.731,9.696,-1.878,-1.087
2022-12-21,1011010501,茄类,17.74,9.654,-0.222,8.308
2022-12-22,1011010501,茄类,8.883,9.478,-0.954,0.359
2022-12-23,1011010501,茄类,8.921,9.224,-0.812,0.509
2022-12-24,1011010501,茄类,11.582,8.966,2.12,0.495
2022-12-25,1011010501,茄类,5.742,8.695,0.891,-3.844
2022-12-26,1011010501,茄类,12.022,8.317,2.077,1.628
2022-12-27,1011010501,茄类,6.541,7.845,-2.147,0.843
2022-12-28,1011010501,茄类,8.167,7.371,-0.783,1.579
2022-12-29,1011010501,茄类,3.656,6.94,-1.828,-1.457
2022-12-30,1011010501,茄类,6.173,6.592,-0.7,0.281
2022-12-31,1011010501,茄类,5.574,6.379,1.841,-2.647
2023-01-01,1011010501,茄类,7.926,6.271,1.964,-0.309
2023-01-02,1011010501,茄类,17.834,6.333,2.071,9.429
2023-01-03,1011010501,茄类,3.617,6.619,-1.735,-1.267
2023-01-04,1011010501,茄类,3.929,7.088,-1.535,-1.623
2023-01-05,1011010501,茄类,5.835,7.686,-2.793,0.942
2023-01-06,1011010501,茄类,6.648,8.42,-0.54,-1.233
2023-01-07,1011010501,茄类,11.499,9.221,2.028,0.251
2023-01-08,1011010501,茄类,15.154,10.064,3.001,2.089
2023-01-09,1011010501,茄类,11.607,10.936,1.239,-0.567
2023-01-10,1011010501,茄类,9.913,11.91,-1.494,-0.504
2023-01-11,1011010501,茄类,9.782,13.101,-3.399,0.079
2023-01-12,1011010501,茄类,9.159,14.473,-1.604,-3.71
2023-01-13,1011010501,茄类,15.213,15.927,0.314,-1.029
2023-01-14,1011010501,茄类,31.542,17.532,3.237,10.774
2023-01-15,1011010501,茄类,21.246,19.366,2.855,-0.975
2023-01-16,1011010501,茄类,21.066,21.48,-0.39,-0.024
2023-01-17,1011010501,茄类,22.71,23.594,-1.718,0.834
2023-01-18,1011010501,茄类,41.459,24.865,-3.665,20.259
2023-01-19,1011010501,茄类,61.759,26.309,-0.691,36.141
2023-01-20,1011010501,茄类,75.97,27.811,0.973,47.186
2023-01-21,1011010501,茄类,0.0,29.179,4.317,-33.495
2023-01-22,1011010501,茄类,17.629,30.589,2.074,-15.034
2023-01-23,1011010501,茄类,31.043,32.632,-1.717,0.128
2023-01-24,1011010501,茄类,31.05,32.688,-2.056,0.418
2023-01-25,1011010501,茄类,38.923,31.231,-4.182,11.874
2023-01-26,1011010501,茄类,32.835,29.255,0.214,3.365
2023-01-27,1011010501,茄类,31.75,27.132,1.235,3.383
2023-01-28,1011010501,茄类,30.24,25.12,5.531,-0.411
2023-01-29,1011010501,茄类,15.298,23.182,1.299,-9.182
2023-01-30,1011010501,茄类,15.248,21.174,-1.966,-3.959
2023-01-31,1011010501,茄类,13.52,19.21,-1.789,-3.901
2023-02-01,1011010501,茄类,12.689,17.443,-4.774,0.02
2023-02-02,1011010501,茄类,15.701,16.039,0.879,-1.216
2023-02-03,1011010501,茄类,14.786,15.162,1.177,-1.552
2023-02-04,1011010501,茄类,20.698,14.68,5.155,0.863
2023-02-05,1011010501,茄类,15.281,14.324,1.131,-0.174
2023-02-06,1011010501,茄类,12.377,14.013,-1.659,0.023
2023-02-07,1011010501,茄类,12.441,13.761,-0.784,-0.536
2023-02-08,1011010501,茄类,8.429,13.628,-4.473,-0.726
2023-02-09,1011010501,茄类,13.362,13.577,-0.573,0.358
2023-02-10,1011010501,茄类,12.794,13.445,-0.343,-0.308
2023-02-11,1011010501,茄类,16.919,13.154,4.075,-0.31
2023-02-12,1011010501,茄类,28.032,12.75,3.223,12.059
2023-02-13,1011010501,茄类,14.143,12.334,-1.505,3.315
2023-02-14,1011010501,茄类,14.301,12.008,-0.038,2.331
2023-02-15,1011010501,茄类,6.735,11.758,-3.559,-1.464
2023-02-16,1011010501,茄类,7.394,11.56,-1.364,-2.803
2023-02-17,1011010501,茄类,8.283,11.384,-0.489,-2.613
2023-02-18,1011010501,茄类,21.074,11.285,2.633,7.156
2023-02-19,1011010501,茄类,17.567,11.251,4.195,2.121
2023-02-20,1011010501,茄类,7.391,11.297,-1.372,-2.533
2023-02-21,1011010501,茄类,12.593,11.411,-0.476,1.657
2023-02-22,1011010501,茄类,9.991,11.437,-2.297,0.851
2023-02-23,1011010501,茄类,11.31,11.261,-2.319,2.368
2023-02-24,1011010501,茄类,11.328,10.998,0.155,0.175
2023-02-25,1011010501,茄类,10.979,10.785,1.946,-1.752
2023-02-26,1011010501,茄类,14.041,10.627,4.917,-1.502
2023-02-27,1011010501,茄类,8.846,10.482,-1.717,0.081
2023-02-28,1011010501,茄类,7.007,10.439,-1.642,-1.791
2023-03-01,1011010501,茄类,9.504,10.547,-1.441,0.398
2023-03-02,1011010501,茄类,7.568,10.797,-2.856,-0.373
2023-03-03,1011010501,茄类,13.904,11.149,1.065,1.689
2023-03-04,1011010501,茄类,12.627,11.498,2.699,-1.57
2023-03-05,1011010501,茄类,16.645,11.802,4.571,0.272
2023-03-06,1011010501,茄类,11.021,12.108,-1.751,0.663
2023-03-07,1011010501,茄类,8.469,12.415,-2.835,-1.112
2023-03-08,1011010501,茄类,14.0,12.731,-1.963,3.232
2023-03-09,1011010501,茄类,7.751,13.044,-3.314,-1.979
2023-03-10,1011010501,茄类,14.024,13.303,1.864,-1.142
2023-03-11,1011010501,茄类,20.211,13.501,4.55,2.16
2023-03-12,1011010501,茄类,18.27,13.687,4.511,0.072
2023-03-13,1011010501,茄类,12.188,13.876,-2.051,0.363
2023-03-14,1011010501,茄类,11.759,14.042,-3.107,0.824
2023-03-15,1011010501,茄类,8.037,14.111,-3.103,-2.972
2023-03-16,1011010501,茄类,11.892,14.089,-3.613,1.417
2023-03-17,1011010501,茄类,16.576,14.131,2.302,0.144
2023-03-18,1011010501,茄类,30.312,14.232,5.728,10.352
2023-03-19,1011010501,茄类,26.328,14.372,4.198,7.759
2023-03-20,1011010501,茄类,11.707,14.548,-2.275,-0.566
2023-03-21,1011010501,茄类,10.702,14.726,-2.127,-1.897
2023-03-22,1011010501,茄类,12.133,14.856,-5.206,2.483
2023-03-23,1011010501,茄类,10.903,15.06,-3.382,-0.775
2023-03-24,1011010501,茄类,18.402,15.288,2.93,0.184
2023-03-25,1011010501,茄类,22.364,15.519,6.186,0.659
2023-03-26,1011010501,茄类,20.143,15.79,3.497,0.856
2023-03-27,1011010501,茄类,12.216,16.074,-1.982,-1.876
2023-03-28,1011010501,茄类,15.485,16.358,-1.113,0.239
2023-03-29,1011010501,茄类,8.567,16.701,-5.796,-2.338
2023-03-30,1011010501,茄类,14.654,17.106,-3.668,1.216
2023-03-31,1011010501,茄类,21.134,17.57,3.443,0.121
2023-04-01,1011010501,茄类,23.388,17.988,5.431,-0.031
2023-04-02,1011010501,茄类,20.488,18.239,2.963,-0.714
2023-04-03,1011010501,茄类,19.201,18.156,-1.348,2.393
2023-04-04,1011010501,茄类,20.162,17.782,-0.363,2.742
2023-04-05,1011010501,茄类,22.225,17.268,-5.696,10.653
2023-04-06,1011010501,茄类,12.387,16.75,-4.393,0.03
2023-04-07,1011010501,茄类,9.746,16.234,3.893,-10.381
2023-04-08,1011010501,茄类,19.815,15.648,3.814,0.354
2023-04-09,1011010501,茄类,15.846,15.026,3.122,-2.302
2023-04-10,1011010501,茄类,12.818,14.6,0.091,-1.874
2023-04-11,1011010501,茄类,13.366,14.436,-0.415,-0.655
2023-04-12,1011010501,茄类,8.998,14.441,-5.524,0.081
2023-04-13,1011010501,茄类,9.198,14.702,-5.741,0.237
2023-04-14,1011010501,茄类,19.025,15.185,2.1,1.74
2023-04-15,1011010501,茄类,16.674,15.743,4.871,-3.94
2023-04-16,1011010501,茄类,20.902,16.276,5.676,-1.049
2023-04-17,1011010501,茄类,9.19,16.775,1.027,-8.611
2023-04-18,1011010501,茄类,16.152,17.372,-2.082,0.862
2023-04-19,1011010501,茄类,13.945,18.257,-5.287,0.975
2023-04-20,1011010501,茄类,10.307,19.199,-6.963,-1.929
2023-04-21,1011010501,茄类,30.95,20.121,-0.106,10.936
2023-04-22,1011010501,茄类,39.651,20.993,6.306,12.352
2023-04-23,1011010501,茄类,21.876,21.823,9.059,-9.006
2023-04-24,1011010501,茄类,25.565,22.695,1.544,1.325
2023-04-25,1011010501,茄类,19.3,23.672,-3.736,-0.636
2023-04-26,1011010501,茄类,18.526,24.787,-5.705,-0.556
2023-04-27,1011010501,茄类,18.48,25.925,-7.351,-0.094
2023-04-28,1011010501,茄类,22.141,26.93,-3.339,-1.45
2023-04-29,1011010501,茄类,37.234,27.743,8.312,1.178
2023-04-30,1011010501,茄类,43.783,28.337,12.09,3.356
2023-05-01,1011010501,茄类,31.862,28.745,1.591,1.525
2023-05-02,1011010501,茄类,35.967,28.79,-5.065,12.242
2023-05-03,1011010501,茄类,22.717,28.453,-6.206,0.47
2023-05-04,1011010501,茄类,25.655,27.874,-7.755,5.535
2023-05-05,1011010501,茄类,22.324,27.083,-5.374,0.615
2023-05-06,1011010501,茄类,23.097,26.128,10.379,-13.41
2023-05-07,1011010501,茄类,39.966,25.125,14.246,0.595
2023-05-08,1011010501,茄类,21.757,24.195,0.942,-3.38
2023-05-09,1011010501,茄类,17.224,23.333,-5.678,-0.431
2023-05-10,1011010501,茄类,28.106,22.547,-6.831,12.389
2023-05-11,1011010501,茄类,13.908,21.899,-7.567,-0.423
2023-05-12,1011010501,茄类,24.496,21.427,-6.066,9.135
2023-05-13,1011010501,茄类,33.208,21.071,11.203,0.934
2023-05-14,1011010501,茄类,32.974,20.84,13.838,-1.705
2023-05-15,1011010501,茄类,21.584,20.712,0.804,0.068
2023-05-16,1011010501,茄类,14.181,20.794,-5.027,-1.586
2023-05-17,1011010501,茄类,14.296,21.115,-7.506,0.687
2023-05-18,1011010501,茄类,11.595,21.651,-7.403,-2.653
2023-05-19,1011010501,茄类,15.232,22.283,-6.441,-0.609
2023-05-20,1011010501,茄类,33.825,22.988,12.029,-1.192
2023-05-21,1011010501,茄类,38.276,23.701,12.997,1.578
2023-05-22,1011010501,茄类,25.981,24.407,0.831,0.743
2023-05-23,1011010501,茄类,23.022,25.042,-4.114,2.094
2023-05-24,1011010501,茄类,15.749,25.614,-8.219,-1.646
2023-05-25,1011010501,茄类,21.865,26.089,-7.194,2.97
2023-05-26,1011010501,茄类,18.213,26.399,-6.093,-2.094
2023-05-27,1011010501,茄类,24.313,26.537,12.718,-14.942
2023-05-28,1011010501,茄类,38.881,26.596,11.936,0.349
2023-05-29,1011010501,茄类,28.536,26.626,0.072,1.838
2023-05-30,1011010501,茄类,23.886,26.614,-4.02,1.292
2023-05-31,1011010501,茄类,17.471,26.453,-8.148,-0.834
2023-06-01,1011010501,茄类,18.475,26.118,-6.989,-0.654
2023-06-02,1011010501,茄类,22.501,25.647,-4.245,1.099
2023-06-03,1011010501,茄类,39.399,25.167,13.413,0.819
2023-06-04,1011010501,茄类,34.741,24.772,9.789,0.18
2023-06-05,1011010501,茄类,19.989,24.519,-0.697,-3.832
2023-06-06,1011010501,茄类,19.081,24.34,-4.919,-0.339
2023-06-07,1011010501,茄类,17.873,24.197,-6.032,-0.292
2023-06-08,1011010501,茄类,24.509,24.09,-7.228,7.647
2023-06-09,1011010501,茄类,21.798,24.046,-1.635,-0.612
2023-06-10,1011010501,茄类,38.116,24.02,12.155,1.941
2023-06-11,1011010501,茄类,43.303,23.975,7.708,11.62
2023-06-12,1011010501,茄类,23.087,23.866,-0.498,-0.281
2023-06-13,1011010501,茄类,17.659,23.659,-6.628,0.628
2023-06-14,1011010501,茄类,28.361,23.341,-4.51,9.53
2023-06-15,1011010501,茄类,15.908,22.997,-6.804,-0.285
2023-06-16,1011010501,茄类,24.133,22.757,1.41,-0.033
2023-06-17,1011010501,茄类,46.628,22.646,10.552,13.43
2023-06-18,1011010501,茄类,54.553,22.462,5.575,26.516
2023-06-19,1011010501,茄类,21.207,22.122,-0.046,-0.869
2023-06-20,1011010501,茄类,21.592,21.791,-8.336,8.137
2023-06-21,1011010501,茄类,24.123,21.526,-2.798,5.394
2023-06-22,1011010501,茄类,33.866,21.287,-6.46,19.039
2023-06-23,1011010501,茄类,25.398,20.965,4.465,-0.033
2023-06-24,1011010501,茄类,28.369,20.417,8.678,-0.725
2023-06-25,1011010501,茄类,23.315,19.819,3.428,0.068
2023-06-26,1011010501,茄类,21.224,19.212,0.593,1.419
2023-06-27,1011010501,茄类,8.415,18.6,-10.066,-0.119
2023-06-28,1011010501,茄类,15.651,17.982,-1.036,-1.295
2023-06-29,1011010501,茄类,11.511,17.358,-6.073,0.226
2023-06-30,1011010501,茄类,24.53,16.729,7.547,0.254
2020-07-01,1011010504,辣椒类,76.715,71.93,2.266,2.519
2020-07-02,1011010504,辣椒类,66.064,71.1,-4.574,-0.461
2020-07-03,1011010504,辣椒类,64.253,70.324,-7.12,1.049
2020-07-04,1011010504,辣椒类,81.282,69.609,12.444,-0.771
2020-07-05,1011010504,辣椒类,98.496,68.957,30.614,-1.075
2020-07-06,1011010504,辣椒类,58.682,68.377,-11.084,1.39
2020-07-07,1011010504,辣椒类,42.213,67.88,-19.915,-5.752
2020-07-08,1011010504,辣椒类,65.88,67.552,2.183,-3.854
2020-07-09,1011010504,辣椒类,58.86,68.179,-6.707,-2.612
2020-07-10,1011010504,辣椒类,58.936,69.158,-9.642,-0.58
2020-07-11,1011010504,辣椒类,85.936,70.368,13.529,2.039
2020-07-12,1011010504,辣椒类,72.75,71.605,29.491,-28.346
2020-07-13,1011010504,辣椒类,61.24,72.722,-9.011,-2.471
2020-07-14,1011010504,辣椒类,66.745,73.652,-17.392,10.484
2020-07-15,1011010504,辣椒类,73.354,74.359,1.971,-2.975
2020-07-16,1011010504,辣椒类,72.656,74.761,-8.905,6.8
2020-07-17,1011010504,辣椒类,61.025,74.888,-11.656,-2.206
2020-07-18,1011010504,辣椒类,85.051,74.744,14.606,-4.299
2020-07-19,1011010504,辣椒类,104.841,74.43,28.104,2.307
2020-07-20,1011010504,辣椒类,67.35,74.18,-6.968,0.138
2020-07-21,1011010504,辣椒类,56.993,74.201,-14.827,-2.381
2020-07-22,1011010504,辣椒类,81.411,74.432,1.82,5.158
2020-07-23,1011010504,辣椒类,57.639,74.882,-10.676,-6.567
2020-07-24,1011010504,辣椒类,59.896,75.427,-12.373,-3.157
2020-07-25,1011010504,辣椒类,94.206,76.052,15.491,2.663
2020-07-26,1011010504,辣椒类,102.061,76.874,24.491,0.696
2020-07-27,1011010504,辣椒类,71.402,77.912,-4.612,-1.899
2020-07-28,1011010504,辣椒类,66.001,79.175,-12.914,-0.259
2020-07-29,1011010504,辣椒类,82.494,80.588,1.839,0.068
2020-07-30,1011010504,辣椒类,68.795,81.686,-12.824,-0.067
2020-07-31,1011010504,辣椒类,41.104,82.416,-10.028,-31.284
2020-08-01,1011010504,辣椒类,66.156,83.151,15.964,-32.96
2020-08-02,1011010504,辣椒类,67.963,83.93,20.814,-36.781
2020-08-03,1011010504,辣椒类,86.474,84.686,-3.548,5.335
2020-08-04,1011010504,辣椒类,73.365,85.414,-11.266,-0.783
2020-08-05,1011010504,辣椒类,82.229,85.607,0.855,-4.233
2020-08-06,1011010504,辣椒类,74.047,85.026,-13.949,2.97
2020-08-07,1011010504,辣椒类,78.611,84.467,-7.111,1.255
2020-08-08,1011010504,辣椒类,100.292,83.947,16.818,-0.473
2020-08-09,1011010504,辣椒类,73.684,83.389,17.074,-26.78
2020-08-10,1011010504,辣椒类,79.075,82.775,-3.521,-0.178
2020-08-11,1011010504,辣椒类,73.292,82.087,-7.968,-0.827
2020-08-12,1011010504,辣椒类,85.166,81.355,-2.805,6.616
2020-08-13,1011010504,辣椒类,61.768,80.855,-14.183,-4.904
2020-08-14,1011010504,辣椒类,76.489,80.791,-4.882,0.58
2020-08-15,1011010504,辣椒类,94.285,81.254,18.515,-5.484
2020-08-16,1011010504,辣椒类,95.285,82.11,13.934,-0.759
2020-08-17,1011010504,辣椒类,72.953,83.328,-3.578,-6.797
2020-08-18,1011010504,辣椒类,76.92,85.021,-5.287,-2.814
2020-08-19,1011010504,辣椒类,80.919,87.359,-9.125,2.685
2020-08-20,1011010504,辣椒类,75.953,90.254,-16.164,1.863
2020-08-21,1011010504,辣椒类,85.198,93.244,-5.415,-2.631
2020-08-22,1011010504,辣椒类,116.801,96.048,21.404,-0.652
2020-08-23,1011010504,辣椒类,93.714,98.745,26.725,-31.756
2020-08-24,1011010504,辣椒类,97.079,101.528,-5.476,1.027
2020-08-25,1011010504,辣椒类,107.213,104.565,-6.479,9.127
2020-08-26,1011010504,辣椒类,82.32,107.66,-16.934,-8.407
2020-08-27,1011010504,辣椒类,89.92,110.087,-16.466,-3.701
2020-08-28,1011010504,辣椒类,156.11,111.419,-6.166,50.857
2020-08-29,1011010504,辣椒类,145.627,111.779,22.576,11.272
2020-08-30,1011010504,辣椒类,155.811,111.639,35.271,8.901
2020-08-31,1011010504,辣椒类,117.965,111.105,-7.492,14.353
2020-09-01,1011010504,辣椒类,102.504,109.675,-8.305,1.134
2020-09-02,1011010504,辣椒类,83.969,106.141,-21.644,-0.527
2020-09-03,1011010504,辣椒类,87.119,100.489,-15.672,2.302
2020-09-04,1011010504,辣椒类,91.579,94.025,-7.072,4.626
2020-09-05,1011010504,辣椒类,110.439,87.592,22.488,0.358
2020-09-06,1011010504,辣椒类,126.5,81.581,39.242,5.677
2020-09-07,1011010504,辣椒类,56.473,76.006,-8.238,-11.295
2020-09-08,1011010504,辣椒类,50.259,70.706,-8.4,-12.047
2020-09-09,1011010504,辣椒类,39.795,65.932,-19.856,-6.281
2020-09-10,1011010504,辣椒类,49.321,62.042,-14.069,1.348
2020-09-11,1011010504,辣椒类,50.22,59.367,-7.681,-1.467
2020-09-12,1011010504,辣椒类,74.51,57.934,20.128,-3.552
2020-09-13,1011010504,辣椒类,83.723,57.425,34.273,-7.975
2020-09-14,1011010504,辣椒类,48.55,57.455,-10.622,1.717
2020-09-15,1011010504,辣椒类,49.991,58.049,-5.308,-2.75
2020-09-16,1011010504,辣椒类,46.895,59.295,-14.826,2.425
2020-09-17,1011010504,辣椒类,46.145,61.116,-10.999,-3.972
2020-09-18,1011010504,辣椒类,48.075,62.899,-7.424,-7.4
2020-09-19,1011010504,辣椒类,84.269,64.063,17.203,3.003
2020-09-20,1011010504,辣椒类,99.148,64.585,25.497,9.067
2020-09-21,1011010504,辣椒类,56.561,64.669,-13.004,4.896
2020-09-22,1011010504,辣椒类,77.009,64.261,-0.658,13.406
2020-09-23,1011010504,辣椒类,54.327,63.148,-10.201,1.38
2020-09-24,1011010504,辣椒类,50.486,61.521,-7.111,-3.924
2020-09-25,1011010504,辣椒类,53.938,59.961,-7.013,0.99
2020-09-26,1011010504,辣椒类,68.094,58.938,15.61,-6.454
2020-09-27,1011010504,辣椒类,54.459,58.701,18.107,-22.35
2020-09-28,1011010504,辣椒类,37.41,59.132,-13.814,-7.908
2020-09-29,1011010504,辣椒类,57.017,59.941,2.08,-5.003
2020-09-30,1011010504,辣椒类,53.628,61.218,-8.119,0.529
2020-10-01,1011010504,辣椒类,64.092,63.191,-4.118,5.019
2020-10-02,1011010504,辣椒类,69.054,65.554,-7.9,11.401
2020-10-03,1011010504,辣椒类,84.728,67.618,19.278,-2.169
2020-10-04,1011010504,辣椒类,75.21,68.949,12.58,-6.319
2020-10-05,1011010504,辣椒类,87.933,69.485,-12.749,31.197
2020-10-06,1011010504,辣椒类,81.727,69.051,-0.552,13.228
2020-10-07,1011010504,辣椒类,63.151,68.041,-8.265,3.375
2020-10-08,1011010504,辣椒类,72.023,66.9,-3.616,8.739
2020-10-09,1011010504,辣椒类,51.243,65.642,-9.283,-5.117
2020-10-10,1011010504,辣椒类,52.511,63.605,23.428,-34.522
2020-10-11,1011010504,辣椒类,70.214,61.107,12.394,-3.287
2020-10-12,1011010504,辣椒类,48.979,59.131,-10.464,0.312
2020-10-13,1011010504,辣椒类,49.116,58.119,-4.285,-4.719
2020-10-14,1011010504,辣椒类,46.36,58.156,-8.795,-3.001
2020-10-15,1011010504,辣椒类,45.236,58.784,-4.694,-8.854
2020-10-16,1011010504,辣椒类,44.67,59.268,-12.203,-2.395
2020-10-17,1011010504,辣椒类,98.033,59.502,26.134,12.397
2020-10-18,1011010504,辣椒类,88.247,59.728,15.732,12.786
2020-10-19,1011010504,辣椒类,56.69,59.906,-7.552,4.336
2020-10-20,1011010504,辣椒类,49.296,59.749,-7.327,-3.126
2020-10-21,1011010504,辣椒类,48.047,58.957,-8.561,-2.348
2020-10-22,1011010504,辣椒类,50.037,57.565,-7.789,0.261
2020-10-23,1011010504,辣椒类,43.758,56.159,-13.2,0.799
2020-10-24,1011010504,辣椒类,77.097,55.344,26.42,-4.666
2020-10-25,1011010504,辣椒类,72.537,55.133,17.289,0.115
2020-10-26,1011010504,辣椒类,45.439,55.345,-6.271,-3.635
2020-10-27,1011010504,辣椒类,45.479,55.739,-7.044,-3.215
2020-10-28,1011010504,辣椒类,49.395,56.326,-5.989,-0.943
2020-10-29,1011010504,辣椒类,52.654,57.289,-8.731,4.096
2020-10-30,1011010504,辣椒类,46.452,58.475,-10.781,-1.243
2020-10-31,1011010504,辣椒类,81.292,59.425,18.756,3.111
2020-11-01,1011010504,辣椒类,73.722,59.916,16.644,-2.839
2020-11-02,1011010504,辣椒类,54.351,59.959,-5.424,-0.183
2020-11-03,1011010504,辣椒类,66.834,59.918,-7.15,14.065
2020-11-04,1011010504,辣椒类,59.731,60.136,-3.935,3.53
2020-11-05,1011010504,辣椒类,45.282,60.596,-7.166,-8.148
2020-11-06,1011010504,辣椒类,49.287,61.158,-7.188,-4.683
2020-11-07,1011010504,辣椒类,69.738,61.754,15.182,-7.199
2020-11-08,1011010504,辣椒类,78.907,62.427,15.11,1.369
2020-11-09,1011010504,辣椒类,64.616,63.136,-5.174,6.655
2020-11-10,1011010504,辣椒类,54.663,63.713,-7.415,-1.635
2020-11-11,1011010504,辣椒类,65.834,63.8,-5.547,7.582
2020-11-12,1011010504,辣椒类,58.851,63.182,-6.21,1.879
2020-11-13,1011010504,辣椒类,70.246,62.068,-4.98,13.158
2020-11-14,1011010504,辣椒类,71.84,60.844,15.471,-4.475
2020-11-15,1011010504,辣椒类,74.078,59.711,13.961,0.406
2020-11-16,1011010504,辣椒类,45.345,58.737,-3.715,-9.676
2020-11-17,1011010504,辣椒类,43.486,57.958,-8.613,-5.859
2020-11-18,1011010504,辣椒类,45.407,57.782,-8.517,-3.858
2020-11-19,1011010504,辣椒类,59.111,58.073,-5.007,6.045
2020-11-20,1011010504,辣椒类,53.492,58.344,-3.174,-1.678
2020-11-21,1011010504,辣椒类,80.204,58.402,16.793,5.009
2020-11-22,1011010504,辣椒类,99.221,58.423,13.183,27.615
2020-11-23,1011010504,辣椒类,59.056,58.42,-3.751,4.387
2020-11-24,1011010504,辣椒类,52.157,58.227,-8.703,2.633
2020-11-25,1011010504,辣椒类,39.054,57.821,-10.357,-8.41
2020-11-26,1011010504,辣椒类,48.086,57.29,-3.484,-5.72
2020-11-27,1011010504,辣椒类,53.116,56.753,-3.766,0.129
2020-11-28,1011010504,辣椒类,82.485,56.355,15.467,10.663
2020-11-29,1011010504,辣椒类,66.151,55.91,13.814,-3.573
2020-11-30,1011010504,辣椒类,54.214,55.218,-2.875,1.871
2020-12-01,1011010504,辣椒类,47.882,54.115,-7.279,1.046
2020-12-02,1011010504,辣椒类,48.74,52.563,-10.935,7.112
2020-12-03,1011010504,辣椒类,48.795,50.856,-4.398,2.338
2020-12-04,1011010504,辣椒类,42.929,49.328,-4.504,-1.894
2020-12-05,1011010504,辣椒类,50.32,48.142,13.652,-11.474
2020-12-06,1011010504,辣椒类,61.77,47.126,16.28,-1.636
2020-12-07,1011010504,辣椒类,39.566,46.354,-3.258,-3.53
2020-12-08,1011010504,辣椒类,38.373,46.161,-6.764,-1.023
2020-12-09,1011010504,辣椒类,36.059,46.676,-9.419,-1.199
2020-12-10,1011010504,辣椒类,45.747,47.563,-5.9,4.084
2020-12-11,1011010504,辣椒类,44.514,48.278,-3.239,-0.526
2020-12-12,1011010504,辣椒类,55.633,48.471,11.513,-4.351
2020-12-13,1011010504,辣椒类,76.784,48.272,18.16,10.351
2020-12-14,1011010504,辣椒类,48.394,48.011,-4.764,5.147
2020-12-15,1011010504,辣椒类,41.066,47.723,-8.029,1.372
2020-12-16,1011010504,辣椒类,34.84,47.25,-9.283,-3.128
2020-12-17,1011010504,辣椒类,33.18,46.702,-6.683,-6.839
2020-12-18,1011010504,辣椒类,41.801,46.193,0.548,-4.94
2020-12-19,1011010504,辣椒类,68.24,45.853,11.091,11.297
2020-12-20,1011010504,辣椒类,64.273,45.9,18.022,0.351
2020-12-21,1011010504,辣椒类,30.846,46.072,-3.414,-11.812
2020-12-22,1011010504,辣椒类,38.615,46.053,-10.663,3.225
2020-12-23,1011010504,辣椒类,41.738,45.801,-10.319,6.256
2020-12-24,1011010504,辣椒类,37.463,45.366,-6.979,-0.924
2020-12-25,1011010504,辣椒类,53.083,44.968,1.277,6.838
2020-12-26,1011010504,辣椒类,52.907,44.9,13.707,-5.7
2020-12-27,1011010504,辣椒类,52.745,45.02,17.209,-9.484
2020-12-28,1011010504,辣椒类,45.863,45.296,-2.096,2.663
2020-12-29,1011010504,辣椒类,28.906,46.043,-13.036,-4.101
2020-12-30,1011010504,辣椒类,32.167,47.276,-10.206,-4.903
2020-12-31,1011010504,辣椒类,45.584,48.738,-5.977,2.823
2021-01-01,1011010504,辣椒类,67.733,50.328,-1.774,19.179
2021-01-02,1011010504,辣椒类,63.342,51.751,16.658,-5.067
2021-01-03,1011010504,辣椒类,73.797,52.786,17.024,3.986
2021-01-04,1011010504,辣椒类,58.505,53.549,-1.053,6.009
2021-01-05,1011010504,辣椒类,37.556,53.819,-14.059,-2.205
2021-01-06,1011010504,辣椒类,44.528,53.557,-11.065,2.036
2021-01-07,1011010504,辣椒类,50.183,53.004,-5.736,2.915
2021-01-08,1011010504,辣椒类,37.342,52.216,-5.606,-9.269
2021-01-09,1011010504,辣椒类,78.498,51.2,19.232,8.066
2021-01-10,1011010504,辣椒类,68.365,50.352,19.334,-1.321
2021-01-11,1011010504,辣椒类,46.768,49.918,-2.4,-0.75
2021-01-12,1011010504,辣椒类,35.595,49.809,-14.036,-0.178
2021-01-13,1011010504,辣椒类,37.065,50.052,-5.345,-7.642
2021-01-14,1011010504,辣椒类,39.296,50.667,-7.202,-4.169
2021-01-15,1011010504,辣椒类,39.211,51.58,-12.049,-0.32
2021-01-16,1011010504,辣椒类,76.174,53.101,19.292,3.781
2021-01-17,1011010504,辣椒类,74.534,55.221,22.213,-2.9
2021-01-18,1011010504,辣椒类,48.166,57.79,-5.444,-4.18
2021-01-19,1011010504,辣椒类,50.827,60.577,-14.536,4.786
2021-01-20,1011010504,辣椒类,51.058,63.32,5.764,-18.027
2021-01-21,1011010504,辣椒类,57.724,65.961,-11.089,2.851
2021-01-22,1011010504,辣椒类,54.45,68.711,-14.184,-0.078
2021-01-23,1011010504,辣椒类,87.038,71.652,12.536,2.85
2021-01-24,1011010504,辣椒类,99.115,74.55,23.607,0.958
2021-01-25,1011010504,辣椒类,68.681,77.301,-7.867,-0.753
2021-01-26,1011010504,辣椒类,57.954,79.905,-17.731,-4.22
2021-01-27,1011010504,辣椒类,105.094,82.603,21.087,1.405
2021-01-28,1011010504,辣椒类,70.075,86.456,-19.954,3.572
2021-01-29,1011010504,辣椒类,66.029,91.497,-17.329,-8.139
2021-01-30,1011010504,辣椒类,91.796,97.103,2.179,-7.487
2021-01-31,1011010504,辣椒类,84.451,102.923,17.456,-35.927
2021-02-01,1011010504,辣椒类,71.64,108.868,14.002,-51.23
2021-02-02,1011010504,辣椒类,92.145,114.974,-29.637,6.808
2021-02-03,1011010504,辣椒类,79.053,121.54,51.456,-93.943
2021-02-04,1011010504,辣椒类,96.194,128.487,-24.463,-7.831
2021-02-05,1011010504,辣椒类,124.448,134.705,-16.01,5.753
2021-02-06,1011010504,辣椒类,194.842,140.249,-2.515,57.109
2021-02-07,1011010504,辣椒类,159.904,139.287,14.667,5.95
2021-02-08,1011010504,辣椒类,289.227,129.507,36.134,123.586
2021-02-09,1011010504,辣椒类,423.696,124.901,-24.561,323.356
2021-02-10,1011010504,辣椒类,505.888,122.267,-13.135,396.756
2021-02-11,1011010504,辣椒类,0.0,118.594,-16.53,-102.063
2021-02-12,1011010504,辣椒类,0.0,112.451,-2.914,-109.536
2021-02-13,1011010504,辣椒类,104.485,103.87,2.782,-2.167
2021-02-14,1011010504,辣椒类,116.812,102.484,15.857,-1.528
2021-02-15,1011010504,辣椒类,168.272,104.263,64.085,-0.076
2021-02-16,1011010504,辣椒类,151.649,105.727,-19.783,65.705
2021-02-17,1011010504,辣椒类,133.646,106.921,-68.367,95.093
2021-02-18,1011010504,辣椒类,105.697,107.464,-7.303,5.536
2021-02-19,1011010504,辣椒类,116.07,107.557,5.84,2.674
2021-02-20,1011010504,辣椒类,119.306,107.622,12.04,-0.356
2021-02-21,1011010504,辣椒类,80.423,107.127,17.784,-44.488
2021-02-22,1011010504,辣椒类,72.834,106.182,35.566,-68.914
2021-02-23,1011010504,辣椒类,85.425,105.083,-18.912,-0.746
2021-02-24,1011010504,辣椒类,60.043,103.779,-40.81,-2.925
2021-02-25,1011010504,辣椒类,100.118,102.614,-4.233,1.737
2021-02-26,1011010504,辣椒类,135.777,101.867,7.931,25.979
2021-02-27,1011010504,辣椒类,122.322,101.543,15.243,5.537
2021-02-28,1011010504,辣椒类,114.677,101.213,19.515,-6.051
2021-03-01,1011010504,辣椒类,97.068,100.675,13.483,-17.089
2021-03-02,1011010504,辣椒类,83.363,99.878,-18.857,2.342
2021-03-03,1011010504,辣椒类,80.749,98.71,-30.012,12.051
2021-03-04,1011010504,辣椒类,93.076,97.237,-8.36,4.199
2021-03-05,1011010504,辣椒类,101.498,95.564,9.043,-3.11
2021-03-06,1011010504,辣椒类,167.583,93.611,20.049,53.923
2021-03-07,1011010504,辣椒类,122.568,91.423,24.758,6.386
2021-03-08,1011010504,辣椒类,80.399,89.375,-5.441,-3.536
2021-03-09,1011010504,辣椒类,66.895,87.806,-16.589,-4.321
2021-03-10,1011010504,辣椒类,59.548,86.841,-21.542,-5.751
2021-03-11,1011010504,辣椒类,57.357,86.418,-11.513,-17.547
2021-03-12,1011010504,辣椒类,102.131,86.537,5.53,10.065
2021-03-13,1011010504,辣椒类,104.089,87.033,22.131,-5.075
2021-03-14,1011010504,辣椒类,117.089,87.812,27.653,1.624
2021-03-15,1011010504,辣椒类,85.656,88.631,-5.56,2.585
2021-03-16,1011010504,辣椒类,72.126,89.001,-13.93,-2.945
2021-03-17,1011010504,辣椒类,83.755,88.563,-18.621,13.813
2021-03-18,1011010504,辣椒类,73.733,87.464,-15.42,1.689
2021-03-19,1011010504,辣椒类,67.509,85.785,1.819,-20.095
2021-03-20,1011010504,辣椒类,117.89,83.476,22.359,12.055
2021-03-21,1011010504,辣椒类,112.176,80.705,25.215,6.256
2021-03-22,1011010504,辣椒类,70.689,77.469,-4.846,-1.934
2021-03-23,1011010504,辣椒类,66.931,73.878,-9.701,2.754
2021-03-24,1011010504,辣椒类,42.484,70.628,-14.718,-13.426
2021-03-25,1011010504,辣椒类,50.798,68.094,-16.28,-1.016
2021-03-26,1011010504,辣椒类,60.937,66.373,-2.426,-3.011
2021-03-27,1011010504,辣椒类,78.794,65.457,24.097,-10.76
2021-03-28,1011010504,辣椒类,78.41,65.381,23.01,-9.981
2021-03-29,1011010504,辣椒类,62.154,66.076,-7.646,3.724
2021-03-30,1011010504,辣椒类,61.295,67.277,-7.256,1.275
2021-03-31,1011010504,辣椒类,59.255,68.696,-11.938,2.497
2021-04-01,1011010504,辣椒类,52.994,70.14,-15.446,-1.7
2021-04-02,1011010504,辣椒类,70.727,70.964,-4.515,4.277
2021-04-03,1011010504,辣椒类,100.323,70.999,22.544,6.78
2021-04-04,1011010504,辣椒类,88.244,70.444,22.96,-5.159
2021-04-05,1011010504,辣椒类,112.577,69.708,-8.759,51.627
2021-04-06,1011010504,辣椒类,35.075,68.91,-5.646,-28.189
2021-04-07,1011010504,辣椒类,62.9,67.792,-10.124,5.232
2021-04-08,1011010504,辣椒类,52.596,66.389,-15.039,1.246
2021-04-09,1011010504,辣椒类,54.274,64.942,-3.494,-7.174
2021-04-10,1011010504,辣椒类,84.84,63.396,19.54,1.904
2021-04-11,1011010504,辣椒类,94.326,61.919,21.909,10.498
2021-04-12,1011010504,辣椒类,38.756,60.791,-8.028,-14.008
2021-04-13,1011010504,辣椒类,51.48,59.923,-4.668,-3.775
2021-04-14,1011010504,辣椒类,47.052,59.55,-9.3,-3.198
2021-04-15,1011010504,辣椒类,44.413,59.723,-13.061,-2.249
2021-04-16,1011010504,辣椒类,62.197,60.122,-4.29,6.365
2021-04-17,1011010504,辣椒类,72.266,60.6,16.513,-4.848
2021-04-18,1011010504,辣椒类,118.063,61.052,20.506,36.505
2021-04-19,1011010504,辣椒类,59.015,61.238,-6.174,3.951
2021-04-20,1011010504,辣椒类,64.062,61.037,-5.524,8.549
2021-04-21,1011010504,辣椒类,50.684,60.629,-9.31,-0.635
2021-04-22,1011010504,辣椒类,47.905,60.136,-9.881,-2.35
2021-04-23,1011010504,辣椒类,53.397,59.544,-4.321,-1.825
2021-04-24,1011010504,辣椒类,102.501,58.886,12.576,31.038
2021-04-25,1011010504,辣椒类,71.047,58.374,18.314,-5.641
2021-04-26,1011010504,辣椒类,60.716,58.238,1.659,0.819
2021-04-27,1011010504,辣椒类,50.15,58.618,-10.118,1.65
2021-04-28,1011010504,辣椒类,47.189,59.541,-8.384,-3.969
2021-04-29,1011010504,辣椒类,54.543,60.875,-7.473,1.141
2021-04-30,1011010504,辣椒类,52.865,62.573,-4.837,-4.871
2021-05-01,1011010504,辣椒类,77.396,64.585,10.74,2.071
2021-05-02,1011010504,辣椒类,80.42,66.726,18.73,-5.036
2021-05-03,1011010504,辣椒类,83.419,68.411,3.677,11.331
2021-05-04,1011010504,辣椒类,43.846,69.356,-14.716,-10.795
2021-05-05,1011010504,辣椒类,72.08,69.601,-7.587,10.066
2021-05-06,1011010504,辣椒类,73.006,69.437,-8.102,11.67
2021-05-07,1011010504,辣椒类,73.962,68.781,-7.378,12.559
2021-05-08,1011010504,辣椒类,69.529,67.563,11.869,-9.902
2021-05-09,1011010504,辣椒类,95.075,65.879,27.35,1.845
2021-05-10,1011010504,辣椒类,60.825,64.173,1.269,-4.618
2021-05-11,1011010504,辣椒类,46.524,62.718,-16.922,0.728
2021-05-12,1011010504,辣椒类,42.616,62.505,-6.082,-13.807
2021-05-13,1011010504,辣椒类,47.949,63.766,-10.552,-5.266
2021-05-14,1011010504,辣椒类,51.909,66.012,-8.26,-5.843
2021-05-15,1011010504,辣椒类,86.637,68.233,17.463,0.941
2021-05-16,1011010504,辣椒类,153.409,70.459,26.219,56.732
2021-05-17,1011010504,辣椒类,76.099,72.635,-5.342,8.806
2021-05-18,1011010504,辣椒类,84.864,74.6,-14.685,24.949
2021-05-19,1011010504,辣椒类,76.853,75.632,-5.65,6.871
2021-05-20,1011010504,辣椒类,62.169,75.889,-10.998,-2.722
2021-05-21,1011010504,辣椒类,36.494,75.266,-10.144,-28.628
2021-05-22,1011010504,辣椒类,98.936,73.888,22.456,2.592
2021-05-23,1011010504,辣椒类,137.485,72.893,26.065,38.527
2021-05-24,1011010504,辣椒类,54.772,72.765,-9.831,-8.162
2021-05-25,1011010504,辣椒类,57.519,73.203,-11.638,-4.046
2021-05-26,1011010504,辣椒类,65.416,73.959,-5.442,-3.101
2021-05-27,1011010504,辣椒类,37.078,75.17,-9.693,-28.399
2021-05-28,1011010504,辣椒类,67.01,76.831,-11.275,1.454
2021-05-29,1011010504,辣椒类,116.845,78.741,22.809,15.295
2021-05-30,1011010504,辣椒类,106.615,80.209,24.256,2.15
2021-05-31,1011010504,辣椒类,60.118,80.844,-9.366,-11.359
2021-06-01,1011010504,辣椒类,76.648,80.398,-9.862,6.111
2021-06-02,1011010504,辣椒类,89.386,79.116,-8.346,18.616
2021-06-03,1011010504,辣椒类,75.206,77.518,-8.36,6.047
2021-06-04,1011010504,辣椒类,63.703,75.722,-10.656,-1.363
2021-06-05,1011010504,辣椒类,91.95,73.825,21.513,-3.388
2021-06-06,1011010504,辣椒类,88.671,71.648,22.482,-5.459
2021-06-07,1011010504,辣椒类,68.965,69.385,-5.819,5.399
2021-06-08,1011010504,辣椒类,56.101,67.721,-6.982,-4.637
2021-06-09,1011010504,辣椒类,52.093,66.795,-10.61,-4.092
2021-06-10,1011010504,辣椒类,57.091,66.338,-9.271,0.024
2021-06-11,1011010504,辣椒类,74.873,65.926,-12.872,21.819
2021-06-12,1011010504,辣椒类,77.636,65.354,20.473,-8.191
2021-06-13,1011010504,辣椒类,88.876,64.72,22.795,1.362
2021-06-14,1011010504,辣椒类,70.322,64.296,-1.535,7.561
2021-06-15,1011010504,辣椒类,62.187,63.961,-6.164,4.39
2021-06-16,1011010504,辣椒类,46.695,63.584,-11.954,-4.935
2021-06-17,1011010504,辣椒类,45.845,63.202,-11.609,-5.748
2021-06-18,1011010504,辣椒类,46.754,62.768,-13.381,-2.632
2021-06-19,1011010504,辣椒类,87.633,62.042,21.551,4.04
2021-06-20,1011010504,辣椒类,86.134,61.163,21.976,2.995
2021-06-21,1011010504,辣椒类,58.693,60.446,-0.836,-0.917
2021-06-22,1011010504,辣椒类,56.135,59.88,-6.327,2.582
2021-06-23,1011010504,辣椒类,53.901,59.086,-11.894,6.709
2021-06-24,1011010504,辣椒类,41.586,57.887,-9.59,-6.711
2021-06-25,1011010504,辣椒类,35.531,56.445,-12.618,-8.297
2021-06-26,1011010504,辣椒类,82.439,55.229,22.104,5.106
2021-06-27,1011010504,辣椒类,79.121,54.503,16.964,7.654
2021-06-28,1011010504,辣椒类,45.81,54.16,-1.509,-6.841
2021-06-29,1011010504,辣椒类,40.321,53.972,-7.663,-5.989
2021-06-30,1011010504,辣椒类,39.114,53.854,-8.925,-5.815
2021-07-01,1011010504,辣椒类,54.567,53.643,-5.486,6.41
2021-07-02,1011010504,辣椒类,51.785,53.299,-8.988,7.473
2021-07-03,1011010504,辣椒类,73.552,52.918,19.049,1.586
2021-07-04,1011010504,辣椒类,57.583,52.25,11.822,-6.488
2021-07-05,1011010504,辣椒类,53.877,50.919,-2.86,5.818
2021-07-06,1011010504,辣椒类,46.553,48.966,-10.875,8.462
2021-07-07,1011010504,辣椒类,38.244,46.904,-5.127,-3.533
2021-07-08,1011010504,辣椒类,44.995,45.159,-0.962,0.797
2021-07-09,1011010504,辣椒类,34.612,44.01,-5.025,-4.373
2021-07-10,1011010504,辣椒类,52.771,43.406,14.569,-5.204
2021-07-11,1011010504,辣椒类,39.195,43.4,9.324,-13.528
2021-07-12,1011010504,辣椒类,42.472,44.092,-4.698,3.078
2021-07-13,1011010504,辣椒类,24.629,45.343,-11.313,-9.402
2021-07-14,1011010504,辣椒类,51.339,46.798,-0.902,5.443
2021-07-15,1011010504,辣椒类,48.957,48.377,0.974,-0.394
2021-07-16,1011010504,辣椒类,57.948,49.921,-5.121,13.148
2021-07-17,1011010504,辣椒类,60.204,51.245,11.113,-2.153
2021-07-18,1011010504,辣椒类,67.134,52.264,10.059,4.811
2021-07-19,1011010504,辣椒类,40.146,53.134,-8.306,-4.682
2021-07-20,1011010504,辣椒类,40.886,53.851,-10.578,-2.386
2021-07-21,1011010504,辣椒类,58.081,54.577,3.278,0.226
2021-07-22,1011010504,辣椒类,56.815,55.422,1.409,-0.016
2021-07-23,1011010504,辣椒类,45.06,56.441,-6.636,-4.746
2021-07-24,1011010504,辣椒类,82.893,57.552,7.532,17.809
2021-07-25,1011010504,辣椒类,72.385,58.543,14.295,-0.453
2021-07-26,1011010504,辣椒类,47.928,59.068,-9.867,-1.273
2021-07-27,1011010504,辣椒类,54.649,59.295,-7.873,3.227
2021-07-28,1011010504,辣椒类,63.485,59.357,1.837,2.291
2021-07-29,1011010504,辣椒类,33.377,59.268,3.332,-29.223
2021-07-30,1011010504,辣椒类,50.321,59.146,-9.882,1.056
2021-07-31,1011010504,辣椒类,57.015,59.208,5.626,-7.819
2021-08-01,1011010504,辣椒类,76.324,59.368,15.583,1.374
2021-08-02,1011010504,辣椒类,79.129,59.608,-9.483,29.004
2021-08-03,1011010504,辣椒类,55.901,60.18,-4.085,-0.194
2021-08-04,1011010504,辣椒类,89.04,61.221,-0.86,28.679
2021-08-05,1011010504,辣椒类,65.069,62.449,4.043,-1.423
2021-08-06,1011010504,辣椒类,51.048,63.679,-11.502,-1.129
2021-08-07,1011010504,辣椒类,69.382,64.935,4.271,0.176
2021-08-08,1011010504,辣椒类,54.567,66.422,17.687,-29.542
2021-08-09,1011010504,辣椒类,61.457,67.895,-8.5,2.062
2021-08-10,1011010504,辣椒类,66.971,68.25,-2.949,1.67
2021-08-11,1011010504,辣椒类,61.666,67.528,-3.947,-1.914
2021-08-12,1011010504,辣椒类,83.793,66.739,2.134,14.92
2021-08-13,1011010504,辣椒类,88.147,65.85,-10.888,33.185
2021-08-14,1011010504,辣椒类,96.491,64.645,5.589,26.256
2021-08-15,1011010504,辣椒类,78.601,63.33,19.655,-4.384
2021-08-16,1011010504,辣椒类,52.116,61.887,-6.333,-3.438
2021-08-17,1011010504,辣椒类,59.86,60.391,-2.803,2.271
2021-08-18,1011010504,辣椒类,54.41,59.738,-7.443,2.115
2021-08-19,1011010504,辣椒类,50.988,59.941,-1.59,-7.363
2021-08-20,1011010504,辣椒类,47.075,60.211,-9.818,-3.318
2021-08-21,1011010504,辣椒类,67.629,60.647,8.089,-1.107
2021-08-22,1011010504,辣椒类,94.447,61.403,19.968,13.076
2021-08-23,1011010504,辣椒类,15.773,62.373,-4.125,-42.476
2021-08-24,1011010504,辣椒类,53.891,63.413,-1.615,-7.907
2021-08-25,1011010504,辣椒类,53.903,64.367,-9.367,-1.097
2021-08-26,1011010504,辣椒类,61.124,64.953,-5.77,1.941
2021-08-27,1011010504,辣椒类,64.045,65.028,-8.482,7.499
2021-08-28,1011010504,辣椒类,75.85,64.545,9.435,1.87
2021-08-29,1011010504,辣椒类,81.325,63.51,18.754,-0.939
2021-08-30,1011010504,辣椒类,65.327,61.935,-1.802,5.195
2021-08-31,1011010504,辣椒类,66.341,59.78,-1.634,8.195
2021-09-01,1011010504,辣椒类,44.769,57.305,-9.891,-2.645
2021-09-02,1011010504,辣椒类,44.128,54.842,-6.745,-3.969
2021-09-03,1011010504,辣椒类,42.436,52.502,-7.487,-2.579
2021-09-04,1011010504,辣椒类,90.712,50.297,9.368,31.047
2021-09-05,1011010504,辣椒类,63.285,48.343,14.842,0.1
2021-09-06,1011010504,辣椒类,42.718,46.849,0.95,-5.081
2021-09-07,1011010504,辣椒类,45.236,45.818,-1.578,0.996
2021-09-08,1011010504,辣椒类,36.083,45.097,-7.654,-1.359
2021-09-09,1011010504,辣椒类,39.957,44.504,-5.571,1.025
2021-09-10,1011010504,辣椒类,36.978,43.86,-7.371,0.489
2021-09-11,1011010504,辣椒类,53.88,43.099,9.051,1.73
2021-09-12,1011010504,辣椒类,52.389,42.252,11.199,-1.062
2021-09-13,1011010504,辣椒类,46.014,41.315,-0.592,5.291
2021-09-14,1011010504,辣椒类,34.598,40.339,-3.868,-1.873
2021-09-15,1011010504,辣椒类,33.653,39.304,-2.677,-2.974
2021-09-16,1011010504,辣椒类,33.706,38.563,-4.39,-0.468
2021-09-17,1011010504,辣椒类,30.378,39.35,-6.717,-2.255
2021-09-18,1011010504,辣椒类,45.462,40.958,8.637,-4.133
2021-09-19,1011010504,辣椒类,75.511,42.212,7.437,25.862
2021-09-20,1011010504,辣椒类,89.039,43.381,-0.752,46.41
2021-09-21,1011010504,辣椒类,100.692,44.304,-4.355,60.743
2021-09-22,1011010504,辣椒类,51.566,45.048,1.965,4.553
2021-09-23,1011010504,辣椒类,45.812,46.007,-5.144,4.949
2021-09-24,1011010504,辣椒类,40.358,46.116,-5.123,-0.636
2021-09-25,1011010504,辣椒类,77.823,44.957,6.929,25.937
2021-09-26,1011010504,辣椒类,46.272,44.071,3.376,-1.176
2021-09-27,1011010504,辣椒类,32.674,44.094,-0.027,-11.394
2021-09-28,1011010504,辣椒类,34.777,45.061,-3.465,-6.819
2021-09-29,1011010504,辣椒类,50.474,47.567,4.012,-1.104
2021-09-30,1011010504,辣椒类,37.589,51.45,-7.229,-6.632
2021-10-01,1011010504,辣椒类,83.285,55.841,-3.18,30.624
2021-10-02,1011010504,辣椒类,68.395,59.966,4.049,4.38
2021-10-03,1011010504,辣椒类,38.071,63.691,7.765,-33.385
2021-10-04,1011010504,辣椒类,72.728,66.993,-0.674,6.409
2021-10-05,1011010504,辣椒类,74.746,69.682,-2.288,7.352
2021-10-06,1011010504,辣椒类,80.369,70.716,1.942,7.711
2021-10-07,1011010504,辣椒类,62.908,69.816,-10.342,3.434
2021-10-08,1011010504,辣椒类,65.805,67.816,-1.87,-0.14
2021-10-09,1011010504,辣椒类,61.377,65.097,3.888,-7.608
2021-10-10,1011010504,辣椒类,112.771,62.25,9.779,40.742
2021-10-11,1011010504,辣椒类,64.755,59.493,-0.396,5.658
2021-10-12,1011010504,辣椒类,57.257,57.088,-1.018,1.187
2021-10-13,1011010504,辣椒类,44.341,54.946,0.196,-10.802
2021-10-14,1011010504,辣椒类,38.431,52.881,-11.24,-3.21
2021-10-15,1011010504,辣椒类,54.933,50.848,-2.507,6.592
2021-10-16,1011010504,辣椒类,93.373,48.801,3.637,40.935
2021-10-17,1011010504,辣椒类,64.308,46.869,15.066,2.373
2021-10-18,1011010504,辣椒类,40.29,45.25,-2.551,-2.409
2021-10-19,1011010504,辣椒类,40.052,43.603,-0.757,-2.794
2021-10-20,1011010504,辣椒类,43.48,41.681,-1.291,3.089
2021-10-21,1011010504,辣椒类,29.336,39.858,-9.524,-0.997
2021-10-22,1011010504,辣椒类,30.078,38.404,-2.199,-6.128
2021-10-23,1011010504,辣椒类,51.363,37.151,4.491,9.721
2021-10-24,1011010504,辣椒类,41.481,35.904,11.091,-5.514
2021-10-25,1011010504,辣椒类,27.46,34.457,-4.438,-2.558
2021-10-26,1011010504,辣椒类,35.664,32.891,-1.386,4.159
2021-10-27,1011010504,辣椒类,32.692,31.46,-0.94,2.171
2021-10-28,1011010504,辣椒类,25.502,30.219,-7.455,2.738
2021-10-29,1011010504,辣椒类,25.203,29.191,-1.612,-2.376
2021-10-30,1011010504,辣椒类,26.181,28.494,5.657,-7.97
2021-10-31,1011010504,辣椒类,35.237,28.093,10.617,-3.474
2021-11-01,1011010504,辣椒类,23.439,28.074,-4.733,0.098
2021-11-02,1011010504,辣椒类,25.556,28.53,-1.919,-1.054
2021-11-03,1011010504,辣椒类,25.359,29.233,-0.928,-2.946
2021-11-04,1011010504,辣椒类,24.241,29.903,-6.215,0.553
2021-11-05,1011010504,辣椒类,37.123,30.378,-1.462,8.207
2021-11-06,1011010504,辣椒类,35.493,30.617,3.596,1.28
2021-11-07,1011010504,辣椒类,46.669,30.627,10.743,5.299
2021-11-08,1011010504,辣椒类,24.775,30.359,-2.929,-2.655
2021-11-09,1011010504,辣椒类,23.626,29.825,-2.478,-3.722
2021-11-10,1011010504,辣椒类,28.642,29.188,-1.84,1.294
2021-11-11,1011010504,辣椒类,22.692,28.686,-6.197,0.203
2021-11-12,1011010504,辣椒类,25.182,28.354,-2.03,-1.142
2021-11-13,1011010504,辣椒类,28.792,28.024,5.361,-4.593
2021-11-14,1011010504,辣椒类,39.412,27.644,9.937,1.831
2021-11-15,1011010504,辣椒类,29.577,27.219,-2.145,4.503
2021-11-16,1011010504,辣椒类,27.575,26.78,-2.362,3.157
2021-11-17,1011010504,辣椒类,23.355,26.336,-2.025,-0.956
2021-11-18,1011010504,辣椒类,16.566,25.747,-5.949,-3.232
2021-11-19,1011010504,辣椒类,19.49,25.016,-4.325,-1.202
2021-11-20,1011010504,辣椒类,34.601,24.292,7.872,2.436
2021-11-21,1011010504,辣椒类,30.26,23.768,7.294,-0.802
2021-11-22,1011010504,辣椒类,22.036,23.548,-1.176,-0.336
2021-11-23,1011010504,辣椒类,18.004,23.438,-0.555,-4.879
2021-11-24,1011010504,辣椒类,21.68,23.305,-2.673,1.049
2021-11-25,1011010504,辣椒类,20.413,23.347,-5.884,2.95
2021-11-26,1011010504,辣椒类,14.855,23.708,-5.569,-3.283
2021-11-27,1011010504,辣椒类,37.835,24.36,9.431,4.044
2021-11-28,1011010504,辣椒类,25.149,25.15,5.754,-5.755
2021-11-29,1011010504,辣椒类,19.812,25.858,-0.203,-5.843
2021-11-30,1011010504,辣椒类,32.472,26.511,-0.545,6.506
2021-12-01,1011010504,辣椒类,24.119,27.36,-4.067,0.826
2021-12-02,1011010504,辣椒类,22.703,28.387,-5.642,-0.042
2021-12-03,1011010504,辣椒类,25.931,29.393,-5.704,2.242
2021-12-04,1011010504,辣椒类,36.36,30.217,10.996,-4.854
2021-12-05,1011010504,辣椒类,37.123,30.682,6.363,0.078
2021-12-06,1011010504,辣椒类,37.461,30.925,0.685,5.852
2021-12-07,1011010504,辣椒类,29.638,31.223,-2.05,0.464
2021-12-08,1011010504,辣椒类,24.71,31.56,-7.014,0.164
2021-12-09,1011010504,辣椒类,24.153,31.933,-6.343,-1.437
2021-12-10,1011010504,辣椒类,26.56,32.424,-4.093,-1.771
2021-12-11,1011010504,辣椒类,43.575,33.036,12.733,-2.194
2021-12-12,1011010504,辣椒类,43.444,33.805,9.32,0.318
2021-12-13,1011010504,辣椒类,33.333,34.834,1.48,-2.981
2021-12-14,1011010504,辣椒类,30.287,36.048,-4.911,-0.85
2021-12-15,1011010504,辣椒类,29.243,37.448,-10.974,2.768
2021-12-16,1011010504,辣椒类,33.832,38.786,-8.381,3.426
2021-12-17,1011010504,辣椒类,34.228,39.803,-0.206,-5.369
2021-12-18,1011010504,辣椒类,59.298,40.517,14.06,4.72
2021-12-19,1011010504,辣椒类,52.98,41.181,13.098,-1.298
2021-12-20,1011010504,辣椒类,50.948,41.981,-1.482,10.45
2021-12-21,1011010504,辣椒类,31.633,42.953,-6.956,-4.363
2021-12-22,1011010504,辣椒类,22.57,43.906,-12.101,-9.235
2021-12-23,1011010504,辣椒类,33.503,44.686,-9.491,-1.692
2021-12-24,1011010504,辣椒类,52.243,45.224,5.77,1.249
2021-12-25,1011010504,辣椒类,65.339,45.784,12.974,6.581
2021-12-26,1011010504,辣椒类,65.124,46.622,13.38,5.121
2021-12-27,1011010504,辣椒类,37.586,47.599,-5.931,-4.082
2021-12-28,1011010504,辣椒类,42.784,48.279,-6.466,0.972
2021-12-29,1011010504,辣椒类,35.3,48.718,-9.854,-3.564
2021-12-30,1011010504,辣椒类,35.101,50.004,-9.386,-5.516
2021-12-31,1011010504,辣椒类,67.114,52.564,8.11,6.44
2022-01-01,1011010504,辣椒类,57.833,55.686,12.437,-10.29
2022-01-02,1011010504,辣椒类,45.97,58.874,13.594,-26.498
2022-01-03,1011010504,辣椒类,81.754,61.612,-11.085,31.227
2022-01-04,1011010504,辣椒类,58.207,63.841,-6.337,0.703
2022-01-05,1011010504,辣椒类,66.638,65.972,-6.874,7.54
2022-01-06,1011010504,辣椒类,66.856,68.148,-9.529,8.236
2022-01-07,1011010504,辣椒类,49.32,69.98,6.954,-27.614
2022-01-08,1011010504,辣椒类,80.046,71.203,12.481,-3.638
2022-01-09,1011010504,辣椒类,81.556,72.129,14.456,-5.029
2022-01-10,1011010504,辣椒类,57.481,72.814,-7.028,-8.305
2022-01-11,1011010504,辣椒类,81.87,73.341,-10.116,18.645
2022-01-12,1011010504,辣椒类,74.888,74.158,-8.061,8.791
2022-01-13,1011010504,辣椒类,63.209,74.985,-9.825,-1.951
2022-01-14,1011010504,辣椒类,78.342,75.341,2.98,0.022
2022-01-15,1011010504,辣椒类,96.244,75.313,14.501,6.431
2022-01-16,1011010504,辣椒类,89.336,75.379,17.641,-3.684
2022-01-17,1011010504,辣椒类,47.324,76.009,0.355,-29.04
2022-01-18,1011010504,辣椒类,56.238,77.545,-15.534,-5.773
2022-01-19,1011010504,辣椒类,55.99,79.815,-12.578,-11.247
2022-01-20,1011010504,辣椒类,68.17,82.559,-5.719,-8.67
2022-01-21,1011010504,辣椒类,81.348,86.155,-4.078,-0.729
2022-01-22,1011010504,辣椒类,103.68,91.047,14.593,-1.959
2022-01-23,1011010504,辣椒类,124.431,96.764,22.072,5.595
2022-01-24,1011010504,辣椒类,117.056,102.659,6.961,7.436
2022-01-25,1011010504,辣椒类,85.379,108.2,-18.586,-4.234
2022-01-26,1011010504,辣椒类,93.362,112.592,-17.966,-1.263
2022-01-27,1011010504,辣椒类,159.221,111.768,0.042,47.41
2022-01-28,1011010504,辣椒类,222.648,109.086,-2.109,115.672
2022-01-29,1011010504,辣椒类,357.263,109.982,3.09,244.191
2022-01-30,1011010504,辣椒类,403.185,110.948,24.611,267.626
2022-01-31,1011010504,辣椒类,0.0,111.611,8.835,-120.446
2022-02-01,1011010504,辣椒类,52.92,112.802,-16.406,-43.476
2022-02-02,1011010504,辣椒类,89.27,113.453,-18.392,-5.79
2022-02-03,1011010504,辣椒类,125.952,111.616,5.544,8.792
2022-02-04,1011010504,辣椒类,168.229,109.324,-0.984,59.889
2022-02-05,1011010504,辣椒类,79.349,106.72,-0.779,-26.592
2022-02-06,1011010504,辣椒类,127.903,103.648,23.142,1.113
2022-02-07,1011010504,辣椒类,105.783,100.135,1.271,4.377
2022-02-08,1011010504,辣椒类,83.106,96.097,-10.341,-2.65
2022-02-09,1011010504,辣椒类,81.859,91.129,-16.742,7.473
2022-02-10,1011010504,辣椒类,95.39,86.186,9.118,0.086
2022-02-11,1011010504,辣椒类,80.496,81.893,2.983,-4.381
2022-02-12,1011010504,辣椒类,63.244,78.17,-10.293,-4.634
2022-02-13,1011010504,辣椒类,53.381,75.051,21.335,-43.005
2022-02-14,1011010504,辣椒类,56.165,72.588,-4.499,-11.924
2022-02-15,1011010504,辣椒类,65.561,70.588,-4.435,-0.591
2022-02-16,1011010504,辣椒类,50.306,69.18,-14.948,-3.926
2022-02-17,1011010504,辣椒类,67.678,68.527,0.731,-1.58
2022-02-18,1011010504,辣椒类,77.479,68.368,2.652,6.46
2022-02-19,1011010504,辣椒类,84.409,68.302,8.765,7.343
2022-02-20,1011010504,辣椒类,80.204,68.232,17.544,-5.573
2022-02-21,1011010504,辣椒类,54.127,68.309,-9.814,-4.369
2022-02-22,1011010504,辣椒类,83.428,68.616,-3.589,18.401
2022-02-23,1011010504,辣椒类,46.044,69.044,-13.032,-9.968
2022-02-24,1011010504,辣椒类,60.707,69.498,-7.008,-1.783
2022-02-25,1011010504,辣椒类,66.539,70.198,0.38,-4.04
2022-02-26,1011010504,辣椒类,96.277,70.98,20.907,4.39
2022-02-27,1011010504,辣椒类,90.842,71.682,13.956,5.204
2022-02-28,1011010504,辣椒类,66.122,72.392,-12.672,6.401
2022-03-01,1011010504,辣椒类,60.582,72.988,-1.706,-10.7
2022-03-02,1011010504,辣椒类,69.755,73.126,-11.18,7.809
2022-03-03,1011010504,辣椒类,54.075,72.862,-10.749,-8.038
2022-03-04,1011010504,辣椒类,72.59,72.34,-2.443,2.693
2022-03-05,1011010504,辣椒类,104.358,71.805,27.021,5.532
2022-03-06,1011010504,辣椒类,81.904,71.252,11.938,-1.286
2022-03-07,1011010504,辣椒类,52.889,70.56,-13.707,-3.964
2022-03-08,1011010504,辣椒类,71.127,69.681,-2.027,3.473
2022-03-09,1011010504,辣椒类,62.036,68.931,-7.961,1.066
2022-03-10,1011010504,辣椒类,57.407,68.872,-12.493,1.028
2022-03-11,1011010504,辣椒类,53.281,69.775,-2.646,-13.849
2022-03-12,1011010504,辣椒类,95.029,71.554,27.206,-3.731
2022-03-13,1011010504,辣椒类,77.903,73.984,11.406,-7.487
2022-03-14,1011010504,辣椒类,96.701,76.929,-14.215,33.987
2022-03-15,1011010504,辣椒类,80.283,80.133,-1.135,1.285
2022-03-16,1011010504,辣椒类,72.957,83.19,-5.741,-4.492
2022-03-17,1011010504,辣椒类,84.519,85.982,-14.35,12.888
2022-03-18,1011010504,辣椒类,94.461,88.205,-1.381,7.638
2022-03-19,1011010504,辣椒类,131.315,89.306,23.14,18.87
2022-03-20,1011010504,辣椒类,105.566,88.979,13.782,2.805
2022-03-21,1011010504,辣椒类,72.925,87.78,-13.51,-1.345
2022-03-22,1011010504,辣椒类,87.671,85.714,-2.874,4.831
2022-03-23,1011010504,辣椒类,82.278,82.96,-5.686,5.004
2022-03-24,1011010504,辣椒类,48.68,80.238,-16.235,-15.323
2022-03-25,1011010504,辣椒类,74.387,77.876,1.755,-5.244
2022-03-26,1011010504,辣椒类,94.554,75.952,17.369,1.232
2022-03-27,1011010504,辣椒类,89.283,74.416,21.02,-6.153
2022-03-28,1011010504,辣椒类,64.16,73.189,-9.568,0.54
2022-03-29,1011010504,辣椒类,65.004,72.391,-5.419,-1.969
2022-03-30,1011010504,辣椒类,69.721,71.598,-5.176,3.299
2022-03-31,1011010504,辣椒类,54.92,69.778,-19.542,4.685
2022-04-01,1011010504,辣椒类,80.48,66.848,0.754,12.878
2022-04-02,1011010504,辣椒类,71.349,63.548,13.879,-6.078
2022-04-03,1011010504,辣椒类,96.131,59.976,21.878,14.277
2022-04-04,1011010504,辣椒类,107.732,55.963,-5.36,57.129
2022-04-05,1011010504,辣椒类,38.664,52.288,-6.554,-7.071
2022-04-06,1011010504,辣椒类,38.127,51.905,-5.436,-8.342
2022-04-07,1011010504,辣椒类,28.799,54.15,-18.477,-6.874
2022-04-08,1011010504,辣椒类,36.973,57.003,0.735,-20.764
2022-04-09,1011010504,辣椒类,133.106,60.11,13.377,59.619
2022-04-10,1011010504,辣椒类,113.881,63.487,19.485,30.91
2022-04-11,1011010504,辣椒类,69.305,66.987,-2.705,5.023
2022-04-12,1011010504,辣椒类,76.22,71.076,-7.585,12.729
2022-04-13,1011010504,辣椒类,76.95,74.194,-6.936,9.692
2022-04-14,1011010504,辣椒类,59.011,74.069,-14.422,-0.637
2022-04-15,1011010504,辣椒类,69.72,72.22,-0.143,-2.357
2022-04-16,1011010504,辣椒类,84.376,70.291,14.694,-0.61
2022-04-17,1011010504,辣椒类,85.746,68.791,14.692,2.263
2022-04-18,1011010504,辣椒类,62.95,67.688,-2.229,-2.509
2022-04-19,1011010504,辣椒类,53.306,66.787,-4.972,-8.509
2022-04-20,1011010504,辣椒类,51.324,66.0,-5.941,-8.735
2022-04-21,1011010504,辣椒类,59.831,65.373,-15.064,9.522
2022-04-22,1011010504,辣椒类,69.833,65.184,-0.122,4.771
2022-04-23,1011010504,辣椒类,86.55,65.449,18.325,2.776
2022-04-24,1011010504,辣椒类,63.739,65.793,8.069,-10.123
2022-04-25,1011010504,辣椒类,96.828,65.418,-2.889,34.299
2022-04-26,1011010504,辣椒类,61.328,64.431,-2.195,-0.908
2022-04-27,1011010504,辣椒类,64.366,63.453,-7.039,7.951
2022-04-28,1011010504,辣椒类,80.389,62.95,-17.047,34.486
2022-04-29,1011010504,辣椒类,96.804,62.792,0.471,33.541
2022-04-30,1011010504,辣椒类,81.21,62.492,21.578,-2.86
2022-05-01,1011010504,辣椒类,65.841,61.626,8.515,-4.3
2022-05-02,1011010504,辣椒类,57.464,60.578,-3.813,0.699
2022-05-03,1011010504,辣椒类,67.711,59.983,-0.492,8.22
2022-05-04,1011010504,辣椒类,51.194,60.153,-8.039,-0.92
2022-05-05,1011010504,辣椒类,32.252,60.355,-19.238,-8.864
2022-05-06,1011010504,辣椒类,56.612,60.122,0.391,-3.901
2022-05-07,1011010504,辣椒类,86.212,59.572,22.119,4.521
2022-05-08,1011010504,辣椒类,86.554,59.033,9.542,17.979
2022-05-09,1011010504,辣椒类,55.773,58.746,-3.931,0.958
2022-05-10,1011010504,辣椒类,59.294,58.539,-0.056,0.811
2022-05-11,1011010504,辣椒类,42.635,57.884,-7.833,-7.416
2022-05-12,1011010504,辣椒类,37.193,56.496,-18.909,-0.394
2022-05-13,1011010504,辣椒类,58.386,54.689,-0.933,4.63
2022-05-14,1011010504,辣椒类,79.242,52.888,19.764,6.59
2022-05-15,1011010504,辣椒类,63.751,51.163,12.008,0.58
2022-05-16,1011010504,辣椒类,41.681,49.179,-4.982,-2.516
2022-05-17,1011010504,辣椒类,41.52,46.765,-2.444,-2.8
2022-05-18,1011010504,辣椒类,40.714,44.223,-7.218,3.709
2022-05-19,1011010504,辣椒类,31.666,41.999,-10.286,-0.047
2022-05-20,1011010504,辣椒类,37.853,40.326,-3.189,0.717
2022-05-21,1011010504,辣椒类,45.847,39.218,15.278,-8.649
2022-05-22,1011010504,辣椒类,41.471,38.469,12.511,-9.509
2022-05-23,1011010504,辣椒类,35.072,38.094,-6.385,3.363
2022-05-24,1011010504,辣椒类,32.072,38.242,-4.694,-1.476
2022-05-25,1011010504,辣椒类,31.823,38.892,-4.487,-2.582
2022-05-26,1011010504,辣椒类,39.188,39.904,-4.023,3.306
2022-05-27,1011010504,辣椒类,31.927,41.087,-5.427,-3.734
2022-05-28,1011010504,辣椒类,55.568,42.223,11.271,2.074
2022-05-29,1011010504,辣椒类,62.521,43.271,13.746,5.504
2022-05-30,1011010504,辣椒类,31.081,44.044,-7.46,-5.504
2022-05-31,1011010504,辣椒类,38.356,44.169,-6.734,0.92
2022-06-01,1011010504,辣椒类,43.718,44.104,-4.049,3.663
2022-06-02,1011010504,辣椒类,47.188,44.455,-1.174,3.907
2022-06-03,1011010504,辣椒类,69.903,44.888,-6.666,31.681
2022-06-04,1011010504,辣椒类,38.876,45.123,12.296,-18.543
2022-06-05,1011010504,辣椒类,41.001,45.164,17.886,-22.05
2022-06-06,1011010504,辣椒类,40.803,44.95,-8.977,4.83
2022-06-07,1011010504,辣椒类,38.975,44.767,-9.77,3.978
2022-06-08,1011010504,辣椒类,40.959,45.027,-5.234,1.166
2022-06-09,1011010504,辣椒类,41.651,45.242,-1.426,-2.165
2022-06-10,1011010504,辣椒类,37.531,45.092,-6.448,-1.113
2022-06-11,1011010504,辣椒类,61.054,45.009,13.78,2.265
2022-06-12,1011010504,辣椒类,67.529,45.332,20.386,1.811
2022-06-13,1011010504,辣椒类,29.923,46.213,-7.886,-8.404
2022-06-14,1011010504,辣椒类,29.213,47.552,-11.125,-7.214
2022-06-15,1011010504,辣椒类,39.656,48.86,-6.97,-2.234
2022-06-16,1011010504,辣椒类,50.552,49.665,-3.842,4.729
2022-06-17,1011010504,辣椒类,47.1,49.964,-5.341,2.477
2022-06-18,1011010504,辣椒类,80.51,49.864,14.388,16.258
2022-06-19,1011010504,辣椒类,79.311,49.312,20.143,9.856
2022-06-20,1011010504,辣椒类,46.065,47.938,-5.923,4.05
2022-06-21,1011010504,辣椒类,32.467,45.604,-10.03,-3.107
2022-06-22,1011010504,辣椒类,35.161,42.588,-7.86,0.433
2022-06-23,1011010504,辣椒类,29.211,39.473,-6.143,-4.119
2022-06-24,1011010504,辣椒类,33.789,36.754,-6.958,3.994
2022-06-25,1011010504,辣椒类,39.414,34.803,14.99,-10.379
2022-06-26,1011010504,辣椒类,43.418,33.568,18.631,-8.781
2022-06-27,1011010504,辣椒类,28.077,33.046,-2.919,-2.05
2022-06-28,1011010504,辣椒类,28.268,33.266,-7.273,2.275
2022-06-29,1011010504,辣椒类,21.954,34.396,-6.212,-6.23
2022-06-30,1011010504,辣椒类,29.259,36.45,-8.508,1.317
2022-07-01,1011010504,辣椒类,25.326,39.125,-7.709,-6.09
2022-07-02,1011010504,辣椒类,55.999,41.753,13.687,0.559
2022-07-03,1011010504,辣椒类,58.67,44.111,16.134,-1.575
2022-07-04,1011010504,辣椒类,47.826,46.441,-2.734,4.119
2022-07-05,1011010504,辣椒类,49.728,48.984,-6.564,7.308
2022-07-06,1011010504,辣椒类,51.119,51.61,-2.783,2.292
2022-07-07,1011010504,辣椒类,39.874,53.931,-9.011,-5.046
2022-07-08,1011010504,辣椒类,42.7,55.591,-6.336,-6.554
2022-07-09,1011010504,辣椒类,73.124,56.691,15.657,0.776
2022-07-10,1011010504,辣椒类,85.669,57.531,12.541,15.597
2022-07-11,1011010504,辣椒类,57.659,58.304,-8.098,7.452
2022-07-12,1011010504,辣椒类,49.014,59.045,-8.858,-1.173
2022-07-13,1011010504,辣椒类,57.841,59.666,1.294,-3.119
2022-07-14,1011010504,辣椒类,52.446,60.132,-6.238,-1.447
2022-07-15,1011010504,辣椒类,60.497,60.933,-2.867,2.431
2022-07-16,1011010504,辣椒类,73.235,62.565,19.084,-8.414
2022-07-17,1011010504,辣椒类,63.421,65.479,12.145,-14.203
2022-07-18,1011010504,辣椒类,50.507,69.488,-18.749,-0.231
2022-07-19,1011010504,辣椒类,49.966,74.141,-11.87,-12.306
2022-07-20,1011010504,辣椒类,88.656,78.951,3.78,5.926
2022-07-21,1011010504,辣椒类,130.268,83.81,-3.034,49.492
2022-07-22,1011010504,辣椒类,91.719,88.746,1.871,1.102
2022-07-23,1011010504,辣椒类,128.405,93.78,19.978,14.647
2022-07-24,1011010504,辣椒类,55.957,98.651,14.0,-56.693
2022-07-25,1011010504,辣椒类,66.762,103.047,-26.824,-9.461
2022-07-26,1011010504,辣椒类,98.29,106.697,-14.736,6.329
2022-07-27,1011010504,辣椒类,108.891,110.028,4.135,-5.271
2022-07-28,1011010504,辣椒类,116.81,113.596,-1.772,4.986
2022-07-29,1011010504,辣椒类,120.741,118.178,3.129,-0.566
2022-07-30,1011010504,辣椒类,141.664,123.915,24.026,-6.276
2022-07-31,1011010504,辣椒类,142.906,130.027,20.246,-7.366
2022-08-01,1011010504,辣椒类,154.113,135.953,-33.747,51.908
2022-08-02,1011010504,辣椒类,122.284,141.908,-14.721,-4.903
2022-08-03,1011010504,辣椒类,159.987,147.978,-0.398,12.407
2022-08-04,1011010504,辣椒类,152.644,154.269,-4.784,3.159
2022-08-05,1011010504,辣椒类,169.692,160.288,0.597,8.807
2022-08-06,1011010504,辣椒类,183.489,165.144,31.54,-13.195
2022-08-07,1011010504,辣椒类,211.184,168.528,35.68,6.976
2022-08-08,1011010504,辣椒类,138.495,171.103,-38.74,6.132
2022-08-09,1011010504,辣椒类,161.631,172.949,-19.364,8.047
2022-08-10,1011010504,辣椒类,168.921,173.828,-6.652,1.745
2022-08-11,1011010504,辣椒类,159.507,173.496,-13.984,-0.006
2022-08-12,1011010504,辣椒类,166.473,172.116,-3.33,-2.313
2022-08-13,1011010504,辣椒类,223.384,170.261,42.752,10.371
2022-08-14,1011010504,辣椒类,188.234,168.35,52.966,-33.082
2022-08-15,1011010504,辣椒类,120.999,166.608,-39.215,-6.394
2022-08-16,1011010504,辣椒类,183.738,164.704,-22.332,41.367
2022-08-17,1011010504,辣椒类,146.131,162.114,-17.634,1.651
2022-08-18,1011010504,辣椒类,223.117,159.06,-20.982,85.039
2022-08-19,1011010504,辣椒类,334.781,155.858,-8.431,187.354
2022-08-20,1011010504,辣椒类,209.291,152.826,51.03,5.436
2022-08-21,1011010504,辣椒类,219.055,149.969,61.419,7.668
2022-08-22,1011010504,辣椒类,104.653,146.871,-32.176,-10.041
2022-08-23,1011010504,辣椒类,111.097,143.859,-23.758,-9.004
2022-08-24,1011010504,辣椒类,73.184,141.677,-26.263,-42.23
2022-08-25,1011010504,辣椒类,110.13,140.187,-25.568,-4.489
2022-08-26,1011010504,辣椒类,129.03,138.864,-13.93,4.096
2022-08-27,1011010504,辣椒类,154.266,137.667,52.384,-35.784
2022-08-28,1011010504,辣椒类,251.609,136.517,65.827,49.265
2022-08-29,1011010504,辣椒类,116.076,135.138,-20.328,1.266
2022-08-30,1011010504,辣椒类,114.188,133.402,-25.638,6.423
2022-08-31,1011010504,辣椒类,61.621,131.517,-33.687,-36.21
2022-09-01,1011010504,辣椒类,100.922,129.199,-28.156,-0.121
2022-09-02,1011010504,辣椒类,103.825,126.709,-13.91,-8.975
2022-09-03,1011010504,辣椒类,176.628,124.38,50.636,1.612
2022-09-04,1011010504,辣椒类,185.402,122.237,65.184,-2.018
2022-09-05,1011010504,辣椒类,117.607,120.285,-2.366,-0.312
2022-09-06,1011010504,辣椒类,93.769,118.277,-26.521,2.013
2022-09-07,1011010504,辣椒类,69.663,115.836,-46.719,0.545
2022-09-08,1011010504,辣椒类,92.937,113.016,-28.133,8.054
2022-09-09,1011010504,辣椒类,181.34,111.001,-10.263,80.601
2022-09-10,1011010504,辣椒类,146.777,109.499,52.701,-15.423
2022-09-11,1011010504,辣椒类,83.984,108.51,67.481,-92.006
2022-09-12,1011010504,辣椒类,145.6,107.423,-18.469,56.646
2022-09-13,1011010504,辣椒类,104.849,105.539,-29.48,28.79
2022-09-14,1011010504,辣椒类,70.053,104.045,-33.509,-0.483
2022-09-15,1011010504,辣椒类,66.529,105.632,-27.357,-11.746
2022-09-16,1011010504,辣椒类,107.825,107.265,-7.825,8.384
2022-09-17,1011010504,辣椒类,168.436,107.661,52.834,7.941
2022-09-18,1011010504,辣椒类,177.806,107.299,65.38,5.126
2022-09-19,1011010504,辣椒类,45.683,106.516,-23.378,-37.455
2022-09-20,1011010504,辣椒类,67.862,105.156,-32.861,-4.433
2022-09-21,1011010504,辣椒类,86.458,103.312,-25.562,8.708
2022-09-22,1011010504,辣椒类,73.801,101.697,-26.905,-0.991
2022-09-23,1011010504,辣椒类,88.776,100.528,-2.272,-9.481
2022-09-24,1011010504,辣椒类,193.743,99.886,53.364,40.493
2022-09-25,1011010504,辣椒类,132.468,99.781,61.94,-29.253
2022-09-26,1011010504,辣椒类,59.178,100.132,-37.005,-3.948
2022-09-27,1011010504,辣椒类,63.594,101.086,-33.264,-4.228
2022-09-28,1011010504,辣椒类,77.96,103.506,-23.184,-2.362
2022-09-29,1011010504,辣椒类,84.368,108.288,-22.484,-1.435
2022-09-30,1011010504,辣椒类,107.477,114.762,3.782,-11.067
2022-10-01,1011010504,辣椒类,169.374,121.677,53.172,-5.475
2022-10-02,1011010504,辣椒类,178.918,128.3,51.836,-1.218
2022-10-03,1011010504,辣椒类,118.323,134.722,-28.117,11.717
2022-10-04,1011010504,辣椒类,115.099,140.609,-32.784,7.275
2022-10-05,1011010504,辣椒类,162.721,144.464,-26.995,45.251
2022-10-06,1011010504,辣椒类,208.677,147.053,-27.57,89.194
2022-10-07,1011010504,辣椒类,170.39,149.648,17.247,3.496
2022-10-08,1011010504,辣椒类,114.629,151.835,53.394,-90.601
2022-10-09,1011010504,辣椒类,110.966,153.004,42.997,-85.035
2022-10-10,1011010504,辣椒类,134.737,153.301,-24.175,5.611
2022-10-11,1011010504,辣椒类,119.426,152.582,-28.347,-4.809
2022-10-12,1011010504,辣椒类,125.317,151.18,-29.086,3.222
2022-10-13,1011010504,辣椒类,84.845,149.294,-26.606,-37.843
2022-10-14,1011010504,辣椒类,49.262,146.651,11.082,-108.471
2022-10-15,1011010504,辣椒类,205.45,143.855,55.312,6.283
2022-10-16,1011010504,辣椒类,178.909,141.222,38.194,-0.506
2022-10-17,1011010504,辣椒类,111.662,138.451,-25.491,-1.298
2022-10-18,1011010504,辣椒类,155.233,135.166,-22.816,42.883
2022-10-19,1011010504,辣椒类,96.132,133.161,-28.227,-8.802
2022-10-20,1011010504,辣椒类,105.947,135.102,-28.275,-0.88
2022-10-21,1011010504,辣椒类,400.974,136.834,9.804,254.335
2022-10-22,1011010504,辣椒类,155.908,137.278,53.847,-35.217
2022-10-23,1011010504,辣椒类,138.434,137.722,34.292,-33.58
2022-10-24,1011010504,辣椒类,73.345,138.814,-17.382,-48.087
2022-10-25,1011010504,辣椒类,125.16,140.722,-20.238,4.675
2022-10-26,1011010504,辣椒类,117.386,141.861,-30.365,5.89
2022-10-27,1011010504,辣椒类,114.668,137.615,-25.665,2.718
2022-10-28,1011010504,辣椒类,136.101,133.053,4.272,-1.224
2022-10-29,1011010504,辣椒类,168.485,128.94,52.24,-12.695
2022-10-30,1011010504,辣椒类,203.145,125.006,35.372,42.767
2022-10-31,1011010504,辣椒类,83.714,121.624,-14.977,-22.934
2022-11-01,1011010504,辣椒类,101.963,118.826,-20.912,4.05
2022-11-02,1011010504,辣椒类,0.0,116.46,-30.903,-85.557
2022-11-03,1011010504,辣椒类,129.249,114.632,-25.953,40.57
2022-11-04,1011010504,辣椒类,0.0,113.406,6.584,-119.99
2022-11-05,1011010504,辣椒类,158.362,112.052,55.452,-9.143
2022-11-06,1011010504,辣椒类,135.245,110.72,25.716,-1.192
2022-11-07,1011010504,辣椒类,108.169,110.665,-8.627,6.131
2022-11-08,1011010504,辣椒类,77.122,113.381,-30.25,-6.009
2022-11-09,1011010504,辣椒类,75.307,116.881,-32.472,-9.102
2022-11-10,1011010504,辣椒类,88.303,120.187,-28.154,-3.73
2022-11-11,1011010504,辣椒类,130.229,123.264,-0.33,7.295
2022-11-12,1011010504,辣椒类,204.119,126.206,73.134,4.779
2022-11-13,1011010504,辣椒类,188.274,129.192,56.289,2.793
2022-11-14,1011010504,辣椒类,104.647,131.906,-28.749,1.49
2022-11-15,1011010504,辣椒类,93.884,133.695,-40.198,0.387
2022-11-16,1011010504,辣椒类,105.807,133.696,-33.052,5.163
2022-11-17,1011010504,辣椒类,104.356,131.106,-26.866,0.117
2022-11-18,1011010504,辣椒类,212.654,128.914,-7.16,90.899
2022-11-19,1011010504,辣椒类,436.061,127.251,105.882,202.928
2022-11-20,1011010504,辣椒类,200.496,125.355,10.787,64.354
2022-11-21,1011010504,辣椒类,352.422,123.083,-10.404,239.743
2022-11-22,1011010504,辣椒类,82.219,120.534,-33.544,-4.771
2022-11-23,1011010504,辣椒类,98.441,118.188,-25.121,5.374
2022-11-24,1011010504,辣椒类,105.612,116.17,-12.526,1.968
2022-11-25,1011010504,辣椒类,103.304,117.095,-7.548,-6.242
2022-11-26,1011010504,辣椒类,89.276,116.895,68.238,-95.858
2022-11-27,1011010504,辣椒类,17.031,116.441,-11.692,-87.718
2022-11-28,1011010504,辣椒类,13.451,107.481,-1.041,-92.989
2022-11-29,1011010504,辣椒类,6.066,107.811,-21.006,-80.739
2022-11-30,1011010504,辣椒类,0.0,106.482,-19.273,-87.208
2022-12-01,1011010504,辣椒类,0.0,103.35,6.139,-109.489
2022-12-02,1011010504,辣椒类,0.0,103.035,-8.161,-94.874
2022-12-03,1011010504,辣椒类,0.0,101.396,68.566,-169.962
2022-12-04,1011010504,辣椒类,53.404,102.378,-46.957,-2.017
2022-12-05,1011010504,辣椒类,118.657,102.945,14.94,0.772
2022-12-06,1011010504,辣椒类,97.963,103.28,-11.455,6.137
2022-12-07,1011010504,辣椒类,82.55,103.298,-16.174,-4.574
2022-12-08,1011010504,辣椒类,131.273,103.341,-9.67,37.601
2022-12-09,1011010504,辣椒类,99.447,103.769,-7.765,3.444
2022-12-10,1011010504,辣椒类,161.982,104.34,60.49,-2.848
2022-12-11,1011010504,辣椒类,171.695,105.029,-14.708,81.374
2022-12-12,1011010504,辣椒类,96.585,106.017,3.738,-13.17
2022-12-13,1011010504,辣椒类,103.872,106.755,-5.164,2.281
2022-12-14,1011010504,辣椒类,96.198,106.917,-15.58,4.861
2022-12-15,1011010504,辣椒类,151.972,106.84,-25.692,70.824
2022-12-16,1011010504,辣椒类,147.869,106.673,-7.923,49.119
2022-12-17,1011010504,辣椒类,153.757,106.076,37.958,9.723
2022-12-18,1011010504,辣椒类,123.469,105.347,17.174,0.948
2022-12-19,1011010504,辣椒类,98.731,104.25,-3.054,-2.465
2022-12-20,1011010504,辣椒类,88.82,102.846,-4.366,-9.66
2022-12-21,1011010504,辣椒类,137.998,102.488,-13.685,49.194
2022-12-22,1011010504,辣椒类,93.949,103.64,-7.486,-2.205
2022-12-23,1011010504,辣椒类,91.649,105.324,-9.717,-3.958
2022-12-24,1011010504,辣椒类,117.564,107.559,21.414,-11.409
2022-12-25,1011010504,辣椒类,166.418,110.462,14.098,41.858
2022-12-26,1011010504,辣椒类,114.691,114.01,-7.162,7.843
2022-12-27,1011010504,辣椒类,121.716,117.898,-0.613,4.431
2022-12-28,1011010504,辣椒类,99.953,121.544,-7.541,-14.049
2022-12-29,1011010504,辣椒类,129.853,123.437,-3.443,9.859
2022-12-30,1011010504,辣椒类,118.877,123.984,-7.011,1.904
2022-12-31,1011010504,辣椒类,198.248,123.684,7.826,66.738
2023-01-01,1011010504,辣椒类,174.426,122.937,14.4,37.089
2023-01-02,1011010504,辣椒类,154.451,122.178,-10.124,42.397
2023-01-03,1011010504,辣椒类,128.134,121.235,1.609,5.29
2023-01-04,1011010504,辣椒类,123.447,119.759,-1.696,5.384
2023-01-05,1011010504,辣椒类,108.643,118.055,-2.687,-6.726
2023-01-06,1011010504,辣椒类,106.774,117.064,0.282,-10.572
2023-01-07,1011010504,辣椒类,112.31,117.132,-1.735,-3.087
2023-01-08,1011010504,辣椒类,124.983,118.122,9.729,-2.867
2023-01-09,1011010504,辣椒类,91.474,119.967,-15.271,-13.222
2023-01-10,1011010504,辣椒类,119.602,122.782,-4.819,1.639
2023-01-11,1011010504,辣椒类,126.782,126.052,-3.235,3.965
2023-01-12,1011010504,辣椒类,113.15,129.161,19.025,-35.036
2023-01-13,1011010504,辣椒类,137.769,132.123,4.393,1.253
2023-01-14,1011010504,辣椒类,197.217,134.856,-4.33,66.691
2023-01-15,1011010504,辣椒类,154.044,136.975,13.693,3.375
2023-01-16,1011010504,辣椒类,121.081,138.203,-24.824,7.702
2023-01-17,1011010504,辣椒类,117.137,139.215,-13.1,-8.978
2023-01-18,1011010504,辣椒类,218.267,141.739,-13.098,89.626
2023-01-19,1011010504,辣椒类,350.275,144.357,33.586,172.332
2023-01-20,1011010504,辣椒类,604.231,147.358,19.324,437.548
2023-01-21,1011010504,辣椒类,0.0,150.05,-7.52,-142.531
2023-01-22,1011010504,辣椒类,91.232,152.03,11.979,-72.777
2023-01-23,1011010504,辣椒类,124.14,154.545,-28.984,-1.422
2023-01-24,1011010504,辣椒类,181.951,160.083,-20.338,42.206
2023-01-25,1011010504,辣椒类,140.698,165.093,-24.808,0.413
2023-01-26,1011010504,辣椒类,226.705,168.945,52.518,5.243
2023-01-27,1011010504,辣椒类,284.492,171.747,-2.511,115.256
2023-01-28,1011010504,辣椒类,246.343,173.93,32.504,39.909
2023-01-29,1011010504,辣椒类,194.121,175.513,12.415,6.192
2023-01-30,1011010504,辣椒类,153.832,175.609,-30.985,9.208
2023-01-31,1011010504,辣椒类,157.934,171.615,-21.097,7.416
2023-02-01,1011010504,辣椒类,136.909,163.693,-27.901,1.117
2023-02-02,1011010504,辣椒类,142.663,155.704,35.127,-48.169
2023-02-03,1011010504,辣椒类,187.654,148.519,-5.7,44.835
2023-02-04,1011010504,辣椒类,232.871,141.864,23.408,67.599
2023-02-05,1011010504,辣椒类,140.199,134.795,20.185,-14.781
2023-02-06,1011010504,辣椒类,91.363,126.858,-26.924,-8.571
2023-02-07,1011010504,辣椒类,99.937,121.246,-18.629,-2.68
2023-02-08,1011010504,辣椒类,93.975,121.609,-27.262,-0.372
2023-02-09,1011010504,辣椒类,138.13,123.588,16.827,-2.285
2023-02-10,1011010504,辣椒类,125.468,125.532,-0.168,0.104
2023-02-11,1011010504,辣椒类,164.9,127.378,39.578,-2.057
2023-02-12,1011010504,辣椒类,158.806,128.968,25.096,4.742
2023-02-13,1011010504,辣椒类,107.056,130.253,-28.385,5.188
2023-02-14,1011010504,辣椒类,108.672,131.321,-21.785,-0.864
2023-02-15,1011010504,辣椒类,105.647,132.069,-27.925,1.503
2023-02-16,1011010504,辣椒类,105.95,132.086,1.422,-27.557
2023-02-17,1011010504,辣椒类,136.319,131.105,5.388,-0.174
2023-02-18,1011010504,辣椒类,181.095,129.372,46.593,5.13
2023-02-19,1011010504,辣椒类,162.066,127.676,28.93,5.46
2023-02-20,1011010504,辣椒类,61.627,126.223,-29.123,-35.473
2023-02-21,1011010504,辣椒类,101.221,124.769,-23.8,0.252
2023-02-22,1011010504,辣椒类,82.293,123.262,-25.799,-15.169
2023-02-23,1011010504,辣椒类,104.048,121.753,-7.7,-10.006
2023-02-24,1011010504,辣椒类,134.183,120.576,9.21,4.396
2023-02-25,1011010504,辣椒类,170.605,120.42,50.12,0.065
2023-02-26,1011010504,辣椒类,149.738,121.099,28.881,-0.242
2023-02-27,1011010504,辣椒类,88.884,121.898,-29.555,-3.458
2023-02-28,1011010504,辣椒类,96.706,122.379,-24.464,-1.209
2023-03-01,1011010504,辣椒类,105.906,122.587,-24.247,7.566
2023-03-02,1011010504,辣椒类,114.103,122.99,-15.927,7.04
2023-03-03,1011010504,辣椒类,128.818,123.619,14.305,-9.106
2023-03-04,1011010504,辣椒类,142.301,124.285,51.957,-33.941
2023-03-05,1011010504,辣椒类,132.344,124.864,28.947,-21.467
2023-03-06,1011010504,辣椒类,96.609,125.183,-30.86,2.286
2023-03-07,1011010504,辣椒类,100.437,125.469,-24.959,-0.072
2023-03-08,1011010504,辣椒类,105.092,126.168,-21.96,0.883
2023-03-09,1011010504,辣椒类,105.856,126.97,-21.207,0.093
2023-03-10,1011010504,辣椒类,150.26,127.359,16.877,6.025
2023-03-11,1011010504,辣椒类,179.657,127.675,52.306,-0.324
2023-03-12,1011010504,辣椒类,157.361,128.243,30.073,-0.955
2023-03-13,1011010504,辣椒类,93.967,129.15,-28.431,-6.752
2023-03-14,1011010504,辣椒类,104.067,130.307,-25.931,-0.308
2023-03-15,1011010504,辣椒类,105.561,131.772,-21.295,-4.916
2023-03-16,1011010504,辣椒类,102.213,133.615,-27.441,-3.961
2023-03-17,1011010504,辣椒类,158.632,135.777,18.477,4.378
2023-03-18,1011010504,辣椒类,192.58,137.903,51.573,3.104
2023-03-19,1011010504,辣椒类,173.777,139.63,35.714,-1.567
2023-03-20,1011010504,辣椒类,120.4,140.81,-25.589,5.18
2023-03-21,1011010504,辣椒类,118.7,141.395,-27.865,5.17
2023-03-22,1011010504,辣椒类,125.395,141.15,-21.33,5.575
2023-03-23,1011010504,辣椒类,108.067,139.943,-32.587,0.711
2023-03-24,1011010504,辣椒类,153.262,137.878,16.422,-1.038
2023-03-25,1011010504,辣椒类,187.221,135.188,47.276,4.757
2023-03-26,1011010504,辣椒类,179.458,132.277,41.297,5.884
2023-03-27,1011010504,辣椒类,105.211,129.415,-23.139,-1.065
2023-03-28,1011010504,辣椒类,92.394,126.769,-25.306,-9.069
2023-03-29,1011010504,辣椒类,101.237,124.29,-19.188,-3.865
2023-03-30,1011010504,辣椒类,86.212,122.065,-31.146,-4.707
2023-03-31,1011010504,辣椒类,138.204,120.557,9.225,8.422
2023-04-01,1011010504,辣椒类,154.887,119.541,43.818,-8.472
2023-04-02,1011010504,辣椒类,165.351,116.179,43.197,5.975
2023-04-03,1011010504,辣椒类,114.41,112.48,-22.794,24.723
2023-04-04,1011010504,辣椒类,121.552,109.659,-21.594,33.487
2023-04-05,1011010504,辣椒类,139.304,107.171,-17.179,49.312
2023-04-06,1011010504,辣椒类,109.473,104.557,-27.55,32.465
2023-04-07,1011010504,辣椒类,97.645,101.263,1.536,-5.155
2023-04-08,1011010504,辣椒类,137.92,97.595,41.415,-1.09
2023-04-09,1011010504,辣椒类,136.063,97.124,41.931,-2.992
2023-04-10,1011010504,辣椒类,73.788,97.58,-22.438,-1.354
2023-04-11,1011010504,辣椒类,85.563,97.67,-17.839,5.732
2023-04-12,1011010504,辣椒类,84.989,97.502,-15.533,3.02
2023-04-13,1011010504,辣椒类,76.901,97.176,-24.519,4.244
2023-04-14,1011010504,辣椒类,89.822,96.665,-5.048,-1.795
2023-04-15,1011010504,辣椒类,138.985,95.916,46.055,-2.985
2023-04-16,1011010504,辣椒类,133.274,94.902,34.997,3.376
2023-04-17,1011010504,辣椒类,68.456,93.839,-21.879,-3.504
2023-04-18,1011010504,辣椒类,78.486,93.127,-15.13,0.489
2023-04-19,1011010504,辣椒类,76.651,92.975,-13.639,-2.686
2023-04-20,1011010504,辣椒类,70.384,92.664,-23.502,1.222
2023-04-21,1011010504,辣椒类,125.533,92.232,-9.909,43.209
2023-04-22,1011010504,辣椒类,185.589,91.964,53.353,40.272
2023-04-23,1011010504,辣椒类,154.222,92.149,29.702,32.371
2023-04-24,1011010504,辣椒类,75.395,92.608,-20.304,3.092
2023-04-25,1011010504,辣椒类,70.192,92.898,-15.296,-7.41
2023-04-26,1011010504,辣椒类,47.263,93.3,-11.157,-34.88
2023-04-27,1011010504,辣椒类,66.698,94.644,-25.388,-2.558
2023-04-28,1011010504,辣椒类,84.338,96.539,-10.584,-1.617
2023-04-29,1011010504,辣椒类,161.482,98.368,53.268,9.846
2023-04-30,1011010504,辣椒类,117.501,100.194,26.118,-8.811
2023-05-01,1011010504,辣椒类,138.857,101.984,-17.444,54.317
2023-05-02,1011010504,辣椒类,103.643,103.386,-15.029,15.287
2023-05-03,1011010504,辣椒类,95.795,104.16,-9.257,0.892
2023-05-04,1011010504,辣椒类,76.542,104.503,-26.26,-1.702
2023-05-05,1011010504,辣椒类,66.977,104.663,-11.009,-26.677
2023-05-06,1011010504,辣椒类,94.505,104.499,52.252,-62.247
2023-05-07,1011010504,辣椒类,134.833,103.774,23.216,7.843
2023-05-08,1011010504,辣椒类,85.984,102.837,-14.141,-2.712
2023-05-09,1011010504,辣椒类,81.721,101.84,-13.386,-6.732
2023-05-10,1011010504,辣椒类,99.29,100.214,-10.053,9.129
2023-05-11,1011010504,辣椒类,76.412,98.053,-25.412,3.771
2023-05-12,1011010504,辣椒类,88.881,95.946,-9.835,2.77
2023-05-13,1011010504,辣椒类,135.703,93.789,45.563,-3.649
2023-05-14,1011010504,辣椒类,110.866,91.417,27.789,-8.34
2023-05-15,1011010504,辣椒类,78.687,88.807,-11.813,1.693
2023-05-16,1011010504,辣椒类,80.294,86.647,-14.708,8.354
2023-05-17,1011010504,辣椒类,67.717,85.587,-15.311,-2.56
2023-05-18,1011010504,辣椒类,53.892,85.296,-21.743,-9.662
2023-05-19,1011010504,辣椒类,71.713,85.205,-7.759,-5.733
2023-05-20,1011010504,辣椒类,92.262,85.298,41.208,-34.245
2023-05-21,1011010504,辣椒类,117.485,85.678,32.482,-0.675
2023-05-22,1011010504,辣椒类,90.848,86.493,-12.328,16.683
2023-05-23,1011010504,辣椒类,69.361,87.793,-15.609,-2.823
2023-05-24,1011010504,辣椒类,62.956,88.841,-19.863,-6.023
2023-05-25,1011010504,辣椒类,76.118,88.894,-18.666,5.89
2023-05-26,1011010504,辣椒类,90.26,88.135,-8.808,10.933
2023-05-27,1011010504,辣椒类,127.658,87.238,41.418,-0.998
2023-05-28,1011010504,辣椒类,131.518,86.386,35.028,10.104
2023-05-29,1011010504,辣椒类,61.995,85.577,-14.211,-9.372
2023-05-30,1011010504,辣椒类,59.897,84.711,-14.826,-9.988
2023-05-31,1011010504,辣椒类,61.96,84.055,-22.258,0.163
2023-06-01,1011010504,辣椒类,67.854,84.144,-15.085,-1.205
2023-06-02,1011010504,辣椒类,72.847,84.925,-10.596,-1.482
2023-06-03,1011010504,辣椒类,123.664,85.982,44.808,-7.126
2023-06-04,1011010504,辣椒类,123.698,86.999,34.097,2.602
2023-06-05,1011010504,辣椒类,74.896,87.906,-19.474,6.464
2023-06-06,1011010504,辣椒类,84.745,88.932,-15.951,11.765
2023-06-07,1011010504,辣椒类,66.121,90.075,-19.997,-3.957
2023-06-08,1011010504,辣椒类,78.363,91.24,-8.477,-4.4
2023-06-09,1011010504,辣椒类,74.296,92.253,-12.243,-5.714
2023-06-10,1011010504,辣椒类,146.968,93.115,55.732,-1.879
2023-06-11,1011010504,辣椒类,119.69,94.098,16.435,9.157
2023-06-12,1011010504,辣椒类,67.12,95.334,-20.628,-7.585
2023-06-13,1011010504,辣椒类,84.891,96.672,-18.613,6.832
2023-06-14,1011010504,辣椒类,82.127,97.662,-17.342,1.807
2023-06-15,1011010504,辣椒类,63.624,98.114,-2.462,-32.028
2023-06-16,1011010504,辣椒类,86.159,98.449,-10.253,-2.036
2023-06-17,1011010504,辣椒类,169.193,98.903,67.123,3.167
2023-06-18,1011010504,辣椒类,149.877,99.332,-0.855,51.4
2023-06-19,1011010504,辣椒类,77.049,99.46,-21.614,-0.797
2023-06-20,1011010504,辣椒类,66.666,99.172,-21.247,-11.259
2023-06-21,1011010504,辣椒类,91.365,98.472,-15.595,8.488
2023-06-22,1011010504,辣椒类,114.288,97.594,2.87,13.824
2023-06-23,1011010504,辣椒类,88.349,96.465,-7.591,-0.525
2023-06-24,1011010504,辣椒类,94.187,94.562,79.197,-79.572
2023-06-25,1011010504,辣椒类,69.658,92.679,-18.978,-4.044
2023-06-26,1011010504,辣椒类,72.185,90.773,-22.366,3.778
2023-06-27,1011010504,辣椒类,67.12,88.83,-24.742,3.032
2023-06-28,1011010504,辣椒类,68.534,86.846,-13.837,-4.475
2023-06-29,1011010504,辣椒类,89.113,84.819,8.571,-4.276
2023-06-30,1011010504,辣椒类,82.286,82.761,-4.395,3.921
2020-07-01,1011010801,食用菌,35.365,49.316,-12.026,-1.926
2020-07-02,1011010801,食用菌,48.51,49.166,-3.075,2.418
2020-07-03,1011010801,食用菌,42.442,48.993,-5.927,-0.624
2020-07-04,1011010801,食用菌,47.262,48.789,2.269,-3.796
2020-07-05,1011010801,食用菌,73.213,48.549,22.052,2.611
2020-07-06,1011010801,食用菌,40.578,48.281,-7.244,-0.459
2020-07-07,1011010801,食用菌,52.56,47.998,0.249,4.313
2020-07-08,1011010801,食用菌,43.968,47.714,-7.928,4.181
2020-07-09,1011010801,食用菌,37.837,47.424,-3.036,-6.552
2020-07-10,1011010801,食用菌,41.429,47.198,-6.044,0.275
2020-07-11,1011010801,食用菌,52.238,47.215,4.519,0.504
2020-07-12,1011010801,食用菌,55.96,47.696,19.01,-10.746
2020-07-13,1011010801,食用菌,42.113,48.777,-6.677,0.013
2020-07-14,1011010801,食用菌,44.836,50.481,-3.271,-2.374
2020-07-15,1011010801,食用菌,42.196,52.426,-3.806,-6.424
2020-07-16,1011010801,食用菌,54.111,54.235,-3.131,3.007
2020-07-17,1011010801,食用菌,51.908,56.001,-5.908,1.816
2020-07-18,1011010801,食用菌,72.076,57.574,6.293,8.21
2020-07-19,1011010801,食用菌,80.823,58.738,15.813,6.272
2020-07-20,1011010801,食用菌,52.617,59.504,-6.204,-0.683
2020-07-21,1011010801,食用菌,45.905,59.777,-6.417,-7.455
2020-07-22,1011010801,食用菌,66.91,59.579,-0.166,7.497
2020-07-23,1011010801,食用菌,56.759,59.123,-2.769,0.405
2020-07-24,1011010801,食用菌,49.201,58.533,-5.271,-4.061
2020-07-25,1011010801,食用菌,67.013,57.915,7.154,1.944
2020-07-26,1011010801,食用菌,71.295,57.145,13.563,0.587
2020-07-27,1011010801,食用菌,52.777,56.043,-5.914,2.649
2020-07-28,1011010801,食用菌,47.728,54.701,-9.191,2.219
2020-07-29,1011010801,食用菌,54.315,53.542,2.034,-1.261
2020-07-30,1011010801,食用菌,50.774,52.717,-3.875,1.932
2020-07-31,1011010801,食用菌,45.587,52.273,-1.47,-5.216
2020-08-01,1011010801,食用菌,53.797,52.168,6.482,-4.853
2020-08-02,1011010801,食用菌,54.961,52.435,12.268,-9.742
2020-08-03,1011010801,食用菌,48.575,53.202,-6.44,1.813
2020-08-04,1011010801,食用菌,45.301,54.374,-8.263,-0.811
2020-08-05,1011010801,食用菌,62.84,54.974,0.688,7.178
2020-08-06,1011010801,食用菌,48.611,54.659,-4.705,-1.343
2020-08-07,1011010801,食用菌,68.177,53.701,1.887,12.59
2020-08-08,1011010801,食用菌,92.144,52.35,5.72,34.074
2020-08-09,1011010801,食用菌,73.073,51.038,9.715,12.32
2020-08-10,1011010801,食用菌,36.094,49.86,-6.875,-6.891
2020-08-11,1011010801,食用菌,40.017,48.535,-6.251,-2.267
2020-08-12,1011010801,食用菌,34.195,47.355,-1.404,-11.756
2020-08-13,1011010801,食用菌,35.65,46.871,-3.903,-7.318
2020-08-14,1011010801,食用菌,53.795,47.263,4.286,2.246
2020-08-15,1011010801,食用菌,58.015,48.163,5.343,4.509
2020-08-16,1011010801,食用菌,55.093,49.267,9.964,-4.138
2020-08-17,1011010801,食用菌,47.418,50.094,-8.325,5.649
2020-08-18,1011010801,食用菌,45.716,50.362,-4.489,-0.157
2020-08-19,1011010801,食用菌,50.126,50.191,-4.264,4.199
2020-08-20,1011010801,食用菌,54.411,49.993,-3.443,7.862
2020-08-21,1011010801,食用菌,50.0,49.936,3.63,-3.565
2020-08-22,1011010801,食用菌,49.895,49.97,6.398,-6.473
2020-08-23,1011010801,食用菌,55.226,49.989,12.19,-6.953
2020-08-24,1011010801,食用菌,39.576,50.119,-8.539,-2.003
2020-08-25,1011010801,食用菌,54.488,50.522,-5.077,9.042
2020-08-26,1011010801,食用菌,42.811,51.32,-5.963,-2.546
2020-08-27,1011010801,食用菌,50.458,52.38,-3.424,1.502
2020-08-28,1011010801,食用菌,55.659,53.404,1.648,0.606
2020-08-29,1011010801,食用菌,62.431,54.145,8.281,0.005
2020-08-30,1011010801,食用菌,73.195,54.559,17.196,1.441
2020-08-31,1011010801,食用菌,44.776,54.739,-9.359,-0.604
2020-09-01,1011010801,食用菌,47.282,54.793,-6.876,-0.635
2020-09-02,1011010801,食用菌,51.011,54.58,-8.54,4.971
2020-09-03,1011010801,食用菌,48.163,54.003,-6.115,0.275
2020-09-04,1011010801,食用菌,54.43,53.038,-0.15,1.542
2020-09-05,1011010801,食用菌,62.594,51.817,11.218,-0.441
2020-09-06,1011010801,食用菌,78.472,50.648,23.622,4.202
2020-09-07,1011010801,食用菌,41.804,49.782,-8.226,0.248
2020-09-08,1011010801,食用菌,32.389,49.227,-9.202,-7.635
2020-09-09,1011010801,食用菌,33.45,48.795,-10.132,-5.213
2020-09-10,1011010801,食用菌,35.789,48.488,-8.059,-4.64
2020-09-11,1011010801,食用菌,48.467,48.254,-2.18,2.393
2020-09-12,1011010801,食用菌,73.173,48.102,12.533,12.538
2020-09-13,1011010801,食用菌,74.834,48.103,23.76,2.971
2020-09-14,1011010801,食用菌,31.147,48.166,-3.494,-13.525
2020-09-15,1011010801,食用菌,41.578,48.084,-12.963,6.457
2020-09-16,1011010801,食用菌,35.413,48.221,-10.275,-2.533
2020-09-17,1011010801,食用菌,39.259,49.056,-5.394,-4.403
2020-09-18,1011010801,食用菌,38.541,50.647,-3.228,-8.877
2020-09-19,1011010801,食用菌,60.52,52.581,10.792,-2.854
2020-09-20,1011010801,食用菌,50.42,54.681,21.46,-25.722
2020-09-21,1011010801,食用菌,63.529,56.934,4.827,1.768
2020-09-22,1011010801,食用菌,49.058,59.423,-17.473,7.109
2020-09-23,1011010801,食用菌,56.265,61.721,-10.633,5.177
2020-09-24,1011010801,食用菌,61.661,63.348,3.756,-5.443
2020-09-25,1011010801,食用菌,64.509,64.981,-2.384,1.912
2020-09-26,1011010801,食用菌,94.495,67.971,-7.626,34.15
2020-09-27,1011010801,食用菌,72.522,71.558,20.577,-19.612
2020-09-28,1011010801,食用菌,46.913,75.068,10.47,-38.625
2020-09-29,1011010801,食用菌,45.485,78.812,-26.655,-6.672
2020-09-30,1011010801,食用菌,110.358,82.865,-13.911,41.404
2020-10-01,1011010801,食用菌,103.929,87.722,14.281,1.926
2020-10-02,1011010801,食用菌,89.316,93.058,-7.27,3.528
2020-10-03,1011010801,食用菌,60.052,97.231,18.309,-55.487
2020-10-04,1011010801,食用菌,122.501,100.288,16.771,5.442
2020-10-05,1011010801,食用菌,126.518,102.373,10.889,13.255
2020-10-06,1011010801,食用菌,124.059,102.701,-35.36,56.718
2020-10-07,1011010801,食用菌,80.421,101.091,-17.74,-2.93
2020-10-08,1011010801,食用菌,328.488,99.75,12.387,216.351
2020-10-09,1011010801,食用菌,57.258,98.061,-11.805,-28.998
2020-10-10,1011010801,食用菌,75.63,95.964,25.67,-46.004
2020-10-11,1011010801,食用菌,163.664,93.9,22.836,46.928
2020-10-12,1011010801,食用菌,102.385,92.448,7.604,2.333
2020-10-13,1011010801,食用菌,48.021,91.187,-38.413,-4.753
2020-10-14,1011010801,食用菌,73.831,89.698,-19.685,3.819
2020-10-15,1011010801,食用菌,72.91,88.116,12.712,-27.918
2020-10-16,1011010801,食用菌,69.805,86.424,-14.171,-2.448
2020-10-17,1011010801,食用菌,116.235,84.736,30.483,1.016
2020-10-18,1011010801,食用菌,113.125,83.168,26.557,3.4
2020-10-19,1011010801,食用菌,58.338,81.826,-4.107,-19.382
2020-10-20,1011010801,食用菌,45.419,80.635,-36.119,0.903
2020-10-21,1011010801,食用菌,56.114,79.668,-17.225,-6.33
2020-10-22,1011010801,食用菌,94.688,79.051,14.843,0.794
2020-10-23,1011010801,食用菌,116.306,78.89,-15.842,53.258
2020-10-24,1011010801,食用菌,115.39,79.289,35.696,0.404
2020-10-25,1011010801,食用菌,104.16,80.195,29.656,-5.691
2020-10-26,1011010801,食用菌,62.363,81.38,-12.724,-6.293
2020-10-27,1011010801,食用菌,56.508,82.916,-29.423,3.015
2020-10-28,1011010801,食用菌,75.211,84.83,-16.094,6.475
2020-10-29,1011010801,食用菌,81.051,86.929,1.271,-7.149
2020-10-30,1011010801,食用菌,74.23,88.958,-13.049,-1.679
2020-10-31,1011010801,食用菌,135.284,90.705,38.603,5.975
2020-11-01,1011010801,食用菌,127.967,91.663,33.99,2.314
2020-11-02,1011010801,食用菌,78.321,91.613,-18.844,5.552
2020-11-03,1011010801,食用菌,66.341,91.172,-23.829,-1.002
2020-11-04,1011010801,食用菌,195.34,90.668,-15.575,120.248
2020-11-05,1011010801,食用菌,129.089,89.85,-6.021,45.26
2020-11-06,1011010801,食用菌,81.023,88.687,-12.092,4.429
2020-11-07,1011010801,食用菌,122.896,87.407,42.938,-7.448
2020-11-08,1011010801,食用菌,124.492,86.107,37.715,0.67
2020-11-09,1011010801,食用菌,63.22,84.851,-24.584,2.953
2020-11-10,1011010801,食用菌,64.18,83.6,-18.579,-0.841
2020-11-11,1011010801,食用菌,64.522,82.529,-18.195,0.188
2020-11-12,1011010801,食用菌,68.656,81.663,-11.724,-1.283
2020-11-13,1011010801,食用菌,67.676,81.903,-12.191,-2.036
2020-11-14,1011010801,食用菌,92.793,84.662,47.89,-39.758
2020-11-15,1011010801,食用菌,73.108,88.233,40.352,-55.477
2020-11-16,1011010801,食用菌,54.363,92.111,-26.073,-11.675
2020-11-17,1011010801,食用菌,131.979,95.589,-16.545,52.935
2020-11-18,1011010801,食用菌,99.089,98.951,-23.315,23.453
2020-11-19,1011010801,食用菌,90.297,103.101,-14.26,1.456
2020-11-20,1011010801,食用菌,70.888,108.534,-11.94,-25.706
2020-11-21,1011010801,食用菌,169.382,113.407,52.86,3.115
2020-11-22,1011010801,食用菌,160.154,117.254,42.1,0.8
2020-11-23,1011010801,食用菌,195.788,120.045,-26.511,102.254
2020-11-24,1011010801,食用菌,117.661,122.266,-16.232,11.627
2020-11-25,1011010801,食用菌,95.581,124.024,-27.017,-1.426
2020-11-26,1011010801,食用菌,110.276,125.001,-16.703,1.978
2020-11-27,1011010801,食用菌,112.979,125.297,-11.848,-0.47
2020-11-28,1011010801,食用菌,187.133,124.683,56.329,6.121
2020-11-29,1011010801,食用菌,168.218,123.506,43.793,0.919
2020-11-30,1011010801,食用菌,100.486,122.123,-25.153,3.516
2020-12-01,1011010801,食用菌,99.477,120.529,-16.316,-4.736
2020-12-02,1011010801,食用菌,185.141,118.768,-29.995,96.367
2020-12-03,1011010801,食用菌,97.395,116.982,-17.81,-1.776
2020-12-04,1011010801,食用菌,110.875,115.262,-11.873,7.486
2020-12-05,1011010801,食用菌,155.115,113.696,56.883,-15.463
2020-12-06,1011010801,食用菌,234.205,112.371,43.447,78.387
2020-12-07,1011010801,食用菌,91.333,111.369,-21.958,1.922
2020-12-08,1011010801,食用菌,89.028,110.529,-17.224,-4.277
2020-12-09,1011010801,食用菌,80.164,109.847,-30.396,0.712
2020-12-10,1011010801,食用菌,89.363,109.542,-16.994,-3.185
2020-12-11,1011010801,食用菌,94.153,109.399,-13.853,-1.393
2020-12-12,1011010801,食用菌,174.743,109.189,55.311,10.243
2020-12-13,1011010801,食用菌,197.615,108.932,42.43,46.253
2020-12-14,1011010801,食用菌,83.089,108.584,-19.945,-5.549
2020-12-15,1011010801,食用菌,100.086,108.025,-16.047,8.108
2020-12-16,1011010801,食用菌,74.212,107.21,-29.477,-3.52
2020-12-17,1011010801,食用菌,94.652,105.913,-15.434,4.172
2020-12-18,1011010801,食用菌,86.26,104.231,-18.792,0.821
2020-12-19,1011010801,食用菌,154.681,102.366,52.413,-0.098
2020-12-20,1011010801,食用菌,143.972,100.327,43.576,0.069
2020-12-21,1011010801,食用菌,84.045,98.206,-18.188,4.027
2020-12-22,1011010801,食用菌,76.512,96.07,-14.56,-4.998
2020-12-23,1011010801,食用菌,67.604,93.999,-27.54,1.145
2020-12-24,1011010801,食用菌,76.554,92.349,-12.78,-3.015
2020-12-25,1011010801,食用菌,148.943,91.093,-14.544,72.394
2020-12-26,1011010801,食用菌,136.66,90.103,44.81,1.747
2020-12-27,1011010801,食用菌,118.129,89.441,37.429,-8.742
2020-12-28,1011010801,食用菌,69.819,89.052,-14.59,-4.643
2020-12-29,1011010801,食用菌,79.647,89.343,-15.431,5.735
2020-12-30,1011010801,食用菌,66.631,91.455,-24.182,-0.641
2020-12-31,1011010801,食用菌,120.945,93.653,-11.985,39.277
2021-01-01,1011010801,食用菌,136.338,95.458,-11.272,52.152
2021-01-02,1011010801,食用菌,115.296,97.253,37.237,-19.194
2021-01-03,1011010801,食用菌,103.871,98.759,38.566,-33.454
2021-01-04,1011010801,食用菌,95.499,100.248,-13.901,9.152
2021-01-05,1011010801,食用菌,83.705,102.059,-17.246,-1.108
2021-01-06,1011010801,食用菌,81.462,102.373,-19.932,-0.979
2021-01-07,1011010801,食用菌,96.002,101.567,-13.115,7.55
2021-01-08,1011010801,食用菌,90.415,100.205,-7.703,-2.087
2021-01-09,1011010801,食用菌,129.833,98.576,30.614,0.643
2021-01-10,1011010801,食用菌,137.986,97.092,39.395,1.499
2021-01-11,1011010801,食用菌,81.67,95.887,-14.984,0.767
2021-01-12,1011010801,食用菌,73.283,95.251,-16.2,-5.768
2021-01-13,1011010801,食用菌,76.684,94.905,-12.854,-5.367
2021-01-14,1011010801,食用菌,75.963,94.307,-14.789,-3.555
2021-01-15,1011010801,食用菌,101.383,93.579,-7.427,15.231
2021-01-16,1011010801,食用菌,150.015,93.06,23.307,33.648
2021-01-17,1011010801,食用菌,141.492,93.138,39.249,9.105
2021-01-18,1011010801,食用菌,72.532,93.737,-18.497,-2.708
2021-01-19,1011010801,食用菌,74.431,94.266,-10.454,-9.381
2021-01-20,1011010801,食用菌,90.131,94.557,-2.344,-2.082
2021-01-21,1011010801,食用菌,63.013,94.98,-15.002,-16.965
2021-01-22,1011010801,食用菌,88.796,95.608,-11.684,4.872
2021-01-23,1011010801,食用菌,117.521,96.21,14.814,6.497
2021-01-24,1011010801,食用菌,127.934,96.73,33.392,-2.188
2021-01-25,1011010801,食用菌,79.116,96.78,-24.422,6.758
2021-01-26,1011010801,食用菌,101.362,96.124,2.363,2.875
2021-01-27,1011010801,食用菌,108.756,95.184,12.574,0.998
2021-01-28,1011010801,食用菌,80.927,94.326,-12.064,-1.336
2021-01-29,1011010801,食用菌,69.324,94.09,-17.638,-7.128
2021-01-30,1011010801,食用菌,94.904,95.834,6.17,-7.1
2021-01-31,1011010801,食用菌,104.054,98.762,28.096,-22.804
2021-02-01,1011010801,食用菌,69.564,101.728,-29.381,-2.783
2021-02-02,1011010801,食用菌,88.048,104.864,14.83,-31.646
2021-02-03,1011010801,食用菌,91.564,108.613,11.817,-28.866
2021-02-04,1011010801,食用菌,111.069,113.026,-4.41,2.453
2021-02-05,1011010801,食用菌,95.222,117.607,-21.965,-0.42
2021-02-06,1011010801,食用菌,119.696,121.833,-2.708,0.571
2021-02-07,1011010801,食用菌,147.812,125.377,22.824,-0.389
2021-02-08,1011010801,食用菌,240.205,128.305,-33.714,145.614
2021-02-09,1011010801,食用菌,326.993,131.362,26.858,168.774
2021-02-10,1011010801,食用菌,511.136,133.898,9.889,367.348
2021-02-11,1011010801,食用菌,0.0,135.469,-0.31,-135.159
2021-02-12,1011010801,食用菌,0.0,137.576,-27.038,-110.538
2021-02-13,1011010801,食用菌,74.519,144.951,5.101,-75.533
2021-02-14,1011010801,食用菌,164.586,148.706,17.353,-1.473
2021-02-15,1011010801,食用菌,213.983,144.021,-37.358,107.319
2021-02-16,1011010801,食用菌,174.61,138.619,34.872,1.119
2021-02-17,1011010801,食用菌,144.793,133.202,7.673,3.918
2021-02-18,1011010801,食用菌,130.174,128.066,1.469,0.639
2021-02-19,1011010801,食用菌,92.327,123.217,-23.596,-7.294
2021-02-20,1011010801,食用菌,88.794,118.908,10.336,-40.451
2021-02-21,1011010801,食用菌,79.403,114.971,15.505,-51.073
2021-02-22,1011010801,食用菌,66.554,111.453,-43.28,-1.619
2021-02-23,1011010801,食用菌,77.586,108.149,35.771,-66.334
2021-02-24,1011010801,食用菌,88.233,105.27,-7.631,-9.406
2021-02-25,1011010801,食用菌,110.557,103.171,1.926,5.46
2021-02-26,1011010801,食用菌,159.095,101.376,-17.243,74.962
2021-02-27,1011010801,食用菌,116.814,99.24,17.694,-0.12
2021-02-28,1011010801,食用菌,111.764,96.84,13.6,1.323
2021-03-01,1011010801,食用菌,79.404,94.278,-20.759,5.885
2021-03-02,1011010801,食用菌,62.044,91.683,8.565,-38.204
2021-03-03,1011010801,食用菌,71.027,89.597,-14.37,-4.201
2021-03-04,1011010801,食用菌,72.465,87.907,2.346,-17.788
2021-03-05,1011010801,食用菌,82.585,86.252,-2.868,-0.799
2021-03-06,1011010801,食用菌,151.214,84.298,24.17,42.746
2021-03-07,1011010801,食用菌,125.428,82.406,13.429,29.593
2021-03-08,1011010801,食用菌,78.721,81.144,-8.386,5.963
2021-03-09,1011010801,食用菌,143.511,80.207,-28.751,92.056
2021-03-10,1011010801,食用菌,91.994,79.1,-15.494,28.389
2021-03-11,1011010801,食用菌,75.477,77.244,2.271,-4.038
2021-03-12,1011010801,食用菌,84.232,74.484,8.34,1.407
2021-03-13,1011010801,食用菌,101.865,71.739,24.777,5.349
2021-03-14,1011010801,食用菌,75.95,69.332,8.983,-2.364
2021-03-15,1011010801,食用菌,40.423,67.087,-5.548,-21.116
2021-03-16,1011010801,食用菌,44.844,64.812,-16.392,-3.576
2021-03-17,1011010801,食用菌,44.029,62.677,-17.569,-1.079
2021-03-18,1011010801,食用菌,65.501,60.964,-1.798,6.335
2021-03-19,1011010801,食用菌,69.141,59.678,13.238,-3.776
2021-03-20,1011010801,食用菌,77.235,58.689,22.56,-4.014
2021-03-21,1011010801,食用菌,94.838,57.872,5.287,31.679
2021-03-22,1011010801,食用菌,50.802,57.051,-5.345,-0.903
2021-03-23,1011010801,食用菌,48.174,56.213,-16.384,8.345
2021-03-24,1011010801,食用菌,35.583,55.482,-15.738,-4.161
2021-03-25,1011010801,食用菌,46.89,54.853,-4.496,-3.467
2021-03-26,1011010801,食用菌,83.562,54.203,16.761,12.598
2021-03-27,1011010801,食用菌,69.658,53.721,18.485,-2.548
2021-03-28,1011010801,食用菌,55.673,53.567,4.328,-2.222
2021-03-29,1011010801,食用菌,47.327,53.726,-4.076,-2.323
2021-03-30,1011010801,食用菌,32.145,54.164,-14.478,-7.54
2021-03-31,1011010801,食用菌,45.089,54.819,-11.417,1.686
2021-04-01,1011010801,食用菌,48.978,55.81,-8.109,1.277
2021-04-02,1011010801,食用菌,72.574,56.72,14.679,1.175
2021-04-03,1011010801,食用菌,75.739,56.898,16.939,1.901
2021-04-04,1011010801,食用菌,61.709,56.394,4.388,0.927
2021-04-05,1011010801,食用菌,68.049,55.145,-3.791,16.695
2021-04-06,1011010801,食用菌,11.671,53.692,-12.626,-29.395
2021-04-07,1011010801,食用菌,47.805,52.435,-8.667,4.037
2021-04-08,1011010801,食用菌,35.491,51.287,-9.094,-6.703
2021-04-09,1011010801,食用菌,31.401,49.964,10.298,-28.861
2021-04-10,1011010801,食用菌,60.287,48.612,18.143,-6.468
2021-04-11,1011010801,食用菌,52.29,47.69,5.331,-0.731
2021-04-12,1011010801,食用菌,43.328,47.308,-3.787,-0.193
2021-04-13,1011010801,食用菌,40.041,47.332,-10.683,3.392
2021-04-14,1011010801,食用菌,41.387,47.588,-7.577,1.376
2021-04-15,1011010801,食用菌,40.15,47.605,-7.903,0.448
2021-04-16,1011010801,食用菌,47.162,47.235,5.329,-5.402
2021-04-17,1011010801,食用菌,70.817,46.65,17.506,6.661
2021-04-18,1011010801,食用菌,56.607,46.085,5.429,5.093
2021-04-19,1011010801,食用菌,36.293,45.535,-4.242,-5.0
2021-04-20,1011010801,食用菌,37.651,44.772,-7.476,0.355
2021-04-21,1011010801,食用菌,31.173,43.725,-7.152,-5.4
2021-04-22,1011010801,食用菌,40.04,42.444,-5.907,3.503
2021-04-23,1011010801,食用菌,49.109,41.247,1.542,6.32
2021-04-24,1011010801,食用菌,78.6,40.342,15.072,23.186
2021-04-25,1011010801,食用菌,37.692,39.61,6.61,-8.528
2021-04-26,1011010801,食用菌,37.392,38.853,-4.614,3.153
2021-04-27,1011010801,食用菌,26.08,38.054,-5.184,-6.789
2021-04-28,1011010801,食用菌,33.609,37.4,-6.112,2.321
2021-04-29,1011010801,食用菌,32.548,37.518,-4.662,-0.308
2021-04-30,1011010801,食用菌,34.271,38.226,-0.029,-3.925
2021-05-01,1011010801,食用菌,50.81,38.592,12.032,0.186
2021-05-02,1011010801,食用菌,47.435,38.327,8.163,0.945
2021-05-03,1011010801,食用菌,54.995,37.674,-5.204,22.526
2021-05-04,1011010801,食用菌,42.643,36.953,-4.222,9.912
2021-05-05,1011010801,食用菌,60.989,36.396,-5.126,29.72
2021-05-06,1011010801,食用菌,30.192,35.886,-4.504,-1.19
2021-05-07,1011010801,食用菌,33.543,35.114,-1.515,-0.056
2021-05-08,1011010801,食用菌,33.331,34.107,9.108,-9.884
2021-05-09,1011010801,食用菌,44.849,33.331,11.872,-0.355
2021-05-10,1011010801,食用菌,26.427,33.122,-6.242,-0.453
2021-05-11,1011010801,食用菌,29.889,33.477,-3.041,-0.547
2021-05-12,1011010801,食用菌,31.02,33.994,-4.548,1.574
2021-05-13,1011010801,食用菌,29.537,34.459,-4.94,0.018
2021-05-14,1011010801,食用菌,29.278,34.774,-1.342,-4.154
2021-05-15,1011010801,食用菌,49.932,35.035,8.013,6.884
2021-05-16,1011010801,食用菌,51.103,35.476,12.287,3.34
2021-05-17,1011010801,食用菌,25.733,36.07,-7.275,-3.062
2021-05-18,1011010801,食用菌,29.45,36.726,-2.826,-4.45
2021-05-19,1011010801,食用菌,28.798,37.265,-3.814,-4.653
2021-05-20,1011010801,食用菌,35.447,37.555,-4.508,2.4
2021-05-21,1011010801,食用菌,43.516,37.572,-0.19,6.134
2021-05-22,1011010801,食用菌,45.209,37.358,7.381,0.47
2021-05-23,1011010801,食用菌,62.384,36.82,8.445,17.119
2021-05-24,1011010801,食用菌,29.627,35.938,-6.161,-0.149
2021-05-25,1011010801,食用菌,35.047,34.857,-3.38,3.57
2021-05-26,1011010801,食用菌,31.969,33.831,-1.422,-0.439
2021-05-27,1011010801,食用菌,19.574,33.094,-2.325,-11.195
2021-05-28,1011010801,食用菌,28.172,32.881,1.225,-5.934
2021-05-29,1011010801,食用菌,35.882,33.339,5.648,-3.105
2021-05-30,1011010801,食用菌,33.492,34.412,3.232,-4.153
2021-05-31,1011010801,食用菌,34.114,35.747,-4.872,3.239
2021-06-01,1011010801,食用菌,33.668,36.951,-2.332,-0.951
2021-06-02,1011010801,食用菌,43.528,37.701,0.682,5.144
2021-06-03,1011010801,食用菌,48.365,37.894,-2.015,12.487
2021-06-04,1011010801,食用菌,47.048,37.637,0.614,8.798
2021-06-05,1011010801,食用菌,42.32,36.957,5.635,-0.272
2021-06-06,1011010801,食用菌,32.745,35.741,0.78,-3.776
2021-06-07,1011010801,食用菌,27.872,33.959,-5.156,-0.932
2021-06-08,1011010801,食用菌,28.108,31.817,-1.852,-1.857
2021-06-09,1011010801,食用菌,31.399,30.169,1.432,-0.201
2021-06-10,1011010801,食用菌,29.393,29.966,-1.603,1.03
2021-06-11,1011010801,食用菌,25.579,30.116,-0.204,-4.334
2021-06-12,1011010801,食用菌,63.009,29.936,6.9,26.173
2021-06-13,1011010801,食用菌,74.602,29.739,3.03,41.833
2021-06-14,1011010801,食用菌,56.049,29.68,-5.936,32.305
2021-06-15,1011010801,食用菌,31.346,29.785,-3.021,4.582
2021-06-16,1011010801,食用菌,29.826,30.09,0.724,-0.988
2021-06-17,1011010801,食用菌,22.835,30.444,-3.058,-4.551
2021-06-18,1011010801,食用菌,29.867,30.648,-1.898,1.117
2021-06-19,1011010801,食用菌,39.484,31.01,9.381,-0.907
2021-06-20,1011010801,食用菌,38.578,31.576,6.165,0.837
2021-06-21,1011010801,食用菌,24.224,32.308,-5.856,-2.227
2021-06-22,1011010801,食用菌,29.299,33.224,-4.288,0.364
2021-06-23,1011010801,食用菌,32.793,34.148,-0.371,-0.984
2021-06-24,1011010801,食用菌,31.747,34.931,-4.672,1.488
2021-06-25,1011010801,食用菌,32.537,35.676,-3.622,0.483
2021-06-26,1011010801,食用菌,47.402,36.359,11.651,-0.608
2021-06-27,1011010801,食用菌,49.14,36.986,8.147,4.007
2021-06-28,1011010801,食用菌,33.153,37.611,-4.604,0.146
2021-06-29,1011010801,食用菌,26.399,38.177,-6.222,-5.555
2021-06-30,1011010801,食用菌,41.537,38.718,-0.648,3.467
2021-07-01,1011010801,食用菌,32.65,39.232,-4.356,-2.227
2021-07-02,1011010801,食用菌,34.247,39.469,-3.992,-1.23
2021-07-03,1011010801,食用菌,66.849,39.394,11.709,15.746
2021-07-04,1011010801,食用菌,44.466,39.01,7.455,-2.0
2021-07-05,1011010801,食用菌,40.491,38.328,-3.09,5.253
2021-07-06,1011010801,食用菌,36.365,37.406,-8.623,7.581
2021-07-07,1011010801,食用菌,26.099,36.232,0.866,-10.999
2021-07-08,1011010801,食用菌,34.071,34.761,-4.273,3.583
2021-07-09,1011010801,食用菌,26.496,33.424,-3.229,-3.699
2021-07-10,1011010801,食用菌,41.077,32.549,10.917,-2.389
2021-07-11,1011010801,食用菌,38.382,32.269,6.26,-0.147
2021-07-12,1011010801,食用菌,24.08,32.715,-1.351,-7.284
2021-07-13,1011010801,食用菌,18.59,33.552,-8.43,-6.533
2021-07-14,1011010801,食用菌,43.512,34.444,1.509,7.559
2021-07-15,1011010801,食用菌,29.008,35.348,-4.162,-2.178
2021-07-16,1011010801,食用菌,47.644,36.157,-3.356,14.843
2021-07-17,1011010801,食用菌,46.115,36.797,8.056,1.262
2021-07-18,1011010801,食用菌,43.166,37.062,5.22,0.884
2021-07-19,1011010801,食用菌,40.629,36.729,-0.207,4.107
2021-07-20,1011010801,食用菌,27.025,35.923,-7.669,-1.229
2021-07-21,1011010801,食用菌,36.536,34.953,2.901,-1.317
2021-07-22,1011010801,食用菌,31.031,34.048,-3.938,0.921
2021-07-23,1011010801,食用菌,28.61,33.382,-2.833,-1.94
2021-07-24,1011010801,食用菌,35.038,32.826,5.726,-3.514
2021-07-25,1011010801,食用菌,36.532,32.414,4.478,-0.36
2021-07-26,1011010801,食用菌,30.861,32.336,0.315,-1.79
2021-07-27,1011010801,食用菌,29.008,32.663,-6.807,3.152
2021-07-28,1011010801,食用菌,35.805,33.555,1.711,0.538
2021-07-29,1011010801,食用菌,26.28,35.101,-1.841,-6.98
2021-07-30,1011010801,食用菌,28.865,37.135,-2.396,-5.874
2021-07-31,1011010801,食用菌,44.567,39.488,6.122,-1.044
2021-08-01,1011010801,食用菌,42.984,41.922,4.771,-3.709
2021-08-02,1011010801,食用菌,57.648,44.17,-2.307,15.785
2021-08-03,1011010801,食用菌,42.284,46.239,-5.58,1.625
2021-08-04,1011010801,食用菌,50.028,47.997,-1.803,3.834
2021-08-05,1011010801,食用菌,58.355,49.226,-1.507,10.636
2021-08-06,1011010801,食用菌,51.397,49.908,-1.437,2.926
2021-08-07,1011010801,食用菌,53.974,50.169,10.237,-6.432
2021-08-08,1011010801,食用菌,57.351,50.313,6.099,0.939
2021-08-09,1011010801,食用菌,41.987,50.669,-5.401,-3.281
2021-08-10,1011010801,食用菌,39.23,51.107,-4.687,-7.19
2021-08-11,1011010801,食用菌,44.244,51.605,-6.204,-1.157
2021-08-12,1011010801,食用菌,53.217,52.284,-2.023,2.956
2021-08-13,1011010801,食用菌,57.871,52.893,0.058,4.921
2021-08-14,1011010801,食用菌,74.363,53.063,14.379,6.921
2021-08-15,1011010801,食用菌,61.545,52.716,8.924,-0.094
2021-08-16,1011010801,食用菌,41.091,52.025,-7.977,-2.957
2021-08-17,1011010801,食用菌,57.879,51.164,-5.381,12.096
2021-08-18,1011010801,食用菌,38.636,50.291,-10.335,-1.32
2021-08-19,1011010801,食用菌,35.688,49.469,-3.943,-9.838
2021-08-20,1011010801,食用菌,42.358,48.76,0.432,-6.835
2021-08-21,1011010801,食用菌,70.575,48.399,17.592,4.584
2021-08-22,1011010801,食用菌,60.822,48.531,12.229,0.061
2021-08-23,1011010801,食用菌,40.53,49.047,-8.681,0.164
2021-08-24,1011010801,食用菌,43.365,49.733,-5.454,-0.914
2021-08-25,1011010801,食用菌,34.177,50.371,-9.952,-6.241
2021-08-26,1011010801,食用菌,49.747,50.822,-6.957,5.882
2021-08-27,1011010801,食用菌,61.288,51.255,-2.346,12.379
2021-08-28,1011010801,食用菌,61.493,51.64,19.272,-9.419
2021-08-29,1011010801,食用菌,65.999,51.88,15.094,-0.975
2021-08-30,1011010801,食用菌,47.989,52.149,-9.104,4.944
2021-08-31,1011010801,食用菌,42.531,52.44,-6.301,-3.608
2021-09-01,1011010801,食用菌,61.883,52.594,-8.543,17.832
2021-09-02,1011010801,食用菌,40.494,52.696,-6.258,-5.944
2021-09-03,1011010801,食用菌,46.246,52.617,-4.085,-2.287
2021-09-04,1011010801,食用菌,78.639,52.175,17.267,9.197
2021-09-05,1011010801,食用菌,74.857,51.478,16.473,6.906
2021-09-06,1011010801,食用菌,37.744,50.65,-9.999,-2.907
2021-09-07,1011010801,食用菌,44.438,49.626,-6.631,1.443
2021-09-08,1011010801,食用菌,42.227,48.487,-5.128,-1.132
2021-09-09,1011010801,食用菌,42.562,47.115,-4.208,-0.345
2021-09-10,1011010801,食用菌,35.582,45.643,-4.115,-5.946
2021-09-11,1011010801,食用菌,62.394,44.326,15.14,2.928
2021-09-12,1011010801,食用菌,57.278,43.084,13.144,1.05
2021-09-13,1011010801,食用菌,31.415,41.751,-11.806,1.47
2021-09-14,1011010801,食用菌,35.185,40.334,-5.844,0.694
2021-09-15,1011010801,食用菌,35.282,38.709,-2.419,-1.008
2021-09-16,1011010801,食用菌,38.913,36.975,-2.372,4.311
2021-09-17,1011010801,食用菌,33.651,36.234,-0.268,-2.315
2021-09-18,1011010801,食用菌,41.645,36.134,11.415,-5.904
2021-09-19,1011010801,食用菌,114.069,35.767,8.824,69.478
2021-09-20,1011010801,食用菌,92.511,35.09,-11.394,68.815
2021-09-21,1011010801,食用菌,81.535,34.227,-6.049,53.357
2021-09-22,1011010801,食用菌,36.948,33.556,-0.709,4.101
2021-09-23,1011010801,食用菌,33.642,33.414,-1.403,1.631
2021-09-24,1011010801,食用菌,40.365,32.598,5.28,2.486
2021-09-25,1011010801,食用菌,38.452,30.692,6.854,0.906
2021-09-26,1011010801,食用菌,27.192,29.324,4.554,-6.686
2021-09-27,1011010801,食用菌,12.762,28.657,-10.876,-5.019
2021-09-28,1011010801,食用菌,21.671,28.618,-6.93,-0.017
2021-09-29,1011010801,食用菌,15.119,29.329,0.644,-14.854
2021-09-30,1011010801,食用菌,22.234,30.789,-3.467,-5.089
2021-10-01,1011010801,食用菌,46.796,33.051,8.154,5.592
2021-10-02,1011010801,食用菌,38.088,35.906,11.003,-8.821
2021-10-03,1011010801,食用菌,43.27,38.887,5.491,-1.109
2021-10-04,1011010801,食用菌,38.497,41.947,-12.35,8.9
2021-10-05,1011010801,食用菌,33.577,44.721,-8.128,-3.016
2021-10-06,1011010801,食用菌,55.723,46.168,-0.872,10.427
2021-10-07,1011010801,食用菌,45.794,46.598,-7.151,6.347
2021-10-08,1011010801,食用菌,51.084,46.725,4.494,-0.135
2021-10-09,1011010801,食用菌,33.34,46.455,18.117,-31.232
2021-10-10,1011010801,食用菌,78.847,45.748,9.978,23.121
2021-10-11,1011010801,食用菌,26.96,45.014,-12.727,-5.327
2021-10-12,1011010801,食用菌,38.769,44.392,-9.106,3.482
2021-10-13,1011010801,食用菌,39.51,44.067,-2.801,-1.756
2021-10-14,1011010801,食用菌,28.438,44.19,-9.993,-5.759
2021-10-15,1011010801,食用菌,84.89,44.572,-0.37,40.688
2021-10-16,1011010801,食用菌,73.514,45.053,25.579,2.882
2021-10-17,1011010801,食用菌,65.816,45.616,13.273,6.927
2021-10-18,1011010801,食用菌,30.066,46.319,-12.673,-3.58
2021-10-19,1011010801,食用菌,32.2,47.056,-8.294,-6.563
2021-10-20,1011010801,食用菌,41.952,47.707,-8.049,2.294
2021-10-21,1011010801,食用菌,38.753,48.404,-11.822,2.172
2021-10-22,1011010801,食用菌,40.039,49.069,-4.545,-4.485
2021-10-23,1011010801,食用菌,87.828,49.567,31.154,7.107
2021-10-24,1011010801,食用菌,55.632,49.973,16.268,-10.609
2021-10-25,1011010801,食用菌,46.731,50.279,-11.969,8.42
2021-10-26,1011010801,食用菌,48.637,50.65,-8.627,6.614
2021-10-27,1011010801,食用菌,35.369,51.152,-11.072,-4.71
2021-10-28,1011010801,食用菌,31.659,51.707,-10.756,-9.293
2021-10-29,1011010801,食用菌,47.926,52.309,-5.111,0.728
2021-10-30,1011010801,食用菌,79.731,53.394,29.218,-2.881
2021-10-31,1011010801,食用菌,75.305,55.159,16.714,3.432
2021-11-01,1011010801,食用菌,40.999,57.791,-10.37,-6.422
2021-11-02,1011010801,食用菌,49.667,60.66,-9.159,-1.833
2021-11-03,1011010801,食用菌,82.957,62.206,-11.556,32.308
2021-11-04,1011010801,食用菌,61.122,62.688,-10.466,8.9
2021-11-05,1011010801,食用菌,104.608,63.115,-4.443,45.935
2021-11-06,1011010801,食用菌,128.993,63.788,29.999,35.206
2021-11-07,1011010801,食用菌,155.029,64.786,17.985,72.258
2021-11-08,1011010801,食用菌,58.558,65.128,-11.57,5.0
2021-11-09,1011010801,食用菌,52.288,63.827,-10.676,-0.863
2021-11-10,1011010801,食用菌,48.096,61.682,-10.961,-2.625
2021-11-11,1011010801,食用菌,47.256,59.246,-10.073,-1.917
2021-11-12,1011010801,食用菌,55.136,57.023,-4.713,2.826
2021-11-13,1011010801,食用菌,57.321,55.089,30.237,-28.005
2021-11-14,1011010801,食用菌,71.072,53.229,19.235,-1.392
2021-11-15,1011010801,食用菌,36.29,51.397,-12.448,-2.659
2021-11-16,1011010801,食用菌,36.306,49.524,-11.297,-1.92
2021-11-17,1011010801,食用菌,44.368,47.587,-9.945,6.726
2021-11-18,1011010801,食用菌,35.182,45.718,-12.735,2.199
2021-11-19,1011010801,食用菌,35.174,43.943,-5.543,-3.225
2021-11-20,1011010801,食用菌,73.711,42.175,32.295,-0.759
2021-11-21,1011010801,食用菌,102.367,40.294,22.523,39.55
2021-11-22,1011010801,食用菌,24.416,38.287,-13.465,-0.406
2021-11-23,1011010801,食用菌,24.705,36.397,-12.132,0.44
2021-11-24,1011010801,食用菌,22.259,35.11,-11.618,-1.233
2021-11-25,1011010801,食用菌,17.266,34.637,-17.327,-0.044
2021-11-26,1011010801,食用菌,23.644,34.768,-6.304,-4.819
2021-11-27,1011010801,食用菌,45.646,35.377,36.841,-26.571
2021-11-28,1011010801,食用菌,56.96,36.466,29.766,-9.272
2021-11-29,1011010801,食用菌,20.934,38.095,-14.24,-2.921
2021-11-30,1011010801,食用菌,30.467,40.395,-15.418,5.49
2021-12-01,1011010801,食用菌,24.864,43.353,-13.719,-4.771
2021-12-02,1011010801,食用菌,20.085,46.678,-21.281,-5.312
2021-12-03,1011010801,食用菌,54.498,49.893,-7.694,12.3
2021-12-04,1011010801,食用菌,92.695,52.879,40.724,-0.908
2021-12-05,1011010801,食用菌,100.244,55.679,35.347,9.218
2021-12-06,1011010801,食用菌,45.511,58.498,-14.16,1.173
2021-12-07,1011010801,食用菌,36.621,61.246,-17.677,-6.948
2021-12-08,1011010801,食用菌,48.246,63.676,-15.499,0.069
2021-12-09,1011010801,食用菌,42.728,66.149,-23.983,0.562
2021-12-10,1011010801,食用菌,55.263,68.669,-7.084,-6.322
2021-12-11,1011010801,食用菌,121.635,70.439,42.186,9.01
2021-12-12,1011010801,食用菌,80.302,71.898,38.837,-30.433
2021-12-13,1011010801,食用菌,92.884,73.352,-14.145,33.677
2021-12-14,1011010801,食用菌,103.516,74.781,-19.019,47.754
2021-12-15,1011010801,食用菌,65.028,76.21,-17.051,5.869
2021-12-16,1011010801,食用菌,51.856,77.299,-23.766,-1.677
2021-12-17,1011010801,食用菌,69.729,77.042,-6.337,-0.976
2021-12-18,1011010801,食用菌,114.017,75.977,40.087,-2.047
2021-12-19,1011010801,食用菌,118.836,74.697,39.637,4.502
2021-12-20,1011010801,食用菌,60.872,73.296,-13.384,0.96
2021-12-21,1011010801,食用菌,54.261,71.601,-18.764,1.425
2021-12-22,1011010801,食用菌,50.263,69.512,-19.419,0.17
2021-12-23,1011010801,食用菌,47.43,67.184,-22.897,3.143
2021-12-24,1011010801,食用菌,63.86,64.694,-0.795,-0.039
2021-12-25,1011010801,食用菌,137.522,62.129,38.559,36.833
2021-12-26,1011010801,食用菌,92.322,59.603,34.525,-1.806
2021-12-27,1011010801,食用菌,41.642,57.23,-12.231,-3.357
2021-12-28,1011010801,食用菌,39.004,55.237,-18.706,2.473
2021-12-29,1011010801,食用菌,28.395,54.312,-20.523,-5.394
2021-12-30,1011010801,食用菌,31.745,54.668,-20.315,-2.608
2021-12-31,1011010801,食用菌,88.954,55.573,2.768,30.614
2022-01-01,1011010801,食用菌,90.656,56.414,39.347,-5.105
2022-01-02,1011010801,食用菌,59.918,57.547,27.405,-25.034
2022-01-03,1011010801,食用菌,59.045,59.094,-12.414,12.365
2022-01-04,1011010801,食用菌,63.48,60.89,-21.004,23.595
2022-01-05,1011010801,食用菌,40.437,62.574,-17.001,-5.135
2022-01-06,1011010801,食用菌,44.393,63.616,-16.039,-3.184
2022-01-07,1011010801,食用菌,78.764,63.742,4.542,10.479
2022-01-08,1011010801,食用菌,112.412,63.031,36.964,12.417
2022-01-09,1011010801,食用菌,84.804,62.097,21.245,1.462
2022-01-10,1011010801,食用菌,46.232,60.965,-12.417,-2.316
2022-01-11,1011010801,食用菌,33.489,59.196,-23.529,-2.178
2022-01-12,1011010801,食用菌,46.619,57.008,-9.072,-1.317
2022-01-13,1011010801,食用菌,48.916,56.494,-13.134,5.556
2022-01-14,1011010801,食用菌,53.083,57.396,5.292,-9.605
2022-01-15,1011010801,食用菌,49.827,58.709,32.535,-41.417
2022-01-16,1011010801,食用菌,55.987,60.393,16.336,-20.742
2022-01-17,1011010801,食用菌,29.229,61.942,-12.718,-19.995
2022-01-18,1011010801,食用菌,38.752,63.382,-24.613,-0.017
2022-01-19,1011010801,食用菌,72.068,65.367,0.471,6.229
2022-01-20,1011010801,食用菌,78.146,68.296,-12.526,22.376
2022-01-21,1011010801,食用菌,77.103,71.171,1.592,4.34
2022-01-22,1011010801,食用菌,97.945,73.624,29.066,-4.746
2022-01-23,1011010801,食用菌,89.483,75.652,15.858,-2.026
2022-01-24,1011010801,食用菌,68.443,77.362,-10.916,1.997
2022-01-25,1011010801,食用菌,83.043,79.07,-22.486,26.459
2022-01-26,1011010801,食用菌,87.094,79.978,2.332,4.784
2022-01-27,1011010801,食用菌,66.621,78.234,-13.085,1.472
2022-01-28,1011010801,食用菌,144.04,76.022,-1.126,69.145
2022-01-29,1011010801,食用菌,195.987,74.076,26.098,95.813
2022-01-30,1011010801,食用菌,153.261,72.373,16.727,64.161
2022-01-31,1011010801,食用菌,0.0,70.455,-7.281,-63.174
2022-02-01,1011010801,食用菌,46.534,67.914,-19.456,-1.923
2022-02-02,1011010801,食用菌,104.522,65.062,-1.069,40.529
2022-02-03,1011010801,食用菌,46.152,65.098,-13.9,-5.046
2022-02-04,1011010801,食用菌,62.232,65.527,-2.347,-0.948
2022-02-05,1011010801,食用菌,94.217,65.14,25.514,3.563
2022-02-06,1011010801,食用菌,90.519,64.183,17.426,8.909
2022-02-07,1011010801,食用菌,89.43,62.85,-5.83,32.409
2022-02-08,1011010801,食用菌,48.124,61.002,-16.612,3.734
2022-02-09,1011010801,食用菌,54.398,58.85,-6.603,2.151
2022-02-10,1011010801,食用菌,45.478,56.213,-11.316,0.581
2022-02-11,1011010801,食用菌,44.35,52.909,-1.553,-7.006
2022-02-12,1011010801,食用菌,44.628,49.449,23.846,-28.667
2022-02-13,1011010801,食用菌,62.028,46.345,14.829,0.854
2022-02-14,1011010801,食用菌,43.618,43.427,-2.806,2.997
2022-02-15,1011010801,食用菌,54.996,40.519,-13.728,28.205
2022-02-16,1011010801,食用菌,19.235,37.66,-10.384,-8.041
2022-02-17,1011010801,食用菌,28.335,34.812,-7.496,1.019
2022-02-18,1011010801,食用菌,44.249,32.126,2.785,9.339
2022-02-19,1011010801,食用菌,49.453,29.989,20.517,-1.053
2022-02-20,1011010801,食用菌,29.076,28.578,10.443,-9.945
2022-02-21,1011010801,食用菌,11.197,27.732,-8.632,-7.903
2022-02-22,1011010801,食用菌,14.499,26.92,-10.251,-2.17
2022-02-23,1011010801,食用菌,16.979,26.113,-8.733,-0.402
2022-02-24,1011010801,食用菌,27.097,25.7,-4.917,6.314
2022-02-25,1011010801,食用菌,33.498,25.696,5.462,2.34
2022-02-26,1011010801,食用菌,44.56,25.692,16.472,2.396
2022-02-27,1011010801,食用菌,31.748,25.425,9.007,-2.683
2022-02-28,1011010801,食用菌,11.887,24.901,-10.407,-2.607
2022-03-01,1011010801,食用菌,18.112,24.35,-8.198,1.96
2022-03-02,1011010801,食用菌,17.916,23.909,-5.836,-0.157
2022-03-03,1011010801,食用菌,15.525,23.609,-4.11,-3.974
2022-03-04,1011010801,食用菌,28.908,23.432,3.707,1.769
2022-03-05,1011010801,食用菌,33.725,23.225,13.238,-2.738
2022-03-06,1011010801,食用菌,39.323,22.731,9.357,7.235
2022-03-07,1011010801,食用菌,12.626,21.912,-9.545,0.259
2022-03-08,1011010801,食用菌,14.096,20.958,-5.937,-0.926
2022-03-09,1011010801,食用菌,21.91,20.108,-4.229,6.031
2022-03-10,1011010801,食用菌,14.375,19.465,-5.626,0.535
2022-03-11,1011010801,食用菌,11.525,19.077,1.5,-9.052
2022-03-12,1011010801,食用菌,23.441,19.045,12.347,-7.95
2022-03-13,1011010801,食用菌,25.827,19.52,9.548,-3.241
2022-03-14,1011010801,食用菌,13.799,20.611,-7.459,0.647
2022-03-15,1011010801,食用菌,17.42,22.386,-4.126,-0.84
2022-03-16,1011010801,食用菌,17.088,24.691,-3.892,-3.712
2022-03-17,1011010801,食用菌,22.721,27.049,-6.737,2.409
2022-03-18,1011010801,食用菌,29.952,29.014,0.253,0.685
2022-03-19,1011010801,食用菌,49.829,30.495,11.473,7.861
2022-03-20,1011010801,食用菌,43.0,31.676,8.481,2.843
2022-03-21,1011010801,食用菌,28.074,32.464,-6.106,1.716
2022-03-22,1011010801,食用菌,31.656,32.587,-1.919,0.987
2022-03-23,1011010801,食用菌,28.279,32.069,-4.682,0.893
2022-03-24,1011010801,食用菌,18.106,31.222,-6.685,-6.431
2022-03-25,1011010801,食用菌,43.386,30.325,-1.214,14.275
2022-03-26,1011010801,食用菌,43.183,29.624,11.17,2.389
2022-03-27,1011010801,食用菌,24.078,28.95,9.378,-14.25
2022-03-28,1011010801,食用菌,21.238,28.222,-6.809,-0.175
2022-03-29,1011010801,食用菌,26.983,27.603,-0.515,-0.105
2022-03-30,1011010801,食用菌,22.45,27.246,-3.803,-0.993
2022-03-31,1011010801,食用菌,26.203,27.347,-7.207,6.063
2022-04-01,1011010801,食用菌,19.915,27.509,-1.1,-6.494
2022-04-02,1011010801,食用菌,30.03,27.227,9.214,-6.41
2022-04-03,1011010801,食用菌,46.766,26.617,9.485,10.664
2022-04-04,1011010801,食用菌,40.745,26.1,-7.011,21.656
2022-04-05,1011010801,食用菌,31.476,25.674,-1.56,7.363
2022-04-06,1011010801,食用菌,20.492,25.25,-1.005,-3.753
2022-04-07,1011010801,食用菌,14.881,24.726,-5.932,-3.913
2022-04-08,1011010801,食用菌,18.886,23.952,-1.229,-3.836
2022-04-09,1011010801,食用菌,35.619,23.415,5.424,6.78
2022-04-10,1011010801,食用菌,30.946,23.659,10.401,-3.114
2022-04-11,1011010801,食用菌,11.87,24.336,-5.85,-6.617
2022-04-12,1011010801,食用菌,16.859,25.203,-3.794,-4.549
2022-04-13,1011010801,食用菌,31.963,26.106,1.286,4.571
2022-04-14,1011010801,食用菌,21.589,27.039,-5.375,-0.074
2022-04-15,1011010801,食用菌,39.136,28.067,-0.627,11.695
2022-04-16,1011010801,食用菌,28.104,29.179,4.054,-5.129
2022-04-17,1011010801,食用菌,40.244,29.945,9.122,1.176
2022-04-18,1011010801,食用菌,28.667,30.113,-2.92,1.475
2022-04-19,1011010801,食用菌,23.736,29.791,-7.22,1.165
2022-04-20,1011010801,食用菌,33.394,29.211,2.713,1.471
2022-04-21,1011010801,食用菌,27.479,28.492,-6.161,5.148
2022-04-22,1011010801,食用菌,26.309,27.761,-0.306,-1.145
2022-04-23,1011010801,食用菌,27.473,26.931,3.734,-3.192
2022-04-24,1011010801,食用菌,32.921,26.134,7.731,-0.945
2022-04-25,1011010801,食用菌,28.121,25.544,3.608,-1.031
2022-04-26,1011010801,食用菌,13.139,25.243,-9.766,-2.338
2022-04-27,1011010801,食用菌,27.102,25.381,1.63,0.091
2022-04-28,1011010801,食用菌,16.357,25.901,-6.51,-3.034
2022-04-29,1011010801,食用菌,24.064,26.491,-2.006,-0.421
2022-04-30,1011010801,食用菌,34.151,26.908,4.856,2.387
2022-05-01,1011010801,食用菌,33.083,27.107,8.057,-2.081
2022-05-02,1011010801,食用菌,42.191,27.164,6.142,8.885
2022-05-03,1011010801,食用菌,18.375,27.184,-11.106,2.297
2022-05-04,1011010801,食用菌,27.071,27.173,-0.222,0.12
2022-05-05,1011010801,食用菌,16.992,26.923,-6.791,-3.141
2022-05-06,1011010801,食用菌,19.454,26.415,-2.733,-4.229
2022-05-07,1011010801,食用菌,34.837,25.871,8.012,0.954
2022-05-08,1011010801,食用菌,35.067,25.48,8.388,1.198
2022-05-09,1011010801,食用菌,34.581,25.249,4.002,5.329
2022-05-10,1011010801,食用菌,9.417,25.098,-10.763,-4.918
2022-05-11,1011010801,食用菌,20.87,24.839,-1.291,-2.678
2022-05-12,1011010801,食用菌,21.925,24.403,-6.14,3.662
2022-05-13,1011010801,食用菌,26.1,23.858,-3.254,5.496
2022-05-14,1011010801,食用菌,26.77,23.262,12.423,-8.916
2022-05-15,1011010801,食用菌,34.51,22.678,7.881,3.951
2022-05-16,1011010801,食用菌,18.527,22.189,-2.478,-1.185
2022-05-17,1011010801,食用菌,12.789,21.602,-8.617,-0.196
2022-05-18,1011010801,食用菌,20.598,20.904,-1.585,1.279
2022-05-19,1011010801,食用菌,13.195,20.28,-3.829,-3.256
2022-05-20,1011010801,食用菌,14.719,19.805,-3.76,-1.326
2022-05-21,1011010801,食用菌,43.484,19.534,15.358,8.593
2022-05-22,1011010801,食用菌,23.398,19.647,6.897,-3.146
2022-05-23,1011010801,食用菌,4.637,20.155,-8.582,-6.936
2022-05-24,1011010801,食用菌,14.041,20.923,-4.948,-1.934
2022-05-25,1011010801,食用菌,18.698,21.903,-1.051,-2.154
2022-05-26,1011010801,食用菌,21.185,23.261,-2.247,0.171
2022-05-27,1011010801,食用菌,19.308,25.157,-4.685,-1.164
2022-05-28,1011010801,食用菌,46.827,27.47,14.564,4.793
2022-05-29,1011010801,食用菌,33.517,29.846,7.043,-3.372
2022-05-30,1011010801,食用菌,16.585,31.77,-9.693,-5.491
2022-05-31,1011010801,食用菌,39.474,32.755,-3.759,10.479
2022-06-01,1011010801,食用菌,35.603,33.164,-1.887,4.327
2022-06-02,1011010801,食用菌,36.405,33.523,-1.784,4.666
2022-06-03,1011010801,食用菌,61.149,33.833,-4.418,31.734
2022-06-04,1011010801,食用菌,27.698,33.915,12.24,-18.456
2022-06-05,1011010801,食用菌,41.369,33.465,9.168,-1.264
2022-06-06,1011010801,食用菌,26.543,32.549,-6.775,0.768
2022-06-07,1011010801,食用菌,28.139,31.832,-5.014,1.321
2022-06-08,1011010801,食用菌,28.048,31.699,-3.794,0.142
2022-06-09,1011010801,食用菌,27.768,31.907,-2.124,-2.016
2022-06-10,1011010801,食用菌,27.152,32.012,-3.639,-1.222
2022-06-11,1011010801,食用菌,36.533,32.095,9.46,-5.021
2022-06-12,1011010801,食用菌,49.293,32.422,11.988,4.883
2022-06-13,1011010801,食用菌,35.014,33.104,-3.918,5.829
2022-06-14,1011010801,食用菌,16.266,33.979,-6.304,-11.409
2022-06-15,1011010801,食用菌,26.243,34.846,-5.512,-3.092
2022-06-16,1011010801,食用菌,32.228,35.525,-3.619,0.322
2022-06-17,1011010801,食用菌,36.568,35.976,-2.555,3.147
2022-06-18,1011010801,食用菌,50.206,36.279,8.889,5.038
2022-06-19,1011010801,食用菌,49.153,36.545,13.941,-1.334
2022-06-20,1011010801,食用菌,35.656,36.767,-4.233,3.122
2022-06-21,1011010801,食用菌,29.804,36.835,-5.893,-1.138
2022-06-22,1011010801,食用菌,28.097,36.739,-6.815,-1.827
2022-06-23,1011010801,食用菌,30.488,36.719,-5.837,-0.394
2022-06-24,1011010801,食用菌,29.265,37.06,-0.517,-7.278
2022-06-25,1011010801,食用菌,49.569,37.862,8.218,3.489
2022-06-26,1011010801,食用菌,54.309,39.032,14.939,0.339
2022-06-27,1011010801,食用菌,26.887,40.313,-5.698,-7.728
2022-06-28,1011010801,食用菌,39.702,41.443,-1.242,-0.499
2022-06-29,1011010801,食用菌,39.934,42.298,-7.087,4.724
2022-06-30,1011010801,食用菌,38.627,43.032,-9.201,4.796
2022-07-01,1011010801,食用菌,50.953,43.588,0.922,6.443
2022-07-02,1011010801,食用菌,45.704,43.952,5.63,-3.878
2022-07-03,1011010801,食用菌,42.18,44.131,17.219,-19.17
2022-07-04,1011010801,食用菌,36.688,44.288,-5.998,-1.602
2022-07-05,1011010801,食用菌,50.367,44.755,-0.888,6.5
2022-07-06,1011010801,食用菌,32.226,45.803,-6.664,-6.914
2022-07-07,1011010801,食用菌,29.189,47.578,-11.356,-7.034
2022-07-08,1011010801,食用菌,49.425,50.038,3.664,-4.277
2022-07-09,1011010801,食用菌,55.629,52.459,2.591,0.579
2022-07-10,1011010801,食用菌,80.418,54.643,17.941,7.834
2022-07-11,1011010801,食用菌,55.108,56.78,-3.688,2.017
2022-07-12,1011010801,食用菌,27.869,58.348,-2.45,-28.029
2022-07-13,1011010801,食用菌,63.603,59.058,-8.532,13.077
2022-07-14,1011010801,食用菌,44.709,59.095,-12.051,-2.335
2022-07-15,1011010801,食用菌,66.136,58.517,2.231,5.388
2022-07-16,1011010801,食用菌,89.471,57.462,7.112,24.896
2022-07-17,1011010801,食用菌,73.671,56.232,17.897,-0.458
2022-07-18,1011010801,食用菌,52.193,55.058,-0.691,-2.174
2022-07-19,1011010801,食用菌,44.352,54.297,-6.091,-3.854
2022-07-20,1011010801,食用菌,37.088,54.336,-8.604,-8.644
2022-07-21,1011010801,食用菌,43.486,55.257,-8.942,-2.829
2022-07-22,1011010801,食用菌,60.678,56.877,-3.14,6.94
2022-07-23,1011010801,食用菌,101.743,58.852,9.104,33.787
2022-07-24,1011010801,食用菌,67.64,60.967,18.034,-11.361
2022-07-25,1011010801,食用菌,66.315,63.173,1.56,1.582
2022-07-26,1011010801,食用菌,59.465,65.378,-9.767,3.854
2022-07-27,1011010801,食用菌,58.869,67.456,-8.339,-0.248
2022-07-28,1011010801,食用菌,69.521,69.384,-5.707,5.844
2022-07-29,1011010801,食用菌,52.634,71.172,-9.159,-9.378
2022-07-30,1011010801,食用菌,86.456,72.923,13.416,0.117
2022-07-31,1011010801,食用菌,98.219,74.574,17.727,5.918
2022-08-01,1011010801,食用菌,36.451,76.174,1.835,-41.558
2022-08-02,1011010801,食用菌,57.276,77.806,-7.779,-12.751
2022-08-03,1011010801,食用菌,76.332,79.405,-5.612,2.539
2022-08-04,1011010801,食用菌,81.526,80.921,-3.756,4.361
2022-08-05,1011010801,食用菌,66.543,82.119,-14.578,-0.998
2022-08-06,1011010801,食用菌,91.924,82.69,8.315,0.918
2022-08-07,1011010801,食用菌,105.113,82.219,18.788,4.106
2022-08-08,1011010801,食用菌,87.266,80.895,1.196,5.175
2022-08-09,1011010801,食用菌,77.1,79.225,-6.192,4.066
2022-08-10,1011010801,食用菌,39.034,77.565,-2.591,-35.94
2022-08-11,1011010801,食用菌,68.939,75.995,-6.069,-0.988
2022-08-12,1011010801,食用菌,60.39,74.313,-9.448,-4.474
2022-08-13,1011010801,食用菌,72.19,72.548,7.163,-7.521
2022-08-14,1011010801,食用菌,87.77,71.127,17.421,-0.778
2022-08-15,1011010801,食用菌,67.468,69.95,-2.947,0.465
2022-08-16,1011010801,食用菌,71.408,68.374,-6.381,9.416
2022-08-17,1011010801,食用菌,66.376,66.667,-1.968,1.677
2022-08-18,1011010801,食用菌,84.219,65.221,-7.112,26.11
2022-08-19,1011010801,食用菌,91.655,63.89,-2.219,29.984
2022-08-20,1011010801,食用菌,70.643,62.304,8.888,-0.549
2022-08-21,1011010801,食用菌,72.191,60.513,17.148,-5.469
2022-08-22,1011010801,食用菌,47.201,58.875,-8.025,-3.649
2022-08-23,1011010801,食用菌,48.094,57.882,-9.999,0.211
2022-08-24,1011010801,食用菌,59.056,57.284,-5.789,7.561
2022-08-25,1011010801,食用菌,43.528,56.555,-6.44,-6.586
2022-08-26,1011010801,食用菌,73.827,55.663,4.394,13.769
2022-08-27,1011010801,食用菌,68.656,55.044,13.972,-0.36
2022-08-28,1011010801,食用菌,71.953,54.663,19.531,-2.241
2022-08-29,1011010801,食用菌,74.182,54.494,-11.496,31.184
2022-08-30,1011010801,食用菌,33.987,54.645,-15.969,-4.69
2022-08-31,1011010801,食用菌,30.29,55.078,-11.459,-13.329
2022-09-01,1011010801,食用菌,58.419,55.626,-5.384,8.177
2022-09-02,1011010801,食用菌,61.119,56.528,9.298,-4.707
2022-09-03,1011010801,食用菌,77.887,57.862,18.512,1.513
2022-09-04,1011010801,食用菌,87.775,59.411,21.709,6.654
2022-09-05,1011010801,食用菌,47.452,60.925,-13.234,-0.238
2022-09-06,1011010801,食用菌,40.62,62.351,-17.906,-3.825
2022-09-07,1011010801,食用菌,44.356,63.807,-16.197,-3.254
2022-09-08,1011010801,食用菌,62.072,65.397,-5.546,2.222
2022-09-09,1011010801,食用菌,109.982,66.647,9.603,33.732
2022-09-10,1011010801,食用菌,114.942,67.212,23.184,24.546
2022-09-11,1011010801,食用菌,92.736,67.553,21.993,3.19
2022-09-12,1011010801,食用菌,98.587,68.043,-11.96,42.505
2022-09-13,1011010801,食用菌,68.334,68.501,-19.63,19.463
2022-09-14,1011010801,食用菌,53.107,68.156,-17.638,2.588
2022-09-15,1011010801,食用菌,56.663,67.014,-9.767,-0.584
2022-09-16,1011010801,食用菌,74.425,66.088,12.963,-4.626
2022-09-17,1011010801,食用菌,90.05,65.508,28.331,-3.789
2022-09-18,1011010801,食用菌,80.373,65.221,17.273,-2.12
2022-09-19,1011010801,食用菌,30.316,65.157,-10.637,-24.204
2022-09-20,1011010801,食用菌,47.235,65.35,-21.524,3.409
2022-09-21,1011010801,食用菌,46.791,65.783,-16.487,-2.505
2022-09-22,1011010801,食用菌,50.943,66.225,-17.821,2.538
2022-09-23,1011010801,食用菌,87.179,66.646,21.336,-0.803
2022-09-24,1011010801,食用菌,101.607,67.107,33.89,0.61
2022-09-25,1011010801,食用菌,118.404,67.649,11.841,38.914
2022-09-26,1011010801,食用菌,58.142,68.423,-9.093,-1.188
2022-09-27,1011010801,食用菌,37.499,69.795,-25.35,-6.947
2022-09-28,1011010801,食用菌,53.384,71.805,-18.086,-0.335
2022-09-29,1011010801,食用菌,44.333,74.494,-29.284,-0.876
2022-09-30,1011010801,食用菌,53.895,78.294,32.461,-56.86
2022-10-01,1011010801,食用菌,122.01,83.011,50.025,-11.025
2022-10-02,1011010801,食用菌,91.23,87.938,6.29,-2.998
2022-10-03,1011010801,食用菌,82.323,92.745,-12.71,2.288
2022-10-04,1011010801,食用菌,117.054,97.236,-29.974,49.792
2022-10-05,1011010801,食用菌,88.379,101.715,-23.087,9.751
2022-10-06,1011010801,食用菌,185.198,106.171,-39.304,118.332
2022-10-07,1011010801,食用菌,154.165,110.269,43.017,0.879
2022-10-08,1011010801,食用菌,108.094,113.699,69.16,-74.765
2022-10-09,1011010801,食用菌,121.547,116.042,6.54,-1.035
2022-10-10,1011010801,食用菌,103.327,117.676,-20.298,5.949
2022-10-11,1011010801,食用菌,89.443,119.691,-33.772,3.524
2022-10-12,1011010801,食用菌,82.773,122.187,-25.719,-13.695
2022-10-13,1011010801,食用菌,70.046,124.624,-46.57,-8.008
2022-10-14,1011010801,食用菌,65.579,126.611,38.395,-99.427
2022-10-15,1011010801,食用菌,223.125,128.256,86.433,8.436
2022-10-16,1011010801,食用菌,209.72,130.084,12.866,66.771
2022-10-17,1011010801,食用菌,104.537,132.246,-30.806,3.097
2022-10-18,1011010801,食用菌,156.31,133.896,-36.303,58.717
2022-10-19,1011010801,食用菌,105.856,134.232,-29.465,1.089
2022-10-20,1011010801,食用菌,88.041,133.595,-46.452,0.898
2022-10-21,1011010801,食用菌,290.383,132.821,33.015,124.547
2022-10-22,1011010801,食用菌,157.648,132.157,102.604,-77.112
2022-10-23,1011010801,食用菌,152.181,131.791,19.298,1.091
2022-10-24,1011010801,食用菌,85.05,131.744,-38.129,-8.565
2022-10-25,1011010801,食用菌,89.459,131.896,-40.442,-1.995
2022-10-26,1011010801,食用菌,104.795,132.694,-27.862,-0.037
2022-10-27,1011010801,食用菌,116.582,134.074,-51.975,34.482
2022-10-28,1011010801,食用菌,164.567,135.506,28.536,0.525
2022-10-29,1011010801,食用菌,249.276,136.974,110.285,2.017
2022-10-30,1011010801,食用菌,197.429,138.353,27.069,32.007
2022-10-31,1011010801,食用菌,62.844,138.626,-41.621,-34.161
2022-11-01,1011010801,食用菌,96.659,137.173,-42.982,2.468
2022-11-02,1011010801,食用菌,0.0,135.989,-34.933,-101.056
2022-11-03,1011010801,食用菌,120.855,135.127,-52.653,38.381
2022-11-04,1011010801,食用菌,0.0,134.187,27.741,-161.929
2022-11-05,1011010801,食用菌,176.843,132.674,116.069,-71.9
2022-11-06,1011010801,食用菌,165.482,131.09,33.679,0.713
2022-11-07,1011010801,食用菌,86.0,129.898,-43.278,-0.621
2022-11-08,1011010801,食用菌,82.087,130.549,-41.898,-6.565
2022-11-09,1011010801,食用菌,68.901,131.88,-37.566,-25.413
2022-11-10,1011010801,食用菌,74.627,133.237,-58.002,-0.607
2022-11-11,1011010801,食用菌,163.552,134.492,25.85,3.21
2022-11-12,1011010801,食用菌,257.066,135.672,120.439,0.956
2022-11-13,1011010801,食用菌,206.762,136.753,33.562,36.446
2022-11-14,1011010801,食用菌,99.074,137.461,-39.293,0.907
2022-11-15,1011010801,食用菌,102.92,137.61,-40.412,5.722
2022-11-16,1011010801,食用菌,92.695,137.356,-43.37,-1.291
2022-11-17,1011010801,食用菌,90.18,135.613,-51.024,5.59
2022-11-18,1011010801,食用菌,153.087,129.909,22.236,0.942
2022-11-19,1011010801,食用菌,440.93,123.4,120.779,196.75
2022-11-20,1011010801,食用菌,156.828,117.323,3.169,36.336
2022-11-21,1011010801,食用菌,343.02,111.112,-5.398,237.306
2022-11-22,1011010801,食用菌,36.489,104.566,-36.712,-31.365
2022-11-23,1011010801,食用菌,68.562,97.314,-35.057,6.305
2022-11-24,1011010801,食用菌,43.262,88.943,-42.626,-3.054
2022-11-25,1011010801,食用菌,32.969,79.466,11.581,-58.078
2022-11-26,1011010801,食用菌,57.284,70.255,91.402,-104.373
2022-11-27,1011010801,食用菌,8.596,61.349,-24.748,-28.005
2022-11-28,1011010801,食用菌,3.012,53.213,23.326,-73.527
2022-11-29,1011010801,食用菌,8.283,45.975,-30.291,-7.401
2022-11-30,1011010801,食用菌,0.0,38.855,-26.685,-12.17
2022-12-01,1011010801,食用菌,0.0,40.884,-37.188,-3.697
2022-12-02,1011010801,食用菌,0.0,46.198,-3.197,-43.001
2022-12-03,1011010801,食用菌,0.0,51.75,85.616,-137.367
2022-12-04,1011010801,食用菌,30.0,57.635,-28.187,0.552
2022-12-05,1011010801,食用菌,114.0,63.689,49.689,0.622
2022-12-06,1011010801,食用菌,98.62,70.061,-28.477,57.036
2022-12-07,1011010801,食用菌,124.352,76.39,-19.394,67.356
2022-12-08,1011010801,食用菌,82.678,82.414,-31.159,31.423
2022-12-09,1011010801,食用菌,71.484,88.113,-16.339,-0.29
2022-12-10,1011010801,食用菌,149.336,93.775,53.773,1.788
2022-12-11,1011010801,食用菌,144.333,99.266,-6.799,51.866
2022-12-12,1011010801,食用菌,85.722,103.719,30.65,-48.646
2022-12-13,1011010801,食用菌,91.195,107.214,-21.25,5.231
2022-12-14,1011010801,食用菌,102.181,110.413,-10.58,2.348
2022-12-15,1011010801,食用菌,94.034,113.427,-23.686,4.293
2022-12-16,1011010801,食用菌,150.689,115.806,-8.067,42.95
2022-12-17,1011010801,食用菌,142.647,117.399,31.472,-6.224
2022-12-18,1011010801,食用菌,131.36,118.585,12.383,0.392
2022-12-19,1011010801,食用菌,86.269,119.541,9.983,-43.256
2022-12-20,1011010801,食用菌,103.847,120.569,-19.183,2.461
2022-12-21,1011010801,食用菌,128.851,121.706,-5.868,13.013
2022-12-22,1011010801,食用菌,99.983,122.873,-15.895,-6.995
2022-12-23,1011010801,食用菌,92.544,123.897,-0.957,-30.396
2022-12-24,1011010801,食用菌,139.067,124.576,17.045,-2.554
2022-12-25,1011010801,食用菌,160.777,124.99,30.565,5.221
2022-12-26,1011010801,食用菌,115.933,125.391,-9.178,-0.28
2022-12-27,1011010801,食用菌,102.06,125.808,-21.012,-2.736
2022-12-28,1011010801,食用菌,119.913,125.826,-9.067,3.154
2022-12-29,1011010801,食用菌,123.439,124.542,-8.946,7.843
2022-12-30,1011010801,食用菌,131.883,122.212,10.863,-1.192
2022-12-31,1011010801,食用菌,178.021,119.596,7.87,50.555
2023-01-01,1011010801,食用菌,159.047,117.136,33.222,8.689
2023-01-02,1011010801,食用菌,132.934,114.706,-10.99,29.218
2023-01-03,1011010801,食用菌,86.599,112.104,-19.054,-6.451
2023-01-04,1011010801,食用菌,88.495,109.891,-17.985,-3.411
2023-01-05,1011010801,食用菌,101.317,108.744,-0.886,-6.542
2023-01-06,1011010801,食用菌,115.083,108.958,9.372,-3.247
2023-01-07,1011010801,食用菌,108.037,110.341,0.678,-2.982
2023-01-08,1011010801,食用菌,115.9,112.675,29.427,-26.201
2023-01-09,1011010801,食用菌,100.363,116.756,-16.485,0.092
2023-01-10,1011010801,食用菌,102.017,124.396,-17.079,-5.3
2023-01-11,1011010801,食用菌,88.976,131.88,-14.207,-28.697
2023-01-12,1011010801,食用菌,87.742,138.985,9.751,-60.994
2023-01-13,1011010801,食用菌,123.264,146.436,24.072,-47.244
2023-01-14,1011010801,食用菌,204.679,154.47,0.883,49.326
2023-01-15,1011010801,食用菌,179.148,162.758,16.887,-0.497
2023-01-16,1011010801,食用菌,144.546,169.612,-23.513,-1.554
2023-01-17,1011010801,食用菌,166.406,175.659,-19.564,10.311
2023-01-18,1011010801,食用菌,212.899,174.371,-17.05,55.578
2023-01-19,1011010801,食用菌,386.359,174.839,14.035,197.485
2023-01-20,1011010801,食用菌,456.255,176.104,31.412,248.739
2023-01-21,1011010801,食用菌,0.0,177.588,2.784,-180.372
2023-01-22,1011010801,食用菌,91.901,178.816,12.198,-99.113
2023-01-23,1011010801,食用菌,146.538,179.487,-29.234,-3.715
2023-01-24,1011010801,食用菌,48.517,178.815,-25.428,-104.87
2023-01-25,1011010801,食用菌,165.671,176.226,-17.87,7.315
2023-01-26,1011010801,食用菌,204.906,171.463,27.624,5.818
2023-01-27,1011010801,食用菌,215.811,165.187,44.697,5.926
2023-01-28,1011010801,食用菌,163.237,157.914,1.547,3.776
2023-01-29,1011010801,食用菌,122.262,149.792,10.656,-38.186
2023-01-30,1011010801,食用菌,113.826,141.241,-27.942,0.527
2023-01-31,1011010801,食用菌,104.426,133.166,-27.094,-1.646
2023-02-01,1011010801,食用菌,92.321,125.586,-19.76,-13.505
2023-02-02,1011010801,食用菌,125.853,118.488,11.645,-4.279
2023-02-03,1011010801,食用菌,125.441,112.29,30.263,-17.112
2023-02-04,1011010801,食用菌,126.55,107.037,19.384,0.129
2023-02-05,1011010801,食用菌,112.777,102.37,11.708,-1.301
2023-02-06,1011010801,食用菌,79.476,98.546,-22.182,3.112
2023-02-07,1011010801,食用菌,63.807,95.745,-26.228,-5.709
2023-02-08,1011010801,食用菌,75.372,93.74,-18.446,0.078
2023-02-09,1011010801,食用菌,88.67,92.756,0.414,-4.5
2023-02-10,1011010801,食用菌,103.7,92.108,19.5,-7.908
2023-02-11,1011010801,食用菌,143.531,91.313,29.595,22.623
2023-02-12,1011010801,食用菌,109.179,90.789,15.742,2.648
2023-02-13,1011010801,食用菌,103.147,90.8,-19.069,31.416
2023-02-14,1011010801,食用菌,75.069,91.08,-24.102,8.092
2023-02-15,1011010801,食用菌,72.725,91.355,-15.113,-3.517
2023-02-16,1011010801,食用菌,74.701,91.036,-6.47,-9.865
2023-02-17,1011010801,食用菌,104.876,89.978,11.327,3.571
2023-02-18,1011010801,食用菌,134.317,88.824,35.372,10.121
2023-02-19,1011010801,食用菌,105.097,87.714,15.432,1.951
2023-02-20,1011010801,食用菌,66.776,86.569,-17.946,-1.847
2023-02-21,1011010801,食用菌,55.615,85.32,-20.49,-9.216
2023-02-22,1011010801,食用菌,74.474,83.9,-11.264,1.838
2023-02-23,1011010801,食用菌,77.906,82.478,-12.399,7.827
2023-02-24,1011010801,食用菌,83.785,81.441,8.463,-6.119
2023-02-25,1011010801,食用菌,115.867,80.866,37.503,-2.502
2023-02-26,1011010801,食用菌,92.628,80.551,15.537,-3.46
2023-02-27,1011010801,食用菌,65.006,80.093,-18.676,3.59
2023-02-28,1011010801,食用菌,61.482,79.323,-15.226,-2.615
2023-03-01,1011010801,食用菌,73.717,78.544,-8.477,3.65
2023-03-02,1011010801,食用菌,62.87,78.02,-17.713,2.564
2023-03-03,1011010801,食用菌,90.386,77.515,4.193,8.678
2023-03-04,1011010801,食用菌,105.25,76.774,37.491,-9.015
2023-03-05,1011010801,食用菌,86.307,75.738,19.023,-8.454
2023-03-06,1011010801,食用菌,54.979,74.744,-20.497,0.732
2023-03-07,1011010801,食用菌,71.957,74.174,-13.52,11.302
2023-03-08,1011010801,食用菌,65.41,74.219,-7.287,-1.522
2023-03-09,1011010801,食用菌,44.888,74.921,-22.946,-7.088
2023-03-10,1011010801,食用菌,71.433,76.2,3.726,-8.493
2023-03-11,1011010801,食用菌,116.774,77.739,41.399,-2.364
2023-03-12,1011010801,食用菌,109.272,79.843,22.247,7.182
2023-03-13,1011010801,食用菌,55.527,82.693,-22.723,-4.444
2023-03-14,1011010801,食用菌,46.835,85.75,-13.682,-25.233
2023-03-15,1011010801,食用菌,81.886,88.657,-8.754,1.983
2023-03-16,1011010801,食用菌,89.875,91.196,-27.856,26.535
2023-03-17,1011010801,食用菌,136.726,93.385,3.322,40.019
2023-03-18,1011010801,食用菌,147.687,95.436,51.08,1.171
2023-03-19,1011010801,食用菌,127.629,97.332,23.8,6.497
2023-03-20,1011010801,食用菌,75.439,98.496,-24.243,1.186
2023-03-21,1011010801,食用菌,80.883,99.059,-14.702,-3.474
2023-03-22,1011010801,食用菌,89.191,99.107,-9.458,-0.458
2023-03-23,1011010801,食用菌,70.785,98.836,-28.931,0.88
2023-03-24,1011010801,食用菌,105.586,98.383,4.829,2.374
2023-03-25,1011010801,食用菌,114.197,97.811,48.064,-31.679
2023-03-26,1011010801,食用菌,120.223,97.304,21.443,1.477
2023-03-27,1011010801,食用菌,74.574,96.781,-23.651,1.445
2023-03-28,1011010801,食用菌,79.756,96.128,-13.902,-2.471
2023-03-29,1011010801,食用菌,86.112,95.468,-9.595,0.239
2023-03-30,1011010801,食用菌,63.924,95.169,-25.8,-5.445
2023-03-31,1011010801,食用菌,104.745,95.278,7.158,2.309
2023-04-01,1011010801,食用菌,101.324,95.273,47.154,-41.103
2023-04-02,1011010801,食用菌,109.447,94.374,15.938,-0.865
2023-04-03,1011010801,食用菌,93.459,92.969,-24.718,25.208
2023-04-04,1011010801,食用菌,90.507,91.452,-10.917,9.972
2023-04-05,1011010801,食用菌,115.412,89.912,-10.378,35.878
2023-04-06,1011010801,食用菌,73.004,87.897,-22.516,7.623
2023-04-07,1011010801,食用菌,88.025,85.291,8.372,-5.638
2023-04-08,1011010801,食用菌,128.855,82.348,46.505,0.002
2023-04-09,1011010801,食用菌,83.908,79.336,12.065,-7.493
2023-04-10,1011010801,食用菌,51.773,76.76,-25.4,0.413
2023-04-11,1011010801,食用菌,62.405,74.811,-8.342,-4.064
2023-04-12,1011010801,食用菌,63.48,73.295,-11.157,1.342
2023-04-13,1011010801,食用菌,51.532,72.272,-19.121,-1.619
2023-04-14,1011010801,食用菌,83.023,71.62,8.987,2.415
2023-04-15,1011010801,食用菌,106.142,71.343,41.67,-6.871
2023-04-16,1011010801,食用菌,85.949,71.415,10.586,3.948
2023-04-17,1011010801,食用菌,39.145,71.772,-23.516,-9.111
2023-04-18,1011010801,食用菌,66.338,72.249,-8.422,2.51
2023-04-19,1011010801,食用菌,58.407,72.859,-10.386,-4.066
2023-04-20,1011010801,食用菌,55.919,73.633,-18.058,0.345
2023-04-21,1011010801,食用菌,89.492,74.606,6.637,8.249
2023-04-22,1011010801,食用菌,158.776,75.7,39.532,43.544
2023-04-23,1011010801,食用菌,81.715,76.838,11.621,-6.744
2023-04-24,1011010801,食用菌,60.294,77.951,-18.268,0.611
2023-04-25,1011010801,食用菌,68.882,78.992,-10.525,0.415
2023-04-26,1011010801,食用菌,45.674,79.973,-7.76,-26.539
2023-04-27,1011010801,食用菌,62.808,80.897,-19.057,0.968
2023-04-28,1011010801,食用菌,81.778,81.555,2.418,-2.195
2023-04-29,1011010801,食用菌,127.524,81.728,36.527,9.27
2023-04-30,1011010801,食用菌,97.254,81.259,15.532,0.463
2023-05-01,1011010801,食用菌,83.717,80.087,-13.561,17.191
2023-05-02,1011010801,食用菌,66.312,78.329,-12.695,0.677
2023-05-03,1011010801,食用菌,72.027,76.296,-6.532,2.263
2023-05-04,1011010801,食用菌,55.952,74.092,-20.163,2.023
2023-05-05,1011010801,食用菌,63.126,71.885,-2.019,-6.74
2023-05-06,1011010801,食用菌,99.697,70.035,33.374,-3.712
2023-05-07,1011010801,食用菌,115.423,68.777,20.591,26.056
2023-05-08,1011010801,食用菌,58.128,67.99,-8.467,-1.394
2023-05-09,1011010801,食用菌,49.033,67.514,-13.939,-4.543
2023-05-10,1011010801,食用菌,78.595,67.423,-6.864,18.036
2023-05-11,1011010801,食用菌,42.217,67.747,-19.726,-5.804
2023-05-12,1011010801,食用菌,67.921,68.143,-4.85,4.629
2023-05-13,1011010801,食用菌,95.606,68.465,26.931,0.21
2023-05-14,1011010801,食用菌,97.677,68.607,27.074,1.996
2023-05-15,1011010801,食用菌,61.585,68.372,-5.923,-0.864
2023-05-16,1011010801,食用菌,57.535,67.776,-14.568,4.327
2023-05-17,1011010801,食用菌,54.7,67.197,-10.744,-1.754
2023-05-18,1011010801,食用菌,49.756,66.663,-18.779,1.872
2023-05-19,1011010801,食用菌,60.947,66.194,-4.904,-0.343
2023-05-20,1011010801,食用菌,82.754,65.748,25.29,-8.283
2023-05-21,1011010801,食用菌,94.76,65.223,31.763,-2.226
2023-05-22,1011010801,食用菌,70.154,64.782,-6.915,12.287
2023-05-23,1011010801,食用菌,49.994,64.67,-14.025,-0.65
2023-05-24,1011010801,食用菌,47.818,64.744,-14.927,-1.999
2023-05-25,1011010801,食用菌,50.69,64.758,-17.177,3.109
2023-05-26,1011010801,食用菌,53.736,64.555,-4.192,-6.628
2023-05-27,1011010801,食用菌,91.754,64.15,26.844,0.76
2023-05-28,1011010801,食用菌,109.635,63.917,31.406,14.312
2023-05-29,1011010801,食用菌,53.849,64.002,-9.358,-0.795
2023-05-30,1011010801,食用菌,46.299,64.2,-12.17,-5.731
2023-05-31,1011010801,食用菌,46.711,64.345,-16.915,-0.718
2023-06-01,1011010801,食用菌,44.867,64.426,-16.231,-3.328
2023-06-02,1011010801,食用菌,68.385,64.374,-3.745,7.756
2023-06-03,1011010801,食用菌,94.541,64.389,30.967,-0.815
2023-06-04,1011010801,食用菌,95.926,64.413,28.934,2.579
2023-06-05,1011010801,食用菌,49.192,64.296,-13.782,-1.322
2023-06-06,1011010801,食用菌,56.608,63.898,-10.82,3.53
2023-06-07,1011010801,食用菌,44.446,63.194,-14.411,-4.337
2023-06-08,1011010801,食用菌,49.993,62.358,-17.322,4.956
2023-06-09,1011010801,食用菌,55.465,61.425,-1.448,-4.512
2023-06-10,1011010801,食用菌,98.844,60.301,34.793,3.751
2023-06-11,1011010801,食用菌,79.626,59.231,18.016,2.379
2023-06-12,1011010801,食用菌,36.154,58.383,-14.761,-7.468
2023-06-13,1011010801,食用菌,54.24,57.895,-11.59,7.935
2023-06-14,1011010801,食用菌,43.778,57.629,-7.769,-6.082
2023-06-15,1011010801,食用菌,34.886,57.407,-11.701,-10.82
2023-06-16,1011010801,食用菌,58.503,57.286,-2.04,3.258
2023-06-17,1011010801,食用菌,93.35,57.462,38.08,-2.193
2023-06-18,1011010801,食用菌,72.039,57.886,4.636,9.518
2023-06-19,1011010801,食用菌,43.293,58.255,-15.274,0.312
2023-06-20,1011010801,食用菌,39.223,57.96,-11.865,-6.872
2023-06-21,1011010801,食用菌,63.364,57.105,-1.176,7.435
2023-06-22,1011010801,食用菌,77.476,56.124,-7.02,28.372
2023-06-23,1011010801,食用菌,55.417,55.105,-2.788,3.1
2023-06-24,1011010801,食用菌,54.18,53.948,41.276,-41.044
2023-06-25,1011010801,食用菌,35.271,52.663,-9.24,-8.153
2023-06-26,1011010801,食用菌,39.582,51.319,-15.049,3.312
2023-06-27,1011010801,食用菌,38.708,49.955,-12.5,1.253
2023-06-28,1011010801,食用菌,53.742,48.585,6.101,-0.945
2023-06-29,1011010801,食用菌,48.314,47.212,-2.051,3.153
2023-06-30,1011010801,食用菌,39.572,45.835,-3.564,-2.699
