分类编码,ln价格,ln销量
1011010101,2.0067729845531086,5.324969034545397
1011010101,1.948672600666512,5.290093644248063
1011010101,1.9680690660906233,5.261544455082279
1011010101,1.9930649122886261,5.466316004979807
1011010101,1.9582340536508986,5.411195057315147
1011010101,1.9772477751134023,5.276787247997674
1011010101,1.976518549665654,5.182075642460474
1011010101,1.9760889710243834,5.103336011607292
1011010101,1.9932380624834147,5.233453459144762
1011010101,1.9639221780885343,5.192028642460243
1011010101,1.962616231797809,5.605423318109369
1011010101,1.9675861334729499,5.704412276289511
1011010101,1.9623710389043436,5.251393459836313
1011010101,1.9711894577050038,5.250171744616622
1011010101,1.9565037732140087,5.387911239356252
1011010101,1.959134874078138,5.386905000591534
1011010101,1.929626392484206,5.335950281354887
1011010101,1.9248466495355998,5.621360550000379
1011010101,1.9418917594853355,5.776217858337166
1011010101,1.9484690790598231,5.322995344884986
1011010101,1.9239689389494474,5.370591515418057
1011010101,1.9256417810762674,5.451707757428887
1011010101,1.9645328292444857,5.302797316569743
1011010101,1.9728831458099483,5.172328883094242
1011010101,1.9704574535615211,5.425553359662973
1011010101,1.9650475099501359,5.524755484811676
1011010101,1.9957253044798338,5.288312484206963
1011010101,1.9937476786523967,5.108626724617937
1011010101,1.999642774688545,5.266460275262376
1011010101,1.9965640521001438,5.306994610141681
1011010101,2.0193960167445506,5.284046013510465
1011010101,2.0444821225602583,5.4376009336504225
1011010101,2.129907491870937,5.493629183380236
1011010101,2.106668400694931,5.336782986998256
1011010101,2.049353695205089,5.193023515334754
1011010101,2.097935370769339,5.498785768823028
1011010101,2.025481825287518,5.458636127448983
1011010101,2.0709857579978928,5.322722132836588
1011010101,2.0498929356057087,5.740310463114101
1011010101,2.025711508468666,5.523818137435924
1011010101,1.9721658831420252,5.34849704109112
1011010101,1.9239616876393575,5.37857389751359
1011010101,1.9424418589021313,5.3321244137583115
1011010101,1.9043022226981112,5.237547734218086
1011010101,1.9121255441427378,5.38338435443776
1011010101,1.8991990523102273,5.501813158573397
1011010101,1.899228773123837,5.486786653928226
1011010101,1.8737366197165128,5.373577888546658
1011010101,1.8649972655822427,5.416602498355271
1011010101,1.8890234011254499,5.366784099648458
1011010101,1.8963572090519838,5.453319112687028
1011010101,1.8923213093615965,5.333085875640843
1011010101,1.8873986177274278,5.609768454473945
1011010101,1.9043235535165215,5.566633116508853
1011010101,1.8725453612825542,5.563347305714884
1011010101,1.8865260618075526,5.838974570882161
1011010101,1.9423173488832564,5.4876393629867355
1011010101,1.9606099913433948,5.293339999985233
1011010101,1.9611796321574084,5.2731636476644965
1011010101,1.9763409606196123,5.587364756529515
1011010101,1.9369284008575367,5.584950138676735
1011010101,1.9495751950788236,5.415575820190888
1011010101,1.9268902486587385,5.261046351497568
1011010101,1.9257434585171027,5.191950789424491
1011010101,1.9244730113538737,5.265086279715734
1011010101,1.9062469112263045,5.17227783968181
1011010101,1.9000251887281632,5.519695360182145
1011010101,1.9267464506924672,5.621954006794964
1011010101,1.9111579753999526,4.998704403228291
1011010101,1.9206047645711428,5.0646751465709565
1011010101,1.9155936556847233,4.878946013265303
1011010101,1.874435879694022,4.786816514866978
1011010101,1.8393976060840125,5.0235975860871696
1011010101,1.8358361453839325,5.447784237304316
1011010101,1.8291215711212248,5.5734649596090415
1011010101,1.8352287263128246,5.169597238349264
1011010101,1.8905274494594109,5.050163652229659
1011010101,1.8064606006956918,5.175861555461573
1011010101,1.8833562106962594,4.966571940933206
1011010101,1.8824514173164284,5.03946891436305
1011010101,1.871470718609548,5.463297764146076
1011010101,1.890223681376472,5.7620450934522225
1011010101,1.8912569786024205,5.361278081103196
1011010101,1.9561459033734532,5.447784237304316
1011010101,1.9670154122009031,5.188848422845667
1011010101,2.021198329599814,5.092897076263288
1011010101,2.0254849484387196,5.157795885796621
1011010101,2.0214470345366617,5.4320437401625306
1011010101,2.092649822446629,5.297381929162879
1011010101,2.10535014585675,4.744349349885204
1011010101,2.0890819444785462,5.062322844088184
1011010101,2.08851366848471,5.17687828067752
1011010101,2.090377253366276,5.515100734709564
1011010101,2.067523171417025,5.497676292926292
1011010101,2.144505097920038,5.698237127600572
1011010101,2.1131043656117767,5.450076617759351
1011010101,2.105878876652028,5.685696572943055
1011010101,2.202572945278774,5.661692315243549
1011010101,2.2010379271894474,5.542744800499035
1011010101,2.2026430423992247,5.5323217251949925
1011010101,2.183811948409717,5.090788764866103
1011010101,2.1914811285677507,5.165716968984519
1011010101,2.151391901033404,5.4726109519047235
1011010101,2.1333286343380737,5.137044718941789
1011010101,2.0550702598077115,5.18485187188306
1011010101,2.0963646332444577,5.209267549714526
1011010101,2.1208147849860715,5.248275919851045
1011010101,2.1265328606512366,5.140317621899148
1011010101,2.0515184397344637,5.5223565166938595
1011010101,2.008695622255196,5.423781934657151
1011010101,2.051616233292593,5.028534149584013
1011010101,2.0397409215805884,5.226165940647245
1011010101,2.0254798275887906,5.128507214691145
1011010101,2.028359712970833,4.764180467372699
1011010101,2.009771909885702,5.356180531992225
1011010101,2.008399295656119,5.642286431595872
1011010101,1.972033986371512,5.408950457717717
1011010101,2.1377127449311986,5.06443511119617
1011010101,2.1259003638127503,5.0406211895865125
1011010101,2.079827659173587,5.121234066102186
1011010101,2.0213939527424403,4.792072899905922
1011010101,1.9848057201003984,4.998852819225109
1011010101,1.9574774916990445,5.5138399519308825
1011010101,1.8878308455471617,5.332506210284735
1011010101,1.864570803540205,4.972878042893289
1011010101,1.8702457123961758,4.905770951620451
1011010101,1.9101432098101236,4.8049550346583505
1011010101,1.9068280619300257,4.985843843288215
1011010101,1.8976756248003976,4.959945326442454
1011010101,1.8313883726428337,5.4161315128315906
1011010101,1.8412933246032146,5.346192826789069
1011010101,1.7920516306381225,4.9761197608690235
1011010101,1.8622134286052507,5.062354497771568
1011010101,1.8333651220743095,5.01639865398536
1011010101,1.8232484537239775,5.018233024771017
1011010101,1.7905150676697479,4.9556650726514215
1011010101,1.815478891069715,5.333419031133386
1011010101,1.763578532757626,5.425967121201379
1011010101,1.8032065956286962,4.942263658173954
1011010101,1.7461084339470367,5.4050035031820025
1011010101,1.736442081198878,5.314790929240925
1011010101,1.6993982788912398,5.336576078665127
1011010101,1.6442466175527024,5.499440232492978
1011010101,1.6786553224577314,6.133807937286531
1011010101,1.692133408910247,5.918807829067708
1011010101,1.634930535090326,5.6846370313672985
1011010101,1.6708650846863125,5.394486268454068
1011010101,1.7192007260308928,5.4710640636573675
1011010101,1.6887063422641644,5.645174775815797
1011010101,1.72842183326704,5.418745788970263
1011010101,1.75480580334994,5.9922017752884935
1011010101,1.8025081408440506,5.661942601161754
1011010101,1.695616602752042,5.334422654878056
1011010101,1.634588518866911,5.662255370493448
1011010101,1.6798685758294205,5.364409367910126
1011010101,1.6871088619395533,5.613482058338228
1011010101,1.6776613824752853,5.491121290856373
1011010101,1.7158811578750177,5.726714188179937
1011010101,1.721183423089483,5.905713284930998
1011010101,1.7647128663585925,5.286841773073012
1011010101,1.7350071969586245,5.214827056049011
1011010101,1.749552536559975,5.196688767507665
1011010101,1.649315999390365,5.23930488203965
1011010101,1.58630608401971,5.358989046080769
1011010101,1.6405825917985781,5.59700985133237
1011010101,1.6617770709707949,5.929006526893349
1011010101,1.6731566051298894,5.286518027331994
1011010101,1.7042425149923737,5.317178374188956
1011010101,1.6516746328300815,5.024071292121963
1011010101,1.6602229702207885,5.122766834539782
1011010101,1.6808982801842165,5.020816621370006
1011010101,1.6753837051976688,5.58556184326877
1011010101,1.718886274563667,5.6236961549205615
1011010101,1.7647841119146856,4.91295631089116
1011010101,1.7841287868611118,5.02509688603726
1011010101,1.7821116709904572,4.971201224850849
1011010101,1.798845421177797,5.386937032880084
1011010101,1.7883494246614984,5.073008973654316
1011010101,1.798960086954296,5.653274836472255
1011010101,1.8033813718455611,5.665578577703399
1011010101,1.9975909706865187,5.527264047089196
1011010101,1.798960086954296,5.409465103887467
1011010101,1.8783179550517506,4.98627429318332
1011010101,1.836904048532823,5.188374144089208
1011010101,1.7574935683667172,5.415197772734759
1011010101,1.830818098425815,5.360874238014224
1011010101,1.821213199127224,5.415566926598276
1011010101,1.8489392233985675,5.180664947360951
1011010101,1.8748275103640348,5.041190363652715
1011010101,1.8681837050150314,5.175154887597141
1011010101,1.8732506942437686,5.085297398404678
1011010101,1.9175651713806612,5.457293527847
1011010101,1.9223668855845677,5.45286939439583
1011010101,1.923892277642781,5.524037595375696
1011010101,1.920461682137723,5.205126938481691
1011010101,1.9408871638200562,5.155883608048894
1011010101,1.9570385085782869,5.1480815137758595
1011010101,1.9839322652298539,5.003590537969551
1011010101,2.0725057156090094,5.142908395404197
1011010101,2.0725057156090094,5.532697549788234
1011010101,2.0737223861018195,5.433682701471879
1011010101,2.2294258061396617,5.118706133506137
1011010101,2.2116621653235033,5.375533004901173
1011010101,2.165115912930502,5.287377746509651
1011010101,2.150211160959542,5.393309313903605
1011010101,2.182853800555358,5.385118721484579
1011010101,2.1185392671666605,5.369777192598776
1011010101,2.1214414614180868,5.858909820247288
1011010101,2.141654794165125,5.412311009293259
1011010101,2.122993675502387,5.373624262562378
1011010101,2.156271608972123,5.337677493059747
1011010101,2.1481584842064403,5.0775709398335485
1011010101,2.132640298636793,5.023630489591067
1011010101,2.1219287716476507,5.467118769914206
1011010101,2.0736003300350347,5.518532634622748
1011010101,2.1212338137506745,5.201922098248066
1011010101,2.12070021035002,5.26678025874983
1011010101,1.9707675636010245,5.407629065988175
1011010101,2.009816667344589,5.287418185679036
1011010101,1.9788554963677334,5.269362182092616
1011010101,1.9967891088717702,5.360432641494721
1011010101,2.027596739054883,5.266713173921039
1011010101,2.0540149735581994,5.457050388533374
1011010101,2.135969762980631,5.64388383924785
1011010101,2.1582995619703276,6.230686151034749
1011010101,2.178655471234653,5.495055338982475
1011010101,1.9416170763342733,5.276787247997674
1011010101,1.8976215422974811,5.70421571412776
1011010101,1.8680284823912339,5.536136699827414
1011010101,1.8606257837551121,5.193245698058739
1011010101,2.013939609335229,5.426429099311833
1011010101,1.9674888331728895,5.215853814326796
1011010101,1.95947824253279,5.166281997179619
1011010101,1.7780789611646186,4.97573324208699
1011010101,1.7378478402101514,4.938000083051133
1011010101,1.8390960141113977,4.913022465229255
1011010101,1.9940676998644922,5.247855305537648
1011010101,1.9988800219581484,5.053777794159759
1011010101,1.9259473656749344,5.62156685235712
1011010101,1.9198098996509467,5.38467853219608
1011010101,2.1085758512723842,5.748529555935013
1011010101,2.1423954992009513,5.487734523259462
1011010101,1.9972716430694337,5.209398717325058
1011010101,2.0706725428889428,5.225789683540953
1011010101,2.00581839664478,4.978669798089205
1011010101,2.038905093472566,5.3527345265826005
1011010101,2.1312927175449667,5.665793269552166
1011010101,1.978611400627844,5.6014507010583845
1011010101,2.173292662833696,5.355387443153034
1011010101,2.0955916905523306,5.141119548908235
1011010101,2.083008544065059,4.784144480277563
1011010101,2.0831115118965418,5.0648519778806635
1011010101,2.142794045360012,5.02677107600566
1011010101,2.1539790689679243,5.1302241057647135
1011010101,2.1585390701324254,5.170665796693048
1011010101,2.1818465499438706,4.508791435465379
1011010101,2.158431428019662,4.606379454528076
1011010101,2.1341890913598967,4.6789130915131
1011010101,2.056814220287654,4.852483286289486
1011010101,1.9704092749479751,4.948000737045955
1011010101,1.9660960991189373,5.590908619231737
1011010101,1.889472112634047,5.296876328751632
1011010101,1.928330473001096,4.745123414414733
1011010101,1.9460382711780182,4.903094625854133
1011010101,1.9444409325679164,4.639619920717317
1011010101,1.9307311824343365,4.461669262326079
1011010101,1.9471945289398949,5.119949981701765
1011010101,1.9635500295393185,5.296951434086901
1011010101,2.1142363009016036,5.082422480069738
1011010101,2.1017607157001374,4.71230113350614
1011010101,1.9228265287178712,4.8736923745398935
1011010101,2.1868487196658206,4.964898463755172
1011010101,2.073297113687084,5.0893910201179136
1011010101,1.9719859388887742,5.193267913616295
1011010101,1.9714643676392647,5.357844916212589
1011010101,1.9989788537949997,5.257604741046772
1011010101,2.0051295512283964,5.184414916669619
1011010101,1.9560607810640496,4.018381023415062
1011010101,2.0111472472637915,5.28880728876926
1011010101,2.0196018536534157,4.919243427665825
1011010101,2.0205919391235936,4.976913036691224
1011010101,2.045986097929296,5.3199907918294995
1011010101,2.0635492138657785,5.35478748801357
1011010101,2.041383155795377,4.999715893846979
1011010101,1.9840417990675465,4.845815680838388
1011010101,1.9579314696272219,5.022761473894096
1011010101,1.9114580618270085,4.868157333346827
1011010101,1.914652278303681,4.873730599232285
1011010101,1.892767825922426,5.2727482449358405
1011010101,1.88599129557288,5.270180203298741
1011010101,1.847120226802212,4.903651238988989
1011010101,1.8117089269441053,5.015390636180116
1011010101,1.7260889990385266,5.209152763940184
1011010101,1.7955282921934266,5.015994242580751
1011010101,1.74270779509226,5.142984321335567
1011010101,1.80382597097609,5.578986153303813
1011010101,1.7996025454886577,5.401708444135218
1011010101,1.7862615049058377,5.018986988074172
1011010101,1.8456674862493962,4.906873499802127
1011010101,1.832149157283033,4.83763020393965
1011010101,1.8476508511467586,4.9045189373069205
1011010101,1.8294467456765167,4.931483855790818
1011010101,1.8400121666398706,5.146482336865606
1011010101,1.8392660358972384,5.291010738032264
1011010101,1.7881200865831275,5.421706878724939
1011010101,1.757175054658658,5.303230278408681
1011010101,1.760726803445247,5.315823240677703
1011010101,1.7583785575099817,5.022827334861618
1011010101,1.7813076733169009,4.993882411597221
1011010101,1.748862034007255,5.0800742882779
1011010101,1.7579649997608107,5.378366228048792
1011010101,1.65405902500712,5.060827649339314
1011010101,1.6451622372414885,5.247339811783169
1011010101,1.700949344496839,5.20685427719256
1011010101,1.653809576157002,5.058110308120444
1011010101,1.6576563916913638,5.2528805735394295
1011010101,1.6386377580947513,5.554036524194136
1011010101,1.608996745846429,5.359356020288483
1011010101,1.6250670525126658,5.17421566007097
1011010101,1.6358034605043383,5.154856842845629
1011010101,1.6228075705915541,4.947503782656139
1011010101,1.604723611325642,5.002945805611875
1011010101,1.6078595647355884,4.6678820397842555
1011010101,1.6498054465817413,5.248932775742093
1011010101,1.6145876891274897,5.381090190214933
1011010101,1.6303573677281507,5.00281143403395
1011010101,1.6120037202213706,4.87003133065417
1011010101,1.633617797147349,5.114797091578442
1011010101,1.666334549164078,4.978366890865995
1011010101,1.628452688359871,4.818861202528104
1011010101,1.6852160112238819,5.197806184951648
1011010101,1.6851062300130129,5.279318016538253
1011010101,1.6782030732435902,5.257391199935391
1011010101,1.6752411871086417,5.017882304301559
1011010101,1.7300712544762424,5.184683834780072
1011010101,1.6885406264966485,4.9584433504303345
1011010101,1.6758885969659094,4.7965588454201535
1011010101,1.6709279914566941,5.319525867885128
1011010101,1.6461140689120128,5.406350806758108
1011010101,1.6790988058944034,5.00084755002514
1011010101,1.6862979462854712,4.973154932319266
1011010101,1.7489572043373962,4.839127062005766
1011010101,1.7764651576283914,4.804053831081024
1011010101,1.773616952944276,4.867395979330437
1011010101,1.782932707998688,5.348378151708039
1011010101,1.7583760447295242,5.353184267988877
1011010101,1.7439779902058965,5.139825611205562
1011010101,1.763647363940316,4.84983253818862
1011010101,1.7888110392829104,4.6538746321981295
1011010101,1.7538236888537184,4.7318645090285045
1011010101,1.7591936670730148,5.016451679417695
1011010101,1.8037899808947848,5.315022062952806
1011010101,1.7828528527722962,5.309786345651187
1011010101,1.7791910946848206,5.011101851907898
1011010101,1.8000094796398347,4.842035166439438
1011010101,1.8104575685964575,4.813922681006933
1011010101,1.814659271592519,4.851608299905323
1011010101,1.814672793467791,4.987584998830871
1011010101,1.7979733570968182,5.286700147207846
1011010101,1.7896327301526032,5.363856948956534
1011010101,1.7876806839726376,4.834550249768079
1011010101,1.7937179730642105,4.702260598419385
1011010101,1.804471933008855,4.831628238270131
1011010101,1.7987508814108994,5.001237943654567
1011010101,1.7853426397255971,4.894745465192484
1011010101,1.7927567832187266,5.287888171057498
1011010101,1.7774669127554328,5.284836912134158
1011010101,1.7732154238255584,5.1720509485432045
1011010101,1.7662495975929469,5.158273384403401
1011010101,1.7358001041688058,5.007390033931227
1011010101,1.7358273962646407,4.966272315462799
1011010101,1.7495585861483796,4.744636432475617
1011010101,1.76088413205258,5.1708532450387965
1011010101,1.7713187188240203,5.36109026739506
1011010101,1.8011786043219034,4.943818624392145
1011010101,1.7762978617999066,5.009114137724317
1011010101,1.7629123556119701,5.099030712858047
1011010101,1.7694901928197282,4.954064942607862
1011010101,1.7911011470989993,5.464064828720938
1011010101,1.7881324186344556,5.410104685989342
1011010101,1.7270960790119794,5.4554407663188975
1011010101,1.7270960790119794,5.1637969135359345
1011010101,1.7345246239909125,5.026259268329183
1011010101,1.7105839567569014,5.028167371788297
1011010101,1.7685472379710843,5.041002830712652
1011010101,1.7515548467277522,5.014866330624072
1011010101,1.7525433880078969,5.332346743387067
1011010101,1.7542960229425197,5.515450893794035
1011010101,1.7007411293115513,5.0457771873413115
1011010101,1.7545300523001999,5.2421807834024134
1011010101,1.7708950854621148,5.3269194005531775
1011010101,1.7936666823579483,5.26586132134843
1011010101,1.8184681732437964,5.366700051909294
1011010101,1.7921005058489305,5.545068063497681
1011010101,1.79311449053738,5.52653203797005
1011010101,1.7887527539271957,5.64585317552523
1011010101,1.7873149014771357,5.57906923048256
1011010101,1.7964666546269146,5.747062246366141
1011010101,1.7917226806514133,5.5051038677415045
1011010101,1.7996098436097685,5.24573903632918
1011010101,1.8070716008472179,5.447120918792361
1011010101,1.834612094802468,5.582650086174668
1011010101,1.8461306099025052,5.456790121310002
1011010101,1.883646358437112,5.263668984339707
1011010101,1.7684106592862854,5.418098404867093
1011010101,1.8385483640177873,5.6199514894004166
1011010101,1.826847765019837,5.613420034575809
1011010101,1.8282383022543767,5.638817195803842
1011010101,1.8658843643726077,5.697613485510672
1011010101,1.883926878464066,5.25003532326332
1011010101,1.9463321017087214,5.210665784670984
1011010101,1.9292649565793079,5.223539939590213
1011010101,1.940338012386714,5.2108240552649105
1011010101,1.9695670908670777,5.273594253492531
1011010101,1.9700879970318277,5.4887558914439385
1011010101,1.9204371372694098,5.638909675431713
1011010101,1.9036892982476479,5.1838824696145025
1011010101,1.9096234177959204,5.124035405423789
1011010101,1.9686064532524359,4.978222289157377
1011010101,1.93027933920431,5.543241978923904
1011010101,1.9695492418106684,5.557032673969653
1011010101,1.9761406686703418,5.500911211572036
1011010101,1.981505443794314,5.4340800180620175
1011010101,1.9905125135139956,5.185075877439335
1011010101,2.0091765643077255,5.110908893305518
1011010101,2.0272331604752725,5.179770289086035
1011010101,2.035201227098945,5.0836626826297335
1011010101,2.032348970138109,5.0054150255063705
1011010101,2.0307785455963296,5.399758712282602
1011010101,2.0430127078011484,5.474587315913556
1011010101,2.0867387574135585,5.257161983126544
1011010101,2.055056116467827,5.095686974356197
1011010101,2.0625930878733967,5.083067577352927
1011010101,2.073713247754113,4.79569963237335
1011010101,2.0728767629165694,4.896958814982664
1011010101,2.0721301848891183,5.55074783848714
1011010101,2.071939663482092,5.618703774297886
1011010101,1.9990822997265645,5.028442467746121
1011010101,1.9729595618732945,5.0955338851692
1011010101,1.985906146089952,5.01281292134403
1011010101,1.9857177394210868,4.579421515965314
1011010101,1.9583902085374683,4.8547453248038455
1011010101,2.00385119128049,4.908262902139304
1011010101,2.0257325624887894,5.386374030368319
1011010101,2.0195819397700068,5.41793871147806
1011010101,2.011549784902558,5.480784746042678
1011010101,2.0484966606836084,4.940219982849949
1011010101,2.0321357858986753,4.675535448648655
1011010101,1.9905992873978091,4.654750514086242
1011010101,1.974311832376966,5.238397496335841
1011010101,1.9789020297132085,5.023077566986143
1011010101,1.961167052828933,4.573421487673511
1011010101,1.9899550681423919,4.644487048365042
1011010101,1.9443558526300444,4.728581795903291
1011010101,1.993202103355321,4.664598798753104
1011010101,1.9711373680400934,5.325256234903694
1011010101,1.9444878637868683,5.164002810187982
1011010101,1.9282529904357035,5.182637118483355
1011010101,1.9343190419016805,5.164317292681046
1011010101,1.9627492074419748,5.221236518235315
1011010101,1.9827090819437898,5.589209281937665
1011010101,1.9958921345897658,5.215473656393753
1011010101,2.0325541501042315,4.935969217513278
1011010101,2.155489494001183,4.893711888851755
1011010101,2.1699148740324383,5.5767291018984855
1011010101,2.109119119706271,4.482403502563089
1011010101,2.1599966742172683,4.608982908316008
1011010101,2.1611083780791964,4.517070944761404
1011010101,2.2546481674370336,4.354257105727721
1011010101,2.3324373946244568,4.985638802005852
1011010101,2.327370091124867,5.6116013941104885
1011010101,2.3780911172348187,5.097357184744313
1011010101,2.400780382485109,4.440106845750407
1011010101,2.4082561616798728,4.365439831069483
1011010101,2.454578802952074,4.694453147641236
1011010101,2.465968169239758,4.380250057494777
1011010101,2.4600358294886755,4.329890880253354
1011010101,2.486519674041999,4.6235796864708405
1011010101,2.486454136177355,4.615259121096632
1011010101,2.4623647943313416,3.882717771035557
1011010101,2.442729345039988,4.203916198651392
1011010101,2.424992152036425,4.550999070432102
1011010101,2.403874465764002,4.393720494202138
1011010101,2.3332906474700983,4.496805161309966
1011010101,2.2581925713656292,4.948625129525283
1011010101,2.206925097736972,4.5254990759302745
1011010101,2.221803053961098,4.110365538276279
1011010101,2.180950309412824,4.220316201784037
1011010101,2.0801439970300986,3.9233980634496515
1011010101,2.033890134541742,4.159679641023363
1011010101,1.986576994430649,4.435437061354436
1011010101,2.0745088974577524,4.6871924714654805
1011010101,2.1211185408047806,4.982832349434167
1011010101,2.105489326923135,4.195335545361984
1011010101,2.169505260434508,3.813373255461762
1011010101,2.189247505216444,3.893105186573501
1011010101,2.2387594348014015,3.8874638839274427
1011010101,2.2576037385646206,3.9400660964527887
1011010101,2.198400691310132,4.254931626870049
1011010101,2.1463854664203916,4.599715335305127
1011010101,2.176363279289081,3.752323626670471
1011010101,2.1561774734633135,3.979961988436339
1011010101,2.1859482894072433,3.8218575687083938
1011010101,2.2034672485797824,3.734426269069907
1011010101,2.216627798150034,3.6377966638846204
1011010101,2.1527836680969616,4.5664605422166025
1011010101,2.1875826374794705,4.391667511710562
1011010101,2.183920756693058,3.7435333453649835
1011010101,2.1338869379378695,4.018578806447721
1011010101,2.110715455490688,3.688654428797639
1011010101,2.1379233662057464,3.8045714161100093
1011010101,2.097040375217151,3.948084888573168
1011010101,2.0394467800674376,4.220345589347223
1011010101,2.0521056199360683,4.361147678343369
1011010101,2.0167472594581457,4.0581127113000415
1011010101,1.9596454913675612,3.761409396118468
1011010101,1.9265020447472903,4.323072491830211
1011010101,1.9465762926531636,4.06661358848379
1011010101,1.94750510397448,4.301995385268032
1011010101,1.9286000200111588,4.542283632932901
1011010101,1.9563297042985035,4.746530849726947
1011010101,2.0324856033426615,4.162485960197236
1011010101,1.9585938790200146,4.147300640085332
1011010101,1.9420456263408516,4.253866505238985
1011010101,1.914459046002536,4.054823804059818
1011010101,1.8930294671152383,4.2238511997080055
1011010101,1.9141967347661617,4.950793282627106
1011010101,1.9041964735540768,4.7565942949541675
1011010101,1.8219914538614455,4.125762476667062
1011010101,1.8820340627550654,4.191410775055107
1011010101,1.701468608983315,4.621692930540753
1011010101,1.3514508409431725,4.596381679955012
1011010101,1.5217589703187566,4.580693050180931
1011010101,1.58379074933552,4.694910336486477
1011010101,1.7662891017640379,4.996475515938223
1011010101,1.488574947007405,4.416814460159546
1011010101,1.6648733607451152,4.26276438051305
1011010101,1.6686246959590054,4.327161178231997
1011010101,1.4444677540018311,4.513197430781524
1011010101,1.462003068828417,4.7953276285498205
1011010101,1.5173166221066592,5.197319542718089
1011010101,1.4596451636692669,5.347659759163649
1011010101,1.3943220212937537,4.415280059694185
1011010101,1.4335586767211232,4.4548471712951585
1011010101,1.5702685706674515,4.221931236638093
1011010101,1.402155818633717,4.434037796333055
1011010101,1.4476905074532613,4.833906071014041
1011010101,1.3926361285434883,4.9301624939462085
1011010101,1.3675124325231367,4.709800435066175
1011010101,1.4169173794067587,4.500709265573101
1011010101,1.395323195388012,4.254022794089515
1011010101,1.4429481860277238,4.184398528062538
1011010101,1.4318310666907816,4.099597408503549
1011010101,1.4317220460385818,4.507160365430647
1011010101,1.4529751681701353,4.8734094663952225
1011010101,1.4322680808553179,4.994017988272818
1011010101,1.394956100030221,4.3355244760224085
1011010101,1.4370700496340554,4.456089962973938
1011010101,1.3629921355583914,4.445376950174643
1011010101,1.3818851003505308,4.295501503084158
1011010101,1.3747964299939244,4.635689691654828
1011010101,1.3370826682652235,4.821160211740506
1011010101,1.4357156007227958,4.9210752173836125
1011010101,1.419530380021965,4.504056196616585
1011010101,1.3959715540891182,4.452624883519419
1011010101,1.4528632490100253,4.865046743291845
1011010101,1.4378490557366552,4.904385494253545
1011010101,1.452603252608219,4.984031189101091
1011010101,1.5029391333751687,5.348520817271668
1011010101,1.5403627193221785,5.229465556540019
1011010101,1.5742607353990075,5.2335814926043485
1011010101,1.6140963718482537,5.031731202390989
1011010101,1.7059268591918086,5.151272215884099
1011010101,1.691039851005102,5.145894360099946
1011010101,1.670185836923094,5.237138528682255
1011010101,1.762977837739389,5.341573196885609
1011010101,2.0435712101794734,5.433818068808821
1011010101,2.264413992165975,4.1431823443054006
1011010101,2.185018932256836,4.482007707037195
1011010101,2.2493638800078966,4.758200238146647
1011010101,1.6947949603675092,5.377576690533605
1011010101,1.6748483926641233,5.338446320971473
1011010101,1.5441751452158403,5.393559362209694
1011010101,1.4697667939972532,5.075511258293513
1011010101,1.4239751067450372,5.089427990061354
1011010101,1.4367835973248722,4.929338467010282
1011010101,1.3777279416790131,4.754736086042055
1011010101,1.3867988544363985,4.886643020962128
1011010101,1.4017002007552275,5.039980481290721
1011010101,1.425166123916278,5.111083765393062
1011010101,1.3525889081920404,5.0107286230743044
1011010101,1.5123598073648858,5.039889842937687
1011010101,1.525950420181602,4.595271353808844
1011010101,1.4653539538372071,4.719186135075231
1011010101,1.5140862218716116,4.592925525171652
1011010101,1.5991366353635208,4.792810904259646
1011010101,2.0181296903066803,4.662665209835201
1011010101,1.8322702284983894,4.447193864382793
1011010101,1.8382932064257742,4.3612625453211535
1011010101,1.7959241599167872,4.177612831405111
1011010101,1.6220273904364597,4.319432887902809
1011010101,1.6376169856641105,4.568838096740689
1011010101,1.5881523952806587,4.774972030560478
1011010101,1.5628329502361362,4.549731469091951
1011010101,1.5737432927140504,4.347499887604282
1011010101,1.537392585307874,4.321294194545262
1011010101,1.6097617690033246,4.250051173816627
1011010101,1.5927765386436579,4.127795456811574
1011010101,1.680784264173531,4.364651558489792
1011010101,1.9455342091738825,4.832265917140729
1011010101,1.8530131871924997,4.949993172126694
1011010101,1.804382518325047,4.339719162377632
1011010101,1.6365759291645954,4.408838950325037
1011010101,1.6781574582139085,4.190548282094509
1011010101,1.6453665134581428,4.297394243833178
1011010101,1.6718796394312945,4.486634367061467
1011010101,1.7780914465497437,4.865732828508954
1011010101,1.6527065784910542,4.62015731579634
1011010101,1.5697606421010306,4.587810372591037
1011010101,1.6122122475811236,4.628193112745628
1011010101,1.6532592567771618,4.6598382793301605
1011010101,1.480540044523294,4.685772736920142
1011010101,1.4187607359836263,4.719373488705755
1011010101,1.588342371189766,5.304677100500618
1011010101,1.4926450857973887,5.157836165568413
1011010101,1.5019556289071831,5.2613109999188765
1011010101,1.5133110097228724,4.892182033889568
1011010101,1.4965482795028622,4.501840939239345
1011010101,1.4864410323563555,4.665342941022225
1011010101,1.5256995549668284,4.886529813842034
1011010101,1.6371757494427979,5.027354741903023
1011010101,1.5664526877968896,4.94628164475773
1011010101,1.5820754295353692,4.4526015873434845
1011010101,1.7156928729463585,4.321294194545262
1011010101,1.7604547826401729,4.456612171346942
1011010101,1.7011860171656779,4.52814874302781
1011010101,1.5699126391922547,4.8695478069079545
1011010101,1.6898631936335702,4.891611489003739
1011010101,1.6050759574109192,4.7143653400134875
1011010101,1.587747287443323,5.002105686870494
1011010101,1.6679245731441807,4.9864723745270965
1011010101,1.5881837220817103,4.699980240750734
1011010101,1.6509753752296945,4.445013170855593
1011010101,1.6332724174090818,4.473351611367243
1011010101,1.7377943642108722,4.94948303310275
1011010101,1.583214557582596,5.228919055738813
1011010101,1.6158560551998873,4.5371910861752305
1011010101,1.6479505020152958,4.665964205220679
1011010101,1.7489431880980655,4.608793613438858
1011010101,1.575205455190205,4.856597941180594
1011010101,1.6629404085280006,4.881498042601168
1011010101,1.519407161241065,4.8267765564449485
1011010101,1.8834777501691096,4.677946557669583
1011010101,1.578334195526636,4.724543068279406
1011010101,1.5257761851931435,4.618984329821462
1011010101,1.4246171010951456,4.656575974047992
1011010101,1.4305887573656297,4.725563146159879
1011010101,1.4706207954800312,4.736575570257562
1011010101,1.6279212035725115,4.77620326701219
1011010101,1.4812299168183072,4.597027121045624
1011010101,1.4074082639394023,4.7567318027966285
1011010101,1.2542733254637048,4.519220063850089
1011010101,1.3594642231511223,4.4864654757201246
1011010101,1.2773675722896045,4.714867285061045
1011010101,1.2418983747033763,4.6639295398616225
1011010101,1.774663101673717,4.963117320349313
1011010101,1.7478433797031714,4.992301587407751
1011010101,1.8310281277296272,4.748993435297611
1011010101,1.8659244252226026,4.479527594783806
1011010101,1.885128302306591,4.661257470818573
1011010101,1.86486994185631,4.5070279998366845
1011010101,1.8517733956227376,4.561040644225829
1011010101,1.8461322548275625,4.735285751311444
1011010101,1.820969448886673,4.758054349836762
1011010101,1.855497696553317,4.51830425296643
1011010101,1.8281404370485357,4.5582882000879605
1011010101,1.8303387883044295,4.456820978363616
1011010101,1.8496180497769807,4.3772527578349205
1011010101,1.8772946597368865,4.634534794617996
1011010101,1.856578023482328,5.071441860144149
1011010101,1.8549971719980145,5.059495297096741
1011010101,1.8353784196368585,4.416186486320586
1011010101,1.8541184148405079,4.206482062158951
1011010101,1.8633962641430735,4.529627338739447
1011010101,1.8625266191185723,4.525650674756757
1011010101,1.8815980091905449,4.506972842334423
1011010101,1.882443281901407,5.041196829678599
1011010101,1.8327160981604727,5.106569521566568
1011010101,1.818088808139371,4.528872125032027
1011010101,1.7786745864399898,4.807318879581787
1011010101,1.7683580850434957,4.44014222915913
1011010101,1.767543734201453,4.481430695826038
1011010101,1.767543734201453,4.46076849661437
1011010101,1.676428439152638,5.2408418436107835
1011010101,1.6672364133145567,5.1846782330569825
1011010101,1.624259832013991,4.527338365833936
1011010101,1.630769288606599,4.475368970451666
1011010101,1.6011199708458361,4.50521724522908
1011010101,1.6293290129815718,4.7240548368657755
1011010101,1.5858269296114746,5.223566880334049
1011010101,1.5858269296114744,4.730312740494862
1011010101,1.5780815118819045,4.6299115778765385
1011010101,1.547340623744559,4.649636731058359
1011010101,1.5389990420868982,4.661238561507628
1011010101,1.5389990420868982,4.734987188799897
1011010101,1.5389990420868982,5.639233286795074
1011010101,1.531205731209862,4.74574049719728
1011010101,1.5389990420868982,5.276312015035156
1011010101,1.5389990420868982,5.11508539545272
1011010101,1.5287039158165485,4.754029749658762
1011010101,1.541882773940307,4.706561836108284
1011010101,1.5235336411015021,4.675143909615602
1011010101,1.5237844970810341,4.6945171666640535
1011010101,1.5466685184702347,4.783015070754968
1011010101,1.5466685184702347,5.266929893306404
1011010101,1.5587189656484461,5.234434630336519
1011010101,1.5472612948429012,4.816564990267753
1011010101,1.503364058563473,4.709286928480655
1011010101,1.4629444319373672,4.689134425165177
1011010101,1.5064849998784353,4.438135192051787
1011010101,1.4590562200897579,4.647511026477616
1011010101,1.5666678548592308,5.053988482440843
1011010101,1.538453350140543,5.099372403375189
1011010101,1.547014960867655,4.655929838013882
1011010101,1.4392841498582496,4.897085784409343
1011010101,1.4318799566593303,5.0504327639703215
1011010101,1.2980338588053888,4.84634224275498
1011010101,1.412178436496905,5.008760203879539
1011010101,1.440240472788632,5.274511235916401
1011010101,1.554615002507501,5.244357361752091
1011010101,1.5543304839025576,4.758792154643656
1011010101,1.5724732502728445,4.891926830363372
1011010101,1.5894976002526828,5.102673460030162
1011010101,1.613777164808356,4.898168104262108
1011010101,1.635229406604424,4.860199926164623
1011010101,1.635229406604424,5.15888861865743
1011010101,1.635229406604424,5.230659318074042
1011010101,1.635229406604424,4.899882488361072
1011010101,1.6225187964502754,4.861910976012822
1011010101,1.633810144680425,5.010861935077915
1011010101,1.6045056185780564,4.882536735912342
1011010101,1.672982285017517,4.774279848809815
1011010101,1.6939715387063923,5.1700577678526125
1011010101,1.7065106521329818,5.248333740486194
1011010101,1.6673799926679427,4.883203357152247
1011010101,1.7065106521329818,4.908927358896543
1011010101,1.7204260803359601,5.083706061872772
1011010101,1.7065106521329818,4.946317193108823
1011010101,1.7338146423363467,4.782889502033134
1011010101,1.7338146423363465,5.095209258563505
1011010101,1.7231698358760739,5.234285383764916
1011010101,1.7083848663019674,4.854410242023575
1011010101,1.6405276753346991,5.086688515881656
1011010101,1.841522047106341,4.880017747334633
1011010101,1.6023126620833732,5.140323477711481
1011010101,1.3188119137611714,5.802831112256334
1011010101,1.4416747374296537,5.843999385981057
1011010101,1.3802065696882544,5.771434892581011
1011010101,1.323247791014868,5.718339340831018
1011010101,1.3277059673998133,5.601373155486475
1011010101,1.3851159367023933,5.8203944545239645
1011010101,1.377767124245776,5.8704375053489475
1011010101,1.3620385236093742,5.797342639228246
1011010101,1.4405375144120602,5.872478287868343
1011010101,1.4342330859600316,5.7745981283103465
1011010101,1.3852322068218084,5.710681951763754
1011010101,1.4283405333889334,5.775892261290091
1011010101,1.421972028448314,5.682974141807685
1011010101,1.3864216229771766,5.74913499084695
1011010101,1.391814797248582,5.789412620407219
1011010101,1.3733738004562062,6.175856875041338
1011010101,1.4016941971741823,5.9781639854936826
1011010101,1.3731055166703343,5.850381857930618
1011010101,1.3841069267323596,5.91041987930667
1011010101,1.3825354032894306,5.88294070005563
1011010101,1.4633374622245328,6.05035118892351
1011010101,1.4586803117373832,5.9999930755998285
1011010101,1.467452665216646,6.0615571470052485
1011010101,1.4692175745231761,6.069986868811063
1011010101,1.348219811869184,5.714392653768217
1011010101,1.4566338124747331,5.562833160967978
1011010101,1.3773264844894468,5.454324892797024
1011010101,1.5767406958751804,5.496290791280214
1011010101,1.4496403039150556,5.525217851739952
1011010101,1.5029759661911375,5.879708624361295
1011010101,1.5825141447259772,5.530396873024169
1011010101,1.4764993153371395,5.69390047480175
1011010101,1.4816788762213675,5.466907578455693
1011010101,1.471506655871167,5.490626382218777
1011010101,1.4986616492935132,5.739902230962561
1011010101,1.4917431708064923,5.7936719282294415
1011010101,1.4729382780190023,6.039809374034264
1011010101,1.5309817070410434,6.196782156196197
1011010101,1.6625723107646817,5.655603623596829
1011010101,1.7279859701106361,5.5222725883686
1011010101,1.7405328575447854,5.5630787556152494
1011010101,1.789719594568768,5.404742814963633
1011010101,1.7473905072705849,5.742756362478822
1011010101,1.898973539394397,6.040880705778156
1011010101,1.828784404668054,5.864846346070216
1011010101,1.8160541053518033,5.752578988011826
1011010101,1.7517048366402064,5.378370843394355
1011010101,1.7448469687273576,5.221204113828313
1011010101,1.6925130754415636,5.306131754532149
1011010101,1.7470513592842327,5.266857658729744
1011010101,1.7185242084235963,5.8868148898415615
1011010101,1.6576023989516835,5.936205504789958
1011010101,1.6196497019090017,5.358974928998394
1011010101,1.5852641655096134,5.5704148781401726
1011010101,1.5681138847675042,5.36351972979367
1011010101,1.5194393229339067,5.422868557591778
1011010101,1.4735414686392645,5.493843030825574
1011010101,1.558830541703126,5.846010937883712
1011010101,1.5078420043894412,5.7703314734285325
1011010101,1.522049361375252,5.280382493911669
1011010101,1.416612811580242,5.063777877494342
1011010101,1.3905402048682978,4.956699915986141
1011010101,1.3916642758645192,5.169102359200596
1011010101,1.459099294550163,5.298807246537239
1011010101,1.3909357000336882,5.763575378141796
1011010101,1.3882156230083642,5.536786873131348
1011010101,1.4474743331854483,5.539642624332637
1011010101,1.4889493670788585,5.7958084795783105
1011010101,1.4864865464609236,5.923362350281138
1011010101,1.4519644841066057,5.867082598941856
1011010101,1.4435232379766743,6.1565700036587625
1011010101,1.4157097244356895,5.889539789136047
1011010101,1.376849151802782,5.835030011265874
1011010101,1.4301269829546932,5.663203506158285
1011010101,1.3876830628353687,5.500274052951086
1011010101,1.4162840592120278,5.481938079073611
1011010101,1.4509917572817552,5.030738529799971
1011010101,1.302864746103254,4.909982199643338
1011010101,1.409878145075208,5.938817705509622
1011010101,1.4126081619001312,5.907215714413002
1011010101,1.3654819391459456,5.510610261837976
1011010101,1.3690141718277709,5.612799585277634
1011010101,1.3021169007737574,5.419680652120784
1011010101,1.316625523284018,5.492456322019962
1011010101,1.4255279324121692,6.423818228901812
1011010101,1.3575038057472812,5.70194077977683
1011010101,1.381521858289103,5.492616900101399
1011010101,1.3586388055771301,5.29494167530812
1011010101,1.331880481103874,5.381725175143874
1011010101,1.3105931738761318,5.423331969058692
1011010101,1.3049404864307301,5.342334251964811
1011010101,1.2699993720058393,5.436007599196397
1011010101,1.3279999337121378,5.911151594588263
1011010101,1.440533545630388,5.399049186302037
1011010101,1.6892427383827002,4.447322681316543
1011010101,1.5596491058518491,4.572502355723706
1011010101,1.727896612480034,4.43049531860265
1011010101,1.504019282981367,5.249237410392963
1011010101,1.6113993659874253,5.087991318944441
1011010101,1.6086461011890443,4.631588138591308
1011010101,1.380594963583418,4.568205326482597
1011010101,1.111681150331151,4.862328615889579
1011010101,1.1584499131064818,4.811232683163843
1011010101,1.1483785940786755,5.154504731182189
1011010101,1.0165422484973303,5.682480523936185
1011010101,1.057521826178408,5.7431057466527085
1011010101,0.8106521206413214,5.196428595183551
1011010101,0.8709355216687938,5.111041557688943
1011010101,0.8676456125246832,5.324988508362851
1011010101,0.8679556097692032,5.450931151671719
1011010101,0.8851990375986146,5.955026159694122
1011010101,1.029975779365081,7.143201244317037
1011010101,0.9763815348704075,4.983839471309093
1011010101,1.0682863874755313,6.710727717020699
1011010101,0.9964615469702249,5.154400805685129
1011010101,1.0127723382775966,5.511701448793809
1011010101,1.1697595625692985,5.56305573367918
1011010101,1.203703360975728,5.432830776835339
1011010101,1.169366197146547,5.865081827439195
1011010101,1.205289537823129,3.7005856682439733
1011010101,1.0527244858493487,3.7102005358176204
1011010101,1.1206251270305738,3.4435541977409803
1011010101,1.0388307347912906,4.599142053249749
1011010101,1.125893893782632,5.136345346291664
1011010101,1.296476127861431,5.421291350334835
1011010101,1.171749036902539,5.608691270874877
1011010101,1.1418205659055423,5.158618422188462
1011010101,1.200886626491437,4.94790846418795
1011010101,1.2519151652896137,5.442456670801793
1011010101,1.264507941406648,5.320475061631046
1011010101,1.1706383308034578,5.153493886174166
1011010101,1.1217302774462135,5.224681590584452
1011010101,1.2158915663038563,5.421043719409774
1011010101,1.2284220007271234,5.675928119019915
1011010101,1.1994346055773666,5.730852746178864
1011010101,1.3449085225312711,5.580069390969017
1011010101,1.356142152040159,5.688208494018017
1011010101,1.248079642139995,5.304190088310718
1011010101,1.2596847788713075,5.530317581572539
1011010101,1.4114620867946979,5.653418572810977
1011010101,1.3585720396357404,5.412770419516749
1011010101,1.340975807547833,5.350833912458282
1011010101,1.2499910498309947,5.652787381416304
1011010101,1.3797202495379008,5.894237531346878
1011010101,1.3653242255187057,5.533685887484816
1011010101,1.3566322932059762,5.535434826427597
1011010101,1.4332169995438104,5.550743953928454
1011010101,1.455538713361585,5.472535344525407
1011010101,1.4526284764128368,5.497528816010259
1011010101,1.4397923779169557,5.797603667681829
1011010101,1.4802185431385664,5.797985981718019
1011010101,1.4754384723050753,5.662307489205989
1011010101,1.4357079355120437,5.375204330866471
1011010101,1.4664768357960174,5.146971084053402
1011010101,1.6225184278194347,5.226117572663616
1011010101,1.4588754329217788,5.312772387517621
1011010101,1.5878969025266447,5.232839737920364
1011010101,1.5488667619988463,5.390768918912948
1011010101,1.5910145675579122,5.223512998120555
1011010101,1.5703369801102736,5.299296886661537
1011010101,1.5673523900078141,5.221727856385728
1011010101,1.5062637915058152,5.311771453064285
1011010101,1.5686803547554855,5.373587163521847
1011010101,1.59996012193705,6.104777607292913
1011010101,1.6250662284733322,5.63109707990285
1011010101,1.6282889867048314,5.376079013040079
1011010101,1.6719442416945491,5.1942449098748416
1011010101,1.6339648519604768,5.641527566311228
1011010101,1.7169053235550824,5.9164015036341935
1011010101,1.7885308101842166,6.3869988408391976
1011010101,1.7848142050641893,5.390796269340301
1011010101,1.848454056923285,5.674532158161369
1011010101,1.784238801630295,5.3251880931298405
1011010101,1.8643469364121183,5.501552044922199
1011010101,1.8325478444705787,5.606261519554711
1011010101,1.8749362055989454,5.645923815701859
1011010101,2.0063769307799366,5.461468845943935
1011010101,1.8021178814908712,5.4367479883264656
1011010101,1.7609983705387293,5.38532041016961
1011010101,1.8722930840859537,5.312397770756041
1011010101,1.9411431640643926,5.052544697173465
1011010101,1.7346101872208082,5.321486868574679
1011010101,1.7061887997281975,5.243237966530973
1011010101,1.8225332793586888,5.532301941040121
1011010101,1.8422338235899973,5.639603000164779
1011010101,1.7336079591504883,5.191077307877583
1011010101,1.7391630858174683,5.04047237476687
1011010101,1.7653608767187448,5.0832473860741345
1011010101,1.7744547101811554,5.316378281865692
1011010101,1.7261729085551454,5.1696142987801545
1011010101,1.763276497180824,5.496791105011959
1011010101,1.7142312056989177,5.734334311184041
1011010101,1.7206127636992858,5.421370932968178
1011010101,1.8167142081527725,5.076953480689413
1011010101,1.802748930928941,5.21751395294443
1011010101,1.824131973757765,5.045687072895905
1011010101,1.797160015466293,5.078972839793048
1011010101,1.8584152556142775,5.65534474837324
1011010101,1.804321660967972,5.439834289782145
1011010101,1.7407542784840406,4.942813165593642
1011010101,1.8536747423310878,5.01166143410114
1011010101,1.819071410305117,4.9335670472137965
1011010101,1.8076743420653623,5.039980481290721
1011010101,1.8155388881359624,4.904948799387105
1011010101,1.6882507151798334,5.391215548914767
1011010101,1.6085741407214016,5.493102594757191
1011010101,1.7763833211577322,4.919440633911329
1011010101,1.755499381922734,4.75331429098046
1011010101,1.7297438664844327,4.935372809595709
1011010101,1.6954377542956514,4.875204956759802
1011010101,1.6621789536349576,5.024814295269525
1011010101,1.7429999998896288,5.099366302782516
1011010101,1.7417935002121339,5.184538179780487
1011010101,1.7409711335483333,4.672997044612851
1011010101,1.7414124422132362,4.831899301477352
1011010101,1.7428497572632822,4.785882114692204
1011010101,1.7407795692558727,4.798563556749095
1011010101,1.7056739530433855,4.882248739305679
1011010101,1.7267408057326188,5.406103936953744
1011010101,1.765884088301718,5.277966689099804
1011010101,1.7770118257297705,4.905970832432929
1011010101,1.7360956744066127,4.942185132458526
1011010101,1.592224502697527,5.146383394673956
1011010101,1.6486269607547994,5.251807350863144
1011010101,1.5462566204376769,5.474704683853799
1011010101,1.5907789189120152,5.6872295613151325
1011010101,1.5448055353119092,5.543824967795156
1011010101,1.5374442930023278,5.296630945338821
1011010101,1.5975826439753014,5.27631712626837
1011010101,1.5835284140644663,5.140042360032599
1011010101,1.6275150067147341,5.1909993807394175
1011010101,1.494116147560198,5.311825716572829
1011010101,1.54826062357523,5.536952304316291
1011010101,1.6051093185225562,5.576111968670886
1011010101,1.6239399209108059,5.026738275677653
1011010101,1.5760767490961327,4.983435374169601
1011010101,1.5712780728022968,4.871181637529477
1011010101,1.5725823885511898,5.191817312974544
1011010101,1.5236056014063877,5.341817371993888
1011010101,1.5467190572536105,5.339348939105281
1011010101,1.569584621728155,5.225666025299915
1011010101,1.5692541332096692,5.140616224616309
1011010101,1.589499025468986,5.145405086254103
1011010101,1.576039646608905,5.381145422304791
1011010101,1.5249991502233005,4.915613739302391
1011010101,1.451729007590692,4.877233416893772
1011010101,1.5121155816794032,5.2145335028023245
1011010101,1.4677992124561448,5.2863257536956585
1011010101,1.4157087599551366,4.815520248503327
1011010101,1.4613708767880118,5.068155494335464
1011010101,1.434731164573703,4.781993320793796
1011010101,1.587060101509974,4.524513122970284
1011010101,1.3683485359093717,4.8807467819277175
1011010101,1.400927344653825,5.338350249801876
1011010101,1.4010379620817768,5.322395156027066
1011010101,1.3506602210056318,4.671744134237732
1011010101,1.3623233088954307,5.2073363025849115
1011010101,1.389826001143643,5.053394610795446
1011010101,1.378348455008166,4.804733905341845
1011010101,1.4229803863310981,5.373814373546033
1011010101,1.4193699718609112,5.801665100458068
1011010101,1.4007237071191336,5.632472635356887
1011010101,1.401058472960394,5.248191811140487
1011010101,1.4233655565498213,5.098059919020528
1011010101,1.4200352464060526,4.999843943018035
1011010101,1.3734615472518785,4.9713607128254464
1011010101,1.4268684082301237,5.10185834507816
1011010101,1.5291796171157854,5.130679475139234
1011010101,1.5054287613046333,4.884678947750711
1011010101,1.511877751582265,5.1923455529745945
1011010101,1.5380128353011582,5.293591215871436
1011010101,1.5495432768551212,5.5308804147787
1011010101,1.4488511738917813,4.799321494535623
1011010101,1.5890336950726505,4.748153022666217
1011010101,1.5754495590919695,5.098810992999981
1011010101,1.5365586914987273,5.472825141774361
1011010101,1.5478489679785383,4.958225587278511
1011010101,1.5179550109187674,4.976961302733659
1011010101,1.514835775700095,5.070964970459772
1011010101,1.5614269041088644,5.065653641849668
1011010101,1.5741545116338835,4.9607865698497475
1011010101,1.5911798022696642,5.187782375241407
1011010101,1.5830652133350995,5.295859348094322
1011010101,1.574006531288229,5.143708248320618
1011010101,1.564962458086209,5.272671299564451
1011010101,1.5697227347463496,5.013816894101687
1011010101,1.5854480961388497,4.724622938003055
1011010101,1.5323536190280196,4.951076354239036
1011010101,1.5002212621774933,5.180783049958501
1011010101,1.5773181320741358,5.285465129234217
1011010101,1.573728061858339,5.038120751031117
1011010101,1.511428738650114,5.015430445625576
1011010101,1.47835179942735,4.909045438334623
1011010101,1.4481705024973899,4.742912699384078
1011010101,1.5759753327284378,5.037731519757957
1011010101,1.563150657576028,5.615086042394392
1011010101,1.589584787419417,5.569401197172309
1011010101,1.5998570978003588,4.986574815000734
1011010101,1.587261601370608,5.0516940605838165
1011010101,1.6277045063082518,4.913625003255142
1011010101,1.6062335353404293,4.919849530334801
1011010101,1.6348936528448135,5.082285963839608
1011010101,1.6624545985100072,5.4030421801901465
1011010101,1.6639170960844913,5.371962731715645
1011010101,1.643213211811098,4.977712573553865
1011010101,1.6550310472571084,5.026764516026127
1011010101,1.6741382485219036,4.9107044554712065
1011010101,1.6176672703506993,4.781532354180569
1011010101,1.6245979025338724,4.941813836488534
1011010101,1.6570003352757499,5.481617610937679
1011010101,1.6551858480846706,5.365546016043484
1011010101,1.647762474905039,4.8473238938136936
1011010101,1.6747683513185199,4.947801984924687
1011010101,1.6505697616382053,4.750179207898066
1011010101,1.626865604825346,4.77423762710363
1011010101,1.5812609724308466,5.14813380728189
1011010101,1.654762646166543,5.49853614172778
1011010101,1.6438198876880252,5.535154728194132
1011010101,1.6014582700010556,4.857491884579664
1011010101,1.5957115042452166,4.838089795545137
1011010101,1.5631704536001876,4.838367033151422
1011010101,1.6652302838628177,5.147023435658427
1011010101,1.5665957028589919,5.185809144568927
1011010101,1.5959154086670266,5.084474182431126
1011010101,1.6228567430522851,4.690384115202572
1011010101,1.545863224995249,4.388555276636582
1011010101,1.6397388361157932,4.846373670518268
1011010101,1.5615347300360103,4.86893347136929
1011010101,1.6030463668474293,4.90594122298159
1011010101,1.68813092084536,4.871097326636843
1011010201,2.6342131754891085,3.8609823107135592
1011010201,2.6342131754891085,3.7828933395461837
1011010201,2.6332415223852723,3.739477506877028
1011010201,2.6332415223852723,4.019297687899189
1011010201,2.6332415223852723,4.015914442518285
1011010201,2.63318335563495,3.7546906026176714
1011010201,2.6342131754891085,3.823169933559145
1011010201,2.6342131754891085,3.8162387132503097
1011010201,2.6342131754891085,3.7167620951001887
1011010201,2.628301448365423,4.13266743654126
1011010201,2.621681974370673,4.338126992383863
1011010201,2.620589573535601,4.271304549231829
1011010201,2.627645894866978,3.4666105202103874
1011010201,2.625778721774911,4.053088445706749
1011010201,2.6229763442955676,3.6365856593928023
1011010201,2.6258727188910465,3.6750340472918834
1011010201,2.6021663625240525,3.788679539191113
1011010201,2.6086978025669003,4.112315447543337
1011010201,2.6228640554783644,4.335341129155817
1011010201,2.6106141511039316,3.8592760233695302
1011010201,2.6032298325309284,3.8919223337211433
1011010201,2.610993831570965,3.982947343764845
1011010201,2.631807714632634,3.674400132849102
1011010201,2.6085365137671137,3.6602999222306214
1011010201,2.6181375040969552,4.050410090075927
1011010201,2.618953059151512,4.160740731861783
1011010201,2.621728036793435,3.758312228829273
1011010201,2.62058793023537,3.5535464395427856
1011010201,2.621512134457258,3.7428940424201746
1011010201,2.62472353519309,3.6427831582209627
1011010201,2.633126256885406,3.6256467466970728
1011010201,2.6224962866705437,3.995665380364789
1011010201,2.6332415223852723,3.8962797278121863
1011010201,2.6332415223852723,3.793824883635431
1011010201,2.6332415223852723,3.796252942382266
1011010201,2.6332415223852723,3.775767906882027
1011010201,2.6332415223852723,3.70934362724629
1011010201,2.6332415223852723,3.69565643839296
1011010201,2.6332415223852723,4.063129055069179
1011010201,2.6332415223852723,4.005076094463918
1011010201,2.6706201630264994,3.9259259105971376
1011010201,2.6342131754891085,4.030321463786979
1011010201,2.6342131754891085,3.913322161159766
1011010201,2.559731602323752,3.860055799802893
1011010201,2.559731602323752,4.0704274821619535
1011010201,2.559731602323752,4.37424644735492
1011010201,2.5410946386455,4.098187169939551
1011010201,2.559731602323752,3.9464051082872764
1011010201,2.48038617034082,4.0239220979255546
1011010201,2.299875258231029,4.159835754424455
1011010201,2.299875258231029,4.242577768285321
1011010201,2.48038617034082,3.9132622372630967
1011010201,2.48038617034082,4.023313901566718
1011010201,2.5597316023237524,4.270480359928969
1011010201,2.559731602323752,3.7325134911339974
1011010201,2.5607773336218496,3.8662094068885997
1011010201,2.5079440776346944,4.413331484502294
1011010201,2.366644293500771,4.52727350727961
1011010201,2.48038617034082,3.6871279210751298
1011010201,2.48038617034082,4.03958914123375
1011010201,2.48038617034082,4.391717030756835
1011010201,2.48038617034082,4.002265822353973
1011010201,2.48038617034082,4.0228127560808575
1011010201,2.48038617034082,3.656252951286842
1011010201,2.48038617034082,3.6608142858455928
1011010201,2.48038617034082,3.841858018711017
1011010201,2.48038617034082,4.057473087446196
1011010201,2.482648964404039,3.974095989625925
1011010201,2.4826489644040395,3.2679326201550634
1011010201,2.482648964404039,3.503723885298847
1011010201,2.482648964404039,3.4882920885130893
1011010201,2.4648073917732107,4.048632156890134
1011010201,2.4803270732560763,3.451193167983395
1011010201,2.395432090312722,3.7690067735924084
1011010201,2.3941982201018783,3.730597047465805
1011010201,2.3954320903127218,4.162890667257115
1011010201,2.395432090312722,3.3971224236201256
1011010201,2.3705537757673145,4.0851019808551685
1011010201,2.395432090312722,3.4857835981035046
1011010201,2.395432090312722,3.321612902319313
1011010201,2.330989600988925,4.415944852877343
1011010201,2.4792528503193214,3.979625577563357
1011010201,2.4792528503193214,3.6684471285994418
1011010201,2.48038617034082,3.7112523049656616
1011010201,2.4826489644040395,3.4648605197637727
1011010201,2.635183885399573,3.6623301188803996
1011010201,2.6351838853995724,3.727162227539241
1011010201,2.6351838853995724,4.461796228132049
1011010201,2.635183885399573,3.5825184381225266
1011010201,2.6351838853995724,3.2017703569652616
1011010201,2.6351838853995724,3.3359474964540383
1011010201,2.6254374473275517,4.107112701499779
1011010201,2.6220879994182584,4.5425285313279105
1011010201,2.6211399076428856,4.206854460033139
1011010201,2.6332415223852723,3.795331873427935
1011010201,2.6332415223852723,3.5406984204397127
1011010201,2.5963362028813255,4.524816596662528
1011010201,2.6312953792533413,4.6835838752235945
1011010201,2.604389587170433,4.0300904450823225
1011010201,2.6312953792533413,3.9035875266070446
1011010201,2.6322689242533683,4.02257999599279
1011010201,2.6322689242533683,3.6214835211273857
1011010201,2.632268924253369,4.1021473742851216
1011010201,2.6322689242533683,3.55004832839451
1011010201,2.6312953792533413,3.856954171600334
1011010201,2.4781182444261103,3.876582338888127
1011010201,2.2144859977150735,4.088058177579392
1011010201,2.278546948466894,4.481430695826038
1011010201,2.2971580603060993,4.694197030557742
1011010201,2.2971580603060993,4.517398520052053
1011010201,2.2971580603060993,4.0502533407091335
1011010201,2.2985175821638504,3.4307238209204773
1011010201,2.2985175821638504,3.702659077522308
1011010201,2.2985175821638504,3.2644608580886842
1011010201,2.3929628255743345,3.171951918156477
1011010201,2.3929628255743345,3.437625738275707
1011010201,2.3929628255743345,3.763847770351242
1011010201,2.3929628255743345,3.1077654772297674
1011010201,2.2985175821638504,3.1486679298247044
1011010201,2.299875258231029,3.4110486977125296
1011010201,2.21743703362031,3.2149481215302207
1011010201,2.215962604243911,3.365190166356153
1011010201,2.215962604243911,4.415231693854968
1011010201,2.2566761195676364,4.23500465186686
1011010201,2.2566761195676364,3.4881698690067036
1011010201,2.2144859977150735,3.966416489258478
1011010201,2.023508531467583,4.212527517899811
1011010201,2.023508531467583,4.0492425883096805
1011010201,2.021718277622115,4.5553074468156876
1011010201,2.021718277622115,4.799527356666364
1011010201,1.940094341825327,4.8330305954157255
1011010201,1.940094341825327,4.053383669167002
1011010201,2.0743545627736815,3.246413167861289
1011010201,1.7872389897808745,4.1470951276076295
1011010201,1.7872389897808747,2.595702367935766
1011010201,1.7872389897808745,4.099431601270657
1011010201,1.7188931535254175,4.430828703534357
1011010201,1.7188931535254175,4.354115723913043
1011010201,1.7188931535254175,3.8844462376579116
1011010201,1.7188931535254173,3.7755386857743436
1011010201,1.6067280776710837,3.920744859240015
1011010201,1.6056420843201276,4.3459459863527945
1011010201,1.7164646096885514,3.9646344306993555
1011010201,1.6040108797461539,4.736777228237544
1011010201,1.602921929914214,4.784119396141188
1011010201,1.602921929914214,4.312448770683605
1011010201,1.7154915383529288,4.109676426219083
1011010201,1.7845168608107793,3.614613777217783
1011010201,1.7845168608107793,3.5486398976993487
1011010201,1.7858788515438073,3.3650173742073983
1011010201,1.7872389897808747,4.375014607774506
1011010201,1.7872389897808745,4.348146634490103
1011010201,1.7885972805544392,3.717369724513564
1011010201,1.940094341825327,3.2511493854184965
1011010201,1.940094341825327,3.1970391302590264
1011010201,1.9412602123081093,3.3084239815098004
1011010201,1.9420367048396272,3.312621144553712
1011010201,1.7904054697468212,4.278275933679954
1011010201,2.07605309929375,4.219037006179419
1011010201,2.07605309929375,3.3678818651308813
1011010201,2.07605309929375,3.390675554202573
1011010201,2.07605309929375,3.0361541880529064
1011010201,2.07605309929375,3.015779968857769
1011010201,2.07605309929375,3.4224368846545743
1011010201,2.0256147146625496,4.191441024461464
1011010201,2.07605309929375,4.365261888341151
1011010201,2.07605309929375,3.507837078818362
1011010201,2.07605309929375,3.509453700432007
1011010201,2.07605309929375,3.2605934182200693
1011010201,2.07605309929375,3.4371435084356246
1011010201,2.07605309929375,3.2754073756038555
1011010201,2.07605309929375,4.099166252501314
1011010201,2.07605309929375,4.49815274282818
1011010201,2.0213353775285174,3.612457267769484
1011010201,2.07605309929375,3.30857026588689
1011010201,2.077748755678832,3.684444634823824
1011010201,2.077748755678832,3.671046385962144
1011010201,2.077748755678832,3.5178241935938748
1011010201,2.2985175821638504,4.138632543265531
1011010201,2.2971580603060993,3.9321393090129706
1011010201,2.2971580603060993,3.524859398489894
1011010201,2.2971580603060993,3.517913181358116
1011010201,2.2985175821638504,3.509692977815454
1011010201,2.299875258231029,3.139486237198687
1011010201,2.299875258231029,4.02508379771216
1011010201,2.2998752582310287,3.460503487559563
1011010201,2.299875258231029,3.9138213873695253
1011010201,2.299875258231029,3.2079362048298155
1011010201,2.263843644496351,3.89281979844371
1011010201,2.1843505473662823,3.945670524840364
1011010201,2.299875258231029,3.7477849520244613
1011010201,2.395432090312722,3.3912480508084872
1011010201,2.482648964404039,3.854139622979596
1011010201,2.482648964404039,4.055187847020907
1011010201,2.5628655212629803,3.3625258510138862
1011010201,2.5639079821588227,2.936353750034491
1011010201,2.456906804421453,3.2308439206440545
1011010201,2.4421912477607557,3.5298544138704173
1011010201,2.471568471496206,3.4333095555781417
1011010201,2.4860335839237244,3.8244369178694844
1011010201,2.487159249508341,3.811318301306514
1011010201,2.3993497678829634,3.501645852958961
1011010201,2.44737094264682,3.520993205116237
1011010201,2.487159249508341,3.515329315707068
1011010201,2.487159249508341,3.31611142259248
1011010201,2.487159249508341,3.4854159735665537
1011010201,2.487159249508341,3.875732395327108
1011010201,2.487159249508341,4.0268862270175765
1011010201,2.4514715697242466,3.5425233177525906
1011010201,2.4514715697242466,3.6070455598898
1011010201,2.4491370326571116,3.931551085235691
1011010201,2.305287604393256,3.866774561954977
1011010201,2.302585092994046,4.035796948596688
1011010201,2.302585092994046,4.145101045885887
1011010201,2.302585092994046,3.63513579160399
1011010201,2.302585092994046,3.2246192994952665
1011010201,2.302585092994046,3.721540236353485
1011010201,2.081131466998236,4.438111555860049
1011010201,2.081131466998236,4.248252355411931
1011010201,2.081131466998236,4.063352566782983
1011010201,2.081131466998236,4.324092920366181
1011010201,2.1957200202381575,3.983077749793514
1011010201,2.2971580603060993,4.8057817887952154
1011010201,2.2985175821638504,4.934876729695104
1011010201,2.299875258231029,5.118323099513173
1011010201,2.0794415416798357,3.1249606715617766
1011010201,2.1944819252481502,2.809824293224616
1011010201,2.1942131960366194,3.716567575684106
1011010201,2.192704097889039,3.701129119667852
1011010201,2.191192718921825,3.5141986324159347
1011010201,1.9439753023925592,4.02536954771857
1011010201,1.9420367048396274,3.8543303312494968
1011010201,1.9420367048396272,3.674907296547053
1011010201,2.0743545627736815,3.5624087900599872
1011010201,2.0726531363179457,3.427936678851777
1011010201,2.0726531363179457,3.1968755845885335
1011010201,1.791759469228055,3.6219380483600547
1011010201,1.791759469228055,3.6860003133630928
1011010201,2.07605309929375,4.249409110059043
1011010201,2.192704097889039,4.313533638228582
1011010201,2.1476630966248558,4.006678425469528
1011010201,2.2971580603060993,3.352672182386425
1011010201,2.192704097889039,3.7040143416982065
1011010201,2.2580917669411282,3.0914968955383704
1011010201,2.2580917669411282,2.941909466856484
1011010201,2.2580917669411282,3.7365976153220326
1011010201,2.2580917669411282,4.164057174633401
1011010201,2.254690840379029,4.437768768284515
1011010201,2.2566761195676364,3.8210036070409776
1011010201,2.192704097889039,3.528505281802806
1011010201,2.1942131960366194,3.2229076859815713
1011010201,2.1957200202381575,3.4258574733985263
1011010201,2.1957200202381575,3.4430428522520495
1011010201,2.299875258231029,3.761595386401012
1011010201,2.2998752582310287,3.716737782242333
1011010201,2.2985175821638504,3.353511607429595
1011010201,2.2985175821638504,2.9852778156501323
1011010201,2.2985175821638504,3.3784744945548875
1011010201,2.2985175821638504,3.3700850399695295
1011010201,2.297158060306099,3.7589184448939106
1011010201,2.2971580603060993,3.537387736112421
1011010201,2.2979739951965943,3.939891058770619
1011010201,2.2993324089782385,3.421816668864891
1011010201,2.299875258231029,3.354594822938136
1011010201,2.299875258231029,3.308021589098613
1011010201,2.299875258231029,3.2258117158693134
1011010201,2.3941982201018783,3.890921935520092
1011010201,2.358976587019674,3.947486669703715
1011010201,2.3941982201018783,3.9144001777138975
1011010201,2.3067058382224923,4.101551860471453
1011010201,2.395432090312722,3.2930180821484667
1011010201,2.3966644399638493,3.358289880650879
1011010201,2.299875258231029,3.6663526195323253
1011010201,2.2971580603060993,4.2417583141109265
1011010201,2.297158060306099,4.228190488708995
1011010201,2.2971580603060993,4.269081875657747
1011010201,2.298144960946429,4.339914746097867
1011010201,2.2971580603060993,2.5748996883147046
1011010201,2.2957966876321554,3.293575050768401
1011010201,2.2971580603060993,3.1043175839674317
1011010201,2.077748755678832,3.9508205521360584
1011010201,2.077748755678832,3.915736103340029
1011010201,2.07605309929375,3.8525277456422695
1011010201,2.2944334590958473,3.4665792970427947
1011010201,2.1896790522301743,3.3531619326235984
1011010201,2.189072943438021,3.405189402931693
1011010201,2.189072943438021,3.2976870052924907
1011010201,2.189072943438021,3.6946626988696636
1011010201,2.1884664670551883,4.352031237138481
1011010201,2.18816309087788,3.8777420714512716
1011010201,2.187556062272261,3.2225490702344968
1011010201,2.07026626542249,3.4124010521694808
1011010201,2.07026626542249,3.9069702617914945
1011010201,2.07026626542249,3.5442871141299888
1011010201,1.78406245136123,3.8508920054239146
1011010201,1.3307190173967367,4.675712523099604
1011010201,1.3307190173967367,4.546099356411039
1011010201,1.3815473203982622,3.7639405433358153
1011010201,1.3815473203982622,3.2767673032839784
1011010201,1.71743673507675,3.3811647279119192
1011010201,1.7154915383529288,3.522175308215058
1011010201,1.602921929914214,3.6408702349275757
1011010201,1.78406245136123,4.050793151788369
1011010201,1.78406245136123,3.5963803196170128
1011010201,1.7849710638661649,3.627349735320781
1011010201,1.7858788515438073,3.6333138886642278
1011010201,1.7872389897808745,3.53093826604536
1011010201,1.7872389897808745,3.0539540107541154
1011010201,1.7895017838440939,3.2598642055455116
1011010201,1.7895017838440936,3.336552188168624
1011010201,1.789501783844094,3.6228197766044263
1011010201,1.7895017838440939,3.42965525447864
1011010201,1.7895017838440939,3.3238842785594853
1011010201,1.7895017838440939,2.957614951440863
1011010201,1.9420367048396272,3.182004350092296
1011010201,1.9420367048396272,3.7134988932954918
1011010201,1.9420367048396272,3.620252587067758
1011010201,2.0743545627736815,3.958563020863042
1011010201,2.0743545627736815,3.3173446472681802
1011010201,2.0743545627736815,3.4371435084356246
1011010201,1.9420367048396272,3.5234445124764053
1011010201,2.0743545627736815,2.84426964434602
1011010201,2.07605309929375,3.5257426867348154
1011010201,2.078764771103526,3.554261757388992
1011010201,2.078764771103526,4.162485960197236
1011010201,2.077748755678832,3.7117166880166934
1011010201,2.077748755678832,3.386219098481442
1011010201,2.077748755678832,3.8404625548149256
1011010201,2.077748755678832,3.783098129352918
1011010201,2.077748755678832,3.74215952355622
1011010201,1.9163701104645177,3.966113384325019
1011010201,1.917621340888744,3.058519261652756
1011010201,1.9420367048396272,3.6677834908192017
1011010201,2.0743545627736815,3.7279318838775932
1011010201,2.07605309929375,3.7707819697335707
1011010201,2.07605309929375,3.5913768727526976
1011010201,2.1927040978890386,3.447317317275709
1011010201,2.192704097889039,4.118809506621614
1011010201,2.07605309929375,3.7410685971092694
1011010201,2.192704097889039,3.2116094888761557
1011010201,2.192704097889039,3.2231068613960168
1011010201,2.1942131960366194,3.2900795838745327
1011010201,2.1942131960366194,2.628068602672577
1011010201,2.2971580603060993,3.0468055437379915
1011010201,2.07605309929375,3.9600890979971854
1011010201,2.0747576426253453,4.132346584355108
1011010201,2.07605309929375,4.290966162058732
1011010201,2.2971580603060993,3.8138808192767386
1011010201,2.2971580603060993,2.5641798306825083
1011010201,2.1406557366315067,3.8810894586582205
1011010201,2.2971580603060993,3.5545191466058053
1011010201,2.2985175821638504,3.795736349636766
1011010201,2.2985175821638504,3.7753781997305533
1011010201,2.299875258231029,3.9902795033939134
1011010201,2.2998752582310287,3.264307976266035
1011010201,2.299875258231029,4.055655707606989
1011010201,2.299875258231029,3.5520569373911997
1011010201,2.299875258231029,3.6997452074242423
1011010201,2.299875258231029,4.274176912399137
1011010201,2.299875258231029,4.034983724826952
1011010201,2.299875258231029,3.577500866130547
1011010201,2.299875258231029,3.537562256182672
1011010201,2.299875258231029,3.2977609397126937
1011010201,2.2985175821638504,3.518091133133655
1011010201,2.2985175821638504,3.2177551971994975
1011010201,2.2971580603060993,3.8815019403601934
1011010201,2.2971580603060993,3.8216386736895704
1011010201,2.2971580603060993,4.195019115889212
1011010201,2.2971580603060993,3.80446006621512
1011010201,2.2971580603060993,3.7010056339117767
1011010201,2.2971580603060993,4.116774454188262
1011010201,2.2971580603060993,3.349061627241627
1011010201,2.1313393984454674,4.256888491407381
1011010201,2.099734092509022,4.325905917534547
1011010201,2.104635388840141,3.1978564576441255
1011010201,2.111578676008369,3.855621951777376
1011010201,2.0987875420126567,3.914559785080116
1011010201,2.1046628817023496,3.3189745214043227
1011010201,2.077748755678832,3.6654572841694435
1011010201,2.077748755678832,4.37390625344111
1011010201,2.077748755678832,4.107754249132018
1011010201,2.077748755678832,3.553489192004414
1011010201,2.077748755678832,3.838613251002147
1011010201,2.077748755678832,3.9699711073823436
1011010201,2.0794415416798357,3.5328979326518217
1011010201,2.1928643014081985,3.6508919802084363
1011010201,2.297297284261502,3.944006051281197
1011010201,2.2972353911732726,4.098153963896048
1011010201,2.2972708803498647,3.2215123461893307
1011010201,2.2972671371788347,3.983003234145193
1011010201,2.299875258231029,4.065653550008517
1011010201,2.2998752582310287,3.4460432694539906
1011010201,2.2989785387882957,3.775767906882027
1011010201,2.301231093512812,3.86825918798697
1011010201,2.2128016944572697,4.201673139974625
1011010201,2.208018780148794,3.184781151097372
1011010201,2.2151318437568674,3.0272793890521204
1011010201,2.2022869767908113,2.6587198910802687
1011010201,2.2253952733628117,3.282338767778839
1011010201,2.3012310935128117,3.3655011170038813
1011010201,2.302585092994046,3.6992257461680804
1011010201,2.302585092994046,3.920110215610765
1011010201,2.302585092994046,4.036132652473687
1011010201,2.300529542676044,2.418855874659432
1011010201,2.302585092994046,0.05259245011917063
1011010201,2.302585092994046,2.554899021608035
1011010201,2.302585092994046,1.253905173074145
1011010201,2.302585092994046,2.8050559123772825
1011010201,2.302585092994046,2.092234363478588
1011010201,2.302585092994046,1.799231484066756
1011010201,2.302585092994046,2.25108125012693
1011010201,2.299875258231029,2.1569811191352537
1011010201,2.302585092994046,2.186725206899511
1011010201,2.3001638756125944,3.855960461491606
1011010201,2.300418743363713,3.5524868292083815
1011010201,2.302585092994046,0.4356709501652302
1011010201,2.302585092994046,1.5060753994389473
1011010201,2.302585092994046,2.219964064305709
1011010201,2.302585092994046,0.7970566439504568
1011010201,2.302585092994046,1.695982513834286
1011010201,2.3001179293990424,2.9738955789448163
1011010201,2.300128793666693,3.569589032922612
1011010201,2.3002865064587743,4.028578621446481
1011010201,2.3001189290076334,3.8771623732921423
1011010201,2.30041678670413,3.758382195595088
1011010201,2.302585092994046,2.079816471384909
1011010201,2.4849066497880004,3.3275149599746294
1011010201,2.4849066497880004,3.2175549529007847
1011010201,2.4849066497880004,3.4928037410873185
1011010201,2.4826489644040395,3.934351850911209
1011010201,2.321320176152648,3.548208348575169
1011010201,2.3235023731845277,3.1429446532343777
1011010201,2.3380674271109307,2.7201763809000505
1011010201,2.3069447228257918,2.6571077223646355
1011010201,2.3356850036842918,3.2048174676171604
1011010201,2.0828185412864055,2.8936995479888394
1011010201,2.0794415416798357,3.467702717351305
1011010201,2.4849066497880004,2.4297462386107247
1011010201,2.4849066497880004,2.3774142336146946
1011010201,2.4849066497880004,2.5417594613807832
1011010201,2.4849066497880004,2.2281847704177955
1011010201,2.4849066497880004,2.5774098634432705
1011010201,2.4177672814212876,3.564590928570591
1011010201,2.302585092994046,3.944432110626088
1011010201,2.2963414591221696,4.267036570040212
1011010201,2.302585092994046,4.030694535145645
1011010201,2.3025850929940455,3.6762500377137948
1011010201,2.302585092994046,3.3285550016700434
1011010201,2.0794415416798357,2.1319153889405387
1011010201,2.0794415416798357,3.935426983207162
1011010201,2.0794415416798357,0.8324742457810445
1011010201,2.0794415416798357,1.581655531421649
1011010201,2.2944334590958473,2.539158064619916
1011010201,2.302585092994046,3.14999723256542
1011010201,2.302585092994046,3.5412781137981684
1011010201,2.2718772911260747,4.060167110420514
1011010201,2.2763171661734356,3.7158621254438233
1011010201,2.2714355469913508,3.7451180005611255
1011010201,2.302585092994046,3.736311553673797
1011010201,2.3025850929940455,3.966132331075178
1011010201,2.302585092994046,3.7555329246684566
1011010201,2.4849066497880004,3.1475087085197844
1011010201,2.6390573296152584,2.9868428797080737
1011010201,2.639057329615259,3.101082789161817
1011010201,2.632870508163249,3.7710353121271685
1011010201,2.302585092994046,1.4831941858598499
1011010201,2.597384633214691,2.9387385520338705
1011010201,2.5900160448567036,2.8050559123772825
1011010201,2.5916464992109165,2.6981345363148335
1011010201,2.5818818113844935,3.1776787600178626
1011010201,2.6035386858790637,3.591266625246936
1011010201,2.609784360749729,3.2882153029468135
1011010201,2.6390573296152584,3.0255822955228764
1011010201,2.639057329615259,2.830739698881811
1011010201,2.6390573296152584,3.225016929624964
1011010201,2.8903717578961645,2.480480200835087
1011010201,2.8903717578961645,2.7980127745799397
1011010201,2.9856819377004897,2.8951381583182885
1011010201,2.9856819377004897,2.2091531482014934
1011010201,2.9856819377004897,2.1689394081241273
1011010201,2.9856819377004897,2.488317492910082
1011010201,2.9856819377004897,2.7281795723973756
1011010201,2.9856819377004897,1.8639250800282403
1011010201,2.8903717578961645,2.6081561982815664
1011010201,2.6390573296152584,2.8494918913309846
1011010201,2.6390573296152584,3.347233858718726
1011010201,2.4849066497880004,3.267284964075888
1011010201,2.4849066497880004,3.252078465695919
1011010201,2.4849066497880004,3.3274790771678724
1011010201,2.4849066497880004,3.172999411600674
1011010201,2.482648964404039,3.623780776117802
1011010201,2.3178406870179664,3.3810286873716286
1011010201,2.332129184092962,3.573412484305223
1011010201,2.343630981023342,3.3427204519031797
1011010201,2.331142733505394,3.34965844307145
1011010201,2.3171801193452333,3.3198427026193236
1011010201,2.6390573296152584,2.5768779283268106
1011010201,2.6390573296152584,2.9410120613537583
1011010201,2.6390573296152584,2.9981792771970426
1011010201,2.6390573296152584,3.4204116005859597
1011010201,2.639057329615259,2.5397893279565897
1011010201,2.6390573296152584,2.5277266469709283
1011010201,2.6390573296152584,2.759440157484506
1011010201,2.639057329615259,1.7947549782078533
1011010201,2.6390573296152584,2.1711087302056598
1011010201,2.772588722239781,2.667644786467171
1011010201,2.772588722239781,2.9825963741608503
1011010201,2.6390573296152584,2.2778824803536737
1011010201,2.639057329615259,2.250765344264249
1011010201,2.6390573296152584,2.5304375400359898
1011010201,2.6390573296152584,2.3240529996092865
1011010201,2.4849066497880004,2.8628292548897636
1011010201,2.4849066497880004,3.1404817574401886
1011010201,2.4849066497880004,3.0826894824098874
1011010201,2.4849066497880004,2.2172450458270303
1011010201,2.302585092994046,3.247929645258938
1011010201,2.302585092994046,2.9612443430953177
1011010201,2.302585092994046,2.904877155209905
1011010201,2.4849066497880004,3.032015985631238
1011010201,2.6390573296152584,3.1296073571100185
1011010201,2.6390573296152584,3.250180674696613
1011010201,2.4849066497880004,2.668893485901016
1011010201,2.4849066497880004,2.81174933743337
1011010201,2.6390573296152584,2.7119758191046826
1011010201,2.6390573296152584,2.4993846689686534
1011010201,2.6390573296152584,2.6554226837015227
1011010201,2.6390573296152584,3.416085994155906
1011010201,2.6390573296152584,2.750854230093775
1011010201,2.6332415223852723,3.3295223449552642
1011010201,2.6390573296152584,2.575737113661501
1011010201,2.4849066497880004,2.9002670817359246
1011010201,2.0794415416798357,3.2491334120288977
1011010201,2.0794415416798357,3.5351161992279425
1011010201,2.0794415416798357,3.7434149867619504
1011010201,2.0794415416798357,3.934430081338974
1011010201,2.0794415416798357,3.283126804669724
1011010201,2.0794415416798357,2.901531478155164
1011010201,2.0794415416798357,2.6712478945781055
1011010201,2.07605309929375,3.1810908805054425
1011010201,2.1972245773362196,3.4056872869350077
1011010201,2.1972245773362196,3.501404642079181
1011010201,2.1972245773362196,3.349833909373597
1011010201,2.1972245773362196,2.7221503254809916
1011010201,2.1972245773362196,3.1840773193255054
1011010201,2.0794415416798357,3.20878508415803
1011010201,2.0794415416798357,2.870792438998142
1011010201,2.0726531363179457,4.245533718206345
1011010201,2.0794415416798357,3.6447185583281665
1011010201,2.0794415416798357,3.281099168048333
1011010201,1.791759469228055,3.638296433737858
1011010201,1.791759469228055,3.8123573543143188
1011010201,1.791759469228055,3.6810488749987478
1011010201,1.791759469228055,3.5806537265428355
1011010201,2.0794415416798357,3.4605349010076627
1011010201,2.0794415416798357,3.767783051709402
1011010201,1.7872389897808747,4.73849405708151
1011010201,1.7917594692280552,3.5603356030004525
1011010201,1.791759469228055,3.9975766537808037
1011010201,1.791759469228055,3.55554804149208
1011010201,1.7917594692280552,3.0826436455432873
1011010201,1.9459101490553132,3.152949674752034
1011010201,1.9459101490553135,3.625353753234058
1011010201,1.791759469228055,4.060563692919181
1011010201,1.9459101490553132,2.464278681992033
1011010201,1.9459101490553132,2.2203984220060984
1011010201,1.9459101490553132,2.786429988428262
1011010201,1.9459101490553132,3.475624350550056
1011010201,1.9459101490553135,3.466704183864275
1011010201,2.0794415416798357,4.167300680770902
1011010201,2.0736743395341857,4.307424309578646
1011010201,2.1972245773362196,3.0977020471377084
1011010201,2.302585092994046,3.8893069381844128
1011010201,2.302585092994046,3.472494263544189
1011010201,2.302585092994046,4.060908419468263
1011010201,2.302585092994046,4.445623306160287
1011010201,2.302585092994046,4.5098370059192625
1011010201,2.295251619204395,4.626226928513701
1011010201,2.302585092994046,2.6367689990972463
1011010201,2.302585092994046,3.6565886734153747
1011010201,2.302585092994046,3.266865668866864
1011010201,2.302585092994046,3.871950729798437
1011010201,2.1972245773362196,3.8213321401436424
1011010201,2.1972245773362196,3.966208114486226
1011010201,2.1972245773362196,3.764543358034926
1011010201,2.1905875271598196,3.7980925390872526
1011010201,2.1972245773362196,3.229024155920016
1011010201,2.0794415416798357,3.1379694109744762
1011010201,2.0794415416798357,3.2181555655437175
1011010201,2.0794415416798357,3.5689973419370897
1011010201,2.0794415416798357,3.6344760652345496
1011010201,2.0794415416798357,3.5766621509928966
1011010201,2.0794415416798357,3.419266481123033
1011010201,2.0794415416798357,3.0853444322436783
1011010201,2.0794415416798357,3.0274731593380535
1011010201,2.0794415416798357,3.1946241150659085
1011010201,2.0794415416798357,3.9053004596673193
1011010201,2.07605309929375,3.594184085274612
1011010201,2.0794415416798357,3.3338103629603
1011010201,2.0794415416798357,3.0666566118906897
1011010201,2.0794415416798357,3.3602364886070566
1011010201,2.0794415416798357,3.5445470832240162
1011010201,2.0794415416798357,3.245245079888269
1011010201,2.302585092994046,3.3756744244310695
1011010201,2.302585092994046,3.5284759326209123
1011010201,2.302585092994046,3.1171531287583303
1011010201,2.302585092994046,3.13305646441721
1011010201,2.302585092994046,2.939426437342896
1011010201,2.302585092994046,3.0855729775537806
1011010201,2.302585092994046,3.0016646422070994
1011010201,2.302585092994046,3.376528935446441
1011010201,2.295796687632156,3.4462982089072516
1011010201,2.302585092994046,-0.4588658848352796
1011010201,2.113759923955581,2.7047781872317906
1011010201,2.0962707582228353,2.7136345793961105
1011010201,2.111178731325281,2.8315060050291283
1011010201,2.1187845432023824,2.9560034313249943
1011010201,2.1031412190262095,3.3152399944846125
1011010201,2.105607252850471,3.4142123187396503
1011010201,2.3025850929940455,2.2112370535347403
1011010201,2.302585092994046,2.0439438893266786
1011010201,2.302585092994046,2.4746037567921033
1011010201,2.302585092994046,2.5504602805274392
1011010201,2.4849066497880004,2.6722848446554677
1011010201,2.4849066497880004,3.1903940424325503
1011010201,2.4849066497880004,2.818338554996333
1011010201,2.4849066497880004,2.611025218530336
1011010201,2.4849066497880004,2.7874157564829507
1011010201,2.4849066497880004,2.031432322493475
1011010201,2.4849066497880004,2.0426478808508235
1011010201,2.475389926424291,2.6760778218589376
1011010201,2.302585092994046,2.8158277932756413
1011010201,2.302585092994046,2.457877977400081
1011010201,2.302585092994046,0.7366854825744287
1011010201,2.1047135565364288,3.4111477125153233
1011010201,2.0970858929282117,3.2227483170820745
1011010201,2.1282353266500444,3.292312142941383
1011010201,2.117383576099819,3.2643461989129583
1011010201,2.1111602974911494,2.799595727726308
1011010201,2.4849066497880004,3.101172786011988
1011010201,2.4849066497880004,3.0562627732940233
1011010201,2.4781182444261103,2.862029437662483
1011010201,2.4849066497880004,2.35080366526452
1011010201,2.4849066497880004,2.3635861145514445
1011010201,2.6390573296152584,2.7466938246944146
1011010201,2.6390573296152584,2.0485956615087346
1011010201,2.4849066497880004,1.8536382062739203
1011010201,2.6390573296152584,1.8523840910444898
1011010201,2.6390573296152584,2.2820762163625052
1011010201,2.6390573296152584,1.7995622812910759
1011010201,2.6390573296152584,2.373043556642607
1011010201,2.6390573296152584,2.5389212380942388
1011010201,2.6390573296152584,3.0083523049100935
1011010201,2.6390573296152584,2.49213049487732
1011010201,2.6390573296152584,2.0629309895528465
1011010201,2.6390573296152584,2.434753056571463
1011010201,2.6390573296152584,2.1456973374569013
1011010201,2.6390573296152584,2.9299129325166975
1011010201,2.6312953792533413,2.977975551964732
1011010201,2.6390573296152584,2.747463203459045
1011010201,2.4849066497880004,2.8233412454369446
1011010201,2.4758451633296605,2.299480278040567
1011010201,2.4849066497880004,2.2124415431410798
1011010201,2.4849066497880004,2.4160923337876405
1011010201,2.4849066497880004,3.0670757136221263
1011010201,2.302585092994046,3.343532957467617
1011010201,2.3025850929940455,3.14823874526876
1011010201,2.1034519751077747,2.6198745101984846
1011010201,2.0794415416798357,3.3178520039508035
1011010201,2.098277988764641,3.265072151757907
1011010201,2.0888964368557184,2.933324813425374
1011010201,2.1043008054625063,3.019839348897224
1011010201,1.791759469228055,3.1516670751747506
1011010201,1.791759469228055,3.752018559025222
1011010201,2.0794415416798357,3.3702913389662723
1011010201,2.0794415416798357,3.1196299102102283
1011010201,2.0794415416798357,2.9580823261020854
1011010201,2.0794415416798357,3.202339856228101
1011010201,2.0794415416798357,3.0907242209095593
1011010201,2.0794415416798357,3.8819966939211734
1011010201,2.0794415416798357,3.7791999333139823
1011010201,2.0794415416798357,3.162644040398149
1011010201,2.0794415416798357,2.718858249818802
1011010201,2.0794415416798357,3.0076608444192647
1011010201,2.0794415416798357,2.8680693420638352
1011010201,2.2192034840549946,2.6324642141456147
1011010201,2.2192034840549946,3.27691829226207
1011010201,2.2192034840549946,3.1716584232590854
1011010201,2.2192034840549946,2.7318318297670086
1011010201,2.0794415416798357,3.319263998899469
1011010201,2.0794415416798357,2.9735889088683014
1011010201,2.0794415416798357,3.219315728096586
1011010201,2.0794415416798357,2.921439668972136
1011010201,2.0794415416798357,3.5585999113470166
1011010201,2.0794415416798357,3.7472191144518963
1011010201,2.0794415416798357,3.191956735516937
1011010201,2.0794415416798357,2.763421834414964
1011010201,2.0794415416798357,3.101622648811423
1011010201,2.0794415416798357,3.0255337647907807
1011010201,2.2192034840549946,3.3840173124523023
1011010201,2.2192034840549946,2.6317449448921355
1011010201,2.302585092994046,3.089677886396519
1011010201,2.2192034840549946,3.1488395520845325
1011010201,2.2192034840549946,3.040179688289286
1011010201,2.2192034840549946,2.835915572100106
1011010201,2.2192034840549946,3.069540200698711
1011010201,2.3025850929940455,2.569400972764442
1011010201,2.302585092994046,3.546480287317401
1011010201,2.302585092994046,3.3910797034738698
1011010201,2.3025850929940455,3.162855586590049
1011010201,2.302585092994046,3.1606957128017386
1011010201,2.302585092994046,2.940800790027773
1011010201,2.302585092994046,2.8947510436998773
1011010201,2.302585092994046,3.3069233315566806
1011010201,2.302585092994046,3.3956486827317387
1011010201,2.2192034840549946,3.4643599566197953
1011010201,2.2192034840549946,3.2588654730843594
1011010201,1.9740810260220096,3.0916786146012
1011010201,1.9740810260220094,3.1548278500597697
1011010201,1.9740810260220096,2.679856466731428
1011010201,2.2192034840549946,2.8701690505786455
1011010201,2.0794415416798357,3.1102210000386887
1011010201,1.9740810260220096,3.5923685537330927
1011010201,1.9740810260220094,3.0806247405719533
1011010201,2.0794415416798357,3.1487537446363936
1011010201,1.9717791050489692,3.6994236679896075
1011010201,1.9984585886018194,3.8613190110534403
1011010201,2.114502462051644,3.363737783501773
1011010201,2.1313574782579097,4.02268743045787
1011010201,2.221216803091565,3.887484380980992
1011010201,2.302585092994046,3.3305960744786085
1011010201,2.221216803091565,3.752792779857589
1011010201,2.204173659601746,3.4399692761626937
1011010201,2.0794415416798357,3.9310802569616032
1011010201,2.071715691989815,3.8785903093397454
1011010201,2.0794415416798357,3.7962753968838325
1011010201,2.0759695025964624,4.211490357847139
1011010201,2.0794415416798357,3.18899377038628
1011010201,2.034634350064712,4.167889280540064
1011010201,2.0507161397262523,3.8380534852279715
1011010201,2.302585092994046,3.527330642135251
1011010201,2.302585092994046,3.407179453339703
1011010201,2.302585092994046,4.089566498769001
1011010201,2.221216803091565,3.9835061070500104
1011010201,2.302585092994046,3.7656089869726097
1011010201,2.221216803091565,3.5074475015048145
1011010201,2.2192034840549946,3.7791085653064265
1011010201,2.2192034840549946,3.6414471176790473
1011010201,2.2192034840549946,3.5161616334626764
1011010201,2.2192034840549946,3.8170527678369193
1011010201,2.2192034840549946,3.827771452980555
1011010201,2.1608330915777265,4.376574297662147
1011010201,2.166894195015444,4.310423215814189
1011010201,2.25261550344708,4.212172041335304
1011010201,2.25261550344708,4.106931677727572
1011010201,2.2125575812152,4.162392542995947
1011010201,2.2163684162344706,4.125083897134124
1011010201,2.251946345242204,3.896035889800696
1011010201,2.1708480708307456,4.410152371732899
1011010201,2.166613347950852,4.388170224121841
1011010201,2.0621248644307224,4.225899001962402
1011010201,2.0629679202541173,4.176753698462818
1011010201,1.974370889481473,4.287702218844561
1011010201,1.9611136952595862,4.565170769724226
1011010201,1.9428569271610898,4.465701200696816
1011010201,1.9936444480285962,4.339758282182038
1011010201,2.009437962491525,4.321519974649681
1011010201,2.023346460529197,4.269053886013913
1011010201,2.0163900782780906,4.290856622535393
1011010201,2.0416504864340332,4.316287392959792
1011010201,1.967501331230017,4.630798945621906
1011010201,2.0159839539935236,4.795021655034817
1011010201,2.001070744600479,4.447322681316543
1011010201,2.0416504864340332,4.397161522258152
1011010201,2.0156405724429187,4.473602578161091
1011010201,2.0375895285887258,4.801764402068764
1011010201,2.117770453761031,5.2265796600170935
1011010201,2.117770453761031,4.81319197763186
1011010201,2.117770453761031,4.40913097086589
1011010201,2.2020692936906285,3.8111855784979043
1011010201,2.2020692936906285,3.762106681382867
1011010201,2.1862841639762274,3.849296175519841
1011010201,2.2020692936906285,4.155376944030384
1011010201,2.1850245656825904,3.872991074454388
1011010201,2.2545627291836374,4.060408527193255
1011010201,2.2545627291836374,4.48304774873261
1011010201,2.1964110571239903,3.8229294622341916
1011010201,2.4849066497880004,4.2007745058379475
1011010201,2.547995590045186,3.5627775373162898
1011010201,2.547995590045186,3.8607928669409564
1011010201,2.547995590045186,3.74752564954667
1011010201,2.518533769154806,3.982034025092957
1011010201,2.5195717212638398,4.135870309050599
1011010201,2.527548128624437,3.973268610864924
1011010201,2.4851717980334223,3.667119412331372
1011010201,2.57163846483472,3.6890544388032227
1011010201,2.63739286640292,3.7671821873711098
1011010201,2.639057329615259,4.22203392336299
1011010201,2.639057329615259,4.2807273056669635
1011010201,2.6113338628701617,4.146842131179855
1011010201,2.6164167216596783,4.270927462155162
1011010201,2.513786014173047,3.8528248657021815
1011010201,2.4896721999219134,3.733876720044667
1011010201,2.4569501717828457,3.311673760719553
1011010201,2.4227418881453455,3.7204507929512545
1011010201,2.417904952915437,4.242951331508056
1011010201,2.451803968307364,4.055534431435009
1011010201,2.4379132645017245,3.6588067698576436
1011010201,2.385651249114379,3.7447161615513336
1011010201,2.3893092152345905,3.467858648180705
1011010201,2.379649549638323,3.9197530514900567
1011010201,2.3549474116869513,4.185798832705357
1011010201,2.3705005777085555,4.327346030878557
1011010201,2.3470901394600694,4.013206810762462
1011010201,2.33140737690542,3.4262151446374434
1011010201,2.3103120087065308,3.3806204546733243
1011010201,2.354449894594714,3.4850788656428575
1011010201,2.317137391758449,3.461884746608238
1011010201,2.327557847214951,3.9764990246125107
1011010201,2.347394871220728,4.341191619235522
1011010201,2.357303231581399,4.1250192464900195
1011010201,2.3350739218050767,4.080262541012789
1011010201,2.3581300195317954,3.909399567221432
1011010201,2.209219287440129,3.7079219886912522
1011010201,2.3893092152345905,4.270927462155162
1011010201,2.2608359325475798,4.479981042696079
1011010201,2.239839224335183,3.6326794044257373
1011010201,2.203524074771654,3.971385654821653
1011010201,2.236434502301968,3.85112584647684
1011010201,2.3425830419304794,3.3897993367097863
1011010201,2.3504467269584417,3.3778946360923197
1011010201,2.360595754315259,3.4211633943030333
1011010201,2.324073058584722,2.4505739707074947
1011010201,2.3600344171653003,4.110299929012228
1011010201,2.32820041363675,4.138999202762532
1011010201,2.340368584389585,3.5627775373162893
1011010201,2.3481504832693973,4.028186953291216
1011010201,2.237379400877125,3.498414832377515
1011010201,2.3893092152345905,3.413224761874874
1011010201,2.3893092152345905,4.556116487096435
1011010201,2.3893092152345905,4.03416983918603
1011010201,2.3872703945094482,3.6621247168051165
1011010201,2.331316047620262,3.413422351284724
1011010201,2.3716795514654425,3.5974766306405925
1011010201,2.352431621687907,3.641578180995923
1011010201,2.195077564853944,3.4550856395510197
1011010201,2.1319494831780808,3.710029212836671
1011010201,2.177907168538047,4.1734637666747
1011010201,2.1211106148752257,4.341087445786635
1011010201,2.0632511859680847,3.866544352149116
1011010201,2.0474168162505766,3.6789048729667324
1011010201,1.9657681407707686,4.1557688642091
1011010201,1.954077040528206,4.297788680915377
1011010201,1.909493008795508,4.329258569135226
1011010201,1.909493008795508,3.8549234133875734
1011010201,1.909493008795508,3.7164216612869603
1011010201,1.8748838902404992,3.56161410306806
1011010201,1.8613002009466237,3.682760773105759
1011010201,1.9030254426679414,3.807617589073292
1011010201,1.8819561069379127,4.033443860632485
1011010201,1.9065563475239882,3.9247220304055546
1011010201,1.9013701754537076,3.645528222100769
1011010201,1.800991238257032,3.6621247168051165
1011010201,1.7918409622727662,2.929271906853721
1011010201,1.8148891232944664,3.657182367370682
1011010201,1.8148891232944664,4.22572364027848
1011010201,1.8148891232944664,4.817026272884364
1011010201,1.8148891232944664,4.584651102098169
1011010201,1.8088022738149032,4.8844066948563425
1011010201,1.8148891232944664,3.6101608694025313
1011010201,1.8148891232944666,3.460723360976182
1011010201,1.8148891232944666,3.4382041072912513
1011010201,1.8148891232944664,3.8380534852279715
1011010201,1.8148891232944664,3.8587909908312095
1011010201,1.5686159179138452,1.1606476795875624
1011010201,1.8148891232944664,2.3709911256581058
1011010201,1.8148891232944664,2.031301166351901
1011010201,1.8148891232944666,3.2076935354656313
1011010201,1.5686159179138452,3.4105534765861805
1011010201,1.741445277472093,3.651982040010118
1011010201,1.64916710112785,3.2439976136419806
1011010201,1.766940390355983,3.8363723054199843
1011010201,1.747346476915161,3.721588628523641
1011010201,1.7103911793255744,4.008296357596647
1011010201,1.7057342864864655,4.135742390918029
1011010201,1.6733247376940548,3.325863016770548
1011010201,1.6841768917506532,3.634317666121254
1011010201,1.8148891232944666,3.706252662171281
1011010201,1.8148891232944664,3.8042373292220395
1011010201,1.8148891232944666,3.3368721711055978
1011010201,1.8148891232944664,3.7829388520166085
1011010201,1.8148891232944664,4.233555628255064
1011010201,1.8148891232944666,3.8598029659555215
1011010201,1.909493008795508,3.8177343037373697
1011010201,1.9011821943242428,4.335432806791123
1011010201,1.909493008795508,3.5166369327616462
1011010201,1.909493008795508,3.383915574427628
1011010201,2.012338485036149,3.856066222281949
1011010201,2.011474538704071,3.9501084590334785
1011010201,2.010322131004057,3.3270842812901558
1011010201,2.009586546165636,3.678601819702802
1011010201,2.0034750631635627,3.5849623406941635
1011010201,2.0233555272024923,3.254049899875855
1011010201,2.030904930381421,3.393467583600214
1011010201,2.082863582389321,3.6781470675348924
1011010201,2.0948840480984594,3.673258073210979
1011010201,2.089371538579809,3.5882853388782334
1011010201,2.385679441820571,3.422763159576716
1011010201,2.3774889158581747,3.3265815882813654
1011010201,2.3778405442144153,3.2468411251499028
1011010201,2.3893092152345905,3.297576093411866
1011010201,2.3655504687723146,3.2029903156379773
1011010201,2.3766775206523674,3.5390154068685162
1011010201,2.3787320825928213,3.4449271445234806
1011010201,2.3803477403322795,2.7273298158341666
1011010201,2.3801748899843784,3.440386043019732
1011010201,2.3819187599308687,3.3289133860769904
1011010201,2.382096176128077,3.39141636980705
1011010201,2.3780223656092954,4.009766585746803
1011010201,2.38445219969939,4.12040209654139
1011010201,2.3077432037505154,3.8397963394307966
1011010201,2.3226281911277886,3.6855990795637936
1011010201,2.3728977920522656,4.067298766399905
1011010201,2.388620514520536,4.645361581722719
1011010201,2.3886205145205355,4.93756268320693
1011010201,2.3893092152345905,3.5302939549965653
1011010201,2.3893092152345905,4.189927432115831
1011010201,2.3893092152345905,4.4933555539237995
1011010201,2.388620514520536,4.739150227954445
1011010201,2.388620514520536,4.096841442420688
1011010201,2.3870984514453277,4.238199565857068
1011010201,2.48038617034082,3.7756533028959747
1011010201,2.3893092152345905,3.69508515883544
1011010201,2.261412034424064,3.753870997621376
1011010201,2.258511529426668,3.6243942648875267
1011010201,2.252479099307846,3.505767585105538
1011010201,2.2670447224276806,3.7316275924276527
1011010201,2.2660848527271793,3.9756548656729196
1011010201,2.3161884525903838,3.6871279210751298
1011010201,2.2824024173288175,3.678576561118039
1011010201,2.3162138505033454,3.5451822788567493
1011010201,2.40421791297413,3.521347982792617
1011010201,2.4059113957435483,3.5814055958087034
1011010201,2.3790162424811916,3.4285855449810216
1011010201,2.408180154922073,3.4656108949865754
1011010201,2.302585092994046,3.9781290473628093
1011010201,2.290387782687041,3.8879147220841834
1011010201,2.25261550344708,3.514555828431044
1011010201,2.23479801394134,3.6259396543400624
1011010201,2.2134883704468318,3.445373743994984
1011010201,2.2249236894261206,3.5310260944871934
1011010201,2.233937648925597,3.653096823974164
1011010201,2.218240124266361,3.881316344648984
1011010201,2.1330008985797706,3.824393255467172
1011010201,2.1315479411037686,3.382592037336586
1011010201,2.1546931937777503,3.3832370562851626
1011010201,2.1149219584770105,3.3857452771032337
1011010201,2.1225120034604865,3.5050768010381836
1011010201,2.1361918385091037,3.4394560937792455
1011010201,2.1421750630339362,3.8065291475473075
1011010201,2.1268105723598447,3.8585378369544934
1011010201,2.2192034840549946,2.58180647452796
1011010201,2.163737053155712,3.3001977140401175
1011010201,2.1333262510216886,3.177220149599368
1011010201,2.100016485666329,3.338683476272913
1011010201,2.1345733664873854,3.5529165362979986
1011010201,2.1842699606932294,3.5195432218773006
1011010201,2.160141544160756,3.8649104333139532
1011010201,2.133955041250264,3.1426856865101542
1011010201,2.1070546646933224,3.440738556282688
1011010201,2.1517962944968145,3.099190981922221
1011010201,2.1623571585550856,3.102117264258005
1011010201,2.1104063766802437,2.51954959323154
1011010201,2.1420758018056527,2.7601365143005414
1011010201,2.0263388825973765,2.972258917368349
1011010201,2.052743451172351,2.3604765714098233
1011010201,2.1160032621183746,2.2056335669175953
1011010201,2.040432723869223,2.270371770629394
1011010201,2.153507357811985,3.452650663251071
1011010201,2.200540378673483,3.8942866419378483
1011010201,2.2545627291836374,4.08120866282896
1011010201,2.2545627291836374,3.8999301810740064
1011010201,2.217777692424707,3.6260993859912283
1011010201,2.236593681333592,3.6277750297106475
1011010201,2.313191352894722,3.3093744476753035
1011010201,2.3557806326829227,3.3839834009274674
1011010201,2.334480251972496,3.505587426565536
1011010201,2.3638924768614635,3.3484644550099523
1011010201,2.354715842565335,3.8851655512582632
1011010201,2.377084132194707,3.0184228834736895
1011010201,2.3517594311653722,2.9187972320798683
1011010201,2.368790121799515,3.2756341586868096
1011010201,2.337621016869719,3.3139314268157873
1011010201,2.348496050472117,3.5439692823181277
1011010201,2.3703325732770986,3.557602660826291
1011010201,2.372282906393802,3.6728008839012456
1011010201,2.3488908136372784,2.8007509186132458
1011010201,2.346567739574055,2.996831668997292
1011010201,2.349755420984298,3.8158864842978515
1011010201,2.4916831116893823,3.1376657694426577
1011010201,2.474599075695761,3.462574661337059
1011010201,2.4546864529015786,3.574898556162499
1011010201,2.359093126493232,3.4189063154429284
1011010201,2.3153564514215956,2.9104466792716304
1011010201,2.2895309082332393,2.759250157800601
1011010201,2.3054513396899594,2.8486813308419556
1011010201,2.3040073032417188,2.9844185136537176
1011010201,2.3091121545109483,2.900487091637258
1011010201,2.3453650785583005,3.0374498669058596
1011010201,2.3453650785583005,3.155808221400626
1011010201,2.3300486747350377,2.672423023459059
1011010201,2.3453650785583005,2.820128104507561
1011010201,2.3453650785583005,2.949845390781515
1011010201,2.33009087482121,2.986035410575127
1011010201,2.3335883490952765,3.2646137165420543
1011010201,2.3371987591774026,3.6895292429554334
1011010201,2.2156844031655196,3.1290823997507475
1011010201,2.2867303650540354,2.8823395861989005
1011010201,2.3149581169036724,2.7656899805486246
1011010201,2.3149581169036724,3.055697854721425
1011010201,2.3149581169036724,2.65605490598383
1011010201,2.3453650785583005,3.127023659235167
1011010201,2.345365078558301,3.316982091974527
1011010201,2.376734915598894,3.2381685182486097
1011010201,2.3821179898419973,3.3806204546733243
1011010201,2.3738350742572503,3.1074972368848113
1011010201,2.3821179898419977,3.4772629602629572
1011010201,2.3774846819012296,3.4859061095891097
1011010201,2.3821179898419977,3.3560256630154344
1011010201,2.3795136089059503,3.528916079930649
1011010201,2.3821179898419973,3.991905700300317
1011010201,2.3149581169036724,2.8827315344667475
1011010201,2.3149581169036724,3.2507620137305224
1011010201,2.3149581169036724,3.2741969964561624
1011010201,2.302417525515356,3.147336857685885
1011010201,2.186720454020417,3.068378463538845
1011010201,2.1824740180252458,3.808593956620067
1011010201,2.186720454020417,3.7760199894289372
1011010201,2.309551717505008,3.3237402174773374
1011010201,2.305775358032379,3.2584426319702153
1011010201,2.2872030457412684,2.9914230019658925
1011010201,2.275629777960839,3.1216598301517817
1011010201,2.3005440226760676,3.003353160685352
1011010201,2.299557470153332,3.3047599000251497
1011010201,2.3453650785583005,3.3717685709713434
1011010201,2.3202975155158203,2.6951675752711965
1011010201,2.3350804345342655,3.0047415677115783
1011010201,2.3453650785583005,2.767764604874289
1011010201,2.3008715496177348,2.678621390411398
1011010201,2.3774585585098023,3.1878391310827427
1011010201,2.3774585585098023,3.7203538960736804
1011010201,2.3918942954515003,3.610133821541339
1011010201,2.574279093603934,2.791901033272154
1011010201,2.6107512220436093,2.6845768449165677
1011010201,2.610751222043609,2.8167850173989857
1011010201,2.610751222043609,2.963415672077448
1011010201,2.610751222043609,2.7832813517785246
1011010201,2.6107512220436093,3.503844218622298
1011010201,2.6107512220436093,3.2235449077164633
1011010201,2.610751222043609,3.1166215908294443
1011010201,2.610751222043609,3.061098576985244
1011010201,2.7212954278522306,2.4710612429659475
1011010201,2.6630804019391126,2.7373500701470723
1011010201,2.6630804019391126,2.616227267115358
1011010201,2.653212244687849,3.2871324253741827
1011010201,2.6553261258715786,3.2375798096619723
1011010201,2.6485036964890525,2.841589927025344
1011010201,2.7212954278522306,2.321308706992148
1011010201,2.6630804019391126,2.216482393940634
1011010201,2.644209870655854,2.282790465665866
1011010201,2.6617269000514026,3.1220124394643207
1011010201,2.7212954278522306,3.2880660102208243
1011010201,2.689962583033162,3.1397460336928957
1011010201,2.7212954278522306,2.51470814102479
1011010201,2.689962583033162,2.6332548132452636
1011010201,2.580216829592325,2.81522906256682
1011010201,2.6390573296152584,2.8854708792964536
1011010201,2.6390573296152584,2.227753782371042
1011010201,2.6390573296152584,2.4465122618006885
1011010201,2.6390573296152584,2.368466462107558
1011010201,2.6390573296152584,2.0897630907517075
1011010201,2.4849066497880004,2.6582995758376535
1011010201,2.547995590045186,2.776891950059616
1011010201,2.4876731668259304,3.193229757884615
1011010201,2.4428898667034415,3.33530683583987
1011010402,3.2780143854152444,1.5789787049493917
1011010402,3.2309321702047002,1.5260563034950492
1011010402,2.0809682694946745,2.258842170046127
1011010402,3.2309321702047002,1.6935952204408238
1011010402,2.302585092994046,1.391033115467064
1011010402,2.298878003610567,1.1278474139364447
1011010402,2.302585092994046,1.1368710007852
1011010402,2.7562264097368234,2.361325588016646
1011010402,2.302585092994046,0.7447904137117837
1011010402,2.75415486506914,2.1999985042189447
1011010402,2.7402965024906836,2.189192405638955
1011010402,2.7906032563585024,2.638628666323705
1011010402,2.745240905299854,2.4514360397264006
1011010402,2.753394526067349,2.1980020528016055
1011010402,2.7476473996101385,2.3261062880353918
1011010402,2.748803858004178,2.4295701047485347
1011010402,2.7562264097368234,2.372763927615292
1011010402,2.728619317387298,2.343535079323
1011010402,2.7340674626550165,2.4091049363717185
1011010402,2.7218479019572306,2.2563317084765835
1011010402,2.780293352557552,2.5450605726077473
1011010402,2.7951816238797202,2.4203681286504293
1011010402,2.595773328294722,3.4150016626385526
1011010402,2.806265033687645,2.4630018143999504
1011010402,2.703135732057198,2.344110839822544
1011010402,2.7934438181803367,2.5640258542405996
1011010402,2.567036551360992,2.8486813308419556
1011010402,2.480072612914151,2.636124461530621
1011010402,2.490532377399049,2.9230002773878923
1011010402,2.474386430628129,2.365090298345443
1011010402,2.4096291980535796,2.9476968245154342
1011010402,2.3963371136841762,3.0648851322423076
1011010402,2.4839513974774974,4.0280979164031745
1011010402,2.5003050270494254,2.7443821303496003
1011010402,2.5003050270494254,3.266064707670659
1011010402,2.4935424577764698,3.0658178811206787
1011010402,2.4935424577764698,2.950473367148376
1011010402,2.4922079289998904,3.235339550898866
1011010402,2.4922079289998904,3.312766816282729
1011010402,2.415578976715434,3.2542429687054923
1011010402,2.418022825399521,3.4237087552909133
1011010402,2.417242769902737,3.0183740040348157
1011010402,2.418022825399521,3.308899327515789
1011010402,2.4155789767154343,2.9613478466921603
1011010402,2.2793952378196196,3.4008973366531534
1011010402,2.3132141766106433,3.244231632130509
1011010402,2.3213077057052476,3.1967938017219986
1011010402,2.3213077057052476,2.767324892564682
1011010402,2.3132141766106438,3.079751679057565
1011010402,2.3132141766106433,2.8875901149342877
1011010402,2.3030494849180245,3.1340148613539975
1011010402,2.1531665589938633,3.5437958769247855
1011010402,2.13921949780438,3.75588368289441
1011010402,2.1531665589938633,3.829879759835377
1011010402,2.303049484918025,3.010867161138261
1011010402,2.3030494849180245,2.9988274784612936
1011010402,2.3030494849180245,2.9418039315284354
1011010402,2.4429570291615694,2.9697475765819976
1011010402,2.4429570291615694,3.0443795703755123
1011010402,2.2380476890137166,4.186832581657252
1011010402,2.2494805152613537,3.4013640344414764
1011010402,2.2494805152613537,3.9693291861278124
1011010402,2.249480515261354,3.86405050687905
1011010402,2.249480515261354,2.8870885964372475
1011010402,2.1008496468159072,2.7723386909845718
1011010402,2.1008496468159072,2.8115089094704397
1011010402,2.0528950745066425,3.750773857651526
1011010402,2.0458676255506654,3.8493600576360643
1011010402,2.044761579919194,3.661662407820383
1011010402,2.0794415416798357,2.951100949408397
1011010402,2.1113842515943766,2.4982341099988625
1011010402,2.1113842515943766,2.673596773032831
1011010402,2.1113842515943766,2.5925645244945104
1011010402,2.0794415416798357,2.8306807279249906
1011010402,2.113085671054035,2.930606913593529
1011010402,2.1113842515943766,2.8542263112598114
1011010402,2.1113842515943766,2.955899373052268
1011010402,1.9628624799683385,2.9348138585845738
1011010402,1.9459101490553132,2.8585943853353566
1011010402,1.9882776417764967,2.432647977292214
1011010402,2.1113842515943766,3.67455230896789
1011010402,2.1113842515943766,3.67759097834408
1011010402,2.0794415416798357,2.790490033375468
1011010402,2.1113842515943766,3.632520720444552
1011010402,2.1113842515943766,2.9247195063075715
1011010402,2.087372782399313,3.949049004264593
1011010402,2.1113842515943766,3.123773623434875
1011010402,2.1113842515943766,4.185768412141054
1011010402,2.1113842515943766,3.3424730365091455
1011010402,2.1113842515943766,2.4732557070471386
1011010402,2.1113842515943766,3.1836630691124563
1011010402,2.1113842515943766,3.606557066610438
1011010402,2.1008496468159072,4.013785054363684
1011010402,2.1008496468159072,3.087901161025368
1011010402,2.1113842515943766,2.917608556772412
1011010402,2.1008496468159072,2.9577188313557747
1011010402,2.1008496468159072,4.378921819720403
1011010402,2.1008496468159072,3.249754144513137
1011010402,2.097090004085699,3.968535655251831
1011010402,2.1008496468159072,3.464234776673459
1011010402,2.056633314297102,3.9411156796314186
1011010402,2.1008496468159072,3.094219220268645
1011010402,2.1008496468159072,4.046955915468153
1011010402,2.045703261896896,3.646311144005159
1011010402,2.0832864532146873,3.9223495031454494
1011010402,2.0794415416798357,3.8331313017619473
1011010402,2.038242210904395,3.741519341438116
1011010402,2.0528589920778315,4.077079712043829
1011010402,2.072553779915351,4.467286478624705
1011010402,2.065697060019561,4.37371720680274
1011010402,2.071900866848624,3.703768066607687
1011010402,2.0640970408044494,3.900638446561508
1011010402,2.0381792194228274,3.054048350376827
1011010402,2.027967990932082,3.581210721015141
1011010402,2.094295031790261,3.4275471569849376
1011010402,2.052677805046546,4.218507204842523
1011010402,2.050651345053321,4.264930862797635
1011010402,2.0794415416798357,3.028489837792163
1011010402,2.0733354083418387,3.0574386629899695
1011010402,1.9318512866157593,3.4787138240899838
1011010402,2.0794415416798357,2.7617805235231776
1011010402,2.055992228545307,2.932206572674113
1011010402,2.0612938868090818,4.372796669295191
1011010402,2.020033856645424,4.267345034590266
1011010402,2.0794415416798357,2.711577306878367
1011010402,2.0554874335899083,2.7553789805085884
1011010402,2.0794415416798357,2.900487091637258
1011010402,2.0794415416798357,2.1219021928685997
1011010402,2.04398817825131,2.5984585244721154
1011010402,2.0405179291653504,4.268479925601424
1011010402,2.068103086489736,4.0640056224190335
1011010402,2.0591569407868215,2.679582137122685
1011010402,2.0331497000246577,2.4934533557564666
1011010402,2.052107251411481,2.842289676310413
1011010402,2.052915376326527,2.813310711759703
1011010402,2.0658739737394445,2.6222017839761724
1011010402,1.9300010941921404,4.062630271917708
1011010402,1.9264381429706736,3.8144763265231334
1011010402,2.0715907353855254,2.670694414558441
1011010402,2.036671203529607,3.2093102199984997
1011010402,2.0459598968305737,2.9533987205379124
1011010402,2.00881806676226,3.134493715595566
1011010402,2.0571921504716424,3.1126260250254902
1011010402,2.0684192405083217,4.5664605422166025
1011010402,2.0794415416798357,4.212690402437246
1011010402,2.0794415416798357,3.554976563921308
1011010402,2.0558732185253827,3.7997945146850913
1011010402,2.0339079498837194,3.655762077651109
1011010402,2.0794415416798357,3.182170345859785
1011010402,2.0456783399359812,3.1432035529121993
1011010402,2.0794415416798357,3.410784610298061
1011010402,2.0794415416798357,3.449797051498218
1011010402,2.0467725563873254,2.916743177303619
1011010402,2.0794415416798357,3.2200351525880473
1011010402,2.0724990600065003,3.134580755372799
1011010402,2.027514305668169,3.5652418136557578
1011010402,2.0664588728940823,4.468777561082536
1011010402,2.036090972515758,3.7731746456093305
1011010402,2.045574789369239,4.540748991300837
1011010402,2.014810649376397,4.096458991905954
1011010402,2.0099563836853984,4.361122150556372
1011010402,1.9436264088007713,3.686301133099136
1011010402,1.8973184653976363,3.8804910578149836
1011010402,1.8068676606310148,4.0270288549372335
1011010402,2.0714312282711838,4.269277781231888
1011010402,2.0796499252177094,4.298346068007944
1011010402,1.8185266300330134,4.182309650950745
1011010402,2.0780030794402213,3.958104743215151
1011010402,2.0122199450639857,3.8561296733876063
1011010402,2.036861523132348,3.869720749194239
1011010402,2.1130021382004216,4.148864312664551
1011010402,2.2225936671698894,4.4753461981518905
1011010402,2.2167806876999947,4.347862117391293
1011010402,2.2058854183828527,3.8809037863692764
1011010402,2.1729005497625944,3.655787919113737
1011010402,2.1047955250178667,3.780318514430718
1011010402,2.117276907009921,4.13289197183434
1011010402,2.177328281480886,4.189412288394495
1011010402,2.2248627192512385,4.6434770201426785
1011010402,2.2157335453930633,4.535091010400718
1011010402,2.1717672664561216,4.147284832932595
1011010402,2.125673510670356,4.005950411459505
1011010402,2.1351415748857656,4.327332828251235
1011010402,2.055250686459803,4.294628819390228
1011010402,2.0560754329379347,4.5170927864528245
1011010402,2.0459340395970624,4.627068654689207
1011010402,2.047662588395567,4.337356098173776
1011010402,2.2158372335067313,4.223148129606393
1011010402,2.2192721466094256,4.490253039744752
1011010402,2.2192721466094256,3.9090586159641303
1011010402,2.2225936671698894,4.002284096372887
1011010402,2.2157335453930638,3.987204686664197
1011010402,2.2157335453930633,4.505239347363042
1011010402,2.26808202039093,4.3765491606655145
1011010402,2.146492029825319,3.869345123146417
1011010402,2.28557879599208,4.018093269155212
1011010402,2.29331117255953,3.704162077645093
1011010402,2.2225936671698894,3.772990796732589
1011010402,2.2225936671698894,3.9401827712220023
1011010402,2.2225936671698894,4.414300195224177
1011010402,2.29331117255953,4.21186089564994
1011010402,2.29331117255953,3.873178221604579
1011010402,2.29331117255953,3.743959320380891
1011010402,2.29331117255953,3.796522363129293
1011010402,2.29331117255953,3.8730534607294276
1011010402,2.29331117255953,3.8862538135341835
1011010402,2.29331117255953,4.203094327877923
1011010402,2.29331117255953,4.484853944473352
1011010402,2.29331117255953,4.464665968194684
1011010402,2.29331117255953,4.0812930944773695
1011010402,2.29331117255953,3.913521881551882
1011010402,2.29331117255953,4.063541653067055
1011010402,2.29331117255953,3.878921133923029
1011010402,2.29331117255953,3.6873282516212
1011010402,2.29331117255953,3.862265373412585
1011010402,2.2225936671698894,3.91879998970717
1011010402,2.2225936671698894,3.85699643524093
1011010402,2.2225936671698894,3.586043526777335
1011010402,2.2225936671698894,4.117409835153096
1011010402,2.3132515903227078,4.03229183781909
1011010402,2.3132515903227078,4.015878388942667
1011010402,2.3132515903227078,4.6203247729597114
1011010402,2.3780341356824395,4.8247072417081895
1011010402,2.609847713349112,5.353898704123365
1011010402,2.707997474645131,5.693031556752057
1011010402,2.5572273113676265,3.912023005428146
1011010402,2.6483808144804906,4.175509716639609
1011010402,2.6119244732786098,4.225285101482696
1011010402,2.6390573296152584,4.2168423916757805
1011010402,2.4849066497880004,3.982145904859618
1011010402,2.4849066497880004,4.132394718746338
1011010402,2.2437768977265504,4.291061999299788
1011010402,2.5014103161774206,4.104492893273916
1011010402,2.5014103161774206,3.6520598559754
1011010402,2.3838695047910203,3.6999183012291526
1011010402,2.3838695047910203,3.7860969048292956
1011010402,2.3838695047910203,3.9960332167553116
1011010402,2.4239853533546194,4.3044298915220365
1011010402,2.3838695047910203,4.283696900600672
1011010402,2.3838695047910203,3.821025512606087
1011010402,2.2996608440148987,3.9061055316641085
1011010402,2.299565417600169,3.3689496341120346
1011010402,2.2995654176001685,3.837428761217175
1011010402,2.299565417600169,3.0328835391847835
1011010402,2.2995654176001685,3.3385060423222357
1011010402,2.2995654176001685,3.5592831659428628
1011010402,2.299565417600169,4.122851031019707
1011010402,2.2995654176001685,3.6079134036239258
1011010402,2.2995654176001685,3.2929066511891163
1011010402,2.2489109848540103,3.752042029071576
1011010402,2.0794415416798357,3.214506292350258
1011010402,2.2941588303320213,3.4594977358325796
1011010402,2.2489109848540103,3.0802572286236787
1011010402,2.386410025521969,3.8519757169227584
1011010402,2.386410025521969,3.4109826823969525
1011010402,2.386410025521969,3.1178171541042285
1011010402,2.386410025521969,2.9842667954447126
1011010402,2.4062812198045584,2.970055426764008
1011010402,2.386410025521969,3.0374498669058596
1011010402,2.386410025521969,3.6710209358126233
1011010402,2.4112390229028433,3.6884793740925965
1011010402,2.3951750779858942,3.730621025693575
1011010402,2.3951750779858942,2.3138217249200332
1011010402,2.3951750779858942,2.5914414756735953
1011010402,2.3951750779858942,2.6399854701880807
1011010402,2.3951750779858942,2.761717342351146
1011010402,2.3951750779858942,3.6933195821399574
1011010402,2.3951750779858942,3.765632140212328
1011010402,2.3951750779858947,3.424588334452731
1011010402,2.3951750779858942,2.740840023925201
1011010402,2.3951750779858942,2.7016967271300345
1011010402,2.3951750779858942,2.9705682998904415
1011010402,2.4104009938546023,3.0322088403640084
1011010402,2.4104009938546023,3.63135626787027
1011010402,2.2634211202185948,3.658059356774049
1011010402,2.2634211202185948,3.5248888540047054
1011010402,2.2634211202185948,3.188045414475598
1011010402,2.319748084735711,1.2870263594612217
1011010402,2.311203409448648,2.875540088225585
1011010402,2.319748084735711,2.2598863384609307
1011010402,2.3630732928736746,3.391281716874779
1011010402,2.4550668956012505,3.1246970048349896
1011010402,2.4550668956012505,3.0999120924636547
1011010402,2.319748084735711,1.429832663134374
1011010402,2.311203409448648,1.7143383222594701
1011010402,2.389575407069898,2.954754016825433
1011010402,2.389575407069898,2.838961497604042
1011010402,2.389575407069898,2.9453858991172526
1011010402,2.389575407069898,3.563939619558087
1011010402,2.389575407069898,3.101757568197295
1011010402,2.389575407069898,2.5382894263531135
1011010402,2.389575407069898,2.498727368805312
1011010402,2.311203409448648,2.570931429139084
1011010402,2.311203409448648,2.454447442303292
1011010402,2.302585092994046,2.343055025547759
1011010402,2.302585092994046,2.843629495344033
1011010402,2.302585092994046,2.4383390139716656
1011010402,2.311203409448648,2.474098451071397
1011010402,2.311203409448648,2.2112370535347403
1011010402,2.311203409448648,1.995924053944462
1011010402,2.311203409448648,2.176795086935746
1011010402,2.311203409448648,2.6984038240504047
1011010402,2.311203409448648,2.8945297680448285
1011010402,2.311203409448648,2.8587090773873234
1011010402,2.311203409448648,2.930820349376848
1011010402,2.311203409448648,2.1746380786634236
1011010402,2.311203409448648,2.731245758705399
1011010402,2.311203409448648,1.7904252462149184
1011010402,2.311203409448648,1.8619072291301368
1011010402,2.311203409448648,2.4386008969114887
1011010402,2.311203409448648,3.051403470924452
1011010402,2.311203409448648,2.086913556518537
1011010402,2.302585092994046,2.1931049923752246
1011010402,2.302585092994046,1.8051691561379726
1011010402,2.302585092994046,2.7046444079673773
1011010402,2.302585092994046,2.4346654333512534
1011010402,2.302585092994046,2.517615824197705
1011010402,2.302585092994046,1.8541080942925903
1011010402,2.302585092994046,1.6116354959775876
1011010402,2.302585092994046,2.510330702128159
1011010402,2.302585092994046,2.5013539811666003
1011010402,2.302585092994046,2.2861507865306208
1011010402,2.302585092994046,1.429832663134374
1011010402,2.302585092994046,2.217027204632399
1011010402,2.332788172778097,2.846594010550269
1011010402,2.302585092994046,1.4539530095937054
1011010402,2.302585092994046,1.6886187103085415
1011010402,2.302585092994046,1.3882923637825637
1011010402,2.302585092994046,2.118542055301751
1011010402,2.302585092994046,1.8253554186565706
1011010402,2.302585092994046,2.258633205464863
1011010402,2.302585092994046,1.5515969127442506
1011010402,2.302585092994046,1.6871394200979524
1011010402,2.302585092994046,1.9764393540901362
1011010402,2.302585092994046,2.161136729409671
1011010402,2.302585092994046,2.39962105550564
1011010402,2.477667543015602,2.599796615661956
1011010402,2.477667543015602,2.9701580224345605
1011010402,2.6266151586014495,1.971577895803891
1011010402,2.6266151586014495,2.1698533805400873
1011010402,2.626615158601449,2.0006688605144403
1011010402,2.759227176091596,2.072291037650995
1011010402,2.7592271760915956,2.336019869080283
1011010402,2.8265916597622645,1.9086532206995543
1011010402,2.8265916597622645,3.106692083862249
1011010402,3.012468838730684,2.4363289630436413
1011010402,3.012468838730684,2.642551218869514
1011010402,3.012468838730684,2.302385072991379
1011010402,3.02743374559132,1.6461554953692632
1011010402,3.02743374559132,2.241666678024629
1011010402,3.002366352199828,2.067115891989199
1011010402,3.002366352199828,2.333405235333932
1011010402,3.012468838730684,2.302685087994379
1011010402,3.012468838730684,2.2925347571405443
1011010402,3.012468838730684,2.6326080059353516
1011010402,3.012468838730684,2.3916027893116985
1011010402,3.012468838730684,1.8113986844804035
1011010402,2.9609037820277506,2.390229602846092
1011010402,2.764158028589062,3.042281834206971
1011010402,2.764158028589062,2.994831868310827
1011010402,2.7833007750786147,2.295862547233219
1011010402,2.7833007750786147,2.253394848803274
1011010402,2.7833007750786147,2.0100914635450424
1011010402,2.7833007750786147,2.141476932599289
1011010402,2.7833007750786147,2.378619779270043
1011010402,2.631301190643659,3.389698185269135
1011010402,2.626341477352811,3.1869309782855484
1011010402,2.626341477352811,2.7045106108036774
1011010402,2.789601115411048,2.0619138248116196
1011010402,2.789601115411048,2.128707782982754
1011010402,2.63737622973474,2.5021733846867185
1011010402,2.750712265336002,1.5056317437085112
1011010402,2.789601115411048,2.697191457767334
1011010402,2.789601115411048,2.646103872883224
1011010402,2.79171552141142,2.02273890631004
1011010402,2.7979023751107595,1.9633289849962168
1011010402,2.6358065793101284,2.651973554881805
1011010402,2.795862009848078,1.754403682684286
1011010402,2.5193011066687307,3.162770973483428
1011010402,2.536198873722437,3.300087080293024
1011010402,2.576411509249663,3.4057868339959625
1011010402,2.555751137564106,2.7570943012811324
1011010402,2.746305248774536,2.526688183802955
1011010402,2.581614010694717,2.8935334212337436
1011010402,2.720053480764046,2.8816112744492917
1011010402,2.5451727117702623,2.627851925773098
1011010402,2.5451727117702623,3.4726494490687947
1011010402,2.470375649213191,3.1836216346514092
1011010402,2.530010853621249,2.799960669035632
1011010402,2.5300108536212496,3.523149492412901
1011010402,2.530010853621249,3.4787138240899838
1011010402,2.454064580345523,2.8394877364701547
1011010402,2.530010853621249,3.031099417391282
1011010402,2.5443704340453035,3.147680529826049
1011010402,2.4029184976662457,3.589832300512702
1011010402,2.322827784255682,3.133012879088025
1011010402,2.397754150846911,3.3159662372994947
1011010402,2.3314724825891497,3.1187018358976744
1011010402,2.3381455571963516,2.7980127745799397
1011010402,2.5427924062161376,3.1079889558996587
1011010402,2.542792406216138,3.3543503284293124
1011010402,2.3875734104294524,3.1893646214938123
1011010402,2.302585092994046,2.9811768555447924
1011010402,2.3962215194062964,3.1999783877637373
1011010402,2.302585092994046,3.0319677661360864
1011010402,2.095123698217229,3.3511664480565906
1011010402,2.09462184923602,3.6302434786289792
1011010402,2.112588837795022,3.29997643430475
1011010402,2.117200395391689,3.9013866393065872
1011010402,2.136747919087544,3.9226265882123372
1011010402,2.137641141875008,4.027937630024502
1011010402,2.136598658647704,3.9991177122790798
1011010402,2.117239171769938,3.3523222138800186
1011010402,2.119644177485371,3.306520334720247
1011010402,2.124915929110813,3.6294478703445097
1011010402,2.311203409448648,3.9379441313795454
1011010402,2.311203409448648,3.6581109204423
1011010402,2.311203409448648,3.453663321565457
1011010402,2.1008496468159072,3.5656660757995544
1011010402,2.1008496468159072,4.145132729054206
1011010402,2.1008496468159072,4.032398234003114
1011010402,2.1008496468159072,3.903466502745025
1011010402,2.1008496468159072,4.0141282283652995
1011010402,2.1008496468159072,3.71242506768895
1011010402,2.1008496468159072,3.444735683676639
1011010402,1.8526092496160547,3.8596554500182645
1011010402,1.8793848640538902,3.8207407028242324
1011010402,1.8954929236233717,4.00431043951812
1011010402,1.8914716313971904,4.195832589466053
1011010402,1.8652234727567354,4.07662177056753
1011010402,2.1008496468159072,3.5106793922791524
1011010402,2.1008496468159072,3.530528297958561
1011010402,2.1008496468159072,3.6525006987702215
1011010402,2.160772806682073,3.6642793372457034
1011010402,1.9911092548259983,3.7807975235752656
1011010402,1.9911092548259983,4.2126015596149475
1011010402,1.9911092548259983,4.046693748746095
1011010402,1.8341269619492384,3.3990951735702852
1011010402,1.9911092548259983,3.7240293928967363
1011010402,2.0450971610469453,3.49167773479053
1011010402,2.0450971610469453,3.5825462433193196
1011010402,2.0450971610469453,3.4428510302622675
1011010402,2.0450971610469453,3.550392948024008
1011010402,2.0450971610469453,4.540844975431534
1011010402,2.0450971610469453,4.552634014285261
1011010402,2.0450971610469453,4.55444515116312
1011010402,2.0768211271669403,3.4217187048829034
1011010402,2.0795349384042954,2.955743265337628
1011010402,2.044153687590542,3.4755005728546386
1011010402,1.84785974494027,3.7714727524177896
1011010402,1.84785974494027,3.9020938743502613
1011010402,1.84785974494027,3.747030430755966
1011010402,1.8478597449402698,3.5174088126242187
1011010402,2.0529906471845525,3.677894338055181
1011010402,1.9344527283834412,3.6493847034157967
1011010402,2.0529906471845525,4.245762941284382
1011010402,1.9344527283834414,4.1148985411698495
1011010402,1.9344527283834412,3.994487393849037
1011010402,2.0529906471845525,3.7052202137019887
1011010402,2.1113842515943766,3.9855150736662703
1011010402,1.9344527283834412,3.9387623026177674
1011010402,1.9344527283834412,3.9429401080628677
1011010402,2.0529906471845525,3.9059043244199687
1011010402,2.0529906471845525,3.7183897114878772
1011010402,1.934452728383441,4.072507867612926
1011010402,1.8553795756191493,3.8144322270346804
1011010402,1.8532133764828562,3.399629486489993
1011010402,1.8003220592824523,3.5980243357698503
1011010402,1.857579575695586,3.6445095063779958
1011010402,2.0122491172378747,4.1844746819848835
1011010402,2.002883333701108,4.00407333222596
1011010402,2.0081612919270313,4.0257087698319625
1011010402,1.8629650383421477,3.795781281340584
1011010402,2.0044428157552474,3.7550884542242717
1011010402,1.8767249389972083,3.7196026267567768
1011010402,1.7985282381797936,3.8482308723403666
1011010402,1.853707672143202,3.813638103506745
1011010402,2.0164245654445407,4.115355609411565
1011010402,1.869005974747273,3.869470347506893
1011010402,1.8745220293259433,3.517379135951565
1011010402,1.8666779899868993,3.6167387763362537
1011010402,1.798564063280692,3.5879811900088434
1011010402,1.8038185374984852,3.6362431530333263
1011010402,1.8027020027844838,3.6900038217756457
1011010402,1.974610945317255,4.090269604180071
1011010402,1.8049386233458884,4.024655019544692
1011010402,1.805390308623824,3.7913457856584265
1011010402,1.7981586235211848,3.6862008699081756
1011010402,1.8032947939253188,3.6874033652305696
1011010402,1.978434908196815,3.7463461537622647
1011010402,1.8014776659714475,4.072371581411693
1011010402,1.8942382808739249,4.157741807351893
1011010402,1.8932779657913354,4.168554910087631
1011010402,2.029186487629544,4.074328912238199
1011010402,1.9056279308756696,3.775446982617398
1011010402,1.8983265691647313,3.9090385563871863
1011010402,2.1089579889197965,3.5808208574624447
1011010402,2.0220713873634506,3.9258470120212157
1011010402,2.1089579889197965,4.0201237631908455
1011010402,2.1089579889197965,3.9907047874623407
1011010402,1.9459101490553132,3.363114687386349
1011010402,1.9459101490553132,2.9770590082883697
1011010402,2.063615089007093,3.5339784928959737
1011010402,1.9459101490553135,3.0646051378403665
1011010402,1.9459101490553132,3.3571061601491885
1011010402,1.9395227096962049,4.0434196210368105
1011010402,1.80833763433861,3.8626436677300715
1011010402,1.8030081581565123,3.488902962081261
1011010402,1.8071734857819524,3.4469034297516927
1011010402,1.883136491457113,3.5060077460145003
1011010402,1.8879961979103599,3.4111147086703726
1011010402,1.8579289701507276,3.7192631587483764
1011010402,1.8649121684620156,4.072098953274781
1011010402,1.8702640657505103,3.902901530978585
1011010402,1.80650667413927,3.3985271531062766
1011010402,1.8039029554485622,3.413422351284724
1011010402,1.9856169966582446,3.4016972567038066
1011010402,1.9856169966582446,3.234906641940728
1011010402,1.852009094988566,2.9404837993235127
1011010402,1.791759469228055,4.131303103207633
1011010402,1.7917594692280547,3.9317079787445444
1011010402,1.9395227096962049,2.5528767762272673
1011010402,1.9395227096962049,3.460440657702794
1011010402,1.9395227096962047,3.231555102025274
1011010402,1.9395227096962049,3.2293012903517835
1011010402,1.9395227096962049,3.4901845832020366
1011010402,1.7786733880276182,4.822215178840431
1011010402,1.7767914786008239,4.114114509245724
1011010402,1.786659327251446,3.0833767834060373
1011010402,1.776791478600824,3.5017965802182713
1011010402,1.4757527800906185,0.9562803800903137
1011010402,1.791759469228055,3.678045983407541
1011010402,1.791759469228055,3.6927220618313865
1011010402,1.776791478600824,4.256335852542804
1011010402,1.7630791914658264,4.207524426932059
1011010402,1.7843034787459422,3.645005933419949
1011010402,1.7843034787459418,3.8788591126497125
1011010402,1.7843034787459418,3.4490029342765545
1011010402,1.791759469228055,3.401897136776429
1011010402,1.791759469228055,3.5678693420430854
1011010402,1.7917594692280547,4.202286742514137
1011010402,1.791759469228055,4.5600054420337
1011010402,1.791759469228055,3.741353301374639
1011010402,1.791759469228055,3.5568897296509845
1011010402,1.791759469228055,3.5519709368464767
1011010402,1.791759469228055,3.6208682434973927
1011010402,1.791759469228055,4.106157843174291
1011010402,1.7917594692280547,4.414711613291233
1011010402,1.791759469228055,3.3119289139039734
1011010402,1.791759469228055,4.077689974645196
1011010402,1.7917594692280547,3.8415576217556415
1011010402,1.791759469228055,3.530762586016799
1011010402,1.791759469228055,3.532167162826401
1011010402,1.791759469228055,3.8296191791733305
1011010402,1.791759469228055,4.094444557222434
1011010402,1.9655434673146623,4.090018551851078
1011010402,1.9655434673146623,4.028080108074219
1011010402,1.9655434673146623,3.3953134385031807
1011010402,1.9655434673146623,3.72872497203606
1011010402,1.791759469228055,3.099416384830873
1011010402,1.9655434673146623,3.8771209534188813
1011010402,1.9655434673146623,4.039976369738607
1011010402,1.9655434673146623,3.9663975478914786
1011010402,1.9655434673146623,3.745070733763679
1011010402,1.791759469228055,3.4787138240899838
1011010402,1.791759469228055,3.9197728972882055
1011010402,1.791759469228055,4.017463517886143
1011010402,1.9395227096962049,4.0654991721082645
1011010402,2.2845964303265736,4.1694829556903406
1011010402,2.377428346333661,4.223690123130388
1011010402,2.462369801486306,3.639584162389059
1011010402,2.462369801486306,4.260550851711041
1011010402,2.466161391257257,4.172200264757737
1011010402,2.4185022022994955,4.554140014875313
1011010402,2.431260675029632,5.287933641793297
1011010402,2.534765848021077,5.3028321595151695
1011010402,2.537264442023818,5.45821436177829
1011010402,2.537264442023818,3.644143560272545
1011010402,2.6230115746941665,3.634106428266645
1011010402,2.473701712985016,1.9473377010464987
1011010402,2.4737017129850156,4.0239757445552184
1011010402,2.424106786987168,0.789820067820206
1011010402,2.469938659160769,4.202899968776446
1011010402,2.4699386591607695,3.7313401053026998
1011010402,2.293631210113018,3.3937698658333586
1011010402,2.293631210113018,3.407643229145544
1011010402,2.293631210113018,3.3857452771032337
1011010402,2.293631210113018,3.6450842941142647
1011010402,2.146492029825319,4.067606943364404
1011010402,2.146492029825319,3.657311384646274
1011010402,2.0794415416798357,3.212012324846798
1011010402,2.0794415416798357,3.9137614933818656
1011010402,2.0794415416798357,3.2284300376730126
1011010402,2.0794415416798357,3.6516966629862204
1011010402,2.0794415416798357,3.546595584351512
1011010402,2.0794415416798357,3.657466183408193
1011010402,2.0794415416798357,3.571783682237689
1011010402,2.0794415416798357,3.2594033760442684
1011010402,2.0794415416798357,3.226883676269729
1011010402,2.0794415416798357,2.8376739688957158
1011010402,2.0794415416798357,2.984570208847799
1011010402,2.148602909145971,3.7760658157928524
1011010402,2.0794415416798357,3.7094415968268137
1011010402,2.0794415416798357,3.5325764597185354
1011010402,1.791759469228055,3.4445122663481
1011010402,1.791759469228055,1.6195862434859156
1011010402,1.7917594692280552,3.1429014967706115
1011010402,1.791759469228055,3.321612902319313
1011010402,1.791759469228055,3.057579676880071
1011010402,1.791759469228055,3.789403291880235
1011010402,1.791759469228055,3.852676316707267
1011010402,1.791759469228055,3.197938153653321
1011010402,1.9459101490553132,1.9101349219633759
1011010402,1.9459101490553135,2.8449093838194073
1011010402,1.9459101490553132,2.8109677351088966
1011010402,1.9459101490553132,3.388787361585474
1011010402,1.9459101490553132,3.619770504461604
1011010402,1.9459101490553132,3.339463811856794
1011010402,1.9459101490553132,2.7307896880716998
1011010402,2.040382478544618,2.709782033946969
1011010402,1.9459101490553132,2.8264848762473083
1011010402,2.040382478544618,3.429169164736904
1011010402,1.962585723627042,3.355990788824076
1011010402,1.916922612182061,3.8246115484171765
1011010402,2.0305179233276935,3.7748736472807973
1011010402,1.9740810260220099,3.234394780525871
1011010402,1.9740810260220096,3.30710645826256
1011010402,2.023684243013192,2.724907318168633
1011010402,2.0794415416798357,2.8272544485806868
1011010402,2.2039734838192517,3.7663264882474454
1011010402,2.196580303123794,3.766465300018907
1011010402,2.1797657000883257,3.7187780044597996
1011010402,2.2066375548599044,2.984519646339888
1011010402,2.1921858428416146,2.9199844961157164
1011010402,2.206637554859905,3.3101414729334286
1011010402,2.2066375548599044,3.433761372535418
1011010402,2.1797657000883257,3.2362048069899756
1011010402,2.2066375548599044,3.539567050926927
1011010402,2.1214480107261924,3.7611536029839563
1011010402,2.0794415416798357,3.4581761497371404
1011010402,2.0794415416798357,3.0777729838902004
1011010402,2.111284939026471,1.7672959970496807
1011010402,2.0794415416798357,1.8768662558586133
1011010402,2.1258512658790525,1.8509713288599012
1011010402,2.1258512658790525,2.417519631086145
1011010402,2.1258512658790525,2.911208708483337
1011010402,2.0794415416798357,0.02955880224154443
1011010402,2.0794415416798357,2.0199568948449436
1011010402,2.0794415416798357,1.5282278570085572
1011010402,2.2478543496964916,1.871032650122563
1011010402,2.2478543496964916,2.6518325211039815
1011010402,2.2478543496964916,2.7108462884042113
1011010402,2.1972245773362196,2.2722289729791467
1011010402,2.1972245773362196,1.1065804583172865
1011010402,2.2720192296924755,1.6304163188192922
1011010402,2.23350556497454,1.0195690813276568
1011010402,2.2478543496964916,1.2675108251299236
1011010402,2.2335055649745406,2.003774662754421
1011010402,2.261543533582561,2.2790093564653398
1011010402,2.1972245773362196,1.5085119938441398
1011010402,2.23350556497454,1.4355606024228087
1011010402,2.20038647397377,1.5902550930173263
1011010402,2.2003864739737695,0.8746350566053226
1011010402,2.23350556497454,0.7603384301002687
1011010402,2.2478543496964916,1.9671123567059163
1011010402,2.1972245773362196,2.2213750375685026
1011010402,2.443948502958957,2.385362519451614
1011010402,2.247854349696491,2.1404190424036553
1011010402,2.197224577336219,1.0536149227373741
1011010402,2.2478543496964916,1.8559854415273263
1011010402,2.2483089005841292,0.1764711431157791
1011010402,2.2483089005841292,1.2296405510745139
1011010402,2.250013972029254,1.5390154481375546
1011010402,2.2500139720292545,1.4987297904496788
1011010402,2.3985648640910764,1.2635615957375934
1011010402,2.399256476213135,1.6449980878326513
1011010402,2.3647874723703026,0.7144193158354851
1011010402,2.399256476213135,1.6358850824489488
1011010402,2.3985648640910764,1.026758184900126
1011010402,2.3617280721927933,2.4284244778331936
1011010402,2.3607140895890937,1.803688040093329
1011010402,2.3617280721927933,1.5340676054093239
1011010402,2.3617280721927933,0.6168059473032227
1011010402,2.1972245773362196,-0.07688104433595762
1011010402,2.322825520390334,1.2311014717141886
1011010402,2.3703119423038324,1.273965176145971
1011010402,2.3332167658971996,1.545645779346321
1011010402,2.3703119423038324,1.586169285494746
1011010402,2.4210578035045063,1.4899784723967724
1011010402,2.4517425307744856,1.2122385487429685
1011010402,2.4517425307744856,1.5301782314484682
1011010402,2.4517425307744856,1.4902038245104021
1011010402,2.452001198164905,2.1813210055010064
1011010402,2.434376520498115,2.186725206899511
1011010402,2.4201975345580817,2.006870848845
1011010402,2.526656563842732,1.8997166107331473
1011010402,2.5208919127444207,1.8887349283514412
1011010402,2.5208919127444207,1.6260983533272075
1011010402,2.5251302430791576,2.427454075039915
1011010402,2.5251302430791576,2.655703720730001
1011010402,2.5208919127444207,1.6360798433805215
1011010402,2.526656563842732,2.3134261161719207
1011010402,2.5208919127444207,1.6587993419718245
1011010402,2.5193861395697263,1.8424525835435732
1011010402,3.004116491821359,1.9058319254879028
1011010402,3.004116491821359,1.6565123198200291
1011010402,3.004116491821359,2.2456972307869973
1011010402,3.0091329738672017,2.22018126673923
1011010402,3.0089081953315606,2.3597212843648547
1011010402,3.182753894091575,1.372195436740389
1011010402,3.0089081953315606,2.6812954637933903
1011010402,3.085165732669929,1.6455769590499736
1011010402,3.0860925319507344,1.6765356559665945
1011010402,3.0089081953315606,1.944623607529848
1011010402,3.0089081953315606,2.91690549300802
1011010402,3.0051040158171536,2.743481692933475
1011010402,3.0037652705578277,2.1856017375082266
1011010402,2.9999287289956835,1.8022047270895936
1011010402,3.0000672307178613,2.6251032802812837
1011010402,2.896187550552961,1.6867692553704237
1011010402,2.577265447979286,3.253393186893761
1011010402,2.5813202118736656,3.697145198530969
1011010402,2.577265447979286,3.4456607383686753
1011010402,2.813227231512402,2.538368424654691
1011010402,2.687620025839274,2.9704657463061035
1011010402,2.815896010436146,2.7799366599023196
1011010402,2.702047238764613,2.3632097148104805
1011010402,2.702047238764613,2.713767161431439
1011010402,2.6944419819924312,3.3557466354247714
1011010402,2.4534784068093405,4.156896736879065
1011010402,2.565802595469145,3.006622756385164
1011010402,2.4237284057201136,3.5411911812143324
1011010402,2.420311177748322,3.6640230781150698
1011010402,2.4203111777483217,3.7627338226844165
1011010402,2.4237284057201136,3.487772552416566
1011010402,2.4371144008989702,3.7975320449409526
1011010402,2.4237284057201136,3.5752347188684124
1011010402,2.2836718511399923,3.7635926002557922
1011010402,2.4228767555304054,3.393837027255863
1011010402,2.4237042349433846,3.4655796405914234
1011010402,2.3754123475606534,2.515759113270765
1011010402,2.2816814095613456,3.766789119238094
1011010402,2.283519887152548,4.675367664977341
1011010402,2.2608287181400617,4.877484781308751
1011010402,2.266230546896729,4.050775743075308
1011010402,2.296163259765788,4.501918556177617
1011010402,2.280126847192241,4.492617199748761
1011010402,2.2804973782845543,4.3296801543016725
1011010402,2.2804973782845543,3.7939149169478172
1011010402,2.425960544857833,4.210570831190233
1011010402,2.27491313423186,4.7193110413956525
1011010402,2.280126847192241,4.506818385140823
1011010402,2.27491313423186,4.232119023618363
1011010402,2.1815228688455104,4.263904479022812
1011010402,2.2745234039271325,4.259237338581261
1011010402,2.2739473306025144,4.203572589406416
1011010402,2.211070601636319,4.266798145882508
1011010402,2.211860025876761,4.879698627494828
1011010402,2.209422135277639,4.519753899800819
1011010402,2.360670000168647,3.3458608366226894
1011010402,1.9881015892625606,4.560057750675622
1011010402,2.1087320636330737,4.161551395247047
1011010402,2.2533214320907695,3.7826202212159705
1011010402,2.1089571193968393,4.6702366927167365
1011010402,2.1109086779874047,4.496983458130069
1011010402,2.101784384509931,4.460502731237412
1011010402,2.102833940801198,3.994174257788861
1011010402,2.1064874467751835,4.499509625321263
1011010402,2.1072092926046437,4.253866505238985
1011010402,2.0980550860535745,4.38125133420613
1011010402,2.1111044002058605,4.9399338209232715
1011010402,2.152844815904787,4.575164483901686
1011010402,2.1042907051668656,4.634000567655969
1011010402,2.099607735033124,4.246793795409602
1011010402,2.0279515084789774,4.645303943727737
1011010402,2.0304187753779317,4.4006398293853035
1011010402,2.0386771571621205,4.972940349698943
1011010402,2.0327265146341786,4.5611973995989405
1011010402,2.0374492439927163,4.477007214711625
1011010402,2.0276053888141083,4.197021480250725
1011010402,2.032597966903223,4.456728180627815
1011010402,1.8912384204674808,4.047113182516662
1011010402,1.8984020675491065,3.936110556957206
1011010402,1.893154362787021,3.8860896234016415
1011010402,1.9007389111836859,4.648785076740238
1011010402,2.04251188142943,4.633164658507549
1011010402,1.9939627699439437,4.0905875133443885
1011010402,2.0449495930011974,4.535745078243363
1011010402,2.114500176727315,3.3670889120287057
1011010402,2.046020785703628,4.039008017182635
1011010402,2.1423621631589618,3.973795203820747
1011010402,2.160402494131135,4.48400769640448
1011010402,2.060391546328659,4.8247072417081895
1011010402,2.0678520326717296,4.09753945311862
1011010402,2.018289408410784,3.9997407995131224
1011010402,1.9860895228434623,4.111693200556713
1011010402,2.0189286988890602,3.842844402408447
1011010402,2.027746344540361,4.718677426781686
1011010402,2.08641451012484,5.046433490448207
1011010402,2.0779927929104973,4.578446261680306
1011010402,2.157328544144878,3.647614653236082
1011010402,1.9901058692708673,3.2436464831934124
1011010402,2.0091629991584483,3.3298803829111123
1011010402,2.05547059926977,3.3859483708994165
1011010402,2.263381095361319,3.2949846511205076
1011010402,1.9699721535176546,3.9125028902649968
1011010402,2.197183262362436,4.071894433384509
1011010402,2.354761085573886,2.2272147859692693
1011010402,2.008424919366043,2.7044437055080985
1011010402,2.4052093108738704,2.9139255108499
1011010402,2.415734329561035,3.0047911180423372
1011010402,2.274448527102402,3.4230241028882626
1011010402,2.3293835542042434,3.8977415086023766
1011010402,2.500991820885195,2.6417679383082295
1011010402,2.0758518594853452,3.5514260949088463
1011010402,2.052893863998707,3.5741698157300013
1011010402,2.0055403687184596,4.137420015795223
1011010402,2.071645489481725,3.77650106154176
1011010402,2.092438474007692,4.251846762282873
1011010402,1.9878609118107824,4.6321139214356375
1011010402,2.0881023287972824,4.401964056806398
1011010402,1.9761588231680258,4.533566767128399
1011010402,2.058240144387715,4.653807957593986
1011010402,2.0676977080259986,4.774246071587482
1011010402,2.1597162826931533,4.885502817338704
1011010402,2.080978137229701,4.703222058461341
1011010402,2.066702217323781,4.405596666186314
1011010402,2.0766112188926753,4.196886108316129
1011010402,1.9982625361348456,3.846609434879821
1011010402,1.9941684887032978,3.9434441501028896
1011010402,2.0258180007430573,3.668829796308233
1011010402,2.0479080794525473,4.124518062229648
1011010402,2.0366237728047363,2.568481573373904
1011010402,1.9638357037802325,4.622990457558007
1011010402,1.9985623900259049,4.458211912020113
1011010402,2.0029723814730027,3.6536408020212274
1011010402,2.032939453052525,3.714108508159712
1011010402,1.9327615712366106,3.6510477758049293
1011010402,1.958185149824707,3.958295717758825
1011010402,2.064663930826628,4.595584388684495
1011010402,2.0450793120925415,4.353459965105912
1011010402,1.9594607657561587,4.11520871740141
1011010402,1.9993907879695547,3.6172760352542435
1011010402,2.030974747840296,3.610404267237492
1011010402,1.974807930213621,3.5688282230461064
1011010402,2.0422624808494594,3.5832689072009005
1011010402,1.9759554780350668,4.145037676537619
1011010402,2.0202572707372615,4.589670686941139
1011010402,1.9856075326147609,4.213430452498403
1011010402,2.029433775578749,3.4723700977827385
1011010402,1.9494314727214541,3.3838816594524674
1011010402,1.877153401361426,2.633757596520355
1011010402,2.0180233823506653,4.306979760350971
1011010402,1.9913678117019706,4.099431601270658
1011010402,2.035097840601498,3.12671667534941
1011010402,2.026580926731489,3.4357276245589783
1011010402,2.0018082231802747,3.0593172151791017
1011010402,1.964380557902206,2.835915572100106
1011010402,1.9891447848282244,3.6979135237438077
1011010402,2.0224249484709262,4.29535156476305
1011010402,1.993542313250536,4.0003268801159795
1011010402,1.964380557902206,3.3283757612902907
1011010402,2.035097840601498,3.4600950229096408
1011010402,1.9306900059633978,2.846303760062062
1011010402,2.035738186216858,3.705711988773986
1011010402,1.9968243990853503,4.09269319947287
1011010402,2.0153663373727744,5.2111623428780804
1011010402,1.9306900059633978,4.234932250531748
1011010402,2.035531818255733,5.57843464798254
1011010402,2.069768762765561,3.4190700431967858
1011010402,2.069768762765561,3.9168115221599433
1011010402,2.069768762765561,3.3924256892750315
1011010402,2.069768762765561,4.127182770971248
1011010402,2.069768762765561,3.612079400018699
1011010402,1.7227665977411033,1.1521530555961395
1011010402,1.969607534179828,0.5927742064131581
1011010402,1.9696075341798283,2.218551097384036
1011010402,1.9696075341798285,2.8991112349495656
1011010402,1.969607534179828,3.733159462805482
1011010402,1.9138166491216413,4.217490967043808
1011010402,1.9269704983777112,4.164041630148972
1011010402,1.8012645436152055,3.860308569741467
1011010402,1.8844807609062308,3.4024965373937754
1011010402,1.8991587188347503,4.294287720365875
1011010402,1.9062499805533253,4.14922724039069
1011010402,1.9248644372244355,3.406781759956056
1011010402,1.8731461222708883,3.920665550809488
1011010402,1.8242626178934014,3.3986274154595177
1011010402,1.817896918763393,4.110808288252766
1011010402,1.8073120434910517,4.080887757535491
1011010402,1.8073120434910517,4.582832548266377
1011010402,1.8693198759924714,4.176185651837017
1011010402,1.882833595616107,4.206511859092848
1011010402,1.8242626178934014,3.985124757226205
1011010402,1.8308941136559331,4.122721436488415
1011010402,1.93309781771984,3.8070624097916466
1011010402,1.9437984122686334,3.997962141105798
1011010402,1.93309781771984,4.125100059142093
1011010402,1.92275596660788,4.655188167509778
1011010402,1.897008034559061,4.025423116755679
1011010402,1.9236649230795089,4.283779646666834
1011010402,1.9206406804475806,4.099099904305961
1011010402,1.9281344237039781,4.193993799534556
1011010402,1.883171797398436,4.135566476763683
1011010402,1.8962752920458905,4.637356600990743
1011010402,1.8596873672878635,4.527241076424892
1011010402,2.3188730237191195,3.995150182002028
1011010402,2.291872064228134,3.9282506225327967
1011010402,2.2697130435299657,3.8899409822819435
1011010402,2.2836689746660612,3.4874056584753728
1011010402,1.848314401631778,4.122932019074013
1011010402,1.8879336123985577,3.9801301514427423
1011010402,1.9239796482578169,4.039325035801328
1011010402,1.8993634041905112,3.6878539284421965
1011010402,1.9258710110383965,3.8253315772494365
1011010402,1.7669173023916058,3.8041036632086516
1011010402,1.7784286201265929,3.776203282285611
1011010402,1.792706161048472,3.4581761497371404
1011010402,2.0209041585085368,4.724942353121203
1011010402,2.084450185015146,4.528397127182178
1011010402,2.087005305830748,4.117067757107099
1011010402,2.0925660668144834,4.4580497360820335
1011010402,2.0971524424582677,4.434144588935989
1011010402,2.098850523227668,5.057035302530572
1011010402,2.10078094303683,5.529722695198118
1011010402,2.0359542361588847,3.6656108271745818
1011010402,2.078593213236618,3.844942589745524
1011010402,2.084450185015146,4.440696405837759
1011010402,2.038805671008761,4.577069020877182
1011010402,2.0409262508446857,4.289458940814807
1011010402,1.9539087740113752,4.49350092307784
1011010402,1.927859713823856,4.156896736879065
1011010402,1.9819918537589913,3.8810069418969566
1011010402,1.952477162504663,3.9585821112081
1011010402,1.9071867895570254,3.705810314773918
1011010402,1.8738708601699006,3.5345912648326863
1011010402,1.9071867895570254,3.4735800568227755
1011010402,1.8906675623411808,4.006787581872569
1011010402,1.8610855554430819,4.449743692656781
1011010402,1.7853769309317984,4.425002308361348
1011010402,1.881263875772967,2.4582203845254944
1011010402,1.6067143960807202,3.2446605238419277
1011010402,1.8881756599512263,3.7219998674471526
1011010402,1.8864818872042035,3.7555329246684566
1011010402,1.8881445866037319,3.8970514894980006
1011010402,1.8707995101035841,4.3457386169623655
1011010402,1.870247092553454,4.305240078314399
1011010402,1.7829810512658941,3.4162830190801965
1011010402,1.7693697015968408,3.6778437844936716
1011010402,1.775544315139948,3.7186566791014375
1011010402,1.8469983554275793,3.4899100883470915
1011010402,1.7809135894507626,3.3488860253657475
1011010402,1.8082147510508801,4.1857836225388825
1011010402,1.873872381277082,3.876768815211354
1011010402,1.8204127948016406,3.184284380098582
1011010402,1.8097476684457952,3.184035902025493
1011010402,1.8357254363853928,3.4379792257546837
1011010402,1.7406685867725777,3.114270579477523
1011010402,1.7501039340652753,3.566457550527815
1011010402,1.8072702479707867,3.7334703374418114
1011010402,1.8884433196414538,3.5450090836942345
1011010402,1.8601305683966456,2.59009215013154
1011010402,1.901870787564586,3.045046110106912
1011010402,1.8537963681590501,2.756713373081491
1011010402,1.8032935645289163,3.0789238644407555
1011010402,1.901870787564586,3.369156167450692
1011010402,1.901870787564586,3.5274775475724853
1011010402,1.901870787564586,3.446361933616529
1011010402,1.854063202221659,2.91294831207507
1011010402,1.901870787564586,2.9725659955221513
1011010402,1.8499338188556407,2.885135852211964
1011010402,1.9018707875645862,3.103868932158569
1011010402,1.9477790216033768,3.0732487159818196
1011010402,1.9944576540703933,3.6503984672956546
1011010402,2.001906590491218,3.505977729054916
1011010402,1.9163031151820928,2.9133284472991754
1011010402,1.9059806153512227,2.2630123178742223
1011010402,1.9377324356231371,2.8726037260728403
1011010402,1.9619245823160922,3.255053450986789
1011010402,1.9399220978673406,3.8300534425608954
1011010402,2.0019065904912177,4.006168871318375
1011010402,2.001906590491218,3.732130496108251
1011010402,1.9927982827021276,3.1350593387750902
1011010402,2.001906590491218,2.5420743228443414
1011010402,1.9865944861540672,2.874072984926662
1011010402,1.980240464839166,3.2369121873542994
1011010402,1.9840447736429192,3.112581540050283
1011010402,1.9865944861540672,3.7080936730377405
1011010402,1.9865944861540672,3.402762822386861
1011010402,1.9837630269805082,2.736702443675372
1011010402,1.9710720467200256,2.695707677903824
1011010402,1.9747938011663697,3.1376223845536075
1011010402,1.9840896850494465,2.5767258948791594
1011010402,1.9758828666380268,3.0983339872147106
1011010402,1.9865944861540672,3.2897442697006416
1011010402,1.9865944861540672,3.3277661035762724
1011010402,1.9795089533361876,3.391853866659003
1011010402,1.9865944861540672,2.7065156910102584
1011010402,1.9865944861540672,3.186311309994801
1011010402,1.7764694840184712,2.291423028287854
1011010402,1.9865944861540672,2.811148159105777
1011010402,1.981808574321409,3.0315819264476884
1011010402,1.9865944861540672,3.4819167834035305
1011010402,1.9865944861540674,2.883011403489872
1011010402,1.9142968508713862,2.0251173429492364
1011010402,1.9865944861540672,2.94905986535556
1011010402,1.9865944861540672,2.711510872731191
1011010402,1.9865944861540672,3.2710127632880286
1011010402,1.951098894773923,3.3684331140681825
1011010402,1.7322127422093314,2.800811681183521
1011010402,1.7198650816812573,1.9552945489369535
1011010402,1.9469050208024379,2.714496048585599
1011010402,1.9610970132967862,2.5027465679163314
1011010402,1.9610970132967862,2.4990560728924196
1011010402,1.9304232658726763,3.3650173742073983
1011010402,1.9578970566930936,3.299644422865751
1011010402,1.7322127422093316,2.3312697268539546
1011010402,1.7322127422093316,2.5862591440482876
1011010402,1.7259459788932339,2.301884847879652
1011010402,1.9893925818397338,1.5479879501178777
1011010402,1.9846952383313508,2.4574498035549612
1011010402,1.9429266837770107,2.7001524289750694
1011010402,1.73529174583907,3.2065198026586166
1011010402,1.9893925818397338,2.8322128437226324
1011010402,1.9638649302527427,3.1247409541175246
1011010402,1.7408292020114533,3.005236960568237
1011010402,1.7322127422093316,2.4497974726744323
1011010402,1.7408292020114533,2.2013272609198187
1011010402,1.7408292020114533,2.599276459603414
1011010402,1.6309601813857177,2.8781304714738107
1011010402,1.7408292020114533,2.9348138585845738
1011010402,1.9287771341435378,2.2646755199208255
1011010402,1.9536790038366396,2.002290482491421
1011010402,1.9258049759779539,2.335632947040246
1011010402,1.9202549832422984,2.253184742698919
1011010402,1.9258049759779539,2.794044394269071
1011010402,1.9258049759779539,3.027957420848728
1011010402,1.8892851199706449,2.7638002162067017
1011010402,1.8892851199706449,2.01156411927675
1011010402,1.8892851199706449,2.262075549655836
1011010402,1.9372786881090012,2.5566845284287005
1011010402,1.9138799272748788,2.1761144289400964
1011010402,1.954223428991358,2.2679936482244267
1011010402,1.9587745017792728,2.406404421633043
1011010402,1.9557729425678123,2.611172126125723
1011010402,1.797328742735342,2.1295403729803004
1011010402,1.7921486628330199,2.68355256950181
1011010402,1.9515662928130666,2.2421979429789505
1011010402,1.9449655349874468,2.63633935354821
1011010402,1.9449655349874468,2.9997740943803226
1011010402,1.9044009513091393,3.217675104291682
1011010402,1.894148075982851,3.1270675063840128
1011010402,1.894148075982851,2.545531271604435
1011010402,1.864636048407606,2.1806434221888034
1011010402,1.8209036462383976,2.061786606441115
1011010402,1.891353774878648,2.2763437817888184
1011010402,1.8751643577300474,2.4839061494544166
1011010402,1.9192055358491495,3.368708624625423
1011010402,1.9128253312804393,3.046758032157035
1011010402,1.8426285146424621,2.5321082512722946
1011010402,1.8362045103404794,2.667783607873655
1011010402,1.8873497793212177,2.649149093182049
1011010402,1.8851437356093739,2.225055890484808
1011010402,1.8438215562937585,2.7610220858683157
1011010402,1.8565336813119444,2.950630299641571
1011010402,1.856203280884758,3.0562157089335016
1011010402,1.8446690596662236,2.337083133401613
1011010402,1.887577163944187,2.4893965550608526
1011010402,1.825891774882184,1.9856801618653614
1011010402,1.8674735264027171,2.8173828175124367
1011010402,2.737026048452666,2.740194654428777
1011010402,2.747953646956662,3.119099687504275
1011010402,2.783362996771161,3.1515815100168307
1011010402,2.4758090371274935,2.4432162227337915
1011010402,2.7972132428351393,2.4559068579376953
1011010402,2.6864653157865965,3.3024078224983056
1011010402,2.6729245852804286,3.6576467516828375
1011010402,2.6176706545550426,2.92729282033147
1011010402,2.748554197549321,2.7759580397093853
1011010402,2.6501893802828205,2.803360380906535
1011010402,2.748222099459969,2.3402661599617343
1011010402,2.632070564079189,2.8005686087467385
1011010402,2.563673082999538,2.7044437055080985
1011010402,2.73652111027962,3.133100047846797
1011010402,2.669993106194014,2.9662519682314827
1011010501,1.7477771156515127,3.565977087012602
1011010501,1.8889977284755557,3.471935396167497
1011010501,1.8889977284755555,3.5806258686736823
1011010501,1.8889977284755557,4.044226016143968
1011010501,1.8885355941746524,4.124162230631283
1011010501,2.0127206586875688,3.425141746905614
1011010501,2.0127206586875688,3.4692297920539823
1011010501,2.008021563604968,3.6805952345262387
1011010501,2.0127206586875688,3.255053450986789
1011010501,1.9977988238589417,3.633895145781177
1011010501,2.0022265996920883,4.223572960229887
1011010501,1.995065020545372,4.4031274385819
1011010501,2.0081831211244263,3.7927663845782087
1011010501,2.00327365010719,3.54809323734882
1011010501,2.019222237523463,3.6420498667571386
1011010501,1.9760993932131186,3.2803847614454074
1011010501,2.011360807454964,3.617678790102815
1011010501,2.0067208697471295,4.035743932417905
1011010501,2.0337764603806527,4.27349442785042
1011010501,2.033636333156724,3.5248004848572627
1011010501,2.038956909934348,3.299312301158545
1011010501,2.0310914455038613,3.876333649686174
1011010501,2.00117518170858,3.787411710178182
1011010501,2.02692552641566,3.5544905510752844
1011010501,2.0272547291356715,4.125100059142093
1011010501,2.149500886511393,4.24162886520351
1011010501,2.151538522553158,3.58687441365835
1011010501,2.114909857506139,3.697343532526066
1011010501,2.140184807813376,3.7081181969669657
1011010501,2.1431835379037953,3.8353795138678137
1011010501,2.153242223759677,3.5290627526600513
1011010501,2.041752356375714,3.887832766626928
1011010501,1.9272969261338897,3.9297253895411512
1011010501,1.9272969261338895,3.8108979519679056
1011010501,2.046637456526997,3.4207058480501984
1011010501,2.046637456526997,3.9014068529649566
1011010501,2.0794415416798357,3.453030530302173
1011010501,1.4488406490889074,3.947370844059788
1011010501,1.4488406490889074,4.1551887677714
1011010501,1.4488406490889074,3.9480655967750753
1011010501,1.4488406490889074,3.8641763959709263
1011010501,1.4787054334951262,3.513692386220581
1011010501,2.029822844362567,3.5837689072113172
1011010501,2.029822844362567,3.437497166387773
1011010501,2.029822844362567,3.632996696866263
1011010501,2.046637456526997,3.767667528910849
1011010501,2.046637456526997,3.878797087529519
1011010501,2.046637456526997,3.5557479815107405
1011010501,2.153242223759677,3.526919192061851
1011010501,2.153242223759677,3.4126976658323622
1011010501,2.168118985559236,3.636453940060165
1011010501,2.2630890523344758,3.390945005197804
1011010501,2.429619660201293,3.415166030889551
1011010501,2.4296196602012925,3.8568485046834904
1011010501,2.2630890523344758,3.291159276453218
1011010501,2.2630890523344758,3.1472509211929003
1011010501,2.2630890523344758,3.424979010326954
1011010501,2.5044620630889867,2.9512055081705166
1011010501,2.508865770996551,3.2026244842821505
1011010501,2.506666341121227,3.423447990596975
1011010501,2.506666341121227,3.0745896636314853
1011010501,2.4326988654303765,2.769019861425228
1011010501,2.5044620630889867,3.270670993295904
1011010501,2.5044620630889867,2.629944505098589
1011010501,2.571418339912666,2.6512681870032258
1011010501,2.4326988654303765,3.0073149347970576
1011010501,2.4327780675974418,3.518417295832429
1011010501,2.4327780675974418,3.508466075589283
1011010501,2.4327780675974418,2.8544566861960377
1011010501,2.4327780675974418,3.02640695782191
1011010501,2.416889660428896,2.488317492910082
1011010501,2.4169513094612505,2.8282599196102423
1011010501,2.3513299579150417,3.0919057170026485
1011010501,2.4169513094612505,3.06390480865704
1011010501,2.4157649681993068,3.3581854910688644
1011010501,2.250046581071227,2.7809288465147826
1011010501,2.4143918694839344,2.583469110944827
1011010501,2.2500465810712273,2.72090061308103
1011010501,2.250046581071227,3.132184396689491
1011010501,2.2500465810712273,2.625030845382118
1011010501,2.2500465810712273,3.414639957358644
1011010501,2.069263630277901,3.725066724875649
1011010501,2.0726677903817725,3.0382168851601463
1011010501,2.069263630277901,3.251110655001559
1011010501,2.069263630277901,3.114181753753535
1011010501,2.053275682621679,2.9391619220655967
1011010501,2.053275682621679,3.2782384742617077
1011010501,2.053275682621679,3.5120527728019426
1011010501,2.053275682621679,3.021984644698057
1011010501,1.9381649624896147,2.912405010964237
1011010501,1.91991686761382,3.2075721786968088
1011010501,1.91991686761382,3.2528907034554786
1011010501,1.915949787034401,3.4806860897524112
1011010501,1.7742321673306067,3.657440385278556
1011010501,1.7742321673306067,4.151590935156498
1011010501,1.7742321673306067,3.78075191354105
1011010501,1.824097001330893,3.4381077356822525
1011010501,1.824097001330893,3.7452125274540973
1011010501,1.9029479743990982,3.370222577362725
1011010501,1.952260134659525,3.5112468868061133
1011010501,1.9560860232364052,3.190023572961172
1011010501,1.9560860232364052,3.2889241391793695
1011010501,1.9560860232364052,3.547488685921946
1011010501,2.0726677903817725,2.883459031071205
1011010501,1.9598973301599447,3.1406547902736004
1011010501,1.9598973301599447,2.6204568366088843
1011010501,1.8327739765541864,2.967692816522745
1011010501,1.8327739765541864,3.0026582336247243
1011010501,1.8310445942503804,3.419561065679113
1011010501,1.8310445942503804,3.5934967716813597
1011010501,1.8310445942503804,2.997231149677727
1011010501,1.8310445942503804,2.623000535062462
1011010501,1.9583745500739507,2.7296159790167707
1011010501,1.958374550073951,2.6895467295376503
1011010501,1.8370843928076686,2.6691014509636353
1011010501,1.8310445942503804,3.1010377876992616
1011010501,1.8310445942503804,3.40572047038974
1011010501,1.789698525967593,2.3792683177650034
1011010501,1.90374675774297,2.5985329098628593
1011010501,1.8848535887510338,2.504545865040349
1011010501,1.9222895837614784,2.669725086780542
1011010501,1.8107121083567956,2.5007799989442905
1011010501,1.8107121083567956,2.8032997730093077
1011010501,1.8905842563973168,2.734821951599638
1011010501,1.9222895837614784,2.4316816663284557
1011010501,1.9222895837614782,2.383796348418869
1011010501,1.9222895837614784,2.370430639889113
1011010501,1.9222895837614784,2.204641448663919
1011010501,1.789957617225182,1.976854952904735
1011010501,1.789957617225182,2.386742401000769
1011010501,1.789957617225182,2.827668588506736
1011010501,1.789957617225182,2.308865330951196
1011010501,1.789957617225182,2.2590510909703174
1011010501,1.7899576172251819,2.7463089132193006
1011010501,1.789957617225182,2.741356019808683
1011010501,1.789957617225182,2.0849264719104057
1011010501,1.6374039375996714,2.898450150747437
1011010501,1.6374039375996714,2.9391619220655967
1011010501,1.6374039375996714,2.7518756806422395
1011010501,1.6374039375996714,2.5034012324241646
1011010501,1.789957617225182,2.7692080140803035
1011010501,1.9222895837614784,2.5500699756944134
1011010501,1.9222895837614784,2.282790465665866
1011010501,1.9222895837614782,3.248512293996507
1011010501,1.9222895837614784,3.29335230054473
1011010501,1.789698525967593,2.7664448874792917
1011010501,1.789957617225182,2.631672989504445
1011010501,1.8310445942503804,2.5801410691468174
1011010501,1.8310445942503804,2.55474360937678
1011010501,1.8310445942503804,2.578321094427426
1011010501,1.8370843928076686,2.9316736372532706
1011010501,1.85689287993409,3.0302303139615585
1011010501,1.8569574304754906,2.906354462402774
1011010501,1.9848997876475676,2.2268912486248453
1011010501,1.9848997876475676,2.262075549655836
1011010501,1.9848997876475676,2.5582345558645145
1011010501,1.9850137357170068,2.4438242046867704
1011010501,1.9849662589326669,2.9281491222301943
1011010501,2.0040650872426298,2.9381561254163953
1011010501,2.1103904078860536,2.3548928726173908
1011010501,2.1103904078860536,2.3891296943942315
1011010501,2.1103590467844624,2.2915241456346207
1011010501,2.1105160440196205,2.4345778024525426
1011010501,2.1105160440196205,2.7025685375329713
1011010501,2.1235152782961597,2.4819857213603367
1011010501,2.1530289162633505,3.03711411133276
1011010501,2.0948559821614796,2.542782398874083
1011010501,2.082896227042991,2.331658340479753
1011010501,2.0794415416798357,2.231411273539521
1011010501,2.082896227042991,2.4976583337131633
1011010501,2.082896227042991,2.9725148223778066
1011010501,2.0794415416798357,2.6758024535520892
1011010501,2.0794415416798357,2.6662555114451645
1011010501,2.0632700756428477,2.5647185615994514
1011010501,2.0705422016778936,2.4050514245385357
1011010501,2.077327979776896,2.2407096892759584
1011010501,2.0632700756428477,2.2824844212870428
1011010501,2.0127206586875688,2.3348586535443414
1011010501,2.061380729894383,2.784393767689544
1011010501,2.153242223759677,2.4743511358484835
1011010501,2.083983586877646,2.585204371103364
1011010501,2.0634505394127096,2.544825139999244
1011010501,2.1829830047706773,2.7922687930066084
1011010501,2.1829830047706773,3.0313407010213584
1011010501,2.1827776696443246,2.892425203688062
1011010501,2.1827776696443246,2.9070103434931864
1011010501,2.1827776696443246,2.594134676972316
1011010501,2.1827776696443246,2.2891958558750294
1011010501,2.1827776696443246,2.669932878989082
1011010501,2.2764284786044513,2.6165925906133753
1011010501,2.2764284786044513,2.5305171610400525
1011010501,2.2895923044209496,2.4889816689411393
1011010501,2.2895923044209496,2.8884254205654822
1011010501,2.2895923044209496,3.1677930346388847
1011010501,2.2895923044209496,2.7626015157067134
1011010501,2.302585092994046,1.841184352555578
1011010501,2.2114657407277094,2.9254707405133247
1011010501,2.225506937805284,2.6840306952579898
1011010501,2.2255069378052834,3.00116747604393
1011010501,2.225506937805284,3.20327475863955
1011010501,2.3154112319413005,2.3288374641381115
1011010501,2.3154112319413005,2.2304444152163634
1011010501,2.3154112319413005,2.9611925872792466
1011010501,2.3154112319413005,3.153205997378181
1011010501,2.225506937805284,2.512278596583851
1011010501,2.225506937805284,3.0122451819282046
1011010501,2.225506937805284,3.169979655080372
1011010501,2.23935370652427,2.9977801751712914
1011010501,2.23935370652427,2.777451877905769
1011010501,2.23935370652427,2.4796428201129013
1011010501,2.328074942182867,2.8787489180681716
1011010501,2.328074942182867,2.712838717834007
1011010501,2.384365769378194,3.13913973684872
1011010501,2.384365769378194,3.2031528644029645
1011010501,2.521906690050367,2.614764637046214
1011010501,2.521906690050367,3.1835801984734764
1011010501,2.521906690050367,2.7039083019348746
1011010501,2.4587729689090145,3.322009863765135
1011010501,2.4587280387642307,3.2544746021080644
1011010501,2.4587280387642303,3.664868484152433
1011010501,2.4758972113480717,3.7758595806152746
1011010501,2.5379729087018164,4.066047963066987
1011010501,2.541755553443302,4.476336314144623
1011010501,2.549986031760264,4.778543493011212
1011010501,2.4849066497880004,3.366157251016888
1011010501,2.4849066497880004,3.221272949467922
1011010501,2.4849066497880004,3.680217043535283
1011010501,2.4849066497880004,3.4546433573677815
1011010501,2.4849066497880004,3.4130600742046675
1011010501,2.4849066497880004,2.89977188240808
1011010501,2.4111272450116275,2.622419688462235
1011010501,2.391039763871026,3.08181822246712
1011010501,2.3187525652140883,3.520549555946718
1011010501,2.3091512781570493,2.738902664584975
1011010501,2.2839458628453113,3.2358902550273303
1011010501,2.180123053532905,3.1209542383073727
1011010501,2.0794415416798357,3.544373778004207
1011010501,2.0794415416798357,3.443170713139579
1011010501,2.0794415416798357,3.117020270761191
1011010501,2.0794415416798357,3.321612902319313
1011010501,2.0794415416798357,3.3043927523909638
1011010501,2.0828112882800016,2.8058421472600843
1011010501,2.0828112882800016,3.163532233828925
1011010501,2.0828112882800016,3.0127860281198187
1011010501,2.0794415416798357,3.134885334946567
1011010501,2.0794415416798357,3.6422070459155056
1011010501,2.183170540338922,3.2864597041917323
1011010501,2.183170540338922,2.9864392266423985
1011010501,2.1827776696443246,3.036778242989992
1011010501,2.0794415416798357,2.66374994220563
1011010501,2.186208768178541,2.7954503913830435
1011010501,2.186208768178541,3.1711970428847325
1011010501,2.186208768178541,3.274651060335615
1011010501,2.1922576708158803,2.874750376993208
1011010501,2.0794415416798357,2.6143254305388974
1011010501,2.0928529279626353,2.6083771846181443
1011010501,2.0794415416798357,2.960778444290462
1011010501,2.1233647743126864,2.4736771678364513
1011010501,2.1233647743126864,2.7871694055548093
1011010501,2.1233647743126864,3.0669825950821576
1011010501,2.1233647743126864,2.8875344030760046
1011010501,2.1112036107439103,2.447637364693185
1011010501,2.1233647743126864,2.9607266643551755
1011010501,2.1112036107439103,2.7155553005879836
1011010501,2.1233647743126864,2.682458851435301
1011010501,2.1233647743126864,3.0593172151791017
1011010501,2.116883054018126,3.2623566814797367
1011010501,2.116883054018126,2.976957118227657
1011010501,2.116883054018126,2.781238703053685
1011010501,2.116883054018126,3.0637179713450853
1011010501,2.116883054018126,3.0749592640052934
1011010501,2.1112036107439103,3.025485231703339
1011010501,2.1136263707256573,3.028441447963696
1011010501,2.1112036107439103,3.4876808415502922
1011010501,2.0828112882800016,3.1344501928658137
1011010501,2.0794415416798357,2.8028754148446535
1011010501,2.0794415416798357,1.143585654310841
1011010501,1.8338885984161055,2.7858133895679322
1011010501,1.8338885984161055,3.0115564089008764
1011010501,2.2743700906032207,2.8593969535967343
1011010501,2.2743700906032207,3.239658364050729
1011010501,2.2764284786044513,3.2149481215302207
1011010501,2.0794415416798357,2.322681794693168
1011010501,2.0828112882800016,2.5952547069568657
1011010501,2.0794415416798357,2.9431223232816937
1011010501,2.0794415416798357,2.4974114709264748
1011010501,2.09501977598868,2.732482617242795
1011010501,2.09501977598868,3.0158779792469486
1011010501,2.09501977598868,3.3663298463330795
1011010501,2.09501977598868,2.8513421375945924
1011010501,1.9796767218466205,2.787107808338984
1011010501,1.8543057571970718,3.2817379416248276
1011010501,1.8552047442506767,2.7230701678585953
1011010501,1.8552047442506767,3.3115279296645714
1011010501,1.815118465664533,3.6322032769203796
1011010501,1.9621771612360384,3.2071270778336527
1011010501,1.9621771612360384,2.535124365948618
1011010501,1.9283138493403653,3.435341126228993
1011010501,1.8353624552266619,3.313713165629035
1011010501,1.8353624552266619,2.75397913299061
1011010501,2.0903563624543304,3.2878793629649303
1011010501,2.0747047379068526,2.994531552977472
1011010501,1.8353624552266619,3.126058535229565
1011010501,2.0426468247816874,3.225851438604626
1011010501,2.0426468247816874,2.8921479572974205
1011010501,2.040543449162818,2.8529582995625358
1011010501,2.1450167929785953,3.1215716583931385
1011010501,1.9238682726306582,3.031292448952542
1011010501,1.999048710241223,3.11905548958599
1011010501,1.9381649624896147,3.4258899942525267
1011010501,1.91991686761382,3.21711427424854
1011010501,1.6374039375996714,3.2783892412892444
1011010501,1.614824069936334,2.9573552044329867
1011010501,1.6047796355819008,3.029505483660912
1011010501,1.6047796355819008,3.4717490376131
1011010501,1.589521242612442,3.7080936730377405
1011010501,1.604779635581901,2.9449125512240166
1011010501,1.6047796355819008,3.3985605750076515
1011010501,1.6047796355819008,3.16897103973956
1011010501,1.5990572216808756,3.0242225439536186
1011010501,1.614824069936334,3.099055715785892
1011010501,1.770010078880528,3.0858471629962514
1011010501,1.9077624476387558,3.2521171586480024
1011010501,1.9077624476387558,3.7455196781611866
1011010501,1.9077624476387556,2.8357395622430994
1011010501,1.7733579290300965,2.88703285663065
1011010501,1.7733579290300965,2.7606426512213806
1011010501,1.7518049361873835,2.7501513771208455
1011010501,1.7518049361873833,2.8016619697254885
1011010501,1.7518049361873833,2.9064091355937887
1011010501,1.7442822587964,3.2972432839422137
1011010501,1.7442822587964,3.233291419102511
1011010501,1.7442822587964,3.293537929176623
1011010501,1.7269000110329356,3.3216489962356874
1011010501,1.7269000110329356,2.4577923572964284
1011010501,1.7269000110329356,2.817980260474406
1011010501,1.7179253180886513,3.5936617700317504
1011010501,1.5508940830810294,3.4224368846545747
1011010501,1.5529859580844967,3.3967876731734554
1011010501,1.7269000110329356,3.2031934974660934
1011010501,1.7179253180886513,2.9628474462182144
1011010501,1.7179253180886518,3.217314606801246
1011010501,1.7043104252542571,2.8074127649564002
1011010501,1.9109623052631646,3.8727206889454036
1011010501,1.9107773108889523,3.6891044288052326
1011010501,1.6764282600095135,3.6255402135518473
1011010501,1.7092102678922,3.0300370772459813
1011010501,1.7043104252542571,2.985328339838598
1011010501,1.7043104252542571,3.340633174687374
1011010501,1.7043104252542571,3.3083142541820996
1011010501,1.7043104252542571,3.417333163571559
1011010501,1.7043104252542571,4.125213185884567
1011010501,1.7043104252542571,2.921331950977741
1011010501,1.7043104252542571,3.450812602204351
1011010501,1.6979498817275995,3.2132198600120434
1011010501,1.7157964003379056,2.97261716604794
1011010501,1.8594725164520558,2.5569171857642723
1011010501,1.8594725164520558,3.5680950438355516
1011010501,1.8594725164520558,3.458711287862762
1011010501,1.8594725164520558,3.048704158320097
1011010501,1.8476652498198574,2.9816840578279318
1011010501,1.8476652498198574,3.311455006161294
1011010501,1.8476652498198574,3.26873208721963
1011010501,1.6764282600095135,3.352182192176426
1011010501,1.704139375963557,3.8561931204674753
1011010501,1.7043104252542571,3.669722118572242
1011010501,1.6764282600095135,3.9037488689759003
1011010501,1.6764282600095135,3.8919223337211433
1011010501,1.3409592399480907,3.4579557154807645
1011010501,1.680958904142799,3.4988684088356012
1011010501,1.6764282600095135,3.1271990362962967
1011010501,1.6764282600095135,3.910601996272699
1011010501,1.6991037274040854,3.697963072846979
1011010501,1.6991037274040854,3.1790949548563563
1011010501,1.6991037274040854,3.3366588605245844
1011010501,1.7162597891331886,3.009684487171995
1011010501,1.7724425951033855,2.8461295693227626
1011010501,1.734677369378317,3.977436143976378
1011010501,1.863775247169576,3.3984603059522693
1011010501,1.8618190112418298,3.453283694860487
1011010501,1.9736545510564965,2.9950320284395975
1011010501,1.973693968011404,2.9613478466921603
1011010501,2.0742768031275487,3.115912433810096
1011010501,2.1885792971754436,3.282263684248376
1011010501,2.2621686355247403,2.9496883350525844
1011010501,2.220171828961768,3.6117013894299013
1011010501,2.2201718289617682,3.392358432994951
1011010501,2.2585483669075495,2.796427311719623
1011010501,2.2431298231437307,3.0410401912585323
1011010501,2.24312982314373,2.7441249452392005
1011010501,2.213123463669219,4.086345992110835
1011010501,2.2135158511343764,3.521791277960571
1011010501,2.2086982117698994,3.2001414268119506
1011010501,2.0608186664687005,3.0221794435688394
1011010501,2.090083823604568,3.5716993616507677
1011010501,2.108416909724133,3.880408491658804
1011010501,2.114066287484214,3.5009522147991476
1011010501,2.1567771377933163,3.371425223328485
1011010501,2.523035548512057,3.012146814822086
1011010501,2.523035548512057,3.1690130856957963
1011010501,2.5588658686378887,3.471717974477274
1011010501,2.514905586367072,3.4344709584250808
1011010501,2.3834020345787583,3.1073183700060087
1011010501,2.3821892370462554,3.248706434826875
1011010501,2.3870929902368854,3.6156364923462188
1011010501,2.2253969714730055,3.8934312447370143
1011010501,2.2253969714730055,3.5579161895951237
1011010501,2.2253969714730055,3.441859363381045
1011010501,2.0394003106748073,3.205304144838106
1011010501,2.0585217524622075,3.352182192176426
1011010501,2.0839638955184716,3.220274845781908
1011010501,2.056991034456983,3.4492888891294093
1011010501,2.2588380911093324,3.248512293996507
1011010501,2.0854539078657335,3.5230314600128705
1011010501,2.0854539078657335,3.084704227356255
1011010501,1.8562386497638563,3.3915846604790953
1011010501,1.8562386497638563,3.122144635908429
1011010501,1.8562386497638563,3.3009718077441055
1011010501,1.9616811660044022,3.550823555617968
1011010501,1.8909678905705336,3.507986875843673
1011010501,1.8909678905705336,3.5286520147930474
1011010501,1.8909678905705336,3.686802298318737
1011010501,1.9998079515514378,3.718632412263284
1011010501,2.013378861244429,3.6745776694030767
1011010501,2.1151134589011202,3.3055671506469055
1011010501,2.1151134589011202,3.1991219963813395
1011010501,2.1286423041204623,3.0294087999133748
1011010501,2.131527155785778,3.2892597284212908
1011010501,2.1043634777046223,3.4282611645448053
1011010501,2.131527155785778,3.030906348561645
1011010501,2.107281242571362,2.9536073472533197
1011010501,2.107281242571362,2.792391349535961
1011010501,2.107281242571362,2.5497576221076166
1011010501,2.107281242571362,2.60202279645668
1011010501,2.107281242571362,3.2590960383545657
1011010501,2.107281242571362,3.552658734202645
1011010501,2.010089882953819,3.2744240541676395
1011010501,2.0068319360666957,3.19503385038263
1011010501,2.0068319360666953,3.03912695587318
1011010501,1.9085656312181563,3.360653126346574
1011010501,1.9171544466609398,3.121880225542002
1011010501,1.8813719134779547,3.2555934078033637
1011010501,1.873692852199822,3.846630786661094
1011010501,1.8880193010232957,3.7103718294520336
1011010501,1.8819687191328036,3.492316975029639
1011010501,1.8687460454457556,3.434277484930346
1011010501,1.8773809529975254,3.128732275015235
1011010501,1.891976784252542,2.7285062096695922
1011010501,1.8730290538989205,3.5981885888294323
1011010501,1.9793644646991781,3.3586377672433594
1011010501,2.0794415416798357,2.4277188237508116
1011010501,2.0538825933678413,2.9804155694420977
1011010501,2.0667437227811396,2.695707677903824
1011010501,2.0667437227811396,2.931567016078204
1011010501,2.0667437227811396,3.5965996779946403
1011010501,2.161619960787689,3.473425015659036
1011010501,2.161619960787689,3.298241380248941
1011010501,2.2563311691503585,3.026843268579044
1011010501,1.8909678905705336,3.616631289906312
1011010501,2.2563311691503585,3.200589647180883
1011010501,2.277254517575345,3.012736872369815
1011010501,2.277254517575345,3.137275237663595
1011010501,2.2797414756458307,2.8209025825183316
1011010501,2.3547990841749367,3.1893646214938123
1011010501,2.2563311691503585,2.67827804276854
1011010501,2.302585092994046,2.549367042873655
1011010501,2.307428884454984,2.4227652532501507
1011010501,2.302585092994046,2.3215049778465566
1011010501,2.5055615350202256,2.3805641343106343
1011010501,2.5020016784283614,2.692733496990317
1011010501,2.517999760129933,2.612933335944738
1011010501,2.517999760129933,2.3515657152156675
1011010501,2.3843657693781934,2.1708806019966174
1011010501,2.3869303032751334,2.1947771403597405
1011010501,2.534144491781084,2.4214342268324267
1011010501,2.541755553443302,1.6217616621229323
1011010501,2.541755553443302,2.2349484442782344
1011010501,2.534144491781084,2.432647977292214
1011010501,2.5402419532451614,1.9849934901361208
1011010501,2.534144491781084,2.1610215286722587
1011010501,2.560500818787231,1.9222027652533444
1011010501,2.560500818787231,1.1384738220932402
1011010501,2.3788247730478784,2.4091049363717185
1011010501,2.3454884459259846,2.495929013069736
1011010501,2.372737726192773,2.156286835376747
1011010501,2.3651160265398583,2.3314640525444226
1011010501,2.3727377261927725,2.606460345340577
1011010501,2.372737726192773,1.6440325571985994
1011010501,2.3651160265398583,2.503646621162053
1011010501,2.3651160265398583,1.8754876847587674
1011010501,2.357511853151423,2.2677865874513503
1011010501,2.372737726192773,2.6521850682608146
1011010501,2.5020016784283614,2.366686018400569
1011010501,2.4849066497880004,1.2293481106571642
1011010501,2.4849066497880004,1.1131724399994394
1011010501,2.5020016784283614,1.2814892467537642
1011010501,2.5020016784283614,2.3357296915863475
1011010501,2.386626575556752,2.3401698533213167
1011010501,2.386626575556752,2.681843108933036
1011010501,2.386626575556752,1.9732473452734323
1011010501,2.3523172824978364,1.0416891412684888
1011010501,2.386626575556752,1.974497605907226
1011010501,2.386626575556752,1.1774234690923995
1011010501,2.386626575556752,1.9133869573497533
1011010501,2.3866265755567517,2.2028752488450336
1011010501,2.386626575556752,2.8898160479624417
1011010501,2.386626575556752,2.216482393940634
1011010501,2.3575118531514225,1.6415178058975122
1011010501,2.393573740669594,2.2210496050115274
1011010501,2.3483198233761304,1.6420986946736489
1011010501,2.3651160265398583,1.801709800081223
1011010501,2.2990649414965985,2.4528998536529136
1011010501,2.272722661836889,2.271507137423184
1011010501,2.372737726192773,1.757168024458436
1011010501,2.368200864176337,1.9605172300156728
1011010501,2.3651160265398583,1.6586089564405497
1011010501,2.3651160265398583,1.498282863067938
1011010501,2.3483198233761304,1.7374792623149844
1011010501,2.3651160265398583,2.219746814685041
1011010501,2.3651160265398583,2.365559892155434
1011010501,2.198340201667512,2.181772472777298
1011010501,2.2315423881715586,1.894316057553147
1011010501,2.189696225638379,2.0744289998562917
1011010501,2.1635471800159705,1.9815530408607105
1011010501,2.161029471038214,2.189192405638955
1011010501,2.3523172824978364,2.3715512974587685
1011010501,2.3468236525395456,2.344302686345914
1011010501,2.3257138935968595,0.42983246455645874
1011010501,2.3273202494231287,1.6996441803202493
1011010501,2.3273202494231287,1.840390890639792
1011010501,2.3273202494231287,1.5054098420100528
1011010501,2.3230643362615164,2.319737151811611
1011010501,2.343132582947411,2.4845732608867626
1011010501,2.343132582947411,2.246120556012919
1011010501,2.343132582947411,1.8107447691391356
1011010501,2.3421674076451935,1.8611300471527261
1011010501,2.2469470681879025,1.4940270609227726
1011010501,2.2336016173142936,1.8814478154915857
1011010501,2.198081633815875,2.1545490141666415
1011010501,2.208138011160151,2.6097756318338696
1011010501,2.3483198233761304,2.2107986973633373
1011010501,2.3483198233761304,1.6770965609079151
1011010501,2.3001258289445334,1.6709092345222014
1011010501,2.2764284786044513,1.1075720300395815
1011010501,2.3001258289445334,2.422321774596379
1011010501,2.3001258289445334,2.5647185615994514
1011010501,2.3001258289445334,2.9138712470736703
1011010501,2.3001258289445334,2.5914414756735953
1011010501,2.3001258289445334,2.54803793122809
1011010501,2.3001258289445334,2.1009583851420857
1011010501,2.3257138935968595,2.2851336993802898
1011010501,2.320654983978142,1.9460529959950605
1011010501,2.378290520357267,2.7901830306407325
1011010501,2.3050410057546222,2.654930678771549
1011010501,2.3273202494231287,2.4747721353074024
1011010501,2.327760317225055,2.149666986569333
1011010501,2.302616252701798,2.3583035817503895
1011010501,2.3760372233592713,2.364338489269528
1011010501,2.3968053105515486,2.5563742344226426
1011010501,2.396778175196625,1.823903922554622
1011010501,2.3230643362615164,2.2133166252358634
1011010501,2.3230643362615164,2.6858045921548905
1011010501,2.3230643362615164,2.366967351923314
1011010501,2.3230643362615164,2.1374745729304454
1011010501,2.3273202494231287,1.4365120772805082
1011010501,2.3382764574815234,3.131660790778235
1011010501,2.3343392448636546,3.169601543532962
1011010501,2.625722753101179,3.1175958613108317
1011010501,2.628985669783565,3.2192357600837487
1011010501,2.653728030842432,3.241771702345105
1011010501,2.653374397231611,3.28966974016828
1011010501,2.6691518719265632,3.46182200347859
1011010501,2.7756188402809796,3.089359219332615
1011010501,2.8688060150764256,4.00374493698109
1011010501,2.8688060150764256,4.464182492687114
1011010501,2.868806015076426,4.477654945687289
1011010501,2.8688060150764256,2.937043277205311
1011010501,2.8657164049761192,3.3764264326702347
1011010501,2.669889250493369,3.9360324578884978
1011010501,2.6657807724532008,3.908255918858902
1011010501,2.5231627077188663,3.7759054143305635
1011010501,2.5036940350361014,3.645423786185163
1011010501,2.5020016784283614,3.2471911358482473
1011010501,2.5020016784283614,3.3450149619731633
1011010501,2.4633400307075357,2.8807141619697245
1011010501,2.4374294393563454,2.897126669799869
1011010501,2.4374294393563454,2.7945948025023957
1011010501,2.2630890523344758,2.95662755367323
1011010501,2.2630890523344758,2.922785165797926
1011010501,2.2630890523344758,3.098514468197017
1011010501,2.309223834809203,2.5900171341906173
1011010501,2.3025850929940455,2.0796915104350435
1011010501,2.2630890523344758,2.7885850953243807
1011010501,2.2630890523344758,2.5787763987303287
1011010501,2.269772800409154,2.975733627047301
1011010501,2.2630890523344758,2.9703631822034495
1011010501,2.2697728004091546,2.5509284453299976
1011010501,2.263089052334476,2.707583425512766
1011010501,2.3336405667557663,2.396712755718744
1011010501,2.3788247730478784,2.4243601499199667
1011010501,2.384365769378194,2.718792297634112
1011010501,2.3869303032751334,3.109641147661774
1011010501,2.384365769378194,2.844560485752252
1011010501,2.3843657693781934,2.664307278154291
1011010501,2.4199498147790335,2.5707020099509865
1011010501,2.4870274021603493,2.152924318439639
1011010501,2.4873642272051124,2.6408414514087597
1011010501,2.496657589922195,2.229691767473721
1011010501,2.5203554672437645,2.697056659627344
1011010501,2.521221671324841,2.9528769632475615
1011010501,2.5820790772052886,2.43781504225415
1011010501,2.5820790772052886,2.2611379030798724
1011010501,2.5820790772052886,2.12835074638271
1011010501,2.5820790772052886,2.321308706992148
1011010501,2.5820790772052886,2.7253660788674416
1011010501,2.5820790772052886,3.210642019941097
1011010501,2.567898169657213,2.968874819384108
1011010501,2.5581985813862347,2.5398682078619745
1011010501,2.567898169657213,2.5506943903260035
1011010501,2.5535132676763426,2.5308355816764
1011010501,2.5556791518029907,2.762159526749242
1011010501,2.5535132676763426,2.793983219093938
1011010501,2.539881106121923,3.258519525472752
1011010501,2.553513267676342,3.065398251787094
1011010501,2.567898169657213,3.2323052451798615
1011010501,2.567898169657213,3.088630455920722
1011010501,2.5581985813862347,2.866135985382917
1011010501,2.5696871007648,2.7748361947802604
1011010501,2.567898169657213,2.8407145512873817
1011010501,2.5581985813862347,3.1478523216148244
1011010501,2.567898169657213,3.2949846511205076
1011010501,2.567898169657213,2.77246371442663
1011010501,2.567898169657213,2.579003973167116
1011010501,2.567898169657213,2.8462456998536094
1011010501,2.696752442192324,2.316980973277778
1011010501,2.686387381815516,2.81522906256682
1011010501,2.696752442192324,2.89126025195728
1011010501,2.709229555591694,3.173334377897823
1011010501,2.696752442192324,3.152180312429933
1011010501,2.696752442192324,2.731506277138551
1011010501,2.696752442192324,2.4591614000361424
1011010501,2.585495100620908,2.6726993237992844
1011010501,2.460291794706175,2.5153550238806948
1011010501,2.460291794706175,3.305347056005321
1011010501,2.405464324672876,3.1980606851542808
1011010501,2.405464324672876,2.36902804954276
1011010501,2.3885207442284093,2.9977801751712914
1011010501,2.367051341369601,3.0398926893396454
1011010501,2.3474620837062217,3.0613327306379396
1011010501,2.3474620837062217,2.854053495222053
1011010501,2.3274814066448357,3.4694166206392993
1011010501,2.2316378328270035,3.465985871554934
1011010501,2.1635471800159705,3.147594622863237
1011010501,2.324986874831327,2.832330601612547
1011010501,2.3274814066448357,2.892092498794231
1011010501,2.3274814066448357,2.4568500520054752
1011010501,2.2316378328270035,3.0190092504584842
1011010501,2.2067863619157166,3.2266058709301113
1011010501,2.2064754273109752,2.6158618101073072
1011010501,2.2035749875015833,3.024902650853771
1011010501,2.2064754273109752,2.64709635843187
1011010501,2.2014283274739777,3.2169940554501824
1011010501,2.1362904453351375,3.0873082170412003
1011010501,2.1104662772340057,3.391382708273764
1011010501,2.135230013658551,3.5618696070510536
1011010501,2.1353633059190646,3.6002121613977702
1011010501,1.9679184678797834,3.852846085185912
1011010501,2.0549178627310813,3.74662935965484
1011010501,2.0830420288529594,3.7953768233088256
1011010501,2.0815921878674435,3.260017768199376
1011010501,2.0250295166654393,3.4704124506836282
1011010501,2.0872419820087154,3.542812677979153
1011010501,2.0581242979563146,3.5095434361603477
1011010501,2.292955251728008,3.5515121423210236
1011010501,2.3182975632289944,2.582033360518723
1011010501,2.1514404010948236,2.7356005151892155
1011010501,2.1270876009574717,3.0988753324708593
1011010501,2.125957701218428,3.8183275213008225
1011010501,2.229462235741036,3.932100104857325
1011010501,2.1270876009574717,3.7756762247439353
1011010501,2.125957701218428,2.96589143154297
1011010501,2.1270876009574717,3.1438936245345115
1011010501,2.151314315695014,3.081634702554694
1011010501,2.1514404010948236,3.0818640971832783
1011010501,2.1497529773624993,3.1212629960012004
1011010501,2.1497529773624993,3.7710583400715803
1011010501,2.1514404010948236,3.395883286838387
1011010501,2.1404851970963032,3.258096538021482
1011010501,2.124156796907299,3.3770754395417453
1011010501,2.0196155264519846,3.116311396512376
1011010501,1.8548957407237163,3.3979588098116373
1011010501,1.8219966755097743,3.3083874070716712
1011010501,1.7345933159688198,3.9972277514423733
1011010501,1.8104015409544993,4.019369547629028
1011010501,1.7345933159688198,3.243295229408944
1011010501,1.7762969154827126,2.896464271895322
1011010501,1.8027996797211745,3.049509979234462
1011010501,1.8031110771528414,3.5472006757819985
1011010501,1.6859851869248987,4.093510881473524
1011010501,1.7951395872452423,3.6826601543000197
1011010501,1.7951395872452423,3.7454488056018307
1011010501,1.7838619362388253,3.6193149907280273
1011010501,1.7758683061409404,3.1446693863283617
1011010501,1.6428843287242234,3.309447523052588
1011010501,1.6433049154138273,3.5630610965537137
1011010501,1.6428843287242234,3.657801498543075
1011010501,1.6428843287242234,3.8778455536265595
1011010501,1.7951395872452423,3.902073674574478
1011010501,1.7869590329387581,3.5057375609360792
1011010501,1.8289298190994048,3.3932324120078587
1011010501,1.8241338477094147,3.519750491105965
1011010501,1.9690959549927038,3.5684898994363494
1011010501,1.9617349966992892,3.5925337383272518
1011010501,1.9690959549927036,3.882841332064566
1011010501,1.9690959549927036,3.7101026405654616
1011010501,1.9755369173920179,3.311126784572308
1011010501,1.9755369173920179,3.3014507084918705
1011010501,1.9680663658810913,3.1113351566260783
1011010501,1.9755369173920179,2.8421147848883916
1011010501,2.0588698095001954,3.1283382381020126
1011010501,2.0320393967409154,3.3523572162426816
1011010501,2.0043588780619284,3.519957717382998
1011010501,2.004555322549548,3.0646518090185886
1011010501,2.004555322549548,2.575432676487371
1011010501,1.9066380236559561,3.2868334940514274
1011010501,1.9166783694686502,3.0896323687470426
1011010501,1.9166783694686502,2.8428724269096555
1011010501,1.8959215762605206,3.313276500289685
1011010501,1.9872286825587195,3.746393360314543
1011010501,1.9164346130825314,2.8793108105367398
1011010501,1.9164346130825314,2.8635713699516523
1011010501,2.0043588780619284,2.201437910989088
1011010501,2.0043588780619284,2.6811585056338942
1011010501,2.0043588780619284,2.075809955445786
1011010501,2.0043588780619284,3.262203477603379
1011010501,2.004555322549548,3.0817723456463755
1011010501,2.0043588780619284,3.405886371148287
1011010501,2.0043588780619284,2.955847339855076
1011010501,1.7728124723332244,2.5459233515937747
1011010501,2.1953299312973105,2.665421019046251
1011010501,2.207877382317767,2.4304504639919418
1011010501,2.1975108177408114,2.9140340295694855
1011010501,2.1975108177408114,3.088037944338017
1011010501,2.2030303801237396,2.449452168803598
1011010501,1.9035928846398216,3.0208638141915958
1011010501,1.9035928846398216,2.844444159340209
1011010501,1.9035928846398218,2.90668245672048
1011010501,1.9035928846398216,2.800264685090021
1011010501,1.9035928846398216,3.0253396183066488
1011010501,1.9104683788986427,2.3560310686996715
1011010501,1.9104683788986427,2.8888149912079135
1011010501,1.9104683788986427,2.9048223981941486
1011010501,1.9668786730192416,2.667367085826675
1011010501,1.9668786730192416,3.117064558721516
1011010501,1.9733338866461065,2.748296029670737
1011010501,1.9671083027090233,2.6273461636872475
1011010501,1.922021363696999,2.9894626605403958
1011010501,1.9713330532409121,3.3756402287978484
1011010501,1.9272969261338897,2.646245716855093
1011010501,1.9733338866461068,2.7463089132193
1011010501,1.9671083027090233,2.84193986287401
1011010501,1.9733338866461068,2.5976399197752396
1011010501,1.984758517245698,2.738385400898283
1011010501,2.0178729209634185,3.2701771192237516
1011010501,2.1101446309897782,2.919283101390585
1011010501,1.9963389027655416,2.86459800552919
1011010501,2.2547460042991703,2.8481019565499666
1011010501,2.1101446309897782,2.5942840868037607
1011010501,2.2547460042991703,2.7172741956297415
1011010501,2.2547460042991703,3.349833909373597
1011010501,2.249654769012206,3.4961135444580336
1011010501,2.2547460042991703,3.187261311098859
1011010501,2.2547460042991703,2.8981194446869907
1011010501,2.2416025479496784,3.0281026535844418
1011010501,2.2547460042991703,3.2950587856004883
1011010501,2.2547460042991703,4.495533875467476
1011010501,2.2547460042991703,2.9253634558871084
1011010501,2.319541821378412,2.95662755367323
1011010501,2.2547460042991703,2.6623552418400807
1011010501,2.2547460042991703,2.6080088469219835
1011010501,2.2547460042991703,2.655352412101761
1011010501,2.25474600429917,2.526848017576172
1011010501,2.211002599955299,2.4413030123058683
1011010501,2.1528179916987544,2.9731798690834794
1011010501,2.103578459283901,3.2534704696327
1011010501,2.09117908520632,2.5936115666962163
1011010501,2.2834494203733393,2.071157322092138
1011010501,2.2917618575066006,1.1951338556587316
1011010501,2.4081617907457478,2.4392116905258705
1011010501,2.202394461785867,1.5859645562484583
1011010501,2.202394461785867,2.7560781701127914
1011010501,2.2023944617858673,2.9102833117215083
1011010501,2.174962947816665,2.3806566284142012
1011010501,2.3906095141234758,2.4582203845254944
1011010501,2.438129616406741,2.5167282621109566
1011010501,2.4803367942957766,2.0691386486839387
1011010501,2.4730963530248373,1.536867219599265
1011010501,2.2192034840549946,-0.7113111511876165
1011010501,2.639057329615259,1.935426819040468
1011010501,2.323948780707227,2.4876528754560256
1011010501,2.302585092994046,0.9360933591703348
1011010501,2.302585092994046,1.751284636662337
1011010501,2.141987829648853,1.9722738384863054
1011010501,2.0794415416798357,2.5652570024416588
1011010501,2.0794415416798357,1.5477752520419936
1011010501,2.2930654510517683,3.6502945387983674
1011010501,2.302585092994046,2.073423469354273
1011010501,2.302585092994046,2.679719311334148
1011010501,2.302585092994046,1.1703126028333009
1011010501,2.302585092994046,1.4245530732369809
1011010501,2.0794415416798357,1.5173226235262947
1011010501,2.0794415416798357,0.8324742457810445
1011010501,2.0794415416798357,2.475277100812157
1011010501,2.0794415416798357,2.433262416635662
1011010501,1.9459101490553135,2.3800089899588492
1011010501,1.9459101490553132,1.1996635327378375
1011010501,1.9459101490553132,1.1954364733036495
1011010501,1.791759469228055,1.3892898700996892
1011010501,1.7917594692280552,2.28401370740861
1011010501,1.791759469228055,1.5362218501028413
1011010501,1.7917594692280552,1.1804994481402937
1011010501,1.791759469228055,1.3506671834767394
1011010501,1.791759469228055,1.054660401138927
1011010501,1.791759469228055,1.9310865344491541
1011010501,1.7917594692280552,2.054251930606176
1011010501,1.7917594692280552,2.3582089967420425
1011010501,1.791759469228055,1.9968748180228735
1011010501,1.791759469228055,1.7236590565241232
1011010501,1.791759469228055,1.9832059337990102
1011010501,1.791759469228055,0.9431273858277147
1011010501,1.791759469228055,2.0841802960270095
1011010501,1.791759469228055,2.8860848042494602
1011010501,1.8074268811593879,3.582073449796127
1011010501,1.791759469228055,-1.3783261914707137
1011010501,1.8285267344785299,4.019836510047039
1011010501,1.791759469228055,1.57194370800652
1011010501,1.8338885984161055,2.1093643553310906
1011010501,1.8338885984161055,2.1347579823505436
1011010501,1.8338885984161055,2.82890998020696
1011010501,1.8338885984161055,2.288891765862043
1011010501,1.791759469228055,1.422144014013588
1011010501,1.0986122886681098,0.03922071315328133
1011010501,1.0986122886681098,0.5754891370917129
1011010501,2.0794415416798357,0.15529288440603525
1011010501,2.0794415416798357,2.0765624009289927
1011010501,2.0794415416798357,2.450746443974566
1011010501,2.0794415416798357,1.509396558253874
1011010501,2.0794415416798357,1.4865920824352545
1011010501,2.0794415416798357,1.8828182001750216
1011010501,2.0986195818085607,1.2889571282309333
1011010501,2.0794415416798357,1.217579807732153
1011010501,2.0794415416798357,1.6707211408509988
1011010501,2.0794415416798357,1.9420455482388737
1011010501,2.0794415416798357,2.1525758256673373
1011010501,2.0986195818085607,1.922641522115959
1011010501,2.0986195818085607,2.8205452056606357
1011010501,2.0794415416798357,2.486987815991825
1011010501,2.0794415416798357,2.4475508632442313
1011010501,2.0794415416798357,1.9067237210285761
1011010501,2.0794415416798357,2.8758219768814337
1011010501,2.0794415416798357,2.184139337787564
1011010501,2.0794415416798357,2.1884080479316466
1011010501,2.0794415416798357,2.449452168803598
1011010501,2.0794415416798357,1.7478075816988723
1011010501,2.102851560374759,2.48673830461697
1011010501,2.102851560374759,1.8780900589790757
1011010501,2.0794415416798357,2.1001016443761387
1011010501,2.0794415416798357,1.2963696535919036
1011010501,2.102851560374759,1.8201849434117587
1011010501,2.102851560374759,1.7181129290597565
1011010501,2.102851560374759,2.0701484947682434
1011010501,2.102851560374759,2.8811067477126877
1011010501,2.102851560374759,1.285644952969961
1011010501,2.2192034840549946,1.3683849405763227
1011010501,2.233518214873041,1.7638742657385194
1011010501,2.233518214873041,1.894316057553147
1011010501,2.2225715761700346,2.4422600750665278
1011010501,2.2192034840549946,2.718264523509182
1011010501,2.2192034840549946,2.4516083643864857
1011010501,2.3011679720752207,2.2938470270507603
1011010501,2.302585092994046,2.2805439621171653
1011010501,2.302585092994046,2.2147370024208506
1011010501,2.328074942182867,2.7221503254809916
1011010501,2.4849066497880004,3.451319991065366
1011010501,2.5061930559177528,3.0561686423578216
1011010501,2.5061930559177528,3.04766036641435
1011010501,2.5061930559177528,3.122805356117467
1011010501,2.5061930559177528,3.724704987083369
1011010501,2.6573304217588416,4.123239713875589
1011010501,2.6573304217588416,4.33033852551513
1011010501,2.6390573296152584,2.8695452733036064
1011010501,2.6390573296152584,3.4353733401292934
1011010501,2.636567287511816,3.435598808379488
1011010501,2.6573304217588416,3.661585335539391
1011010501,2.6573304217588416,3.491495019642936
1011010501,2.6390573296152584,3.457892725338701
1011010501,2.6390573296152584,3.4091655513113324
1011010501,2.6390573296152584,2.7277221008996744
1011010501,2.6390573296152584,2.724448346911846
1011010501,2.6390573296152584,2.604170070614818
1011010501,2.6390573296152584,2.5407354764147776
1011010501,2.5061930559177528,2.7537244045933846
1011010501,2.4849066497880004,2.6936807871349084
1011010501,2.4849066497880004,3.0300370772459813
1011010501,2.4849066497880004,2.7266102266231202
1011010501,2.4849066497880004,2.5158399115578853
1011010501,2.4849066497880004,2.520997469932354
1011010501,2.4849066497880004,2.131678141015345
1011010501,2.4849066497880004,2.592414857503286
1011010501,2.4849066497880004,2.5489763110279458
1011010501,2.328074942182867,2.828437250776659
1011010501,2.328074942182867,3.333346714753981
1011010501,2.328074942182867,2.649219802038363
1011010501,2.3273950958510174,2.6603294648907982
1011010501,2.409562173308915,1.9073178098623274
1011010501,2.480395917609503,2.0006688605144403
1011010501,2.4893971265940817,2.1142052216161273
1011010501,2.4849066497880004,3.0480400531773357
1011010501,2.4893971265940817,2.866022142031246
1011010501,2.4900405014288247,2.0002630438027498
1011010501,2.4849066497880004,2.5331411040237093
1011010501,2.4849066497880004,2.3016846877508814
1011010501,2.4893971265940817,2.425687290128029
1011010501,2.6209513060385965,2.427277536951364
1011010501,2.6204441066938347,2.3959843572525954
1011010501,2.6209513060385965,2.6419816211325053
1011010501,2.6209513060385965,2.179965379446135
1011010501,2.6209513060385965,1.9469096493883968
1011010501,2.620444106693835,2.251712762620289
1011010501,2.6209513060385965,2.023928831749577
1011010501,2.6209513060385965,2.632176568523036
1011010501,2.6209513060385965,2.5358373784565433
1011010501,2.4893971265940817,2.8121098710269883
1011010501,2.4849066497880004,2.399802543709405
1011010501,2.4893971265940817,2.136412437939462
1011010501,2.4900405014288243,2.6390573296152584
1011010501,2.4893971265940817,2.0478218672993744
1011010501,2.4849066497880004,2.6407701476189334
1011010501,2.4893971265940817,3.0062270106466324
1011010501,2.4893971265940817,2.9052603703899154
1011010501,2.4893971265940817,2.5004518611234623
1011010501,2.4893971265940817,2.4646189048412785
1011010501,2.4893971265940817,2.0840558792305814
1011010501,2.4849066497880004,2.4758659051358514
1011010501,2.4893971265940817,2.8079558660770725
1011010501,2.4893971265940817,3.4115436737162996
1011010501,2.4893971265940817,3.270633011641039
1011010501,2.4893971265940817,2.4601869534975354
1011010501,2.3857908578176468,2.370430639889113
1011010501,2.377759581172672,2.4959290130697362
1011010501,2.377759581172672,2.3890379807242446
1011010501,2.3378766644186113,2.9124593543601693
1011010501,2.3378766644186117,3.107452523164399
1011010501,2.3378766644186117,3.002856833496287
1011010501,2.3378766644186117,2.5027465679163314
1011010501,2.210344506457277,2.7398718134251663
1011010501,2.2015371964722226,2.147917612981907
1011010501,2.2044043485326537,2.684713335737772
1011010501,2.2044043485326537,3.050883118018839
1011010501,2.146681122331787,3.152223070313424
1011010501,2.146681122331787,3.019839348897224
1011010501,2.146681122331787,2.9549623610107796
1011010501,2.146681122331787,3.0037996446317496
1011010501,2.146681122331787,3.1012177813999684
1011010501,2.146681122331787,2.516647535572063
1011010501,2.141987829648853,2.2768569444213145
1011010501,2.146681122331787,2.9864392266423985
1011010501,2.141987829648853,2.7629171025430503
1011010501,2.141987829648853,2.550850433082035
1011010501,2.1403492577413954,2.5927141690888784
1011010501,2.1403492577413954,2.1970023304189805
1011010501,2.1984286941724287,2.218986069117732
1011010501,2.192858043609664,2.9457539037477494
1011010501,2.1984286941724287,2.8138506199884215
1011010501,2.1984286941724283,3.039844848172312
1011010501,2.1403492577413954,2.2181159363675955
1011010501,2.1403492577413954,2.7820438810105363
1011010501,2.141987829648853,2.6351210210794522
1011010501,2.1103590467844624,2.332823276054656
1011010501,2.1103590467844624,3.432372999130605
1011010501,2.1103590467844624,3.6801161684437793
1011010501,2.047537564102268,3.085390145484526
1011010501,1.9317245481002627,3.2412242285319626
1011010501,1.8007203485677454,2.9601050959108397
1011010501,1.7917594692280552,2.9191751508318355
1011010501,1.8007203485677457,2.916689066213538
1011010501,1.967476640704755,3.0974310933788254
1011010501,1.967476640704755,3.617222322349705
1011010501,1.9674766407047548,3.7792456141874085
1011010501,2.0794415416798357,3.461414077150703
1011010501,2.0794415416798357,3.582601851393626
1011010501,2.0794415416798357,3.1231135428810837
1011010501,2.0794415416798357,3.244738484393928
1011010501,2.0794415416798357,3.105662332926187
1011010501,2.0794415416798357,3.139702738964022
1011010501,2.0794415416798357,3.6880290926590975
1011010501,2.0794415416798357,3.0799355448360655
1011010501,2.0794415416798357,2.846303760062062
1011010501,2.0794415416798357,3.3359830766785534
1011010501,2.0794415416798357,2.6324642141456147
1011010501,1.9459101490553135,3.198509838915328
1011010501,1.9459101490553135,3.5027908107507377
1011010501,1.9459101490553132,3.495719372138987
1011010501,1.9272969261338897,3.0719522994654
1011010501,1.945910149055313,2.6519030404792088
1011010501,1.9459101490553135,2.659979777857127
1011010501,1.9459101490553132,2.450573970707495
1011010501,1.9459101490553132,2.7233984780490093
1011010501,1.9459101490553132,3.521200174056852
1011010501,1.9459101490553132,3.6448230679170166
1011010501,1.900642286284342,3.2573655016487244
1011010501,1.9459101490553132,3.1364502804928702
1011010501,1.945910149055313,2.756776871192444
1011010501,1.9948329820752118,3.084887184864884
1011010501,2.0429153047158213,2.9021356248164065
1011010501,1.9459101490553132,3.191011186719896
1011010501,1.791759469228055,3.6605056994260896
1011010501,1.8995279677983774,3.35116644805659
1011010501,1.978361606611239,3.1732925132462353
1011010501,1.8898731985601207,2.8605423634923075
1011010501,1.9970694887972364,2.9164184668342656
1011010501,1.9939499451057412,3.113559752667194
1011010501,2.0082624583481956,3.6737404352711325
1011010501,2.0122809937375137,3.547920545660617
1011010501,1.9681222673151815,2.9951821222485098
1011010501,2.0122809937375137,2.9486930755482046
1011010501,2.1069649542613775,2.8832911942082418
1011010501,2.075804352970818,3.1990403970340893
1011010501,1.940905563086592,3.08181822246712
1011010501,1.9251355708173645,3.640634141485942
1011010501,1.9051729757502527,3.7682219166730793
1011010501,1.8815786479659429,3.139269688550187
1011010501,1.9023985827635341,2.871245568430987
1011010501,1.8815786479659429,3.3450149619731633
1011010501,1.8761197592263534,2.7668221273454443
1011010501,1.8815786479659429,3.183580198473476
1011010501,1.8815786479659429,3.842201219057586
1011010501,1.8815786479659429,3.999172706183936
1011010501,1.8815786479659429,3.0543313158569267
1011010501,1.8952478464095697,3.0723228757157033
1011010501,1.9147258644697491,3.1831657422341215
1011010501,1.9147258644697491,3.522411561243149
1011010501,1.9147258644697491,3.2346704307668417
1011010501,1.8952478464095697,3.3452969996975783
1011010501,1.8952478464095697,3.149096930260284
1011010501,1.8902028346852364,3.0551326168354387
1011010501,1.9147258644697491,2.130015827642769
1011010501,1.8849795628462673,2.7505348127083655
1011010501,1.90522112963634,2.443303099932925
1011010501,1.8962463013660598,3.199896858270398
1011010504,2.586178194925838,4.340097256397169
1011010504,2.422783337255615,4.190623969143735
1011010504,2.4261622467883535,4.162828415292267
1011010504,2.6016117621687447,4.397924589826655
1011010504,2.6053570650110536,4.590015938216414
1011010504,2.608682834662967,4.072133035856881
1011010504,2.608682834662967,3.742728230474228
1011010504,2.5857803899922143,4.1878349053094395
1011010504,2.608682834662967,4.075161742805327
1011010504,2.5184329485073964,4.076452109380512
1011010504,2.524550357771037,4.453602833163103
1011010504,2.5109314950454626,4.287028906051602
1011010504,2.419034425884503,4.114800570789483
1011010504,2.4240141388058554,4.200879388107696
1011010504,2.473244381557821,4.295297036162785
1011010504,2.4473288051928037,4.285735974355595
1011010504,2.460711924130732,4.111283616279024
1011010504,2.48092079963683,4.443251076562284
1011010504,2.448437142688447,4.6524449167538595
1011010504,2.419748684859612,4.209902902856373
1011010504,2.4202607525355933,4.042928453275607
1011010504,2.413123082563915,4.3995103990137
1011010504,2.4505739235078186,4.054199421917674
1011010504,2.4260368733846907,4.092609724928384
1011010504,2.470867278442292,4.54548387382144
1011010504,2.4698356176664484,4.62557067374577
1011010504,2.4938839257392766,4.268325880157714
1011010504,2.4767957067925406,4.189669893426794
1011010504,2.451990504232333,4.412725563423152
1011010504,2.44795024892103,4.2311310678797796
1011010504,2.4687287845288473,3.7161054403675275
1011010504,2.4588077478247343,4.192015589395547
1011010504,2.4662754688285573,4.218963439443321
1011010504,2.4662754688285573,4.45984379072052
1011010504,2.23618889083915,4.29544698265943
1011010504,2.448382286379044,4.409508037897062
1011010504,2.461063441648807,4.304700026726348
1011010504,2.4522684083062245,4.364511638752613
1011010504,2.4442855580738088,4.608085931068988
1011010504,2.3710610232679765,4.299785679289971
1011010504,2.17817302647561,4.3703967691917125
1011010504,2.1938513451921158,4.294451462417928
1011010504,2.178620435722631,4.444602293156362
1011010504,2.375384436263137,4.123385431006515
1011010504,2.371964586343557,4.3371469396439215
1011010504,2.371964586343557,4.5463221101788855
1011010504,2.375384436263137,4.556872400580339
1011010504,2.170545295366777,4.289815398180798
1011010504,2.181301093800135,4.342765920720579
1011010504,2.149069742906718,4.393448654338855
1011010504,2.221842678419737,4.330114727932527
1011010504,2.154485696953615,4.444977959381344
1011010504,2.164864606626415,4.760471632001312
1011010504,2.1490104343143512,4.540247591103641
1011010504,2.111515219652942,4.575525080022488
1011010504,2.110323538009524,4.674817509940969
1011010504,2.1135746851330652,4.410614091525794
1011010504,2.1135746851330652,4.498920386145381
1011010504,2.114027843568293,5.050560886968575
1011010504,2.1135746851330652,4.981048558131235
1011010504,2.1145201571119934,5.048643734281962
1011010504,2.150290214054757,4.7703879702986764
1011010504,2.165004237116346,4.629901822207275
1011010504,2.1669565427567945,4.430447683109435
1011010504,2.1650563800284535,4.467275000138258
1011010504,2.1868934846401316,4.517201987754612
1011010504,2.300074493676514,4.70446333233063
1011010504,2.2932990728595346,4.840242308167575
1011010504,2.3009085502736313,4.033762647827024
1011010504,2.3172481243121217,3.917189635379505
1011010504,2.3114677277737314,3.6837412762578126
1011010504,2.2966205774458697,3.898349953840796
1011010504,2.3332020421776747,3.916413353729439
1011010504,2.471078219425821,4.310933344565636
1011010504,2.4035398818525007,4.427513730667272
1011010504,2.4023942444005346,3.882594194737334
1011010504,2.371116583653392,3.911842989226202
1011010504,2.357757274776977,3.847911059960902
1011010504,2.432456284576916,3.8317886127175402
1011010504,2.449682571937037,3.8727622914748436
1011010504,2.432456284576916,4.434014063094653
1011010504,2.54483334566821,4.59661368330497
1011010504,2.5483222999113515,4.035319701771485
1011010504,2.581012008556714,4.343922298140268
1011010504,2.617584654591542,3.995021340927315
1011010504,2.61787387613403,3.9216960701238333
1011010504,2.596016180786685,3.987835238789093
1011010504,2.5954219492496793,4.220889103547057
1011010504,2.605985769542253,3.997448124976404
1011010504,2.5020342895849863,3.6219380483600547
1011010504,2.567655420627584,4.043349468982203
1011010504,2.5797858905827864,3.982071319739315
1011010504,2.4874115974256683,4.1603195511456335
1011010504,2.4963250222753945,4.234888807214409
1011010504,2.589792175493361,4.439446125541368
1011010504,2.5986205251549057,4.320284200838311
1011010504,2.5992105902478078,4.476575160857351
1011010504,2.639306794399419,4.403384424626525
1011010504,2.6398733404400163,4.14552868398387
1011010504,2.649325302154941,4.276985512448986
1011010504,2.6387491791734545,3.9365790233240334
1011010504,2.6317046070111623,3.961022671460054
1011010504,2.625453960784612,4.251547721347637
1011010504,2.624203415643166,3.891391634819073
1011010504,2.565303905384319,3.8941848472982663
1011010504,2.5607843138640067,3.836437018471551
1011010504,2.6381545414173835,3.8118932300090806
1011010504,2.634462336685608,3.7993021353640275
1011010504,2.613456411193717,4.585304156682047
1011010504,2.6483339386218145,4.480139700901308
1011010504,2.6707028709554534,4.037597828336212
1011010504,2.655303261291385,3.897842941854312
1011010504,2.704942952392475,3.8721796985035786
1011010504,2.7207132589703664,3.912762731763146
1011010504,2.750289541171949,3.778674453230151
1011010504,2.735007906338455,4.345064369306414
1011010504,2.750739815271504,4.284096776506583
1011010504,2.783999114022676,3.816370767128484
1011010504,2.76307285332856,3.8172506809537072
1011010504,2.8296139045138133,3.8998492044964372
1011010504,2.865803420975031,3.963742209103458
1011010504,2.872474553838001,3.8384195213835115
1011010504,2.853010466822645,4.398047610728061
1011010504,2.8579121209036282,4.300301262113489
1011010504,2.8632192753351458,3.9954630126619834
1011010504,2.858930595310512,4.202211933091108
1011010504,2.867767862926966,4.089851148609761
1011010504,2.892166074781604,3.8129096025307865
1011010504,2.892166074781604,3.8976603545923094
1011010504,2.8302430969950056,4.244745362889626
1011010504,2.804223356475354,4.368269943815057
1011010504,2.804223356475354,4.168462058139995
1011010504,2.870838145685932,4.001187063735851
1011010504,2.8026080378640605,4.187136422204072
1011010504,2.7997512849193846,4.075008825915358
1011010504,2.805131118565951,4.252003367090961
1011010504,2.7715076939053116,4.274441423993944
1011010504,2.7715076939053116,4.305118592133303
1011010504,2.772572668957693,3.814299916899531
1011010504,2.7719617911073,3.7724390472128673
1011010504,2.804692708424898,3.81566627818404
1011010504,2.79941799096792,4.07941703230441
1011010504,2.772572668957693,3.9795321100105503
1011010504,2.7389297851681595,4.384573388940457
1011010504,2.746582731524586,4.597349685435296
1011010504,2.7786976954667018,4.078486146287642
1011010504,2.7786976954667018,3.9542584006269035
1011010504,2.7025753578752147,3.6649453038183055
1011010504,2.7786976954667018,3.872991074454388
1011010504,2.739538614801901,3.972478201128081
1011010504,2.7356363468377833,4.4126164586278875
1011010504,2.7349036899842987,4.191940007604676
1011010504,2.736651439270812,3.9929391776742578
1011010504,2.6690247527840616,3.8687396509117873
1011010504,2.7666089228180675,3.8865000481970604
1011010504,2.772097788421783,3.887627848593424
1011010504,2.791235080449933,3.7595475882311806
1011010504,2.7860702217438997,3.918402612392185
1011010504,2.844388517122052,4.123417809707808
1011010504,2.894844381563772,3.6779701636059
1011010504,2.8652431063289203,3.6473540872853656
1011010504,2.8652431063289203,3.585156485832131
1011010504,2.8673720014459736,3.823126215800985
1011010504,2.8746356248025697,3.795803746435444
1011010504,2.876521312927696,4.018776550369987
1011010504,2.8809235966307356,4.34099628511589
1011010504,3.0997807460513664,3.879375839095901
1011010504,2.935935315454178,3.7151805285333066
1011010504,2.9478203627875312,3.550766151984302
1011010504,2.9575238385347595,3.5019472847622986
1011010504,2.9453468988725793,3.7329202626895257
1011010504,2.9453468988725793,4.223030903183424
1011010504,2.9408565407855822,4.16313963637067
1011010504,2.945790045488217,3.4290070823014225
1011010504,3.000534286706796,3.6536408020212274
1011010504,3.000534286706796,3.7314119848326386
1011010504,3.006451348514965,3.623353779233729
1011010504,3.0569839364934115,3.9718567263295963
1011010504,3.0646930705094917,3.9685356552518316
1011010504,3.0781973369808626,3.965468981133772
1011010504,3.0831460481861988,3.8256586917751476
1011010504,3.0881728314778005,3.36404918602665
1011010504,3.2454206695402514,3.470941082317439
1011010504,3.2178449861853826,3.8195567777555524
1011010504,3.239702809994817,4.215573505764265
1011010504,3.193635825009329,4.148548616235613
1011010504,3.192218702865731,4.301318080373672
1011010504,3.0721753309344844,4.069112220670921
1011010504,3.209622732609447,3.625833152396301
1011010504,3.215218424574738,3.796118204783535
1011010504,3.203995552595541,3.9156763239260486
1011010504,3.1046905178800674,3.620118698543144
1011010504,3.1085001733546522,4.363073146756794
1011010504,3.1513571245042713,4.224860997761045
1011010504,3.1496803105978697,3.84519920836889
1011010504,3.221202809537954,3.5722051785558366
1011010504,3.2094172175918025,3.6126731281086832
1011010504,3.2046473932963244,3.6711227325246774
1011010504,3.231176617730607,3.668957319677063
1011010504,3.2025680859952317,4.333020197119047
1011010504,3.187407567590236,4.3112553971166605
1011010504,3.172696270142356,3.874653377958142
1011010504,3.208563319858154,3.928427709453423
1011010504,3.208563319858154,3.932962241441802
1011010504,3.204160745662265,4.055673031573831
1011010504,3.222110210173203,3.9972828493789696
1011010504,3.222110210173203,4.466344804902459
1011010504,3.1716921566516705,4.596280792142174
1011010504,3.1716921566516705,4.229472596202832
1011010504,3.188945032552904,4.059649592425214
1011010504,3.1949946856650002,4.654855187766141
1011010504,3.1936635899080437,4.249566097050852
1011010504,3.1929828985045856,4.190094039460571
1011010504,3.1877355589785465,4.519568723692365
1011010504,3.1926423789711764,4.43617148450993
1011010504,3.2490392843251716,4.271653577192511
1011010504,3.2490392843251716,4.5233634232840005
1011010504,3.237011582458348,4.370118513599509
1011010504,3.2388715730149364,4.566366985664198
1011010504,3.240143869982977,4.823887957973337
1011010504,3.2237591837379265,5.272188973718342
1011010504,3.2873035843517697,5.074573635161794
1011010504,2.639513348623273,5.667211846922593
1011010504,2.7680174880442157,6.0490162169459865
1011010504,2.883679479861983,6.226315300913777
1011010504,2.883679479861983,4.649043520432062
1011010504,2.6971504274804667,4.7605658048427895
1011010504,2.4775576643023327,5.125581717777672
1011010504,2.491008089204172,5.021568639981625
1011010504,2.3142906251409308,4.8951945132182315
1011010504,2.2559933562593772,4.660576510259597
1011010504,1.9773536298857037,4.754193457380532
1011010504,2.0726539684391168,4.78169162121724
1011010504,2.1900381752582283,4.387300204926541
1011010504,2.1771654804804736,4.288182879143721
1011010504,2.0400998055399278,4.447638798001355
1011010504,2.028442611435671,4.095060972205842
1011010504,1.9511856491163235,4.606349490335284
1011010504,2.0091221588428483,4.911013834064676
1011010504,1.9997781947860294,4.8066569120430565
1011010504,1.9863489506895466,4.7421194809241305
1011010504,1.9518896791657052,4.575411763823816
1011010504,1.9201814150914298,4.423204565841172
1011010504,1.8372284377043282,4.391345578125156
1011010504,1.7044199863559564,4.533416363724701
1011010504,1.6943624724690312,4.620039093854209
1011010504,1.7680865936357941,5.121478750922504
1011010504,1.7879121919328405,4.808665978013453
1011010504,1.7905131688645137,4.387001738296625
1011010504,1.8056992104270824,4.203124225925583
1011010504,1.7915395148209943,4.086782710014811
1011010504,1.7915395148209943,4.049294893668376
1011010504,1.6561485235205717,4.626256302984351
1011010504,1.6760694510346048,4.645246302410425
1011010504,1.6561485235205717,4.762934329385185
1011010504,1.6467218253423845,4.450339274855969
1011010504,1.6467218253423845,4.278414589550172
1011010504,1.6467218253423848,4.42789587041565
1011010504,1.7405905141003162,4.300450460174191
1011010504,1.7008707096684428,4.212260922323718
1011010504,1.7008707096684428,4.769751986304036
1011010504,1.7184472227678578,4.720069066464612
1011010504,1.5700205213122878,4.258289973810346
1011010504,1.6718412343063334,4.2036622379840525
1011010504,1.8362558567508405,3.7491275344592934
1011010504,1.8763095040558921,3.927856983730674
1011010504,1.9060965028140207,4.109840543596198
1011010504,1.9186768625454527,4.366836851832894
1011010504,1.8917379659800453,4.361951470242831
1011010504,1.8995654379366627,4.12961517630402
1011010504,1.917984892268903,4.115698273546958
1011010504,1.933025047081313,4.081850164640412
1011010504,1.9105806277001949,3.970178699596494
1011010504,1.9105806277001949,4.258827395331456
1011010504,1.909786259349827,4.6083949807437055
1011010504,1.9097862593498267,4.480105704833517
1011010504,1.6242620601218445,4.7236374319636445
1011010504,1.6038547986259735,3.5574886259885243
1011010504,1.8983287822532764,4.141546163706395
1011010504,1.8190102677725113,3.9626400712246723
1011010504,1.8249414551613885,3.9940452909055355
1011010504,1.8780762154278714,4.440767129696482
1011010504,1.8776989956595032,4.546756867437432
1011010504,1.8746892209138124,3.6572855825227575
1011010504,1.8517319316586334,3.941193382727926
1011010504,1.866022599297378,3.851253373098195
1011010504,1.8801119177899235,3.793532219375527
1011010504,1.8185352534316324,4.130306767070703
1011010504,1.7401912411684524,4.280353755762579
1011010504,1.76598180485862,4.771218380297758
1011010504,1.8418039458983724,4.077791648881032
1011010504,1.875489964165932,4.15985136442422
1011010504,1.878840398276811,3.9256102789366616
1011010504,1.8892621778052852,3.869219883102837
1011010504,1.8965926984860964,3.9777545646127255
1011010504,1.88872124914714,4.629872554628434
1011010504,1.902313663616795,4.263341629865594
1011010504,1.9055755657892177,4.1062072547646125
1011010504,1.9055755657892177,3.9150185144079446
1011010504,1.9054648447052231,3.8541608145834836
1011010504,1.905392089662508,3.9989893814052455
1011010504,2.030814211488416,3.96774149418449
1011010504,2.048559726785697,4.348935099673683
1011010504,2.0606538060795927,4.387262901469128
1011010504,2.1721478268631667,4.423876101163983
1011010504,2.2047460740997753,3.7806834945889736
1011010504,2.165209739021277,4.277776613300082
1011010504,1.8371237060048389,4.290541629551654
1011010504,1.9157517729514233,4.303551447797437
1011010504,1.9066242428950728,4.241743931726471
1011010504,1.895537166647883,4.554666053814324
1011010504,1.7655083320865876,4.1080008886695865
1011010504,1.5720270536241734,3.8399683084767924
1011010504,1.5720270536241734,3.752229769614698
1011010504,1.576430519659357,3.870137946054626
1011010504,1.516041512082474,3.949492185542621
1011010504,1.5753229188133575,4.461726976054459
1011010504,1.5022367761398019,5.033107557355546
1011010504,1.4614633782705,4.332035124176834
1011010504,1.4520487735583039,4.4410499751233425
1011010504,1.3689813597462752,4.341894506307908
1011010504,1.5484277679856777,4.1298564832234606
1011010504,1.5516686893700242,3.5971478635143437
1011010504,1.4290557196272307,4.594473176439756
1011010504,1.4480520350695758,4.923514820246689
1011010504,1.4480520350695758,4.003179114469987
1011010504,1.471345988000862,4.052115328004364
1011010504,1.4714863943238452,4.180766876859676
1011010504,1.4524748455959504,3.613023801810401
1011010504,1.369608858944882,4.20484186198508
1011010504,1.3829766505657666,4.76084827016777
1011010504,1.270677494694719,4.669224214778198
1011010504,1.1742153245199756,4.096309297531688
1011010504,1.1762488358780183,4.339223512348572
1011010504,1.0041961630253953,4.4929640703639055
1011010504,1.0488250827192171,4.320231015007004
1011010504,1.2126372638370042,4.154231657230529
1011010504,1.3281898886170993,4.52124495105033
1011010504,1.2213776854368967,4.4849328910998345
1011010504,1.2182560155517068,4.233599129527483
1011010504,1.230451384715307,4.0271536376817245
1011010504,1.230388143638023,3.953030582726852
1011010504,1.0677945599159921,4.044646486025249
1011010504,1.0889595798876155,4.315793344893555
1011010504,1.2777871539451433,4.352031237138481
1011010504,1.2793499954781293,4.487242139818192
1011010504,1.2612559448522298,4.253084694383166
1011010504,1.2629333282071662,4.130145974685484
1011010504,1.2629333282071662,3.843637092561681
1011010504,1.288828150286527,3.825266141501864
1011010504,1.2312820997792544,3.844899813571846
1011010504,1.2789420755041963,4.473157639332839
1011010504,1.303177174172623,4.4559042231484645
1011010504,1.2980128074218815,4.072320469297259
1011010504,1.3253491358721718,4.027759503910743
1011010504,1.3201243205857984,3.9871490306185446
1011010504,1.3201243205857984,3.7277635721639024
1011010504,1.3201243205857984,3.57040555486625
1011010504,1.3645138783190665,4.4120586259147245
1011010504,1.344025204549586,4.3709783262639075
1011010504,1.4131835477764305,3.8245024078986507
1011010504,1.415032020423388,3.6968724250428604
1011010504,1.453518288049998,3.666480459170457
1011010504,1.4545953901550583,3.999429304425813
1011010504,1.431738012297307,3.947100532040842
1011010504,1.5325535488252962,4.297992639063872
1011010504,1.5349083953435916,4.053227385250904
1011010504,1.5349083953435916,3.986703670704709
1011010504,1.5456122896375373,3.8405914484778325
1011010504,1.5374916361570483,3.6439866852231995
1011010504,1.538062027921401,3.8065513724859117
1011010504,1.7152963667099455,3.5442004427444926
1011010504,1.726115323112381,3.965961797399101
1011010504,1.7165375715387523,3.6685491876406857
1011010504,1.8576694496509134,3.7488450352813705
1011010504,1.852700398036449,3.203924610414988
1011010504,1.7861486768757244,3.9384506972634243
1011010504,1.7920895618814858,3.8909423618169074
1011010504,1.8488719449197193,4.059546056679405
1011010504,1.8462203502555878,4.097738795290116
1011010504,1.8299320334324212,4.206690622053639
1011010504,1.810860577235963,3.692522809028735
1011010504,1.8483909810767922,3.710787706162816
1011010504,1.8454867876483791,4.061838587999173
1011010504,1.8451730255230516,4.039800375369972
1011010504,1.8307043517127424,3.8079949350040985
1011010504,1.8307043517127424,4.417550619492836
1011010504,1.8006057279057954,4.2819990956060066
1011010504,1.8012514192222469,3.8696998847816237
1011010504,1.8032309371898785,4.000930916193467
1011010504,1.8032309371898787,4.150803657521755
1011010504,1.8011852557481356,3.50786704001861
1011010504,1.9539917584503055,3.9184224850087137
1011010504,2.0649405615883825,4.0433143911093214
1011010504,1.971339653447679,4.334987436668095
1011010504,1.9710338865395,4.371079432109175
1011010504,1.9772670584576242,4.023582269088702
1011010504,2.000066184336447,4.489085706967289
1011010504,1.9702033619565111,4.175448245323643
1011010504,1.9628116083529192,3.9327663665660455
1011010504,1.8217421385186585,4.239627467877346
1011010504,1.8247993901925545,3.999429304425813
1011010504,1.6780462554024045,4.118337743275382
1011010504,1.6575151017805099,4.204259689869608
1011010504,1.7058192109269854,4.121732725540967
1011010504,1.8583432276285183,4.428349471779457
1011010504,1.861154107313838,4.479005875366279
1011010504,1.8540038821296931,4.569449739746855
1011010504,1.856219969966735,4.364384422000539
1011010504,1.9782884434678383,3.953472003340685
1011010504,1.9827550589343994,4.092008502424553
1011010504,1.9655250787270329,3.9965479604978342
1011010504,1.8385438099910423,3.931590310920675
1011010504,1.8487625706547244,3.8517420745432163
1011010504,1.8497224162015766,4.214036885140105
1011010504,1.8497224162015766,4.548038830605589
1011010504,1.8539870095143418,2.758299617505337
1011010504,1.5476152783830102,3.9869634880916656
1011010504,1.5088019747768222,3.9871861349931548
1011010504,1.492667552625168,4.112904587743011
1011010504,1.4828962954322045,4.159585961283099
1011010504,1.4905059813219392,4.328757705794541
1011010504,1.5082890376308233,4.3984534723594155
1011010504,1.5175235085057055,4.179405427088031
1011010504,1.5175100424200394,4.19480810726722
1011010504,1.8383015041453312,3.8015159356174406
1011010504,1.8643328435890092,3.7870945016108912
1011010504,1.8968307442936225,3.7479970585970253
1011010504,1.929260379274467,4.507689652669539
1011010504,2.0486618967806334,4.147648334244412
1011010504,1.994949305522946,3.754620377076613
1011010504,2.002465363215914,3.8118932300090806
1011010504,2.23788041372915,3.5858218402965316
1011010504,2.2497387931835804,3.687803875887003
1011010504,2.221013500810158,3.6103231412081613
1011010504,2.222310827731756,3.986759351542163
1011010504,2.128679626856412,3.958696645625818
1011010504,2.1258586041492284,3.828945698010777
1011010504,2.0968530459472934,3.5437958769247855
1011010504,2.1963125762510765,3.5161022051629027
1011010504,2.2126241074678643,3.5176758630538285
1011010504,2.2126241074678643,3.4137186622158273
1011010504,2.2126241074678643,3.8168768121772914
1011010504,2.2208678004761637,4.3242783410066785
1011010504,2.2085375636861464,4.489074475996765
1011010504,2.1467101464923672,4.6120663526759325
1011010504,2.1335293224984615,3.942862540579118
1011010504,2.1303033424259388,3.8245460655354697
1011010504,2.13143615401509,3.6977896402436925
1011010504,2.1088700762238695,4.354437017314512
1011010504,2.0846724955548877,3.8345370265362995
1011010504,2.0949147218253983,3.486579654604317
1011010504,2.084065039252434,3.5489562487365984
1011010504,1.8491936264142428,3.921458352214631
1011010504,1.8489002593823356,3.6267114544023267
1011010504,1.8566824069855452,4.422268460929071
1011010504,1.7050290033327744,4.225299722541408
1011010504,1.7372568715576822,3.6394528374515778
1011010504,1.5976440613984952,4.286726454819557
1011010504,1.5992002938646641,4.314095699133308
1011010504,1.5656024753278859,4.386628529693567
1011010504,1.6114006920645865,4.141673341628479
1011010504,1.6101084252663218,4.1866958232862865
1011010504,1.6101084252663218,4.117035172141799
1011010504,1.6106416520237727,4.725359213811513
1011010504,1.5833997963796131,4.170610917675551
1011010504,1.608598279283642,4.047549905702249
1011010504,1.649265782280073,3.7919097569333995
1011010504,1.7669137409453786,3.6488644255757
1011010504,1.9364200449925737,4.006114260827687
1011010504,1.9436096342226574,4.536602224214221
1011010504,1.94485414776709,4.163684040300714
1011010504,1.946977438447879,3.696103299203256
1011010504,1.935958213809151,3.6901786098455562
1011010504,2.1569262560686915,3.7723010622530087
1011010504,2.257311712435426,3.378815430769025
1011010504,2.1668029522114747,3.4037940075094215
1011010504,2.1456133544431966,3.9389180688907905
1011010504,2.1361241912456315,3.725235491074591
1011010504,2.1473949327174826,3.312730400339825
1011010504,2.3276152778054287,3.574141776643513
1011010504,2.3295993957373797,3.4871303996538834
1011010504,2.4102547235421174,3.23875688046135
1011010504,2.5092805957534283,3.2269630350508196
1011010504,2.5097867826553153,3.265033956849284
1011010504,2.5094775607089086,3.5620966669106844
1011010504,2.420913163602918,3.1544013016827166
1011010504,2.5094159878621687,3.2408721227400967
1011010504,2.504482010022605,3.2331336966149
1011010504,2.515338476217462,3.188045414475598
1011010504,2.4372747925743465,3.6142367236178408
1011010504,2.474649232214506,3.5693354939396356
1011010504,2.4950887800093184,3.8430801326912363
1011010504,2.5102486482596746,3.2098350802160516
1011010504,2.51068475234672,3.162347800526328
1011010504,2.4780955709129877,3.354874172056511
1011010504,2.4893702600489807,3.1220124394643207
1011010504,2.52399339580371,3.226129453579509
1011010504,2.5239933958037097,3.3600975707767295
1011010504,2.3775807124952646,3.6740703384602282
1011010504,2.378997276422278,3.386997032261014
1011010504,2.378499774649985,3.316909565139566
1011010504,2.4303232842715055,3.150811093954071
1011010504,2.4198266607927064,2.8073524021760723
1011010504,2.422475320032383,2.9699015135194697
1011010504,2.3795117012911917,3.5438825833801357
1011010504,2.361850322729623,3.40982670836021
1011010504,2.3597834112779474,3.09267747961047
1011010504,2.3623843026305633,2.8905939554306865
1011010504,2.361850322729623,3.0763901765714454
1011010504,2.5107518424839523,3.016171952791447
1011010504,2.5111266797031537,2.6983365089145708
1011010504,2.459704777549773,3.633234600146485
1011010504,2.459704777549773,3.2248181343238302
1011010504,2.459704777549773,2.9862878147259915
1011010504,2.3023588564468813,3.4803781795365967
1011010504,2.308308186305242,3.182999911629704
1011010504,2.254953440926229,3.122497074345488
1011010504,2.2505560317920685,3.2554391641752476
1011010504,2.37390064382848,3.5934692693092782
1011010504,2.3744179036673123,3.6142367236178403
1011010504,2.3754713420197695,3.6233003918011177
1011010504,2.3754713420197695,3.3890573217679867
1011010504,2.3716295014668174,3.2072080200005186
1011010504,2.37463548489905,3.1844085959859534
1011010504,2.2603109983674763,3.279406324608233
1011010504,2.2460089940882573,3.7744835914060846
1011010504,2.365595719489027,3.7714727524177896
1011010504,2.1912001114487247,3.5065478972699817
1011010504,2.2142671097631452,3.410718577545792
1011010504,2.1912001114487247,3.3756402287978484
1011010504,2.1905961963910086,3.521407100170187
1011010504,2.1899919163994954,3.533044022555808
1011010504,2.126648849769413,4.082575578622102
1011010504,2.0590452508652377,3.9699144838439238
1011010504,2.035997609417212,3.930805504727513
1011010504,2.035997609417212,3.454200879484456
1011010504,2.08375947800053,3.1166215908294443
1011010504,2.0274739410926093,3.5116349870602646
1011010504,2.064083163769179,3.955905910578099
1011010504,2.0750751450401723,4.179589101495049
1011010504,2.0462499276794293,4.176293144869268
1011010504,2.0447540631300183,3.6266316406344092
1011010504,2.0479137572788684,3.7561642009195326
1011010504,2.049777398430414,3.563882963939251
1011010504,2.041031347915888,3.558229620094477
1011010504,2.059672972900523,4.2063926660297435
1011010504,2.06135843072094,4.057559547013433
1011010504,2.0613584307209396,3.8279890098181366
1011010504,1.9393324265180045,4.403714738243955
1011010504,1.9410677916243517,4.0640056224190335
1011010504,1.9414462533642627,4.199274985403417
1011010504,1.947250701711241,4.202541052699135
1011010504,2.0841394967440703,3.8983296782961436
1011010504,2.0176695709849373,4.382601469424724
1011010504,2.043219724605375,4.401289900854728
1011010504,2.0380470066011265,4.051454458415094
1011010504,1.9540267396318687,4.405132623388357
1011010504,1.9398250187232866,4.315993664069444
1011010504,1.958060714023461,4.146446696077464
1011010504,1.9477611126008443,4.361083857653957
1011010504,1.9504672214912016,4.566886633562483
1011010504,1.9337145251178762,4.492404542143491
1011010504,2.017030985840745,3.8570175663914164
1011010504,2.0137396158077214,4.029592684992404
1011010504,2.0844876804959576,4.025173103360802
1011010504,2.0860755586808475,4.222004585374694
1011010504,2.0794933892571033,4.398736248236829
1011010504,2.21579502665219,4.641309232603964
1011010504,2.2293658689696922,4.823751345402357
1011010504,2.31296676419588,4.762652452768401
1011010504,2.3266726726108944,4.447100168916415
1011010504,2.3324635688722966,4.536484410199572
1011010504,2.396207254468785,5.070293174258722
1011010504,2.4574159172127996,5.40559204901908
1011010504,2.4574159172127996,5.878472205231185
1011010504,2.4567602857043673,5.99939551368418
1011010504,2.7135307156660087,3.968781339246755
1011010504,2.7135307156660087,4.4916654851912705
1011010504,2.688104760504857,4.835900881989733
1011010504,2.288961827492609,5.125326146470401
1011010504,2.2890081776350435,4.373855844498553
1011010504,2.167162290625589,4.851272164134577
1011010504,2.1422770590122204,4.661389825984399
1011010504,2.115521448369039,4.420116901421016
1011010504,2.047123388324133,4.404998255011141
1011010504,1.9946717237162899,4.557973751157117
1011010504,2.0290361652984084,4.388207493748963
1011010504,2.0498453110953063,4.147000261447899
1011010504,2.0612348791089263,3.977454877408999
1011010504,2.123883041533381,4.028293787093532
1011010504,2.0268123588949254,4.182981006962473
1011010504,2.0267564517115844,3.9181243542861224
1011010504,1.8162911094505438,4.21476116403391
1011010504,1.6960953007095458,4.3500069318989745
1011010504,1.7281228747203567,4.435674030987887
1011010504,1.935095083201401,4.384573388940457
1011010504,2.1911247170515544,3.991333137141119
1011010504,2.0496725003097063,4.423983984434389
1011010504,1.9680047208956823,3.8295974610528156
1011010504,2.1570321293509447,4.106059012668528
1011010504,2.3524240020861837,4.197788241923147
1011010504,2.1026452987921247,4.56722945331018
1011010504,2.240718919122923,4.50912173372771
1011010504,2.2410282050905446,4.191501520529239
1011010504,2.1232688284008496,4.103997819250239
1011010504,2.0865843782122346,4.244989102720071
1011010504,2.1957143276855713,3.990371971839122
1011010504,2.233666290737897,4.284827171296749
1011010504,2.257614327741616,4.647827295654071
1011010504,2.281314074197901,4.4055478297152275
1011010504,2.3477994083467264,3.96819537773333
1011010504,2.369880789242007,4.2644670115590575
1011010504,2.3738662044671925,4.127714861697206
1011010504,2.334000425546488,4.050166247109588
1011010504,2.3384416989957533,3.975579794824771
1011010504,2.3500549170549383,4.554182108175118
1011010504,2.404261398930341,4.3554644630466015
1011010504,2.345680055402651,4.571623743667412
1011010504,2.3250769996499376,4.385557892437698
1011010504,2.228176837686494,4.289870226499637
1011010504,2.3344280101951194,4.436976361158696
1011010504,2.3601012122325074,4.548187050903572
1011010504,2.376108324956079,4.877599016977058
1011010504,2.4574859129507143,4.65933634973182
1011010504,2.4205973120522724,4.289431515753785
1011010504,2.489789016217462,4.473591171945844
1011010504,2.486040887945174,4.410103757245772
1011010504,2.511523185919554,3.8852682681193262
1011010504,2.5003087522615495,4.309281195388979
1011010504,2.530084065512006,4.549171099867989
1011010504,2.5233795227498814,4.491811100218999
1011010504,2.5363516778437254,4.161379963558259
1011010504,2.4787198760230216,4.174448806463762
1011010504,2.5321265729827895,4.244501563635591
1011010504,2.554457069750407,4.00587758089977
1011010504,2.5138720732106483,4.388008706351429
1011010504,2.5590766761282215,4.26758332840767
1011010504,2.4522366503201933,4.565711844603459
1011010504,2.528337933536906,4.679646661664621
1011010504,2.6452065065882433,3.654908934542783
1011010504,2.447484702490816,3.640922692568043
1011010504,2.471363983510888,3.3603406643168476
1011010504,2.349052031544587,3.610187916532156
1011010504,2.3175807981823477,4.891145803273098
1011010504,2.3420687380647087,4.735154043544448
1011010504,2.2887553401562974,4.2385170536653165
1011010504,2.426231299719216,4.333623895445714
1011010504,2.3619572104124624,4.343155860284888
1011010504,2.377594472325717,4.0777238672057825
1011010504,2.3248010919474833,4.24448722065182
1011010504,2.399490383829608,4.435283000974313
1011010504,2.2420027613078695,4.451389437727713
1011010504,2.2205333799130487,4.142340760490356
1011010504,2.276833941738927,3.9760488951927044
1011010504,2.295266203892192,3.938158479032772
1011010504,2.20684825742918,4.091523921285328
1011010504,2.201920050697184,4.2461066774130005
1011010504,2.0669921557697757,4.4607222816222185
1011010504,1.8750077875753084,4.154796620130633
1011010504,1.9808563613284107,4.57293620865437
1011010504,1.9991456229417945,4.116236508638199
1011010504,1.9419080634095405,4.164585543384912
1011010504,1.9287909123464477,4.386877350904371
1011010504,1.9364804219535678,4.5726883157428375
1011010504,2.02884769071654,4.397038392294319
1011010504,1.8681513908886904,4.187242744588831
1011010504,1.9273950503227968,4.0511586647725
1011010504,1.7556369622166264,4.215248648255724
1011010504,1.885771895315595,3.9356223376784705
1011010504,2.143583874852547,3.4735800568227755
1011010504,1.9967942747938645,4.036220976871593
1011010504,1.878757161480274,4.456809379117567
1011010504,1.8425458246323396,4.46076849661437
1011010504,1.8378129195768116,4.02128988131619
1011010504,1.8378129195768111,4.082508120446145
1011010504,1.8238707647374226,3.752675512194013
1011010504,1.8977339731888694,3.61612057152951
1011010504,1.8983104203783463,4.067076135067907
1011010504,1.7858541125929972,4.372506461289722
1011010504,1.7981990223940296,4.154984870190017
1011010504,1.786534882306904,3.730045389479757
1011010504,1.786534882306904,3.7261752388576332
1011010504,1.7971981906943848,3.7065720136448546
1011010504,1.908453999143301,3.4552435500792424
1011010504,1.9091698930117138,3.633710236980312
1011010504,1.78646029046702,3.825309765809335
1011010504,1.755969107298761,3.7249943877847738
1011010504,1.867951480256542,3.5574030913255505
1011010504,1.7428849616701578,3.467983375340206
1011010504,1.7309636101364738,3.460189298792369
1011010504,1.5297769555811456,3.668370577482396
1011010504,1.5241538830197865,3.4634520467848766
1011010504,1.5241538830197865,4.017607496001718
1011010504,1.5269547392722325,4.135502500306997
1011010504,1.4810997057018327,3.4365967000140163
1011010504,1.4810997057018327,3.6469109692914348
1011010504,1.5060562950673815,3.7777599166078106
1011010504,1.3845546954647001,3.854139622979596
1011010504,1.3132927598908135,4.24710856677373
1011010504,1.4017513706014764,3.660377093641224
1011010504,1.4017513706014761,3.713596456650773
1011010504,1.411256758019436,3.708755608118726
1011010504,1.329517184890123,3.6629204149438404
1011010504,1.329517184890123,3.712571566370724
1011010504,1.2816097385949143,3.7293253779284674
1011010504,1.3913900398524282,3.625167258142335
1011010504,1.3476780687889243,4.111758718475888
1011010504,1.3476780687889243,4.212557135243729
1011010504,1.341915489269653,3.3986274154595177
1011010504,1.341915489269653,3.374613815679133
1011010504,1.2730947874146101,3.6802422607182725
1011010504,1.206874616485348,3.923002509471154
1011010504,1.3266596775733834,3.8522730010223722
1011010504,1.5045614050639067,4.388381400311889
1011010504,1.5141772862037877,4.373376832766211
1011010504,1.5670423187066471,3.8300534425608954
1011010504,1.3685276373200361,3.4802241888681267
1011010504,1.5873220599017512,3.559937513823221
1011010504,1.5737559250156228,3.3745453506647287
1011010504,1.48989745277392,3.5201353057336693
1011010504,1.5627970934815327,3.674121083138391
1011010504,1.621281401436499,3.7708741016665637
1011010504,1.7328075473838402,3.334950735843229
1011010504,1.6427463803832538,3.3417304228286078
1011010504,1.5842293776496268,3.088949355265125
1011010504,1.9479058860632215,3.3761872186579875
1011010504,2.0764623150728645,3.231831536028417
1011010504,1.9852394479120492,4.0253338334328514
1011010504,2.0904506675377617,4.071928522937768
1011010504,2.0963127708190106,3.867569424673841
1011010504,2.007418369059995,3.9065681547451825
1011010504,1.9677906293603673,3.934156248062608
1011010504,2.1384621011283307,3.685724482420635
1011010504,1.9822522461817529,3.754198920234579
1011010504,2.1115883784217453,4.292156630244839
1011010504,2.0700507744461474,4.450491033210266
1011010504,1.9490212059935996,4.054546349014425
1011010504,2.2316919083349522,3.8921059715877875
1011010504,2.029212631427096,4.057697866774361
1011010504,1.977144330273612,3.959784068826406
1011010504,2.076917129834572,4.102593777030472
1011010504,2.238474552311762,4.293673448770271
1011010504,2.030958239705296,4.149795036882452
1011010504,2.1402182261901603,3.9221119405366864
1011010504,1.9968234603152835,3.911342774123282
1011010504,1.9795934803784194,4.484763712124994
1011010504,2.013204784130962,4.869593866862671
1011010504,1.8678947060498068,4.518729555182776
1011010504,1.8525843733158875,4.855189331307656
1011010504,1.5911994497827102,4.024583538638998
1011010504,1.7301310304161712,4.201134056403618
1011010504,1.5619621285209064,4.587922292578538
1011010504,1.7782465996523527,4.6903473818955606
1011010504,1.6649523298635,4.760548683167605
1011010504,1.7395876938964285,4.7936477555933825
1011010504,1.6817910409718326,4.953458056549731
1011010504,1.6623418648919024,4.962187071458154
1011010504,1.532177000881217,5.03768609957257
1011010504,1.55797085000156,4.806346208296577
1011010504,1.5603495572650925,5.075092561932867
1011010504,1.4759948686356104,5.028108412807353
1011010504,1.4259914000537106,5.1339850291136395
1011010504,1.4400102379018274,5.212154720193734
1011010504,1.48308200069287,5.352729791386599
1011010504,1.4115052372165209,4.930834223892701
1011010504,1.3782748815458852,5.085315959372819
1011010504,1.4221352467990442,5.1294311500103325
1011010504,1.132126541677592,5.072087808409222
1011010504,1.3278633307103866,5.114833134108632
1011010504,1.2610163038901825,5.4088922636584185
1011010504,1.3761296001772632,5.237685869707969
1011010504,1.486228058062699,4.79578228109978
1011010504,1.536740911791084,5.2135108298379595
1011010504,1.5273539547851511,4.9845034796849355
1011010504,1.5145407779294555,5.407696297549385
1011010504,1.5705936959417905,5.813476586706275
1011010504,1.5848630895592528,5.343725628049624
1011010504,1.6230287482790702,5.389322839838251
1011010504,1.600540912498946,4.650650115466307
1011010504,1.6120004724523582,4.7104036935807345
1011010504,1.5857194448525025,4.292976817840371
1011010504,1.62340584805576,4.701661486176852
1011010504,1.533129994001477,4.860044935463755
1011010504,1.6317279783808603,5.038678385120899
1011010504,1.592163082105705,5.527876295251699
1011010504,1.5290015086286544,4.75424514898841
1011010504,1.560935332732978,4.737846212891638
1011010504,1.651797366066016,4.121002721534082
1011010504,1.7255030226835015,4.6143479412538575
1011010504,1.6658975446777768,4.642706789516818
1011010504,1.6812033013410657,5.17404582599845
1011010504,1.7882053548929318,5.222526440560086
1011010504,1.7412728751740296,4.7673485575025785
1011010504,1.7371967369867423,4.540834310983072
1011010504,1.7869802102619834,4.243669330332664
1011010504,1.752812599253284,4.531921844246251
1011010504,1.8268416707208244,5.20037372221791
1011010504,1.8508906997505026,4.988914428156169
1011010504,1.9641361532845858,4.430626304509944
1011010504,1.841032169860249,4.980863135762585
1011010504,2.0121688724679587,4.652521219868017
1011010504,2.159932071743366,4.249252098418448
1011010504,2.1399988714203353,4.197637942827665
1011010504,2.141951154255474,4.6805095425339065
1011010504,2.134359749180385,5.126555855683329
1011010504,2.0416852655191025,5.180693068292205
1011010504,1.6263566223608443,3.821726237446987
1011010504,2.0907042401290963,4.217476231365046
1011010504,2.0727252769252513,4.459658746887734
1011010504,2.036292862132291,4.301372281650126
1011010504,2.0828831791711147,4.486116343198263
1011010504,2.1630760843670624,5.266532538548529
1011010504,2.1254521274147193,4.886341106824215
1011010504,2.115139446387235,4.080549851199911
1011010504,2.0927350771890065,4.152519126273173
1011010504,2.096662299546985,4.3561958746393605
1011010504,2.054414788167181,4.435188182788114
1011010504,1.9435971071808407,4.677276871188033
1011010504,1.9172603904303887,5.132109287557496
1011010504,1.9631554243580154,5.186927600321979
1011010504,1.933225569373103,4.773418173050686
1011010504,2.080892853693568,4.745792627592788
1011010504,1.9635502029449765,5.092037077807423
1011010504,1.884546809739322,5.340787601972649
1011010504,1.8541235546215489,5.138089927227148
1011010504,1.8085758709132178,4.7417008263690725
1011010504,1.79420495494789,4.70922384808467
1011010504,1.8160508841733378,4.903324730181481
1011010504,1.7525855492637108,4.782696932697112
1011010504,1.7444708072338373,4.8308465270805705
1011010504,1.7924680780910573,4.440826062424789
1011010504,1.784375134080239,3.8971529927614177
1011010504,1.766243633542359,5.325202695329419
1011010504,1.7507666071197538,5.186877296683618
1011010504,1.752570149354637,4.715476451238911
1011010504,1.6626837217413988,5.044927214012785
1011010504,1.6114420779094687,4.56572224702098
1011010504,1.6760203963674496,4.662938969070385
1011010504,1.7576006678657636,5.993896587299265
1011010504,1.7425135084033057,5.049266089692642
1011010504,1.7909500817146504,4.930393677752813
1011010504,1.6947055067159968,4.295174335939726
1011010504,1.6227702153862262,4.829592918800682
1011010504,1.61196535566422,4.765467649857205
1011010504,1.608251659726317,4.742040996544662
1011010504,1.5987201599507468,4.913397257169002
1011010504,1.5628001178381177,5.126846725058319
1011010504,1.5988598446114712,5.313920009775444
1011010504,1.542794729170201,4.427406227546592
1011010504,1.4425411544161766,4.624610002378314
1011010504,1.4968869687336195,4.861740776414701
1011010504,1.5128251572716984,5.064883551610061
1011010504,1.5115151798913422,4.907087948466526
1011010504,1.469218490821255,4.683694818892061
1011010504,1.5144909362441719,4.3453885835759785
1011010504,1.4074742298363445,4.3215730919725805
1011010504,1.3699186198624567,4.480774082117712
1011010504,1.4051034235309272,4.869294439227869
1011010504,1.3747304883832883,5.318703157104797
1011010504,1.4065634581016626,5.237898348593679
1011010504,1.3603124306231538,4.650592781495914
1011010504,1.4058669926390555,4.542059977659296
1011010504,1.3880139496299742,4.661616679806441
1011010504,1.3438902101410393,4.647808130672325
1011010504,1.3648288933082864,5.359666431774319
1011010504,1.3980452447049136,6.077782141819668
1011010504,1.3731488311895594,5.3007942964229295
1011010504,1.4546341146948258,5.8648293211713005
1011010504,1.4221410382133195,4.409386418904891
1011010504,1.4367698696023439,4.589457383943424
1011010504,1.4201497236975325,4.659772001179675
1011010504,1.4257839976455584,4.63767609754435
1011010504,1.4257839976455584,4.4917326947619385
1011010504,1.3019776505386973,2.835035212856699
1011010504,1.3369651095582498,2.5990534527264444
1011010504,1.375451082267046,1.8026994092663893
1011010504,1.3921845498161685,3.9778856495278485
1011010504,1.3628900039193081,4.776236978191663
1011010504,1.3524047789280615,4.584589856359833
1011010504,1.226253202308173,4.413404170366137
1011010504,1.2335292619725111,4.87727912421457
1011010504,1.2335292619725111,4.599624838932462
1011010504,1.3142140238890476,5.087485217947976
1011010504,1.322033696543258,5.145719646920304
1011010504,1.2816247394320026,4.570423449658256
1011010504,1.2897541811669377,4.643159371892126
1011010504,1.3155639234524283,4.566408567434755
1011010504,1.3108459999135664,5.023696293351118
1011010504,1.3343696867264168,4.996326746665566
1011010504,1.3577549621313794,5.035373434105523
1011010504,1.3340229154692271,4.815990112413462
1011010504,1.1923980735793345,4.5923989802057115
1011010504,1.340714232356511,4.486611849863956
1011010504,1.2894388838764907,4.92723919229856
1011010504,1.3113187464847662,4.542752081843274
1011010504,1.1284513440049966,4.517966063151447
1011010504,1.1636637220878419,4.766982866150506
1011010504,1.2248069377085906,5.114502695613746
1011010504,1.191316675937274,4.742241555494405
1011010504,1.2232439398653074,4.801690462181859
1011010504,1.2111648966593995,4.604700075503471
1011010504,1.280469612209095,4.866403041422929
1011010504,1.2589049262094376,4.778089345119399
1011010504,1.2598559064399464,5.289518772191687
1011010504,1.3444717775087294,5.161500582931985
1011010504,1.3933648584409686,5.039876893930876
1011010504,1.4207842021299815,4.853076591328124
1011010504,1.3793624386587533,4.815811914159333
1011010504,1.5971269334639158,4.688067277567561
1011010504,1.572305046518268,4.670714451195498
1011010504,1.6044199970214172,4.721262904974945
1011010504,1.6903857912420148,4.828177728053463
1011010504,1.6928546291257187,4.516054778896897
1011010504,1.602884124188631,4.78416956378474
1011010504,1.6332933850511657,4.84246907609048
1011010504,1.6925897298103925,4.728714372079547
1011010504,1.822169844646393,4.925578369555896
1011010504,1.8527098156641446,5.2843046453494855
1011010504,1.8751726511051632,5.03723827589079
1011010504,1.8158867383843438,4.7964597431217255
1011010504,1.8258958348779197,4.763344189952944
1011010504,2.01386539677774,5.385719084011577
1011010504,2.009796222245726,5.858718560257295
1011010504,1.981171713142587,6.403956575150454
1011010504,2.0389950519303057,4.513405712730261
1011010504,2.0410624664238615,4.821409960985506
1011010504,2.018860870873252,5.203737420058455
1011010504,2.0862322593364904,4.946615749378235
1011010504,2.0154995712562127,5.423649612850324
1011010504,1.8824669281004145,5.650705133663116
1011010504,1.8454146738945798,5.506724873729351
1011010504,1.8416976774599023,5.268481675976457
1011010504,1.841898647926408,5.035861097848286
1011010504,1.9085000192230237,5.062177224238042
1011010504,1.8607466969593365,4.919316471550624
1011010504,1.8911844104401694,4.960485205648833
1011010504,1.9210630669633617,5.23459984163415
1011010504,1.91859001849759,5.450484652177346
1011010504,1.9265969019251805,4.943062841907435
1011010504,1.9110297184479557,4.5148405824964195
1011010504,1.88243509513372,4.604539987454703
1011010504,1.8550354904567274,4.543028789450242
1011010504,1.8737320086974654,4.928195270711869
1011010504,1.8451011364327399,4.83205074597921
1011010504,1.843553908649708,5.105339229565553
1011010504,1.8353298343575197,5.067683331474576
1011010504,1.8398194781103046,4.673352062040461
1011010504,1.8373167443649663,4.688334171248828
1011010504,1.9011068833544151,4.660103348012901
1011010504,1.8671894054118097,4.662967284714308
1011010504,1.8921522396212989,4.914997727373349
1011010504,1.9483070071320518,5.199021755452461
1011010504,1.9346110938852379,5.088003659671927
1011010504,1.980628331636867,4.121100086197278
1011010504,1.906428961606803,4.61730624520759
1011010504,1.9067846439225786,4.410286049387663
1011010504,1.9271654093277528,4.644852331126796
1011010504,1.9352849785773936,4.899204539911336
1011010504,1.954427216944069,5.139350942951662
1011010504,2.0352279317319395,5.008887100228767
1011010504,2.01307832153152,4.487332148819153
1011010504,2.015617372961176,4.571675448104181
1011010504,2.008749160737775,4.662551908226197
1011010504,2.0003421903533005,4.737101549248061
1011010504,2.0016812888273305,4.85840055545871
1011010504,2.0267805897003073,4.957944532478002
1011010504,2.052836734528459,4.885404593304715
1011010504,2.022335468099155,4.570671904580495
1011010504,1.9913862732526249,4.609530665265054
1011010504,1.9839796684349933,4.6548361570029115
1011010504,1.9268963132015626,4.662079679961171
1011010504,2.000737451671419,5.012367126941014
1011010504,2.0045995635679783,5.191049477453919
1011010504,2.1241118479333467,5.058542528915721
1011010504,2.1337685966323545,4.542943656802884
1011010504,2.0961555699675376,4.645034922483044
1011010504,2.166592681619278,4.659288984875587
1011010504,2.1779840337154712,4.627058871245729
1011010504,2.0198618896282423,5.066587054296504
1011010504,2.013591075669196,5.260511651812138
1011010504,2.0074946438588857,5.157772868055696
1011010504,2.0043506547386767,4.79081953287472
1011010504,1.9262446656448504,4.776599301615622
1011010504,1.8296836522322568,4.831468754995601
1011010504,1.766316746019053,4.68275140514444
1011010504,1.8382016786154063,5.032148875176542
1011010504,1.862257371183148,5.232289737239023
1011010504,1.858956125385825,5.189941197263066
1011010504,1.857130838635786,4.65596785757495
1011010504,1.8317003056659669,4.526062041474331
1011010504,1.8487621916715602,4.617464302681569
1011010504,1.8259907355811826,4.456809379117567
1011010504,1.7780236924776838,4.928730854474771
1011010504,1.7426093201762796,5.042695818787937
1011010504,1.7609303139799124,5.108070487186956
1011010504,1.7017830026850511,4.739788487712852
1011010504,1.7623455996006827,4.800342154760866
1011010504,1.7709774827503666,4.936658595377081
1011010504,1.7606684329250846,4.695677943509392
1011010504,1.7504425249677293,4.581338452734745
1011010504,1.7488889960666276,4.926673806915383
1011010504,1.8180072236300524,4.913118013769824
1011010504,1.7660254808970797,4.301196116759333
1011010504,1.8083293560696723,4.449252946713113
1011010504,1.8207184053387964,4.442521836351186
1011010504,1.9146603705202057,4.342518880328218
1011010504,1.867408051863,4.4978299341674255
1011010504,1.8927855689761803,4.934366013638528
1011010504,1.8927152330251422,4.8924071593979885
1011010504,1.9182598538940372,4.226191203115754
1011010504,1.8877458826608184,4.362920264934145
1011010504,1.8283773777138028,4.339262651547137
1011010504,1.783457332122161,4.253965964606364
1011010504,1.803445649174125,4.832568672214189
1011010504,1.836368101442321,5.223534551354349
1011010504,1.8447389020251512,5.038393122807302
1011010504,1.7850994277542378,4.322740959817759
1011010504,1.7437443661807541,4.2512343444238585
1011010504,1.7198651820264985,3.8557277483729404
1011010504,1.726659583234608,4.200174967464522
1011010504,1.6961584070037383,4.434832534496811
1011010504,1.7559638171205338,5.08439368134277
1011010504,1.743407572546174,4.766446844186296
1011010504,1.7957068801054012,4.933444626598012
1011010504,1.9203475952319502,4.640952301627731
1011010504,1.9301363201038715,4.5622104915479555
1011010504,1.8175494616099153,4.337839609784208
1011010504,1.8945151325274299,4.20434927687358
1011010504,1.9220284407021782,4.548652743152919
1011010504,1.9540965328766309,4.904036975639494
1011010504,1.940205554855635,4.454161232433081
1011010504,1.938492880767173,4.4033110067810615
1011010504,1.9337586661237487,4.598044861045502
1011010504,1.9684888843821566,4.336139751901405
1011010504,1.9431139046350157,4.487298396393194
1011010504,1.9346528608757727,4.910468674186727
1011010504,1.9368116745759112,4.708322264843534
1011010504,1.93437196608631,4.365477957534973
1011010504,1.9624180103295605,4.385694898360305
1011010504,1.9619709749778316,4.215337256224591
1011010504,1.978769420371733,3.9869820438936014
1011010504,1.9377666356862973,4.27267204218885
1011010504,1.962414892601659,4.524632355761611
1011010504,1.943213438503409,4.766310665860568
1011010504,1.929558345257494,4.509187780290561
1011010504,1.9244532849312996,4.2393247499000735
1011010504,1.9273674845939186,4.142436069689355
1011010504,1.8242579478169818,4.332284767779043
1011010504,1.899893880754846,4.502694394398855
1011010504,1.870363779416016,4.849354813090744
1011010504,1.8669080341203639,4.879143724379593
1011010504,1.8800566914356134,4.127053736631805
1011010504,1.8951807688445914,4.092626420394731
1011010504,1.941299284974653,4.1264890155486675
1011010504,1.8885734542433703,4.217358338117245
1011010504,1.87421029109989,4.28836135128538
1011010504,1.796874170851944,4.817568210364515
1011010504,1.7536423300946933,4.817843111118989
1011010504,1.721797111184006,4.3161004845577144
1011010504,1.7089331489504351,4.439646747470017
1011010504,1.7247915570771009,4.191486396855395
1011010504,1.7560062339692981,4.361351877182698
1011010504,1.726567271334453,4.308057114473708
1011010504,1.6752824875337469,4.990214876006636
1011010504,1.6974701562121688,4.784905066885279
1011010504,1.6853064606920303,4.206482062158951
1011010504,1.622906443396797,4.441368080631017
1011010504,1.6269279935871575,4.408266829628485
1011010504,1.655331477604113,4.152990757654834
1011010504,1.629406872870556,4.456194426466944
1011010504,1.6383074836359257,5.13104007515792
1011010504,1.6049480271571794,5.009814957712353
1011010504,1.5839116973255958,4.344441583096568
1011010504,1.5902227696243578,4.199695077829927
1011010504,1.6054498538045872,4.514862472956557
1011010504,1.610624601891678,4.738721578412616
1011010504,1.672958241616756,4.481294880082521
1011010504,1.6629158099700045,4.54528216781257
1011010504,1.6559367266666392,4.243597553644266
1011010504,1.6523839205988398,4.279232268081778
1011010504,1.7496994374309744,4.20648206215895
1011010504,1.7385048630828035,4.227329972492046
1011010504,1.751652964656573,4.489905227313123
1011010504,1.722666000286405,4.410200983856772
1011010801,2.8594786674424113,3.565722630487953
1011010801,2.9562164128876245,3.8817699622571253
1011010801,2.958317278788411,3.748138437988858
1011010801,2.9553157540026205,3.8557065899492424
1011010801,2.958317278788411,4.293373000827445
1011010801,2.9583172787884116,3.703226047820858
1011010801,2.95945214580584,3.961955374176355
1011010801,2.959575683041515,3.783462096599884
1011010801,2.959575683041515,3.633287459856826
1011010801,2.8994289114427847,3.7239811186992853
1011010801,2.952271894004765,3.9558101993960886
1011010801,2.953762781831092,4.024637149797281
1011010801,2.9487695807427956,3.7403564816215233
1011010801,2.9549107588485066,3.8030113881588488
1011010801,2.9545322605995206,3.7423254298195623
1011010801,2.936862184858571,3.991037492356172
1011010801,2.9427497494219454,3.949472920874984
1011010801,2.929114647742591,4.2777211178645675
1011010801,2.9401698069517934,4.392261578486285
1011010801,2.9506387661540097,3.9630392614441106
1011010801,2.95289579407967,3.8265740435956634
1011010801,2.9441802258800385,4.2033484327947255
1011010801,2.946377871866615,4.038814234095769
1011010801,2.950224359404643,3.8959139484949605
1011010801,2.941761814499786,4.204886630420355
1011010801,2.9485650022768324,4.2668261987340825
1011010801,2.9348846614673705,3.966075489747728
1011010801,2.9388562439549646,3.8655182277723927
1011010801,2.9468447440276617,3.994800431885714
1011010801,2.9400578060517075,3.9273844125408455
1011010801,2.9600862624962847,3.8196225881558132
1011010801,2.956924982296419,3.9852177035311915
1011010801,2.9600862624962847,4.006623842799512
1011010801,2.9600510556697457,3.883108995263504
1011010801,2.9600862624962847,3.8133291073005258
1011010801,2.9645935237731225,4.14059181338742
1011010801,2.9600862624962847,3.883849842744552
1011010801,2.7821509617572846,4.222107264568312
1011010801,2.701955428238741,4.523352570764317
1011010801,2.8532570560102544,4.2914589414814746
1011010801,2.9645935237731225,3.5861266465391064
1011010801,2.9645935237731225,3.6893043638270164
1011010801,2.9645935237731225,3.5320794345500595
1011010801,2.9619987717328944,3.573749146860305
1011010801,2.9600862624962847,3.9851805260458724
1011010801,2.9600862624962847,4.0607015977995085
1011010801,2.9600862624962847,4.009022666346096
1011010801,2.9600862624962847,3.8590019034508933
1011010801,2.9600862624962847,3.8224483460353516
1011010801,2.792029426594566,3.9145398355524206
1011010801,2.792029426594566,3.996566339303396
1011010801,2.792029426594566,3.912023005428146
1011010801,2.792029426594566,3.9099207973362757
1011010801,2.792029426594566,4.011433856883297
1011010801,2.792029426594566,3.6782228739254075
1011010801,2.792029426594566,3.9979804939390173
1011010801,2.95424043465146,3.7567950789123015
1011010801,2.9509307429710625,3.921141307072674
1011010801,2.9509307429710625,4.01924378971285
1011010801,2.9509307429710625,4.13406194688546
1011010801,2.874632973364623,4.293127112623375
1011010801,2.875717239062253,3.8016722815890582
1011010801,2.874776102513799,3.856129673387606
1011010801,2.792184879798711,3.9320412957418953
1011010801,2.7952409119151813,3.874591091419281
1011010801,2.792184879798711,3.9969154724461085
1011010801,2.792184879798711,4.136669426867102
1011010801,2.792184879798711,4.3627418732620145
1011010801,2.792184879798711,3.7329920287322573
1011010801,2.9647719058722717,3.4778188589801755
1011010801,2.960264292105386,3.5100517865742376
1011010801,2.960264292105386,3.577640583622007
1011010801,2.792079102321233,3.880883153986751
1011010801,2.792184879798711,4.292826500465449
1011010801,2.792184879798711,4.3152723271604865
1011010801,2.9647719058722717,3.438717932409335
1011010801,2.9600858918558237,3.7275711812249224
1011010801,2.964629908621795,3.567078984365112
1011010801,2.9559544474048285,3.670180717306394
1011010801,2.869103106366877,3.651722609717582
1011010801,2.903800749293847,4.102973888920155
1011010801,2.8714802481016153,3.9203879217597737
1011010801,2.8714802481016153,4.151496494559563
1011010801,2.8714802481016153,3.8930032715908913
1011010801,2.872572656612949,4.03007267220196
1011010801,2.8728419568669548,4.121651640296005
1011010801,2.8634234194203443,4.166804748951361
1011010801,2.8634234194203443,4.548546923047001
1011010801,2.903687400522303,4.283889964105375
1011010801,2.9115360950567197,3.848294822544496
1011010801,2.8221670089357214,3.817382601274025
1011010801,2.863392759972402,4.703729626676716
1011010801,2.862088619431801,4.643707973693172
1011010801,2.863219818323545,4.492180643165774
1011010801,2.86325048307416,4.095210853550059
1011010801,2.859918174961828,4.808119193216768
1011010801,2.859948941122273,4.840384590535077
1011010801,2.859948941122273,4.820757258896654
1011010801,2.86660228591785,4.38727533610955
1011010801,2.7847976266955348,5.794500307577075
1011010801,2.7847976266955348,4.047567370663172
1011010801,2.7847976266955348,4.325853029867938
1011010801,2.781573908696429,5.097815545714652
1011010801,2.9500615388142437,4.628740217500523
1011010801,2.945981058648431,3.8716384152326704
1011010801,2.7828313543044296,4.301778697608901
1011010801,2.781507254165905,4.289225803818339
1011010801,2.682579927076382,4.245705640440612
1011010801,2.6784944466901717,4.755614003884023
1011010801,2.6784944466901717,4.72849340202009
1011010801,2.780531635185208,4.066253682055575
1011010801,2.9405871172668503,3.8159305197023237
1011010801,2.7777631438942323,4.02738533576234
1011010801,2.599310868461158,4.550587276217799
1011010801,2.599310868461158,4.756224648907535
1011010801,2.697150408234793,4.748317695206576
1011010801,2.6982055422942794,4.6459281784602595
1011010801,2.6982236539309477,4.13297215079382
1011010801,2.6982236539309477,4.034382221049418
1011010801,2.694418459835442,4.3202974968541605
1011010801,2.676842640924573,4.395078586168496
1011010801,2.676670913676127,4.307168381129456
1011010801,2.676670913676127,4.907376272455971
1011010801,2.676670913676127,4.8517724181802615
1011010801,2.7588166540029193,4.360815766271489
1011010801,2.758816654002919,4.19480810726722
1011010801,2.676670913676127,5.274741630019331
1011010801,2.676670913676127,4.8605020889551875
1011010801,2.685917459416169,4.394733064983376
1011010801,2.676670913676127,4.811338469256326
1011010801,2.57448933573633,4.824241456812079
1011010801,2.57448933573633,4.146620706787472
1011010801,2.4631545120592375,4.161691635681711
1011010801,2.465089080067023,4.167006250916687
1011010801,2.463154512059237,4.229108528249169
1011010801,2.4650984634137205,4.21473161189655
1011010801,2.5744893357363305,4.5303712059126084
1011010801,2.57448933573633,4.291937799892196
1011010801,2.57448933573633,3.9956837753981302
1011010801,2.5744893357363305,4.882642819020979
1011010801,2.5744893357363305,4.59601843618418
1011010801,2.4631545120592375,4.503104237279695
1011010801,2.462754434945706,4.261101166745001
1011010801,2.4386661698975023,5.132156519193254
1011010801,2.563992319815232,5.07613585232771
1011010801,2.6473502053693565,5.277032441190705
1011010801,2.6473502053693565,4.767807608465296
1011010801,2.647205802114033,4.559974055535122
1011010801,2.674539718273032,4.702986314188382
1011010801,2.674539718273032,4.727201960733852
1011010801,2.652897746383101,5.231819593996953
1011010801,2.652897746383101,5.12526075727089
1011010801,2.6638691962010905,4.610018414312912
1011010801,2.66248180650926,4.599926461665038
1011010801,2.66248180650926,5.221117696942399
1011010801,2.538033584407888,4.57877487462856
1011010801,2.5610575571002396,4.708403440629744
1011010801,2.5610575571002396,5.0441667773050485
1011010801,2.5610575571002396,5.456196800209849
1011010801,2.497599243141754,4.514512168078264
1011010801,2.560912469739863,4.488950926995389
1011010801,2.529871743739272,4.384074536291182
1011010801,2.561153947952,4.492706726265455
1011010801,2.6346255365275963,4.544921118642248
1011010801,2.6346255365275963,5.163316323087001
1011010801,2.7139834558198173,5.2863206933638525
1011010801,2.749589619762494,4.41991232246185
1011010801,2.7115988283347305,4.606029816399974
1011010801,2.7140002828825303,4.306925862164631
1011010801,2.569248159742339,4.550207007912805
1011010801,2.534445188147223,4.457365991219697
1011010801,2.5681849159049435,5.041364931678116
1011010801,2.565609605478006,4.969618836224784
1011010801,2.548369878874668,4.431352369685357
1011010801,2.534445188147223,4.3374475912759145
1011010801,2.59303669852842,4.213667152895981
1011010801,2.5848851630570184,4.337996374167661
1011010801,2.4251346500997104,5.003563682418842
1011010801,2.4251346500997104,4.917496089352632
1011010801,2.453177534822463,4.77177724767445
1011010801,2.6666125595668966,4.245906179030638
1011010801,2.6843675083993244,4.377604370863295
1011010801,2.6843675083993244,4.199169934716363
1011010801,2.684349144056153,4.795335896805095
1011010801,2.6843491440561524,4.915137096617715
1011010801,2.6843491440561524,4.747502734565683
1011010801,2.650238822165447,4.643149744612265
1011010801,2.684349144056153,4.559115776227673
1011010801,2.5851925919163716,4.427298712867748
1011010801,2.577389005809512,4.400136653846199
1011010801,2.577389005809512,4.564369024584159
1011010801,2.5958335112384345,4.504410182836943
1011010801,2.595833511238435,4.866249009245302
1011010801,2.6414335262720745,4.9271522307355164
1011010801,2.6753319091020105,4.402686737370185
1011010801,2.643412608791938,4.294328658392531
1011010801,2.632935140203481,4.339693081657803
1011010801,2.645703565084679,4.330246379634973
1011010801,2.603203947533212,4.61890542424181
1011010801,2.630124419094016,5.010735289096589
1011010801,2.6394686483592853,4.9522431783825365
1011010801,2.7619084144027726,4.284027843791779
1011010801,2.7619084144027726,4.309872521724262
1011010801,2.761908414402773,4.501264167591645
1011010801,2.7324203166417416,4.143341054310813
1011010801,2.7618945393660606,4.486341603938521
1011010801,2.509807343976646,4.7666170410193445
1011010801,2.7618945393660606,4.851514505939333
1011010801,2.764900637759372,4.370915129919163
1011010801,2.466471293469573,4.618698267467783
1011010801,2.6053882333470577,4.689106840860645
1011010801,2.6324211563763615,4.393547513748498
1011010801,2.6271163960081982,4.238791166587129
1011010801,2.5717504244989544,4.552865854358802
1011010801,2.6179565869792483,4.644909995156951
1011010801,2.6237163010144604,4.242247192145596
1011010801,2.785052217375753,4.477882120317403
1011010801,2.6197028939003912,4.517038181329759
1011010801,2.7813731620566267,4.710151629807266
1011010801,2.792443203305059,4.55621100753655
1011010801,2.6197028939003912,4.784955195130049
1011010801,2.6197028939003912,4.995941196016683
1011010801,2.5604729632995262,5.481492725415912
1011010801,2.543535890153244,5.789938763940297
1011010801,2.621292265580369,6.236635699607546
1011010801,2.588043927456502,4.311054126427032
1011010801,2.820428678596454,5.103433229947608
1011010801,2.5589724725000385,5.365896572614051
1011010801,2.6178182407090453,5.162554915534036
1011010801,2.622219804185394,4.975305136241642
1011010801,2.783625597938313,4.8688720170528725
1011010801,2.630207885649046,4.525336623108925
1011010801,2.7858307427187743,4.486319080147766
1011010801,2.630207885649046,4.374536150914631
1011010801,2.6264082160854674,4.198013648218948
1011010801,2.6263352459689835,4.35138699854177
1011010801,2.63013454647681,4.479981042696079
1011010801,2.632673643341266,4.705531225063655
1011010801,2.6263717316928052,5.069501508074297
1011010801,2.70821476820893,4.760582926224828
1011010801,2.715908271421769,4.716389505288897
1011010801,2.7177679543676128,4.374548744817923
1011010801,2.7073766113191473,4.127843810762505
1011010801,2.5996478948785544,4.2630600864427
1011010801,2.5994382860181378,4.28310368667448
1011010801,2.5974971002341416,4.413828065973053
1011010801,2.4888373657530845,5.018696052051595
1011010801,2.4888373657530845,4.831731888760769
1011010801,2.4888373657530845,4.365909955915345
1011010801,2.4997480493034687,4.966411687314092
1011010801,2.5971473254146304,4.521723357530989
1011010801,2.707135418737119,4.32382797408249
1011010801,2.707135418737119,4.433574896554458
1011010801,2.5946203990999877,4.623648407233865
1011010801,2.597726950723295,4.330075229041782
1011010801,2.596855423170563,3.6993989299040866
1011010801,2.6063983881658235,3.803189800291347
1011010801,2.5945802212394913,3.7848485077223284
1011010801,2.692854347209596,4.182065409700237
1011010801,2.6928543472095954,4.236147897796464
1011010801,2.692865272538061,4.346852722166214
1011010801,2.692872556024059,4.552170172826386
1011010801,2.6931402015615564,3.9279357238881953
1011010801,2.692890764506968,3.8748194564306018
1011010801,2.6927581935196114,3.571867995715248
1011010801,2.694350225699324,3.847804433101495
1011010801,2.615849612886964,4.42558887129901
1011010801,2.6145639648254013,4.243597553644266
1011010801,2.5963718805681166,4.0194952897321405
1011010801,2.5944540460280607,3.8570809571638542
1011010801,2.594883199047505,3.47025691759365
1011010801,2.594883199047505,3.808638314320571
1011010801,2.602124099758315,3.891371217697274
1011010801,2.5922719037479527,4.284606730966298
1011010801,2.704055841352494,4.327293219323377
1011010801,2.6936069966038687,4.122429787372637
1011010801,2.6936069966038687,4.220228033912353
1011010801,2.8595442464844387,2.4571071324302167
1011010801,2.689735824692986,3.8671302365374096
1011010801,2.7212936526893134,3.5692791432126962
1011010801,2.701201986489938,3.4468397395408563
1011010801,2.7012019864899375,4.099116491767499
1011010801,2.701201986489938,3.956805148200039
1011010801,2.6924152147696074,3.7687990772898097
1011010801,2.654138133251431,3.689903929160124
1011010801,2.6568942865224905,3.722966821858076
1011010801,2.6541381332514304,3.6926224403927708
1011010801,2.620868018493278,3.8535884835909764
1011010801,2.5517792362820355,4.260099084871513
1011010801,2.5314812836266376,4.036132652473687
1011010801,2.6383740432818117,3.5916248852097055
1011010801,2.5337834430561244,3.6283595143181473
1011010801,2.531282685713135,3.4395523355386195
1011010801,2.5312398807037715,3.68987895444702
1011010801,2.6373932929236297,3.8940423173921968
1011010801,2.6373548576784502,4.364371699435161
1011010801,2.651509733269791,3.6294478703445097
1011010801,2.635756138485061,3.621456777796502
1011010801,2.844740540395105,3.261168737058452
1011010801,2.6670680831004994,3.514793888244696
1011010801,2.6585528257420825,3.482715922834411
1011010801,2.675121613506798,3.5342995155016403
1011010801,2.6868170150282102,3.9280931856056407
1011010801,2.678017129241532,3.85936035284484
1011010801,2.657444994542165,4.00724227200908
1011010801,2.6497824649500434,3.752863133855484
1011010801,2.638514683659315,4.110693520043434
1011010801,2.638553316015458,3.4075769886261944
1011010801,2.631101288868368,3.5128281978333407
1011010801,2.5418332235247187,3.5064878948698674
1011010801,2.6354966338991015,3.8033012917121978
1011010801,2.6577818849938377,3.2743862147957685
1011010801,2.843244266965122,3.397490519730829
1011010801,2.6406466914959013,3.4346321577483927
1011010801,2.6406466914959013,3.385643714735389
1011010801,2.6519236939940627,3.37683638074922
1011010801,2.637586559538589,3.9106620797888048
1011010801,2.630182786320461,3.93384320390126
1011010801,2.8455462102738456,3.2477742149108497
1011010801,2.8455462102738456,3.3826939100975957
1011010801,2.857236841735583,3.3603059402860787
1011010801,2.847139753464074,3.568038623163002
1011010801,2.847139753464074,3.7731286865588363
1011010801,2.863582952680113,3.811296182061664
1011010801,2.845699080896752,4.133308832240242
1011010801,2.847250396533879,3.388686107725084
1011010801,2.8411604630072613,3.5566900178059817
1011010801,2.8411604630072613,3.4647666832581754
1011010801,1.5601836954533028,2.9742021550036277
1011010801,2.847250396533879,3.338328576883164
1011010801,2.8567230955614065,3.5802357769971924
1011010801,2.859845138250994,3.5113066043421854
1011010801,2.6311730659153447,3.529707857218681
1011010801,2.6329738927928883,3.5165478313493295
1011010801,2.629892497914139,3.773404409183624
1011010801,2.6299823362844927,3.8787764116345103
1011010801,2.6281798917704946,3.851168357157655
1011010801,2.6283323834175283,3.7452597875500437
1011010801,2.628332383417528,3.488750278670017
1011010801,2.628332383417528,3.327622600670092
1011010801,2.6395056480175336,3.336054233329951
1011010801,2.6442511691988173,3.446776045273319
1011010801,2.6587997709726414,3.3807565507573694
1011010801,2.5387621877985818,3.241771702345105
1011010801,2.533668962645803,4.14327757333128
1011010801,2.5351818804235875,4.312167316501817
1011010801,2.53583812424772,4.0262263081458105
1011010801,2.523434133552248,3.4450866672318763
1011010801,2.6395056480175336,3.3953804963405907
1011010801,2.6303752395678854,3.1282944466369624
1011010801,2.6273312839533514,3.3967541919647806
1011010801,2.6273312839533514,3.6758955265556414
1011010801,2.641298213770722,3.6526821658020485
1011010801,2.8599441827019305,3.187343877255038
1011010801,2.6395056480175336,3.3775533857477575
1011010801,2.6411177280718237,3.490215077979808
1011010801,2.6411177280718237,3.457798232685434
1011010801,2.6424364445188027,3.482377903318248
1011010801,2.5338121040316275,3.858664421903712
1011010801,2.5270480415263763,3.894673367093033
1011010801,2.5383226358240014,3.5011332102747548
1011010801,2.5412520956328692,3.2733261306469723
1011010801,2.5271366444134036,3.726584596292585
1011010801,2.63483741606017,3.48584485572244
1011010801,2.6416203095557225,3.5335989696310217
1011010801,2.643405736907301,4.202436344572941
1011010801,2.631790841066345,3.7947248521972767
1011010801,2.631790841066345,3.7010797271952547
1011010801,2.7274145563958707,3.593606773606504
1011010801,2.653942690944294,3.2618969994183957
1011010801,2.6521843306114374,3.528446582577619
1011010801,2.742513800669895,3.2769937782028493
1011010801,2.7409503609489727,3.7154483541560808
1011010801,2.9386304127589544,3.6475885996960558
1011010801,1.7964768580655814,3.1813816204406202
1011010801,1.7998083906313034,2.922623801733353
1011010801,2.739359828411354,3.7730367621206597
1011010801,2.739663324664187,3.367571654012495
1011010801,2.739663324664187,3.8637567040186545
1011010801,2.7425803807175213,3.8311382766876823
1011010801,2.754679236006984,3.765053148336779
1011010801,2.951546219619292,3.704482097341344
1011010801,2.953643279398702,3.296762363525272
1011010801,2.74446763719659,3.5982980758826977
1011010801,2.9409027876521594,3.43498670481823
1011010801,2.9365356443684933,3.3537563070620187
1011010801,2.8312280829469905,3.55643318681363
1011010801,2.8200534961174855,3.5981885888294323
1011010801,2.829294222354275,3.4294932508170026
1011010801,3.1069299020019123,3.367571654012495
1011010801,2.896455303270276,3.578087548458903
1011010801,2.896455303270276,3.26880819361641
1011010801,2.977127742283477,3.362629788512897
1011010801,2.9884243548309755,3.7969936748433804
1011010801,2.993262414936804,3.7608279534265203
1011010801,2.977037602259544,4.054355554005737
1011010801,2.977127742283477,3.7444087639064167
1011010801,2.980388852565122,3.91258284868666
1011010801,2.977127742283477,4.066545044864317
1011010801,2.977127742283477,3.9395798049990174
1011010801,2.9080518304964182,3.9885024491333647
1011010801,2.9092141696232794,4.049190280214991
1011010801,2.912652618758478,3.7373600465614634
1011010801,2.922713637393005,3.6694417602214613
1011010801,2.907587498530664,3.789719769040008
1011010801,2.9130051233015544,3.9743778941749124
1011010801,2.9192786588271518,4.058216395547041
1011010801,2.9142614554364106,4.308958506310549
1011010801,2.9090661583819686,4.119768614562259
1011010801,2.9321493020452793,3.7157891194207937
1011010801,2.9150698514082176,4.0583546244889455
1011010801,3.147947913631526,3.6541844843170495
1011010801,2.919574876345056,3.5748144978259635
1011010801,2.9383232326330524,3.7461573052654096
1011010801,3.14955522937809,4.2566759741395535
1011010801,2.936891633177753,4.107951565628317
1011010801,2.9275303575550566,3.7020424406402173
1011010801,2.9426834157408672,3.769652664136419
1011010801,2.944134590859434,3.5315529032092807
1011010801,2.9331066755493413,3.906950160278855
1011010801,2.8531507540735475,4.11558406521452
1011010801,2.85764501534415,4.1189233471961435
1011010801,2.8467807456853267,4.189639590396489
1011010801,2.845269866343227,3.870971817978531
1011010801,2.847717387834274,3.750233221803604
1011010801,2.8477004788289944,4.125245505460537
1011010801,2.841054515584967,3.7011538149893246
1011010801,2.811405575429043,3.833974973731776
1011010801,2.804488455453322,4.364867759583086
1011010801,2.856109839725177,4.3155796268669615
1011010801,2.788732128190388,3.6308265226653194
1011010801,2.8079710404177245,3.7940949592582465
1011010801,2.814548353446161,3.743059826877077
1011010801,2.81223255183585,3.7509618364104798
1011010801,2.8254818619867805,3.5718398920125836
1011010801,2.810360757521582,4.13346911690615
1011010801,2.811339142532552,4.047916605841688
1011010801,2.866358279387786,3.4472854858549105
1011010801,2.8200250219966816,3.5606198554185124
1011010801,2.812319587337894,3.5633729188742143
1011010801,2.88906312750758,3.661328385026646
1011010801,2.7254872542561777,3.516042773331196
1011010801,2.7356098715116084,3.7291813133873037
1011010801,2.7254872542561777,4.736803528454523
1011010801,2.7254872542561777,4.527327556367005
1011010801,2.7254872542561777,4.401032375913241
1011010801,2.725487254256178,3.6095115187303635
1011010801,2.739096829312843,3.5157752863695904
1011010801,2.8007707409465623,3.697963072846979
1011010801,2.9962121647736724,3.6494107102035698
1011010801,2.9266288365544204,3.302922812393815
1011010801,2.9454400956391575,2.546472005446155
1011010801,2.9430468564685808,3.0759749612301936
1011010801,2.953836178833755,2.715952230998064
1011010801,2.954032396237958,3.101622648811423
1011010801,2.9935005048219283,3.845797729185355
1011010801,2.942713589052454,3.639899271892218
1011010801,2.950854157931668,3.7674595542367935
1011010801,2.9464798915705392,3.6505803161797337
1011010801,2.9495442634802154,3.5138413087662403
1011010801,2.796909062892686,4.02039298809398
1011010801,2.8177002249920893,3.8241530781715056
1011010801,2.8177002249920893,3.9334713366340157
1011010801,2.9343541885381805,3.506757877322648
1011010801,2.927386475279876,4.367509265760704
1011010801,2.790414663257609,3.2943542860441064
1011010801,2.709195511778688,3.657620958211164
1011010801,2.7067313280867284,3.6765538044232993
1011010801,2.7096190615900726,3.3477262789741826
1011010801,2.7096190615900726,4.441356300749876
1011010801,2.790414663257609,4.2974758642709805
1011010801,2.7225349311719453,4.186862969866629
1011010801,2.7257060100367494,3.4033949652056426
1011010801,2.9465937935161204,3.4719664525503626
1011010801,2.940635640490424,3.7365261075812892
1011010801,2.955172471165485,3.657208172157471
1011010801,2.9499570742164676,3.689853979110164
1011010801,2.7246054552982737,4.47538035640709
1011010801,2.7246054552982737,4.0187585752655055
1011010801,2.7272460704859856,3.8444077560125787
1011010801,2.517565356611425,3.8843845581241894
1011010801,2.519385317045745,3.565835730270357
1011010801,2.7272460704859856,3.455022468357063
1011010801,2.5958482531094527,3.8696581546503763
1011010801,2.4216539475707703,4.3786584687661145
1011010801,2.3542315033861607,4.321546533663812
1011010801,2.419919581198789,3.7135476761629587
1011010801,2.419919581198789,3.905340728664224
1011010801,2.2741919069194254,4.418322401261625
1011010801,2.2741297976872263,4.1128718668359845
1011010801,2.286482642717439,4.6502200305418
1011010801,2.4199195811987892,4.85975813932346
1011010801,2.4199195811987892,5.043612196193021
1011010801,2.4215259217162735,4.070017716064364
1011010801,2.4215745613022115,3.9567668992375378
1011010801,2.5276049255831112,3.873199013570564
1011010801,2.539407906221406,3.855579630004934
1011010801,2.539451137247956,4.009802860345519
1011010801,2.5391317712431447,4.048667048725448
1011010801,2.539451137247956,4.263693447712017
1011010801,2.4935464510866345,3.591542221224979
1011010801,2.4260098340365763,3.591983016868239
1011010801,2.4319151469268463,3.7925184888734225
1011010801,2.421069171240296,3.5605345881767136
1011010801,2.3974554550120883,3.5603071733141722
1011010801,2.402797031571214,4.300152041789405
1011010801,2.5046234640775458,4.628564395041682
1011010801,2.504838351747905,3.1952386551020466
1011010801,2.5158487440325206,3.2070056522977133
1011010801,2.5158487440325206,3.102746421208473
1011010801,2.5148671699355893,2.8487392498133306
1011010801,2.394675547480582,3.163109382962123
1011010801,2.515627419913039,3.8209159799816854
1011010801,2.462099075845091,4.04234926710372
1011010801,1.0755720174489558,3.041374631432692
1011010801,1.3230238812786732,3.4166441306511803
1011010801,2.5157297346333496,3.213420974185237
1011010801,2.5157076004733097,2.9999732678112454
1011010801,2.257513249102214,3.9981640037481316
1011010801,2.257541903679884,4.5293145336845555
1011010801,2.257541903679884,4.607607214021509
1011010801,2.394945396817229,3.8179540549798485
1011010801,2.5912926067473183,3.6006218463557724
1011010801,2.225118436198331,3.876312922794067
1011010801,2.225384851445214,3.7548544430374693
1011010801,2.5912651739399006,4.01210360683819
1011010801,2.439261634506861,4.8010247570646305
1011010801,2.5881924492468724,4.385794527242801
1011010801,2.5899871579961933,4.531351402784445
1011010801,2.5897587688898693,4.639726190129699
1011010801,2.437471141719407,4.174817946371977
1011010801,2.439261634506861,3.9484706463991914
1011010801,2.439261634506861,4.2446163001004
1011010801,2.4388526615604835,4.7363475600838125
1011010801,2.4369695094165427,4.7777443913271656
1011010801,2.5895074806116027,4.108773298874222
1011010801,2.437215095131309,3.993805736843488
1011010801,2.4366323370321843,3.917269219948099
1011010801,2.437759108032472,3.85925493988949
1011010801,2.439293570731555,4.156693187286636
1011010801,2.4669673818684883,4.923783904307991
1011010801,2.5912700491624108,4.525282466303296
1011010801,2.591272863822467,3.7291092733330022
1011010801,1.071927711249119,3.6636642049728727
1011010801,2.5912706486886723,3.346213073329396
1011010801,1.181886143595754,3.4577352326224133
1011010801,2.589697724312631,4.48811938218452
1011010801,2.5913200388021975,4.507072123648106
1011010801,2.4324766737354113,4.092976960814796
1011010801,2.5908410004975444,4.078299865053245
1011010801,2.5913200388021975,4.150724895658208
1011010801,2.5163502132116697,3.6997452074242423
1011010801,2.590793084043387,3.7930817993512465
1011010801,2.4364593599715274,4.366456039682924
1011010801,2.439325505936359,4.722170693326817
1011010801,2.401610645635271,4.440342711496718
1011010801,2.439325505936359,3.833672199015477
1011010801,2.5913200388021975,3.5112170267007046
1011010801,2.590617370732087,3.842008183356106
1011010801,2.3116176278171574,3.8901045413271236
1011010801,2.311167500207384,3.9718567263295963
1011010801,2.3064068949674725,3.9085570057849712
1011010801,1.6833761767683693,4.0251195209286825
1011010801,1.357015045206117,3.3751613671113136
1011010801,1.739366940245422,3.6571823673706816
1011010801,1.742697253017506,4.277610117753453
1011010801,1.742738094799225,4.358578871936318
1011010801,1.742738094799225,4.345142190318127
1011010801,1.7918205739878421,4.584406096635363
1011010801,2.0279630735287006,4.49404866310506
1011010801,2.1279484879625383,4.2260012820785064
1011010801,2.090685462896973,4.4193585459326385
1011010801,2.114581286207813,4.466987995148141
1011010801,2.140823346162643,4.199019843160232
1011010801,2.1446647405279062,4.970091038780675
1011010801,2.167324289891479,5.278048330500203
1011010801,2.1995675542198287,5.032142350380687
1011010801,2.1974936294088514,3.8401832282051016
1011010801,2.1487295744803148,4.6493975755631
1011010801,2.129163209688021,3.8319402969545884
1011010801,2.1676332009327632,4.130869336904473
1011010801,2.14575544134902,4.545600632391386
1011010801,2.1496335630101164,4.505559773421947
1011010801,2.1394867437045963,4.49345619635809
1011010801,2.117388962827755,3.873781013171278
1011010801,2.092911864552578,3.996327388480176
1011010801,1.9861917024278832,3.8172286925415997
1011010801,1.9750963093165756,3.7921127087555884
1011010801,1.9919173718166068,3.798361464730933
1011010801,2.033320041746582,4.127585896001903
1011010801,2.016664579990487,3.7754699091950346
1011010801,2.016664579990487,4.007260455314987
1011010801,1.9919173718166068,2.9567315362042583
1011010801,1.9945715481427784,3.3440977896215824
1011010801,2.0308644615791906,3.789832772328524
1011010801,2.6826646657177355,3.9010227235692807
1011010801,2.681757583006422,3.369913091622389
1011010801,2.6826646657177355,2.41564588527806
1011010801,2.6826646657177355,2.674079681531057
1011010801,2.6826646657177355,2.8319772863338746
1011010801,2.6806427670889024,3.2994230206508246
1011010801,2.6826646657177355,3.5114857355562785
1011010801,2.6097867903235197,3.7968365956190286
1011010801,2.8412465432818306,3.457829731228629
1011010801,2.6668941928740884,2.475445365998487
1011010801,2.547950396437476,2.8965747020207724
1011010801,2.6683586394729857,2.885694168345054
1011010801,2.5424367831230468,2.7424516278195425
1011010801,2.540723808994282,3.3641183734207347
1011010801,2.540241789634493,3.5182394020938195
1011010801,2.5407238089942825,3.6718095894183413
1011010801,2.663084852887646,2.5357581799454336
1011010801,2.757959901761911,2.6458910691938238
1011010801,2.3434253631587496,3.086943153607375
1011010801,2.517726411787838,2.665490586683414
1011010801,2.59333425593082,2.4445185888827123
1011010801,2.516513827940367,3.1544866259148505
1011010801,2.758613046868645,3.251420456343927
1011010801,2.5206016623010052,2.6245961257694175
1011010801,2.6276426116246956,2.8576189714243565
1011010801,2.62633974244562,2.8383764627777843
1011010801,2.5216037146607904,3.123289606968866
1011010801,2.2764535470948757,3.3995961002951813
1011010801,2.214036320882456,3.908597143859955
1011010801,2.2137255216324174,3.7612001156935624
1011010801,2.5715832562366856,3.334843881112134
1011010801,2.3550784229169297,3.454927704083123
1011010801,2.214471277614796,3.3421194797242433
1011010801,2.214471277614796,2.8962433750532486
1011010801,2.2734254816396167,3.7701368084208697
1011010801,2.5216037146607904,3.7654468992828147
1011010801,2.27359939160025,3.1812985605128348
1011010801,2.276144601021043,3.055792029981654
1011010801,2.272883682488979,3.295207038074723
1011010801,2.276144601021043,3.1112906141882632
1011010801,2.276144601021043,3.2658739080287833
1011010801,2.276144601021043,2.9914732166336075
1011010801,2.51147333544247,3.402196881995239
1011010801,2.76022267227132,3.8451564431712013
1011010801,2.3199501802801556,3.7073331327721832
1011010801,2.526100565781471,3.449225350672737
1011010801,2.220466870237974,3.020034566076956
1011010801,2.220466870237974,2.7000852314479133
1011010801,2.2087560625010445,2.9384209068408773
1011010801,2.217983532561824,3.5728792033517647
1011010801,2.220032942994246,3.4322437500674807
1011010801,2.2592437739373032,2.4740142086215764
1011010801,2.2207373395278664,2.824884638833664
1011010801,2.219930815096129,3.464578983826979
1011010801,2.220466870237974,3.072183925714322
1011010801,2.6043378611479073,3.6670427595047617
1011010801,2.220737339527867,3.3359119149635257
1011010801,2.247268220557014,3.6949609244298043
1011010801,2.183178248342644,3.3557466354247714
1011010801,2.274810504502508,3.1669928829885206
1011010801,2.4100233683428756,3.508376243126765
1011010801,2.2800491787424755,3.3134220765901206
1011010801,2.199030263194542,3.2699110859680256
1011010801,2.220580202028154,3.313203704191524
1011010801,2.2465110204632057,3.494110752018224
1011010801,2.427488805336953,3.3365166281878227
1011010801,2.448410611599226,2.575584906659685
1011010801,2.238508814722016,3.299607525900522
1011010801,2.215656562575254,2.7946559402763884
1011010801,2.14672826211515,3.1807169477674293
1011010801,2.448388893242685,3.5307918681649393
1011010801,2.4471758241329726,3.4990195552816807
1011010801,2.2095171402816254,3.7422069281544754
1011010801,2.448388893242685,2.9109910450989003
1011010801,2.736289927963201,3.2984630442072893
1011010801,2.736289927963201,2.8327426450595286
1011010801,2.736289927963201,2.9680527044472487
1011010801,1.3552408474105384,3.5506800403548735
1011010801,1.3655971800576778,3.557260517293743
1011010801,1.355580551364482,3.543304398286985
1011010801,2.518367076934663,2.242516566527926
1011010801,1.3499803776515913,3.038312721089109
1011010801,1.350508886362744,3.0876275382582468
1011010801,1.3543846082311848,3.261935314328648
1011010801,1.761332243734924,3.2872818575322613
1011010801,1.761332243734924,3.541249137109912
1011010801,1.3499803776515913,2.919229127567876
1011010801,1.2267012046682093,2.548585426451183
1011010801,1.3323283612248813,3.02519398370361
1011010801,1.365806785519945,2.5798379699552876
1011010801,1.3499803776515913,2.6891391762104497
1011010801,1.3655343296017297,3.772393054341754
1011010801,1.3655343296017297,3.15265054862541
1011010801,2.471535249825644,1.5340676054093239
1011010801,1.3499803776515913,2.6419816211325053
1011010801,1.4516766601265052,2.928416566269124
1011010801,1.44844944960114,3.0532933840785224
1011010801,1.3655971800576778,2.9605195177982466
1011010801,1.4262003002305277,3.8464599596443856
1011010801,1.4516766601265052,3.5120527728019426
1011010801,1.3329936621852938,2.8084986723990157
1011010801,1.4075834218839647,3.675642227331916
1011010801,1.4472967792026121,3.5724299039704177
1011010801,1.4407075240717742,3.5947061278466745
1011010801,1.4396811709281256,4.113313508769703
1011010801,1.427396111200036,3.321360208420526
1011010801,1.4293316810921883,3.7225318080757797
1011010801,1.4243227329931056,3.2787660594412653
1011010801,1.4472967792026121,3.337156514452102
1011010801,1.37713692550328,3.3339173281788788
1011010801,1.3825009764714593,3.3238842785594853
1011010801,1.3953666260715232,3.3014507084918705
1011010801,1.434457288377284,3.5982159617165896
1011010801,1.4350978861735402,3.8977820831378036
1011010801,1.4340745625057176,3.5557479815107405
1011010801,2.0387628631585994,2.7890770397445834
1011010801,1.4396811709281256,3.267399286809088
1011010801,1.435054928167409,3.4728356399149494
1011010801,1.432863828340293,3.599173541029443
1011010801,1.4232304227903632,3.9161345414678594
1011010801,1.4646406962828287,3.8949378823703324
1011010801,1.4305191999693554,3.5739174356442547
1011010801,1.881439765739475,3.394642612691481
1011010801,1.872666349479677,3.3356628090744422
1011010801,1.74324700679762,3.417333163571559
1011010801,1.6836241553903069,3.376392262743184
1011010801,1.7489616192035922,3.9033656383369633
1011010801,1.7390426329023154,3.9946899590619163
1011010801,1.6869940658555178,3.291642898419081
1011010801,1.7274502113320938,3.6814015642579774
1011010801,1.799437464180662,3.6872280913647058
1011010801,1.6951357722621325,3.65395151381265
1011010801,1.6124817223653323,3.9309036391914343
1011010801,2.2358502989882347,3.8221858214221616
1011010801,1.6662410723172283,3.7419461750506287
1011010801,1.5219216823572639,3.6024497261155486
1011010801,1.4766096130181015,3.919336198722371
1011010801,1.479518484585639,3.4727735801513773
1011010801,1.4409591073490966,3.3737919259715548
1011010801,1.3988484785450064,3.9004563690566805
1011010801,1.5570676684704758,4.0187046480133555
1011010801,1.4138639890960427,4.387238031724415
1011010801,1.50878922162636,4.009294896182353
1011010801,1.5219910717051433,3.3275149599746294
1011010801,1.5044484818008161,4.152660639044937
1011010801,1.5887930762946418,3.8001748236347654
1011010801,1.6083550570968157,4.191713227950374
1011010801,1.5966954912490712,4.493914550427858
1011010801,1.6358479045171335,4.299609234649019
1011010801,1.6229915062837224,3.954948386279577
1011010801,1.668485872108092,3.792157803567438
1011010801,1.6869577806902223,3.6132934671573413
1011010801,1.6530949517716667,3.772439047212867
1011010801,1.6287612213676637,4.105581194148089
1011010801,1.6340794243918724,4.62245002588735
1011010801,1.732296121651837,4.21419952403038
1011010801,1.6104496977989788,4.194416115946316
1011010801,1.669208773753972,4.085387904179209
1011010801,1.636030181837142,4.075314636315295
1011010801,1.7390128606161301,4.24162886520351
1011010801,1.7455533674227681,3.963362298757729
1011010801,1.7014854496299419,4.459635614000865
1011010801,1.7147056960121945,4.58719967933345
1011010801,2.2999067469640346,3.5959688929205886
1011010801,1.6971497446651438,4.04788168781176
1011010801,1.6938042343364526,4.335092247484668
1011010801,1.7498426756088348,4.400921987776173
1011010801,1.7350774047953628,4.197848355236762
1011010801,1.759451323978704,4.520962148694659
1011010801,1.6970084143688913,4.6550359619558845
1011010801,1.70350899602955,4.468960925359105
1011010801,1.7117669716224004,4.345103280569283
1011010801,2.3564304079417773,3.66443306120901
1011010801,1.6957166330287383,4.23322205561653
1011010801,1.818381064301269,4.10082352831981
1011010801,1.8677833668665098,4.279301532151069
1011010801,1.862554773908932,4.474719756604026
1011010801,1.845866074113644,4.211653411395768
1011010801,1.94107864889056,4.268409907886914
1011010801,1.8695658178180399,4.195335545361984
1011010801,1.907238148049536,4.433420548999076
1011010801,1.55780789901456,4.518031528171328
1011010801,1.5429163222146556,4.257639024250101
1011010801,1.4956236049896041,4.279315384389245
1011010801,1.4761647835758085,3.854415078807758
1011010801,1.4874918565693873,3.873157429206279
1011010801,1.4604889991352792,4.078486146287642
1011010801,1.5545293744857824,3.773404409183624
1011010801,1.898784449915223,4.301724518356832
1011010801,1.9359131677433823,4.229108528249169
1011010801,1.909541288349875,4.276013128086098
1011010801,1.5267072364392036,4.306521533143125
1011010801,2.6941331633687167,3.5259780985594613
1011010801,2.2436999517082343,3.410817625039146
1011010801,2.0262902873141764,4.067641179387551
1011010801,1.9768145540259399,4.112822783467874
1011010801,2.1658738125148083,4.355259058334409
1011010801,2.2670896982636006,4.474776722054496
1011010801,2.730005073634182,3.8597186737988567
1011010801,2.6878930467472233,3.7042605561522386
1011010801,2.5951608793185272,3.7922479870909696
1011010801,2.56116430563216,4.128295001591648
1011010801,2.1245687722616684,4.7003167160388895
1011010801,2.521106255441207,4.7444276533110195
1011010801,2.2273556876078127,4.529756746698217
1011010801,2.2445998823403723,4.590939407074377
1011010801,1.8628818703174144,4.224407446520269
1011010801,1.868040898861503,3.972308746301508
1011010801,1.8652965349997321,4.037121440406283
1011010801,1.7433692264930403,4.30979190690184
1011010801,1.9419242971193706,4.500365071621965
1011010801,2.3084305336042203,4.386678298888934
1011010801,2.2949432177982256,3.411675625949783
1011010801,2.011301367243489,3.855135143221098
1011010801,1.714511856007547,3.845690876737798
1011010801,1.9345333497252488,3.9307073606322738
1011010801,1.8520245844657246,4.467963476223698
1011010801,2.0574057791868796,4.621112430408844
1011010801,1.893673376462519,4.77410250566303
1011010801,2.051170355830409,4.062888294263875
1011010801,1.978293940257842,3.6243142659541365
1011010801,1.942771976281926,3.9775110756013055
1011010801,1.8692702012779174,3.7917293207283853
1011010801,1.8807670100261884,3.987037709233592
1011010801,1.8820202635721521,4.8041030085872425
1011010801,1.8190445993137703,4.513383790357383
1011010801,1.8419093163831504,4.410650534010447
1011010801,1.9417129781900269,4.762635366783179
1011010801,1.7045047813427614,4.481634384861482
1011010801,1.9387691234765243,5.2214255230176985
1011010801,1.9446347742175292,5.038023457415122
1011010801,1.9480854036898576,4.683001218941937
1011010801,1.986048743514301,4.800301019256395
1011010801,1.9434922284527076,4.637898716610173
1011010801,1.9126465734707099,4.493601550883623
1011010801,1.6036708196335066,4.41610192125678
1011010801,1.946639598146957,4.249152169082681
1011010801,1.8960664910673886,4.183255522748854
1011010801,1.8725291781993127,5.407732152533904
1011010801,1.8317561225910222,5.345773307704332
1011010801,1.7044387326700325,4.649541075723588
1011010801,1.7282025952901858,5.0518412149073795
1011010801,1.719498948498194,4.662079679961171
1011010801,1.7586614888721053,4.4778026150671755
1011010801,1.8698350408770215,5.671200741292208
1011010801,1.7406620722722195,5.060364699580119
1011010801,1.7361993344846152,5.025070601892511
1011010801,1.6893325209684866,4.44323931884187
1011010801,1.6719492475660973,4.493780419762033
1011010801,1.6574971833516339,4.652006060825123
1011010801,1.6983575190387725,4.758594888071552
1011010801,1.7029664595094425,5.103317782116228
1011010801,1.7287479730381936,5.518560716340548
1011010801,1.780661327125432,5.28537902603695
1011010801,1.7732380243413033,4.140655465085351
1011010801,1.7081723540086644,4.57118932082235
1011010801,1.7279987153774077,4.794591479897269
1011010801,1.70899726001567,5.17526233330182
1011010801,1.6925119355780014,5.10886242757287
1011010801,1.7166632717728714,4.454347296253507
1011010801,1.6658556865951126,4.407779660437173
1011010801,1.7332685749971986,4.2326706917023875
1011010801,1.3783542734224745,4.312502372023651
1011010801,1.6190033104791235,5.097130982585869
1011010801,1.693731734134353,5.549332861263868
1011010801,1.6593595519495998,5.331568373331935
1011010801,1.6620603359562882,4.595867045661947
1011010801,1.6406241004669389,4.6339519874135435
1011010801,1.6190602230684032,4.5293145336845555
1011010801,1.6708982985369514,4.501807672992938
1011010801,1.664176813842138,5.031006387236086
1011010801,1.6980451819839602,6.088886132689151
1011010801,1.679676253833371,5.055149663402899
1011010801,1.8115869416332129,5.837788754503935
1011010801,1.7523208874880039,3.597010845304409
1011010801,1.715908763473448,4.227738445392632
1011010801,1.7625567893794722,3.76727465154131
1011010801,1.760532768446882,3.4955677260200786
1011010801,1.760532768446882,4.048021352616456
1011010801,1.754568904195043,2.151296978780264
1011010801,1.730202057939903,1.1026043099376472
1011010801,1.7567575562071507,2.114205221616127
1011010801,1.1295465715608883,3.4011973816621555
1011010801,1.2011180999885938,4.736198448394496
1011010801,1.727700386654574,4.59127408079598
1011010801,1.7541349919724372,4.823116253754975
1011010801,1.77628061444254,4.414953544874162
1011010801,1.8119351646658743,4.269473648434551
1011010801,1.8742990996812556,5.006198800730296
1011010801,1.8693017444834767,4.972123129862891
1011010801,1.8290783136547046,4.451109502111076
1011010801,1.8250776381494347,4.513000071015961
1011010801,1.8697125653635942,4.626745750505771
1011010801,1.9069584300483966,4.543656418999218
1011010801,1.9640633029035601,5.015218110267623
1011010801,1.9881136135385091,4.960373046944149
1011010801,1.9046537803341688,4.8779416457041185
1011010801,1.9729288944534396,4.457470321506294
1011010801,1.8926217979005058,4.642918662085891
1011010801,1.9047757865191193,4.858656698030617
1011010801,1.896037762165407,4.605000171536454
1011010801,1.8824031556000016,4.527684207096245
1011010801,1.8681329486280813,4.934955831387562
1011010801,1.8801257057635603,5.080018311688539
1011010801,1.8683044540631528,4.7530124380322984
1011010801,1.8743791119214812,4.625560875635825
1011010801,1.8747505215780256,4.786766479842451
1011010801,1.875641103527527,4.815747106920341
1011010801,1.9029090652463283,4.8819151658974835
1011010801,1.8927135156444919,5.1819015208613735
1011010801,1.8860969149397477,5.0691997560241795
1011010801,1.8794264881057618,4.889852764452134
1011010801,1.8444429810767713,4.461288268157608
1011010801,1.8420863743854095,4.482946053242717
1011010801,1.8113838856395523,4.618254215536015
1011010801,1.9062914444080992,4.74565360716525
1011010801,1.862950094147953,4.68247376104537
1011010801,1.8734974948581842,4.752727750345706
1011010801,1.8768621847572384,4.608793613438858
1011010801,1.856799759499008,4.625139466063592
1011010801,1.901306993229405,4.488366670445208
1011010801,1.8826148295706766,4.474400690098744
1011010801,1.882808719050042,4.814328396735606
1011010801,1.971952519250438,5.321442898249756
1011010801,1.9915812160388089,5.188212279859453
1011010801,1.9830876843268808,4.973597795993692
1011010801,1.9598770827167578,5.114430585429353
1011010801,1.9955532202574027,5.360817874847538
1011010801,2.0836302647918403,5.956766989048091
1011010801,2.087876666374438,6.123051863740763
1011010801,2.1714693350494083,4.520711910695258
1011010801,2.120808915689322,4.987284780488006
1011010801,2.1417634770681278,3.881914251991161
1011010801,2.0721370195042605,5.110003894028082
1011010801,2.0702968020387558,5.322551337392994
1011010801,2.037248501985266,5.3744030246482115
1011010801,2.0354219992025544,5.095203132520163
1011010801,2.0298436848946393,4.806166283046855
1011010801,2.024343752519622,4.734670966598463
1011010801,2.0071759422621533,4.648478686588285
1011010801,2.003939402905764,4.525271634590206
1011010801,1.989998876330861,4.8351145591994715
1011010801,1.951452165138503,4.831835528509098
1011010801,2.012272287612936,4.840637486991133
1011010801,2.083532043643884,4.725412417564163
1011010801,1.9594685178285487,4.375455089290843
1011010801,1.9350659117218816,4.155862902200518
1011010801,1.9036264423531124,4.322435853260244
1011010801,1.9402586347324544,4.484921613391916
1011010801,1.9955096140644424,4.641502115235482
1011010801,1.9680164495011707,4.966551039743579
1011010801,2.003485510629522,4.692988737125002
1011010801,1.9477797124373137,4.636155155235858
1011010801,1.934899791445337,4.318407690595694
1011010801,2.0171029471273827,4.286685204381265
1011010801,1.9480538707750408,4.313493478930025
1011010801,1.732775714902699,4.652778699902817
1011010801,1.9526406375636818,4.900202677796813
1011010801,1.9650503549926694,4.654883733231934
1011010801,1.9311237587452066,4.201343734548436
1011010801,1.8827229564309174,4.018452949043993
1011010801,1.912475504404253,4.310450071184593
1011010801,1.8563138258535488,4.355502971733524
1011010801,1.8834575549789687,4.428253993852687
1011010801,1.916308558825022,4.752442981588954
1011010801,1.9060953014343192,4.528591471755717
1011010801,1.874246376543958,4.174479573327852
1011010801,1.8484474989445498,4.118744449045636
1011010801,1.861744952545433,4.300233437453773
1011010801,1.8597641115774015,4.14106910239497
1011010801,1.8721981050058976,4.504089388148322
1011010801,1.857776318251123,4.656338472562491
1011010801,1.9090607750448298,4.457910707198559
1011010801,1.9034834060379686,4.006951294139531
1011010801,1.8339440226158408,4.276068718385605
1011010801,1.9653622506711532,4.180675151973121
1011010801,1.818425524614405,3.804170498448671
1011010801,1.701799067559835,4.268759947444957
1011010801,1.8163024211513428,4.760240442874734
1011010801,1.7933788916740965,4.693840186700591
1011010801,1.7126538833631266,4.016869388942689
1011010801,1.771585526980278,3.846630786661094
1011010801,1.583730237558053,4.405328036076147
1011010801,1.5761692438772092,4.498419816041211
1011010801,1.5516095005369541,4.9179789231574516
1011010801,1.630909237145314,4.995095169414523
1011010801,1.6249725713778937,4.849127617815428
1011010801,1.62267640339489,4.323324382670008
1011010801,1.6132228601202476,4.393003666012456
1011010801,1.6014075124412195,4.490780137634546
1011010801,1.63119368058949,4.25964711384646
1011010801,1.5926457714068478,4.659525786725642
1011010801,1.5871724357721444,4.737925027174579
1011010801,1.6029056191775257,4.789348351550204
1011010801,1.5584672639889638,4.311791920991429
1011010801,1.5217650137462115,4.378971973944653
1011010801,1.6136396616238502,4.455648774544495
1011010801,1.580003966245819,4.157694877722863
1011010801,1.5864780498096949,4.651528824966109
1011010801,1.6113887339044317,4.618323303233004
1011010801,1.6049333179745644,4.695440413817064
1011010801,1.5846833218917873,4.537522837450432
1011010801,1.6040156954668772,4.505427195780971
1011010801,1.6099624411907,4.748508334802998
1011010801,1.5221486122745373,4.290514234167774
1011010801,1.5525530067277185,4.477620865041116
1011010801,1.5711729114592858,4.858687741157284
1011010801,1.551641617246322,4.429720960536543
1011010801,1.4966950472363494,3.946868777853745
1011010801,1.5154978562398547,4.133645400370417
1011010801,1.532192049317973,4.150724895658208
1011010801,1.5632796512348146,3.942202973929278
1011010801,1.4847811283319479,4.419117677842882
1011010801,1.5579208814651764,4.664777820259719
1011010801,1.578689681732741,4.453754097089854
1011010801,1.6041121046839006,3.6672727003598773
1011010801,1.5865588616883213,4.194762885340608
1011010801,1.539598053543021,4.067435745664883
1011010801,1.5024897006122062,4.023904215076101
1011010801,1.5525540900577977,4.49414923581083
1011010801,1.5814098205108524,5.067494403889958
1011010801,1.5834283485793048,4.403237583545021
1011010801,1.5768249949189266,4.099232596294876
1011010801,1.540860749302458,4.232394895702584
1011010801,1.5995211539554242,3.8215292082094
1011010801,1.5642519951590896,4.140082453895954
1011010801,1.5309289089791323,4.404008258780269
1011010801,1.5411560788710577,4.848304582178558
1011010801,1.5399624933845875,4.577326112758094
1011010801,1.5684515610899041,4.4274420632042695
1011010801,1.5652204827492426,4.194370876289225
1011010801,1.6105622656465621,4.277041048721128
1011010801,1.574198894877318,4.02449418032102
1011010801,1.517100340141999,4.145132729054206
1011010801,1.5937285916432593,4.602135586244259
1011010801,1.5881813090836394,4.748603640974144
1011010801,1.5790274563174143,4.062647475478846
1011010801,1.6070803750743783,3.892493540819642
1011010801,1.5845856915122691,4.364308084180201
1011010801,1.703597984024239,3.742822983524163
1011010801,1.6557759229430022,4.218345265098476
1011010801,1.6828126151271925,4.56023557959421
1011010801,1.6759069243504976,4.581666116800097
1011010801,1.7203643660019017,4.120418334393448
1011010801,1.741738740191491,4.0523934582754215
1011010801,1.7247164759669804,4.001863709427935
1011010801,1.61694347705079,3.9071310593477184
1011010801,1.6460631103197876,4.110004634043221
1011010801,1.6482342688006095,4.415872351457491
1011010801,1.7352368971615264,4.5513473792905845
1011010801,1.6406131204494852,4.2506928255928464
1011010801,1.721243971491234,3.91190299822757
1011010801,1.643180316293273,3.8674021376507417
1011010801,1.5517764295306724,3.925728652484258
1011010801,1.642311919149061,3.9840831679645636
1011010801,1.641318991860082,4.519111082714615
1011010801,1.5755318657647384,4.697156666600464
1011010801,1.5816940587188446,3.9861838333278357
1011010801,1.6016914398830724,3.835120362586804
1011010801,1.6033560257497534,3.8439796829767827
1011010801,1.6015930934132534,3.803702557935425
1011010801,1.5786962284708561,4.225153502333514
1011010801,1.5833017757043966,4.549033602842468
1011010801,1.5982914747313692,4.563577060889728
1011010801,1.5971436670204067,3.8957310086511687
1011010801,1.5847411665742117,4.036150317977375
1011010801,1.5606593606229104,3.794274969159277
1011010801,1.5973764557592252,3.911882995627231
1011010801,1.3375928306627058,4.015752191190623
1011010801,1.2784620699111438,4.593542849747112
1011010801,1.2860413602478853,4.377340672683167
1011010801,1.2153653048160347,3.5877875925526626
1011010801,1.2535666841538093,3.99341864363214
1011010801,1.282623989486656,3.779131408090963
1011010801,1.2056919107184918,3.552085602595943
1011010801,1.2343609996434002,4.069078034974213
1011010801,1.2819924399495457,4.536355869987732
1011010801,1.2832906076203008,4.2772076390342875
1011010801,1.25859850219195,3.7679909591220504
1011010801,1.204237754032915,3.6692633094287936
1011010801,1.2509698150640096,4.148895876826605
1011010801,1.2629295043591553,4.349968210979993
1011010801,1.2456478863633336,4.014886405887357
1011010801,1.2401169724070238,3.992311836656949
1011010801,1.2646331126936823,3.5630610965537137
1011010801,1.3044643962071438,3.678374469468789
1011010801,1.139021378228044,3.656046297018696
1011010801,1.3195092937875446,3.984194818721113
1011010801,1.2782714617423616,3.877721373731125
1011010801,1.2556897526160413,3.6781217974609763
